synthetic_raw_id,synthetic_final_id,nnunet_case_id,source_case_id,generation_run_id,modality,nnunet_channel,raw_source_path,normalized_target_path,nnunet_target_path,output_suffix_scheme,suffix_conversion_action,qc_decision,accepted_for_training,accepted_for_evaluation,pending_review,needs_regeneration
BraTS-MET-00554-000,BraTS-MET-00554-000,BraTSMET_000285,BraTS-MET-00554-000,run_3104668,t1n,0000,/Users/hwaigc/比赛+课题/ECNU_EYU_data/work_space/G1/results/missing_t2w_completion/run_3104668/BraTS-MET-00554-000/BraTS-MET-00554-000-t1n.nii.gz,work_space/G2/results/synthetic_normalized/BraTS-MET-00554-000/BraTS-MET-00554-000-t1n.nii.gz,nnunet_raw/Dataset261_BraTS2026_MET_RealSynth/imagesTr/BraTSMET_000285_0000.nii.gz,native_2026,keep_native_2026_suffix,accepted_for_training,True,False,False,False
BraTS-MET-00554-000,BraTS-MET-00554-000,BraTSMET_000285,BraTS-MET-00554-000,run_3104668,t1c,0001,/Users/hwaigc/比赛+课题/ECNU_EYU_data/work_space/G1/results/missing_t2w_completion/run_3104668/BraTS-MET-00554-000/BraTS-MET-00554-000-t1c.nii.gz,work_space/G2/results/synthetic_normalized/BraTS-MET-00554-000/BraTS-MET-00554-000-t1c.nii.gz,nnunet_raw/Dataset261_BraTS2026_MET_RealSynth/imagesTr/BraTSMET_000285_0001.nii.gz,native_2026,keep_native_2026_suffix,accepted_for_training,True,False,False,False
BraTS-MET-00554-000,BraTS-MET-00554-000,BraTSMET_000285,BraTS-MET-00554-000,run_3104668,t2w,0002,/Users/hwaigc/比赛+课题/ECNU_EYU_data/work_space/G1/results/missing_t2w_completion/run_3104668/BraTS-MET-00554-000/BraTS-MET-00554-000-t2w.nii.gz,work_space/G2/results/synthetic_normalized/BraTS-MET-00554-000/BraTS-MET-00554-000-t2w.nii.gz,nnunet_raw/Dataset261_BraTS2026_MET_RealSynth/imagesTr/BraTSMET_000285_0002.nii.gz,native_2026,keep_native_2026_suffix,accepted_for_training,True,False,False,False
BraTS-MET-00554-000,BraTS-MET-00554-000,BraTSMET_000285,BraTS-MET-00554-000,run_3104668,t2f,0003,/Users/hwaigc/比赛+课题/ECNU_EYU_data/work_space/G1/results/missing_t2w_completion/run_3104668/BraTS-MET-00554-000/BraTS-MET-00554-000-t2f.nii.gz,work_space/G2/results/synthetic_normalized/BraTS-MET-00554-000/BraTS-MET-00554-000-t2f.nii.gz,nnunet_raw/Dataset261_BraTS2026_MET_RealSynth/imagesTr/BraTSMET_000285_0003.nii.gz,native_2026,keep_native_2026_suffix,accepted_for_training,True,False,False,False
BraTS-MET-00554-000,BraTS-MET-00554-000,BraTSMET_000285,BraTS-MET-00554-000,run_3104668,seg,label,/Users/hwaigc/比赛+课题/ECNU_EYU_data/work_space/G1/results/missing_t2w_completion/run_3104668/BraTS-MET-00554-000/BraTS-MET-00554-000-seg.nii.gz,work_space/G2/results/synthetic_normalized/BraTS-MET-00554-000/BraTS-MET-00554-000-seg.nii.gz,nnunet_raw/Dataset261_BraTS2026_MET_RealSynth/labelsTr/BraTSMET_000285.nii.gz,native_2026,keep_native_2026_suffix,accepted_for_training,True,False,False,False
BraTS-MET-00555-000,BraTS-MET-00555-000,BraTSMET_000286,BraTS-MET-00555-000,run_3104668,t1n,0000,/Users/hwaigc/比赛+课题/ECNU_EYU_data/work_space/G1/results/missing_t2w_completion/run_3104668/BraTS-MET-00555-000/BraTS-MET-00555-000-t1n.nii.gz,work_space/G2/results/synthetic_normalized/BraTS-MET-00555-000/BraTS-MET-00555-000-t1n.nii.gz,nnunet_raw/Dataset261_BraTS2026_MET_RealSynth/imagesTr/BraTSMET_000286_0000.nii.gz,native_2026,keep_native_2026_suffix,accepted_for_training,True,False,False,False
BraTS-MET-00555-000,BraTS-MET-00555-000,BraTSMET_000286,BraTS-MET-00555-000,run_3104668,t1c,0001,/Users/hwaigc/比赛+课题/ECNU_EYU_data/work_space/G1/results/missing_t2w_completion/run_3104668/BraTS-MET-00555-000/BraTS-MET-00555-000-t1c.nii.gz,work_space/G2/results/synthetic_normalized/BraTS-MET-00555-000/BraTS-MET-00555-000-t1c.nii.gz,nnunet_raw/Dataset261_BraTS2026_MET_RealSynth/imagesTr/BraTSMET_000286_0001.nii.gz,native_2026,keep_native_2026_suffix,accepted_for_training,True,False,False,False
BraTS-MET-00555-000,BraTS-MET-00555-000,BraTSMET_000286,BraTS-MET-00555-000,run_3104668,t2w,0002,/Users/hwaigc/比赛+课题/ECNU_EYU_data/work_space/G1/results/missing_t2w_completion/run_3104668/BraTS-MET-00555-000/BraTS-MET-00555-000-t2w.nii.gz,work_space/G2/results/synthetic_normalized/BraTS-MET-00555-000/BraTS-MET-00555-000-t2w.nii.gz,nnunet_raw/Dataset261_BraTS2026_MET_RealSynth/imagesTr/BraTSMET_000286_0002.nii.gz,native_2026,keep_native_2026_suffix,accepted_for_training,True,False,False,False
BraTS-MET-00555-000,BraTS-MET-00555-000,BraTSMET_000286,BraTS-MET-00555-000,run_3104668,t2f,0003,/Users/hwaigc/比赛+课题/ECNU_EYU_data/work_space/G1/results/missing_t2w_completion/run_3104668/BraTS-MET-00555-000/BraTS-MET-00555-000-t2f.nii.gz,work_space/G2/results/synthetic_normalized/BraTS-MET-00555-000/BraTS-MET-00555-000-t2f.nii.gz,nnunet_raw/Dataset261_BraTS2026_MET_RealSynth/imagesTr/BraTSMET_000286_0003.nii.gz,native_2026,keep_native_2026_suffix,accepted_for_training,True,False,False,False
BraTS-MET-00555-000,BraTS-MET-00555-000,BraTSMET_000286,BraTS-MET-00555-000,run_3104668,seg,label,/Users/hwaigc/比赛+课题/ECNU_EYU_data/work_space/G1/results/missing_t2w_completion/run_3104668/BraTS-MET-00555-000/BraTS-MET-00555-000-seg.nii.gz,work_space/G2/results/synthetic_normalized/BraTS-MET-00555-000/BraTS-MET-00555-000-seg.nii.gz,nnunet_raw/Dataset261_BraTS2026_MET_RealSynth/labelsTr/BraTSMET_000286.nii.gz,native_2026,keep_native_2026_suffix,accepted_for_training,True,False,False,False
BraTS-MET-00556-000,BraTS-MET-00556-000,BraTSMET_000287,BraTS-MET-00556-000,run_3104668,t1n,0000,/Users/hwaigc/比赛+课题/ECNU_EYU_data/work_space/G1/results/missing_t2w_completion/run_3104668/BraTS-MET-00556-000/BraTS-MET-00556-000-t1n.nii.gz,work_space/G2/results/synthetic_normalized/BraTS-MET-00556-000/BraTS-MET-00556-000-t1n.nii.gz,nnunet_raw/Dataset261_BraTS2026_MET_RealSynth/imagesTr/BraTSMET_000287_0000.nii.gz,native_2026,keep_native_2026_suffix,accepted_for_training,True,False,False,False
BraTS-MET-00556-000,BraTS-MET-00556-000,BraTSMET_000287,BraTS-MET-00556-000,run_3104668,t1c,0001,/Users/hwaigc/比赛+课题/ECNU_EYU_data/work_space/G1/results/missing_t2w_completion/run_3104668/BraTS-MET-00556-000/BraTS-MET-00556-000-t1c.nii.gz,work_space/G2/results/synthetic_normalized/BraTS-MET-00556-000/BraTS-MET-00556-000-t1c.nii.gz,nnunet_raw/Dataset261_BraTS2026_MET_RealSynth/imagesTr/BraTSMET_000287_0001.nii.gz,native_2026,keep_native_2026_suffix,accepted_for_training,True,False,False,False
BraTS-MET-00556-000,BraTS-MET-00556-000,BraTSMET_000287,BraTS-MET-00556-000,run_3104668,t2w,0002,/Users/hwaigc/比赛+课题/ECNU_EYU_data/work_space/G1/results/missing_t2w_completion/run_3104668/BraTS-MET-00556-000/BraTS-MET-00556-000-t2w.nii.gz,work_space/G2/results/synthetic_normalized/BraTS-MET-00556-000/BraTS-MET-00556-000-t2w.nii.gz,nnunet_raw/Dataset261_BraTS2026_MET_RealSynth/imagesTr/BraTSMET_000287_0002.nii.gz,native_2026,keep_native_2026_suffix,accepted_for_training,True,False,False,False
BraTS-MET-00556-000,BraTS-MET-00556-000,BraTSMET_000287,BraTS-MET-00556-000,run_3104668,t2f,0003,/Users/hwaigc/比赛+课题/ECNU_EYU_data/work_space/G1/results/missing_t2w_completion/run_3104668/BraTS-MET-00556-000/BraTS-MET-00556-000-t2f.nii.gz,work_space/G2/results/synthetic_normalized/BraTS-MET-00556-000/BraTS-MET-00556-000-t2f.nii.gz,nnunet_raw/Dataset261_BraTS2026_MET_RealSynth/imagesTr/BraTSMET_000287_0003.nii.gz,native_2026,keep_native_2026_suffix,accepted_for_training,True,False,False,False
BraTS-MET-00556-000,BraTS-MET-00556-000,BraTSMET_000287,BraTS-MET-00556-000,run_3104668,seg,label,/Users/hwaigc/比赛+课题/ECNU_EYU_data/work_space/G1/results/missing_t2w_completion/run_3104668/BraTS-MET-00556-000/BraTS-MET-00556-000-seg.nii.gz,work_space/G2/results/synthetic_normalized/BraTS-MET-00556-000/BraTS-MET-00556-000-seg.nii.gz,nnunet_raw/Dataset261_BraTS2026_MET_RealSynth/labelsTr/BraTSMET_000287.nii.gz,native_2026,keep_native_2026_suffix,accepted_for_training,True,False,False,False
BraTS-MET-00558-000,BraTS-MET-00558-000,BraTSMET_000289,BraTS-MET-00558-000,run_3104668,t1n,0000,/Users/hwaigc/比赛+课题/ECNU_EYU_data/work_space/G1/results/missing_t2w_completion/run_3104668/BraTS-MET-00558-000/BraTS-MET-00558-000-t1n.nii.gz,work_space/G2/results/synthetic_normalized/BraTS-MET-00558-000/BraTS-MET-00558-000-t1n.nii.gz,nnunet_raw/Dataset261_BraTS2026_MET_RealSynth/imagesTr/BraTSMET_000289_0000.nii.gz,native_2026,keep_native_2026_suffix,accepted_for_evaluation,False,True,False,False
BraTS-MET-00558-000,BraTS-MET-00558-000,BraTSMET_000289,BraTS-MET-00558-000,run_3104668,t1c,0001,/Users/hwaigc/比赛+课题/ECNU_EYU_data/work_space/G1/results/missing_t2w_completion/run_3104668/BraTS-MET-00558-000/BraTS-MET-00558-000-t1c.nii.gz,work_space/G2/results/synthetic_normalized/BraTS-MET-00558-000/BraTS-MET-00558-000-t1c.nii.gz,nnunet_raw/Dataset261_BraTS2026_MET_RealSynth/imagesTr/BraTSMET_000289_0001.nii.gz,native_2026,keep_native_2026_suffix,accepted_for_evaluation,False,True,False,False
BraTS-MET-00558-000,BraTS-MET-00558-000,BraTSMET_000289,BraTS-MET-00558-000,run_3104668,t2w,0002,/Users/hwaigc/比赛+课题/ECNU_EYU_data/work_space/G1/results/missing_t2w_completion/run_3104668/BraTS-MET-00558-000/BraTS-MET-00558-000-t2w.nii.gz,work_space/G2/results/synthetic_normalized/BraTS-MET-00558-000/BraTS-MET-00558-000-t2w.nii.gz,nnunet_raw/Dataset261_BraTS2026_MET_RealSynth/imagesTr/BraTSMET_000289_0002.nii.gz,native_2026,keep_native_2026_suffix,accepted_for_evaluation,False,True,False,False
BraTS-MET-00558-000,BraTS-MET-00558-000,BraTSMET_000289,BraTS-MET-00558-000,run_3104668,t2f,0003,/Users/hwaigc/比赛+课题/ECNU_EYU_data/work_space/G1/results/missing_t2w_completion/run_3104668/BraTS-MET-00558-000/BraTS-MET-00558-000-t2f.nii.gz,work_space/G2/results/synthetic_normalized/BraTS-MET-00558-000/BraTS-MET-00558-000-t2f.nii.gz,nnunet_raw/Dataset261_BraTS2026_MET_RealSynth/imagesTr/BraTSMET_000289_0003.nii.gz,native_2026,keep_native_2026_suffix,accepted_for_evaluation,False,True,False,False
BraTS-MET-00558-000,BraTS-MET-00558-000,BraTSMET_000289,BraTS-MET-00558-000,run_3104668,seg,label,/Users/hwaigc/比赛+课题/ECNU_EYU_data/work_space/G1/results/missing_t2w_completion/run_3104668/BraTS-MET-00558-000/BraTS-MET-00558-000-seg.nii.gz,work_space/G2/results/synthetic_normalized/BraTS-MET-00558-000/BraTS-MET-00558-000-seg.nii.gz,nnunet_raw/Dataset261_BraTS2026_MET_RealSynth/labelsTr/BraTSMET_000289.nii.gz,native_2026,keep_native_2026_suffix,accepted_for_evaluation,False,True,False,False
BraTS-MET-00559-000,BraTS-MET-00559-000,BraTSMET_000290,BraTS-MET-00559-000,run_3104668,t1n,0000,/Users/hwaigc/比赛+课题/ECNU_EYU_data/work_space/G1/results/missing_t2w_completion/run_3104668/BraTS-MET-00559-000/BraTS-MET-00559-000-t1n.nii.gz,work_space/G2/results/synthetic_normalized/BraTS-MET-00559-000/BraTS-MET-00559-000-t1n.nii.gz,nnunet_raw/Dataset261_BraTS2026_MET_RealSynth/imagesTs/BraTSMET_000290_0000.nii.gz,native_2026,keep_native_2026_suffix,accepted_for_evaluation,False,True,False,False
BraTS-MET-00559-000,BraTS-MET-00559-000,BraTSMET_000290,BraTS-MET-00559-000,run_3104668,t1c,0001,/Users/hwaigc/比赛+课题/ECNU_EYU_data/work_space/G1/results/missing_t2w_completion/run_3104668/BraTS-MET-00559-000/BraTS-MET-00559-000-t1c.nii.gz,work_space/G2/results/synthetic_normalized/BraTS-MET-00559-000/BraTS-MET-00559-000-t1c.nii.gz,nnunet_raw/Dataset261_BraTS2026_MET_RealSynth/imagesTs/BraTSMET_000290_0001.nii.gz,native_2026,keep_native_2026_suffix,accepted_for_evaluation,False,True,False,False
BraTS-MET-00559-000,BraTS-MET-00559-000,BraTSMET_000290,BraTS-MET-00559-000,run_3104668,t2w,0002,/Users/hwaigc/比赛+课题/ECNU_EYU_data/work_space/G1/results/missing_t2w_completion/run_3104668/BraTS-MET-00559-000/BraTS-MET-00559-000-t2w.nii.gz,work_space/G2/results/synthetic_normalized/BraTS-MET-00559-000/BraTS-MET-00559-000-t2w.nii.gz,nnunet_raw/Dataset261_BraTS2026_MET_RealSynth/imagesTs/BraTSMET_000290_0002.nii.gz,native_2026,keep_native_2026_suffix,accepted_for_evaluation,False,True,False,False
BraTS-MET-00559-000,BraTS-MET-00559-000,BraTSMET_000290,BraTS-MET-00559-000,run_3104668,t2f,0003,/Users/hwaigc/比赛+课题/ECNU_EYU_data/work_space/G1/results/missing_t2w_completion/run_3104668/BraTS-MET-00559-000/BraTS-MET-00559-000-t2f.nii.gz,work_space/G2/results/synthetic_normalized/BraTS-MET-00559-000/BraTS-MET-00559-000-t2f.nii.gz,nnunet_raw/Dataset261_BraTS2026_MET_RealSynth/imagesTs/BraTSMET_000290_0003.nii.gz,native_2026,keep_native_2026_suffix,accepted_for_evaluation,False,True,False,False
BraTS-MET-00559-000,BraTS-MET-00559-000,BraTSMET_000290,BraTS-MET-00559-000,run_3104668,seg,label,/Users/hwaigc/比赛+课题/ECNU_EYU_data/work_space/G1/results/missing_t2w_completion/run_3104668/BraTS-MET-00559-000/BraTS-MET-00559-000-seg.nii.gz,work_space/G2/results/synthetic_normalized/BraTS-MET-00559-000/BraTS-MET-00559-000-seg.nii.gz,nnunet_raw/Dataset261_BraTS2026_MET_RealSynth/labelsTs/BraTSMET_000290.nii.gz,native_2026,keep_native_2026_suffix,accepted_for_evaluation,False,True,False,False
BraTS-MET-00559-001,BraTS-MET-00559-001,BraTSMET_000291,BraTS-MET-00559-001,run_3104668,t1n,0000,/Users/hwaigc/比赛+课题/ECNU_EYU_data/work_space/G1/results/missing_t2w_completion/run_3104668/BraTS-MET-00559-001/BraTS-MET-00559-001-t1n.nii.gz,work_space/G2/results/synthetic_normalized/BraTS-MET-00559-001/BraTS-MET-00559-001-t1n.nii.gz,nnunet_raw/Dataset261_BraTS2026_MET_RealSynth/imagesTs/BraTSMET_000291_0000.nii.gz,native_2026,keep_native_2026_suffix,accepted_for_evaluation,False,True,False,False
BraTS-MET-00559-001,BraTS-MET-00559-001,BraTSMET_000291,BraTS-MET-00559-001,run_3104668,t1c,0001,/Users/hwaigc/比赛+课题/ECNU_EYU_data/work_space/G1/results/missing_t2w_completion/run_3104668/BraTS-MET-00559-001/BraTS-MET-00559-001-t1c.nii.gz,work_space/G2/results/synthetic_normalized/BraTS-MET-00559-001/BraTS-MET-00559-001-t1c.nii.gz,nnunet_raw/Dataset261_BraTS2026_MET_RealSynth/imagesTs/BraTSMET_000291_0001.nii.gz,native_2026,keep_native_2026_suffix,accepted_for_evaluation,False,True,False,False
BraTS-MET-00559-001,BraTS-MET-00559-001,BraTSMET_000291,BraTS-MET-00559-001,run_3104668,t2w,0002,/Users/hwaigc/比赛+课题/ECNU_EYU_data/work_space/G1/results/missing_t2w_completion/run_3104668/BraTS-MET-00559-001/BraTS-MET-00559-001-t2w.nii.gz,work_space/G2/results/synthetic_normalized/BraTS-MET-00559-001/BraTS-MET-00559-001-t2w.nii.gz,nnunet_raw/Dataset261_BraTS2026_MET_RealSynth/imagesTs/BraTSMET_000291_0002.nii.gz,native_2026,keep_native_2026_suffix,accepted_for_evaluation,False,True,False,False
BraTS-MET-00559-001,BraTS-MET-00559-001,BraTSMET_000291,BraTS-MET-00559-001,run_3104668,t2f,0003,/Users/hwaigc/比赛+课题/ECNU_EYU_data/work_space/G1/results/missing_t2w_completion/run_3104668/BraTS-MET-00559-001/BraTS-MET-00559-001-t2f.nii.gz,work_space/G2/results/synthetic_normalized/BraTS-MET-00559-001/BraTS-MET-00559-001-t2f.nii.gz,nnunet_raw/Dataset261_BraTS2026_MET_RealSynth/imagesTs/BraTSMET_000291_0003.nii.gz,native_2026,keep_native_2026_suffix,accepted_for_evaluation,False,True,False,False
BraTS-MET-00559-001,BraTS-MET-00559-001,BraTSMET_000291,BraTS-MET-00559-001,run_3104668,seg,label,/Users/hwaigc/比赛+课题/ECNU_EYU_data/work_space/G1/results/missing_t2w_completion/run_3104668/BraTS-MET-00559-001/BraTS-MET-00559-001-seg.nii.gz,work_space/G2/results/synthetic_normalized/BraTS-MET-00559-001/BraTS-MET-00559-001-seg.nii.gz,nnunet_raw/Dataset261_BraTS2026_MET_RealSynth/labelsTs/BraTSMET_000291.nii.gz,native_2026,keep_native_2026_suffix,accepted_for_evaluation,False,True,False,False
BraTS-MET-00559-003,BraTS-MET-00559-003,BraTSMET_000293,BraTS-MET-00559-003,run_3104668,t1n,0000,/Users/hwaigc/比赛+课题/ECNU_EYU_data/work_space/G1/results/missing_t2w_completion/run_3104668/BraTS-MET-00559-003/BraTS-MET-00559-003-t1n.nii.gz,work_space/G2/results/synthetic_normalized/BraTS-MET-00559-003/BraTS-MET-00559-003-t1n.nii.gz,nnunet_raw/Dataset261_BraTS2026_MET_RealSynth/imagesTs/BraTSMET_000293_0000.nii.gz,native_2026,keep_native_2026_suffix,accepted_for_evaluation,False,True,False,False
BraTS-MET-00559-003,BraTS-MET-00559-003,BraTSMET_000293,BraTS-MET-00559-003,run_3104668,t1c,0001,/Users/hwaigc/比赛+课题/ECNU_EYU_data/work_space/G1/results/missing_t2w_completion/run_3104668/BraTS-MET-00559-003/BraTS-MET-00559-003-t1c.nii.gz,work_space/G2/results/synthetic_normalized/BraTS-MET-00559-003/BraTS-MET-00559-003-t1c.nii.gz,nnunet_raw/Dataset261_BraTS2026_MET_RealSynth/imagesTs/BraTSMET_000293_0001.nii.gz,native_2026,keep_native_2026_suffix,accepted_for_evaluation,False,True,False,False
BraTS-MET-00559-003,BraTS-MET-00559-003,BraTSMET_000293,BraTS-MET-00559-003,run_3104668,t2w,0002,/Users/hwaigc/比赛+课题/ECNU_EYU_data/work_space/G1/results/missing_t2w_completion/run_3104668/BraTS-MET-00559-003/BraTS-MET-00559-003-t2w.nii.gz,work_space/G2/results/synthetic_normalized/BraTS-MET-00559-003/BraTS-MET-00559-003-t2w.nii.gz,nnunet_raw/Dataset261_BraTS2026_MET_RealSynth/imagesTs/BraTSMET_000293_0002.nii.gz,native_2026,keep_native_2026_suffix,accepted_for_evaluation,False,True,False,False
BraTS-MET-00559-003,BraTS-MET-00559-003,BraTSMET_000293,BraTS-MET-00559-003,run_3104668,t2f,0003,/Users/hwaigc/比赛+课题/ECNU_EYU_data/work_space/G1/results/missing_t2w_completion/run_3104668/BraTS-MET-00559-003/BraTS-MET-00559-003-t2f.nii.gz,work_space/G2/results/synthetic_normalized/BraTS-MET-00559-003/BraTS-MET-00559-003-t2f.nii.gz,nnunet_raw/Dataset261_BraTS2026_MET_RealSynth/imagesTs/BraTSMET_000293_0003.nii.gz,native_2026,keep_native_2026_suffix,accepted_for_evaluation,False,True,False,False
BraTS-MET-00559-003,BraTS-MET-00559-003,BraTSMET_000293,BraTS-MET-00559-003,run_3104668,seg,label,/Users/hwaigc/比赛+课题/ECNU_EYU_data/work_space/G1/results/missing_t2w_completion/run_3104668/BraTS-MET-00559-003/BraTS-MET-00559-003-seg.nii.gz,work_space/G2/results/synthetic_normalized/BraTS-MET-00559-003/BraTS-MET-00559-003-seg.nii.gz,nnunet_raw/Dataset261_BraTS2026_MET_RealSynth/labelsTs/BraTSMET_000293.nii.gz,native_2026,keep_native_2026_suffix,accepted_for_evaluation,False,True,False,False
BraTS-MET-00559-004,BraTS-MET-00559-004,BraTSMET_000294,BraTS-MET-00559-004,run_3104668,t1n,0000,/Users/hwaigc/比赛+课题/ECNU_EYU_data/work_space/G1/results/missing_t2w_completion/run_3104668/BraTS-MET-00559-004/BraTS-MET-00559-004-t1n.nii.gz,work_space/G2/results/synthetic_normalized/BraTS-MET-00559-004/BraTS-MET-00559-004-t1n.nii.gz,nnunet_raw/Dataset261_BraTS2026_MET_RealSynth/imagesTs/BraTSMET_000294_0000.nii.gz,native_2026,keep_native_2026_suffix,accepted_for_evaluation,False,True,False,False
BraTS-MET-00559-004,BraTS-MET-00559-004,BraTSMET_000294,BraTS-MET-00559-004,run_3104668,t1c,0001,/Users/hwaigc/比赛+课题/ECNU_EYU_data/work_space/G1/results/missing_t2w_completion/run_3104668/BraTS-MET-00559-004/BraTS-MET-00559-004-t1c.nii.gz,work_space/G2/results/synthetic_normalized/BraTS-MET-00559-004/BraTS-MET-00559-004-t1c.nii.gz,nnunet_raw/Dataset261_BraTS2026_MET_RealSynth/imagesTs/BraTSMET_000294_0001.nii.gz,native_2026,keep_native_2026_suffix,accepted_for_evaluation,False,True,False,False
BraTS-MET-00559-004,BraTS-MET-00559-004,BraTSMET_000294,BraTS-MET-00559-004,run_3104668,t2w,0002,/Users/hwaigc/比赛+课题/ECNU_EYU_data/work_space/G1/results/missing_t2w_completion/run_3104668/BraTS-MET-00559-004/BraTS-MET-00559-004-t2w.nii.gz,work_space/G2/results/synthetic_normalized/BraTS-MET-00559-004/BraTS-MET-00559-004-t2w.nii.gz,nnunet_raw/Dataset261_BraTS2026_MET_RealSynth/imagesTs/BraTSMET_000294_0002.nii.gz,native_2026,keep_native_2026_suffix,accepted_for_evaluation,False,True,False,False
BraTS-MET-00559-004,BraTS-MET-00559-004,BraTSMET_000294,BraTS-MET-00559-004,run_3104668,t2f,0003,/Users/hwaigc/比赛+课题/ECNU_EYU_data/work_space/G1/results/missing_t2w_completion/run_3104668/BraTS-MET-00559-004/BraTS-MET-00559-004-t2f.nii.gz,work_space/G2/results/synthetic_normalized/BraTS-MET-00559-004/BraTS-MET-00559-004-t2f.nii.gz,nnunet_raw/Dataset261_BraTS2026_MET_RealSynth/imagesTs/BraTSMET_000294_0003.nii.gz,native_2026,keep_native_2026_suffix,accepted_for_evaluation,False,True,False,False
BraTS-MET-00559-004,BraTS-MET-00559-004,BraTSMET_000294,BraTS-MET-00559-004,run_3104668,seg,label,/Users/hwaigc/比赛+课题/ECNU_EYU_data/work_space/G1/results/missing_t2w_completion/run_3104668/BraTS-MET-00559-004/BraTS-MET-00559-004-seg.nii.gz,work_space/G2/results/synthetic_normalized/BraTS-MET-00559-004/BraTS-MET-00559-004-seg.nii.gz,nnunet_raw/Dataset261_BraTS2026_MET_RealSynth/labelsTs/BraTSMET_000294.nii.gz,native_2026,keep_native_2026_suffix,accepted_for_evaluation,False,True,False,False
BraTS-MET-00560-000,BraTS-MET-00560-000,BraTSMET_000295,BraTS-MET-00560-000,run_3104668,t1n,0000,/Users/hwaigc/比赛+课题/ECNU_EYU_data/work_space/G1/results/missing_t2w_completion/run_3104668/BraTS-MET-00560-000/BraTS-MET-00560-000-t1n.nii.gz,work_space/G2/results/synthetic_normalized/BraTS-MET-00560-000/BraTS-MET-00560-000-t1n.nii.gz,nnunet_raw/Dataset261_BraTS2026_MET_RealSynth/imagesTr/BraTSMET_000295_0000.nii.gz,native_2026,keep_native_2026_suffix,accepted_for_training,True,False,False,False
BraTS-MET-00560-000,BraTS-MET-00560-000,BraTSMET_000295,BraTS-MET-00560-000,run_3104668,t1c,0001,/Users/hwaigc/比赛+课题/ECNU_EYU_data/work_space/G1/results/missing_t2w_completion/run_3104668/BraTS-MET-00560-000/BraTS-MET-00560-000-t1c.nii.gz,work_space/G2/results/synthetic_normalized/BraTS-MET-00560-000/BraTS-MET-00560-000-t1c.nii.gz,nnunet_raw/Dataset261_BraTS2026_MET_RealSynth/imagesTr/BraTSMET_000295_0001.nii.gz,native_2026,keep_native_2026_suffix,accepted_for_training,True,False,False,False
BraTS-MET-00560-000,BraTS-MET-00560-000,BraTSMET_000295,BraTS-MET-00560-000,run_3104668,t2w,0002,/Users/hwaigc/比赛+课题/ECNU_EYU_data/work_space/G1/results/missing_t2w_completion/run_3104668/BraTS-MET-00560-000/BraTS-MET-00560-000-t2w.nii.gz,work_space/G2/results/synthetic_normalized/BraTS-MET-00560-000/BraTS-MET-00560-000-t2w.nii.gz,nnunet_raw/Dataset261_BraTS2026_MET_RealSynth/imagesTr/BraTSMET_000295_0002.nii.gz,native_2026,keep_native_2026_suffix,accepted_for_training,True,False,False,False
BraTS-MET-00560-000,BraTS-MET-00560-000,BraTSMET_000295,BraTS-MET-00560-000,run_3104668,t2f,0003,/Users/hwaigc/比赛+课题/ECNU_EYU_data/work_space/G1/results/missing_t2w_completion/run_3104668/BraTS-MET-00560-000/BraTS-MET-00560-000-t2f.nii.gz,work_space/G2/results/synthetic_normalized/BraTS-MET-00560-000/BraTS-MET-00560-000-t2f.nii.gz,nnunet_raw/Dataset261_BraTS2026_MET_RealSynth/imagesTr/BraTSMET_000295_0003.nii.gz,native_2026,keep_native_2026_suffix,accepted_for_training,True,False,False,False
BraTS-MET-00560-000,BraTS-MET-00560-000,BraTSMET_000295,BraTS-MET-00560-000,run_3104668,seg,label,/Users/hwaigc/比赛+课题/ECNU_EYU_data/work_space/G1/results/missing_t2w_completion/run_3104668/BraTS-MET-00560-000/BraTS-MET-00560-000-seg.nii.gz,work_space/G2/results/synthetic_normalized/BraTS-MET-00560-000/BraTS-MET-00560-000-seg.nii.gz,nnunet_raw/Dataset261_BraTS2026_MET_RealSynth/labelsTr/BraTSMET_000295.nii.gz,native_2026,keep_native_2026_suffix,accepted_for_training,True,False,False,False
BraTS-MET-00561-000,BraTS-MET-00561-000,BraTSMET_000296,BraTS-MET-00561-000,run_3104668,t1n,0000,/Users/hwaigc/比赛+课题/ECNU_EYU_data/work_space/G1/results/missing_t2w_completion/run_3104668/BraTS-MET-00561-000/BraTS-MET-00561-000-t1n.nii.gz,work_space/G2/results/synthetic_normalized/BraTS-MET-00561-000/BraTS-MET-00561-000-t1n.nii.gz,nnunet_raw/Dataset261_BraTS2026_MET_RealSynth/imagesTr/BraTSMET_000296_0000.nii.gz,native_2026,keep_native_2026_suffix,accepted_for_training,True,False,False,False
BraTS-MET-00561-000,BraTS-MET-00561-000,BraTSMET_000296,BraTS-MET-00561-000,run_3104668,t1c,0001,/Users/hwaigc/比赛+课题/ECNU_EYU_data/work_space/G1/results/missing_t2w_completion/run_3104668/BraTS-MET-00561-000/BraTS-MET-00561-000-t1c.nii.gz,work_space/G2/results/synthetic_normalized/BraTS-MET-00561-000/BraTS-MET-00561-000-t1c.nii.gz,nnunet_raw/Dataset261_BraTS2026_MET_RealSynth/imagesTr/BraTSMET_000296_0001.nii.gz,native_2026,keep_native_2026_suffix,accepted_for_training,True,False,False,False
BraTS-MET-00561-000,BraTS-MET-00561-000,BraTSMET_000296,BraTS-MET-00561-000,run_3104668,t2w,0002,/Users/hwaigc/比赛+课题/ECNU_EYU_data/work_space/G1/results/missing_t2w_completion/run_3104668/BraTS-MET-00561-000/BraTS-MET-00561-000-t2w.nii.gz,work_space/G2/results/synthetic_normalized/BraTS-MET-00561-000/BraTS-MET-00561-000-t2w.nii.gz,nnunet_raw/Dataset261_BraTS2026_MET_RealSynth/imagesTr/BraTSMET_000296_0002.nii.gz,native_2026,keep_native_2026_suffix,accepted_for_training,True,False,False,False
BraTS-MET-00561-000,BraTS-MET-00561-000,BraTSMET_000296,BraTS-MET-00561-000,run_3104668,t2f,0003,/Users/hwaigc/比赛+课题/ECNU_EYU_data/work_space/G1/results/missing_t2w_completion/run_3104668/BraTS-MET-00561-000/BraTS-MET-00561-000-t2f.nii.gz,work_space/G2/results/synthetic_normalized/BraTS-MET-00561-000/BraTS-MET-00561-000-t2f.nii.gz,nnunet_raw/Dataset261_BraTS2026_MET_RealSynth/imagesTr/BraTSMET_000296_0003.nii.gz,native_2026,keep_native_2026_suffix,accepted_for_training,True,False,False,False
BraTS-MET-00561-000,BraTS-MET-00561-000,BraTSMET_000296,BraTS-MET-00561-000,run_3104668,seg,label,/Users/hwaigc/比赛+课题/ECNU_EYU_data/work_space/G1/results/missing_t2w_completion/run_3104668/BraTS-MET-00561-000/BraTS-MET-00561-000-seg.nii.gz,work_space/G2/results/synthetic_normalized/BraTS-MET-00561-000/BraTS-MET-00561-000-seg.nii.gz,nnunet_raw/Dataset261_BraTS2026_MET_RealSynth/labelsTr/BraTSMET_000296.nii.gz,native_2026,keep_native_2026_suffix,accepted_for_training,True,False,False,False
BraTS-MET-00561-001,BraTS-MET-00561-001,BraTSMET_000297,BraTS-MET-00561-001,run_3104668,t1n,0000,/Users/hwaigc/比赛+课题/ECNU_EYU_data/work_space/G1/results/missing_t2w_completion/run_3104668/BraTS-MET-00561-001/BraTS-MET-00561-001-t1n.nii.gz,work_space/G2/results/synthetic_normalized/BraTS-MET-00561-001/BraTS-MET-00561-001-t1n.nii.gz,nnunet_raw/Dataset261_BraTS2026_MET_RealSynth/imagesTr/BraTSMET_000297_0000.nii.gz,native_2026,keep_native_2026_suffix,accepted_for_training,True,False,False,False
BraTS-MET-00561-001,BraTS-MET-00561-001,BraTSMET_000297,BraTS-MET-00561-001,run_3104668,t1c,0001,/Users/hwaigc/比赛+课题/ECNU_EYU_data/work_space/G1/results/missing_t2w_completion/run_3104668/BraTS-MET-00561-001/BraTS-MET-00561-001-t1c.nii.gz,work_space/G2/results/synthetic_normalized/BraTS-MET-00561-001/BraTS-MET-00561-001-t1c.nii.gz,nnunet_raw/Dataset261_BraTS2026_MET_RealSynth/imagesTr/BraTSMET_000297_0001.nii.gz,native_2026,keep_native_2026_suffix,accepted_for_training,True,False,False,False
BraTS-MET-00561-001,BraTS-MET-00561-001,BraTSMET_000297,BraTS-MET-00561-001,run_3104668,t2w,0002,/Users/hwaigc/比赛+课题/ECNU_EYU_data/work_space/G1/results/missing_t2w_completion/run_3104668/BraTS-MET-00561-001/BraTS-MET-00561-001-t2w.nii.gz,work_space/G2/results/synthetic_normalized/BraTS-MET-00561-001/BraTS-MET-00561-001-t2w.nii.gz,nnunet_raw/Dataset261_BraTS2026_MET_RealSynth/imagesTr/BraTSMET_000297_0002.nii.gz,native_2026,keep_native_2026_suffix,accepted_for_training,True,False,False,False
BraTS-MET-00561-001,BraTS-MET-00561-001,BraTSMET_000297,BraTS-MET-00561-001,run_3104668,t2f,0003,/Users/hwaigc/比赛+课题/ECNU_EYU_data/work_space/G1/results/missing_t2w_completion/run_3104668/BraTS-MET-00561-001/BraTS-MET-00561-001-t2f.nii.gz,work_space/G2/results/synthetic_normalized/BraTS-MET-00561-001/BraTS-MET-00561-001-t2f.nii.gz,nnunet_raw/Dataset261_BraTS2026_MET_RealSynth/imagesTr/BraTSMET_000297_0003.nii.gz,native_2026,keep_native_2026_suffix,accepted_for_training,True,False,False,False
BraTS-MET-00561-001,BraTS-MET-00561-001,BraTSMET_000297,BraTS-MET-00561-001,run_3104668,seg,label,/Users/hwaigc/比赛+课题/ECNU_EYU_data/work_space/G1/results/missing_t2w_completion/run_3104668/BraTS-MET-00561-001/BraTS-MET-00561-001-seg.nii.gz,work_space/G2/results/synthetic_normalized/BraTS-MET-00561-001/BraTS-MET-00561-001-seg.nii.gz,nnunet_raw/Dataset261_BraTS2026_MET_RealSynth/labelsTr/BraTSMET_000297.nii.gz,native_2026,keep_native_2026_suffix,accepted_for_training,True,False,False,False
BraTS-MET-00561-002,BraTS-MET-00561-002,BraTSMET_000298,BraTS-MET-00561-002,run_3104668,t1n,0000,/Users/hwaigc/比赛+课题/ECNU_EYU_data/work_space/G1/results/missing_t2w_completion/run_3104668/BraTS-MET-00561-002/BraTS-MET-00561-002-t1n.nii.gz,work_space/G2/results/synthetic_normalized/BraTS-MET-00561-002/BraTS-MET-00561-002-t1n.nii.gz,nnunet_raw/Dataset261_BraTS2026_MET_RealSynth/imagesTr/BraTSMET_000298_0000.nii.gz,native_2026,keep_native_2026_suffix,accepted_for_training,True,False,False,False
BraTS-MET-00561-002,BraTS-MET-00561-002,BraTSMET_000298,BraTS-MET-00561-002,run_3104668,t1c,0001,/Users/hwaigc/比赛+课题/ECNU_EYU_data/work_space/G1/results/missing_t2w_completion/run_3104668/BraTS-MET-00561-002/BraTS-MET-00561-002-t1c.nii.gz,work_space/G2/results/synthetic_normalized/BraTS-MET-00561-002/BraTS-MET-00561-002-t1c.nii.gz,nnunet_raw/Dataset261_BraTS2026_MET_RealSynth/imagesTr/BraTSMET_000298_0001.nii.gz,native_2026,keep_native_2026_suffix,accepted_for_training,True,False,False,False
BraTS-MET-00561-002,BraTS-MET-00561-002,BraTSMET_000298,BraTS-MET-00561-002,run_3104668,t2w,0002,/Users/hwaigc/比赛+课题/ECNU_EYU_data/work_space/G1/results/missing_t2w_completion/run_3104668/BraTS-MET-00561-002/BraTS-MET-00561-002-t2w.nii.gz,work_space/G2/results/synthetic_normalized/BraTS-MET-00561-002/BraTS-MET-00561-002-t2w.nii.gz,nnunet_raw/Dataset261_BraTS2026_MET_RealSynth/imagesTr/BraTSMET_000298_0002.nii.gz,native_2026,keep_native_2026_suffix,accepted_for_training,True,False,False,False
BraTS-MET-00561-002,BraTS-MET-00561-002,BraTSMET_000298,BraTS-MET-00561-002,run_3104668,t2f,0003,/Users/hwaigc/比赛+课题/ECNU_EYU_data/work_space/G1/results/missing_t2w_completion/run_3104668/BraTS-MET-00561-002/BraTS-MET-00561-002-t2f.nii.gz,work_space/G2/results/synthetic_normalized/BraTS-MET-00561-002/BraTS-MET-00561-002-t2f.nii.gz,nnunet_raw/Dataset261_BraTS2026_MET_RealSynth/imagesTr/BraTSMET_000298_0003.nii.gz,native_2026,keep_native_2026_suffix,accepted_for_training,True,False,False,False
BraTS-MET-00561-002,BraTS-MET-00561-002,BraTSMET_000298,BraTS-MET-00561-002,run_3104668,seg,label,/Users/hwaigc/比赛+课题/ECNU_EYU_data/work_space/G1/results/missing_t2w_completion/run_3104668/BraTS-MET-00561-002/BraTS-MET-00561-002-seg.nii.gz,work_space/G2/results/synthetic_normalized/BraTS-MET-00561-002/BraTS-MET-00561-002-seg.nii.gz,nnunet_raw/Dataset261_BraTS2026_MET_RealSynth/labelsTr/BraTSMET_000298.nii.gz,native_2026,keep_native_2026_suffix,accepted_for_training,True,False,False,False
BraTS-MET-00562-000,BraTS-MET-00562-000,BraTSMET_000299,BraTS-MET-00562-000,run_3104668,t1n,0000,/Users/hwaigc/比赛+课题/ECNU_EYU_data/work_space/G1/results/missing_t2w_completion/run_3104668/BraTS-MET-00562-000/BraTS-MET-00562-000-t1n.nii.gz,work_space/G2/results/synthetic_normalized/BraTS-MET-00562-000/BraTS-MET-00562-000-t1n.nii.gz,nnunet_raw/Dataset261_BraTS2026_MET_RealSynth/imagesTr/BraTSMET_000299_0000.nii.gz,native_2026,keep_native_2026_suffix,accepted_for_training,True,False,False,False
BraTS-MET-00562-000,BraTS-MET-00562-000,BraTSMET_000299,BraTS-MET-00562-000,run_3104668,t1c,0001,/Users/hwaigc/比赛+课题/ECNU_EYU_data/work_space/G1/results/missing_t2w_completion/run_3104668/BraTS-MET-00562-000/BraTS-MET-00562-000-t1c.nii.gz,work_space/G2/results/synthetic_normalized/BraTS-MET-00562-000/BraTS-MET-00562-000-t1c.nii.gz,nnunet_raw/Dataset261_BraTS2026_MET_RealSynth/imagesTr/BraTSMET_000299_0001.nii.gz,native_2026,keep_native_2026_suffix,accepted_for_training,True,False,False,False
BraTS-MET-00562-000,BraTS-MET-00562-000,BraTSMET_000299,BraTS-MET-00562-000,run_3104668,t2w,0002,/Users/hwaigc/比赛+课题/ECNU_EYU_data/work_space/G1/results/missing_t2w_completion/run_3104668/BraTS-MET-00562-000/BraTS-MET-00562-000-t2w.nii.gz,work_space/G2/results/synthetic_normalized/BraTS-MET-00562-000/BraTS-MET-00562-000-t2w.nii.gz,nnunet_raw/Dataset261_BraTS2026_MET_RealSynth/imagesTr/BraTSMET_000299_0002.nii.gz,native_2026,keep_native_2026_suffix,accepted_for_training,True,False,False,False
BraTS-MET-00562-000,BraTS-MET-00562-000,BraTSMET_000299,BraTS-MET-00562-000,run_3104668,t2f,0003,/Users/hwaigc/比赛+课题/ECNU_EYU_data/work_space/G1/results/missing_t2w_completion/run_3104668/BraTS-MET-00562-000/BraTS-MET-00562-000-t2f.nii.gz,work_space/G2/results/synthetic_normalized/BraTS-MET-00562-000/BraTS-MET-00562-000-t2f.nii.gz,nnunet_raw/Dataset261_BraTS2026_MET_RealSynth/imagesTr/BraTSMET_000299_0003.nii.gz,native_2026,keep_native_2026_suffix,accepted_for_training,True,False,False,False
BraTS-MET-00562-000,BraTS-MET-00562-000,BraTSMET_000299,BraTS-MET-00562-000,run_3104668,seg,label,/Users/hwaigc/比赛+课题/ECNU_EYU_data/work_space/G1/results/missing_t2w_completion/run_3104668/BraTS-MET-00562-000/BraTS-MET-00562-000-seg.nii.gz,work_space/G2/results/synthetic_normalized/BraTS-MET-00562-000/BraTS-MET-00562-000-seg.nii.gz,nnunet_raw/Dataset261_BraTS2026_MET_RealSynth/labelsTr/BraTSMET_000299.nii.gz,native_2026,keep_native_2026_suffix,accepted_for_training,True,False,False,False
BraTS-MET-00563-000,BraTS-MET-00563-000,BraTSMET_000300,BraTS-MET-00563-000,run_3104668,t1n,0000,/Users/hwaigc/比赛+课题/ECNU_EYU_data/work_space/G1/results/missing_t2w_completion/run_3104668/BraTS-MET-00563-000/BraTS-MET-00563-000-t1n.nii.gz,work_space/G2/results/synthetic_normalized/BraTS-MET-00563-000/BraTS-MET-00563-000-t1n.nii.gz,nnunet_raw/Dataset261_BraTS2026_MET_RealSynth/imagesTr/BraTSMET_000300_0000.nii.gz,native_2026,keep_native_2026_suffix,accepted_for_training,True,False,False,False
BraTS-MET-00563-000,BraTS-MET-00563-000,BraTSMET_000300,BraTS-MET-00563-000,run_3104668,t1c,0001,/Users/hwaigc/比赛+课题/ECNU_EYU_data/work_space/G1/results/missing_t2w_completion/run_3104668/BraTS-MET-00563-000/BraTS-MET-00563-000-t1c.nii.gz,work_space/G2/results/synthetic_normalized/BraTS-MET-00563-000/BraTS-MET-00563-000-t1c.nii.gz,nnunet_raw/Dataset261_BraTS2026_MET_RealSynth/imagesTr/BraTSMET_000300_0001.nii.gz,native_2026,keep_native_2026_suffix,accepted_for_training,True,False,False,False
BraTS-MET-00563-000,BraTS-MET-00563-000,BraTSMET_000300,BraTS-MET-00563-000,run_3104668,t2w,0002,/Users/hwaigc/比赛+课题/ECNU_EYU_data/work_space/G1/results/missing_t2w_completion/run_3104668/BraTS-MET-00563-000/BraTS-MET-00563-000-t2w.nii.gz,work_space/G2/results/synthetic_normalized/BraTS-MET-00563-000/BraTS-MET-00563-000-t2w.nii.gz,nnunet_raw/Dataset261_BraTS2026_MET_RealSynth/imagesTr/BraTSMET_000300_0002.nii.gz,native_2026,keep_native_2026_suffix,accepted_for_training,True,False,False,False
BraTS-MET-00563-000,BraTS-MET-00563-000,BraTSMET_000300,BraTS-MET-00563-000,run_3104668,t2f,0003,/Users/hwaigc/比赛+课题/ECNU_EYU_data/work_space/G1/results/missing_t2w_completion/run_3104668/BraTS-MET-00563-000/BraTS-MET-00563-000-t2f.nii.gz,work_space/G2/results/synthetic_normalized/BraTS-MET-00563-000/BraTS-MET-00563-000-t2f.nii.gz,nnunet_raw/Dataset261_BraTS2026_MET_RealSynth/imagesTr/BraTSMET_000300_0003.nii.gz,native_2026,keep_native_2026_suffix,accepted_for_training,True,False,False,False
BraTS-MET-00563-000,BraTS-MET-00563-000,BraTSMET_000300,BraTS-MET-00563-000,run_3104668,seg,label,/Users/hwaigc/比赛+课题/ECNU_EYU_data/work_space/G1/results/missing_t2w_completion/run_3104668/BraTS-MET-00563-000/BraTS-MET-00563-000-seg.nii.gz,work_space/G2/results/synthetic_normalized/BraTS-MET-00563-000/BraTS-MET-00563-000-seg.nii.gz,nnunet_raw/Dataset261_BraTS2026_MET_RealSynth/labelsTr/BraTSMET_000300.nii.gz,native_2026,keep_native_2026_suffix,accepted_for_training,True,False,False,False
BraTS-MET-00564-000,BraTS-MET-00564-000,BraTSMET_000301,BraTS-MET-00564-000,run_3104668,t1n,0000,/Users/hwaigc/比赛+课题/ECNU_EYU_data/work_space/G1/results/missing_t2w_completion/run_3104668/BraTS-MET-00564-000/BraTS-MET-00564-000-t1n.nii.gz,work_space/G2/results/synthetic_normalized/BraTS-MET-00564-000/BraTS-MET-00564-000-t1n.nii.gz,nnunet_raw/Dataset261_BraTS2026_MET_RealSynth/imagesTr/BraTSMET_000301_0000.nii.gz,native_2026,keep_native_2026_suffix,accepted_for_training,True,False,False,False
BraTS-MET-00564-000,BraTS-MET-00564-000,BraTSMET_000301,BraTS-MET-00564-000,run_3104668,t1c,0001,/Users/hwaigc/比赛+课题/ECNU_EYU_data/work_space/G1/results/missing_t2w_completion/run_3104668/BraTS-MET-00564-000/BraTS-MET-00564-000-t1c.nii.gz,work_space/G2/results/synthetic_normalized/BraTS-MET-00564-000/BraTS-MET-00564-000-t1c.nii.gz,nnunet_raw/Dataset261_BraTS2026_MET_RealSynth/imagesTr/BraTSMET_000301_0001.nii.gz,native_2026,keep_native_2026_suffix,accepted_for_training,True,False,False,False
BraTS-MET-00564-000,BraTS-MET-00564-000,BraTSMET_000301,BraTS-MET-00564-000,run_3104668,t2w,0002,/Users/hwaigc/比赛+课题/ECNU_EYU_data/work_space/G1/results/missing_t2w_completion/run_3104668/BraTS-MET-00564-000/BraTS-MET-00564-000-t2w.nii.gz,work_space/G2/results/synthetic_normalized/BraTS-MET-00564-000/BraTS-MET-00564-000-t2w.nii.gz,nnunet_raw/Dataset261_BraTS2026_MET_RealSynth/imagesTr/BraTSMET_000301_0002.nii.gz,native_2026,keep_native_2026_suffix,accepted_for_training,True,False,False,False
BraTS-MET-00564-000,BraTS-MET-00564-000,BraTSMET_000301,BraTS-MET-00564-000,run_3104668,t2f,0003,/Users/hwaigc/比赛+课题/ECNU_EYU_data/work_space/G1/results/missing_t2w_completion/run_3104668/BraTS-MET-00564-000/BraTS-MET-00564-000-t2f.nii.gz,work_space/G2/results/synthetic_normalized/BraTS-MET-00564-000/BraTS-MET-00564-000-t2f.nii.gz,nnunet_raw/Dataset261_BraTS2026_MET_RealSynth/imagesTr/BraTSMET_000301_0003.nii.gz,native_2026,keep_native_2026_suffix,accepted_for_training,True,False,False,False
BraTS-MET-00564-000,BraTS-MET-00564-000,BraTSMET_000301,BraTS-MET-00564-000,run_3104668,seg,label,/Users/hwaigc/比赛+课题/ECNU_EYU_data/work_space/G1/results/missing_t2w_completion/run_3104668/BraTS-MET-00564-000/BraTS-MET-00564-000-seg.nii.gz,work_space/G2/results/synthetic_normalized/BraTS-MET-00564-000/BraTS-MET-00564-000-seg.nii.gz,nnunet_raw/Dataset261_BraTS2026_MET_RealSynth/labelsTr/BraTSMET_000301.nii.gz,native_2026,keep_native_2026_suffix,accepted_for_training,True,False,False,False
BraTS-MET-00565-000,BraTS-MET-00565-000,BraTSMET_000302,BraTS-MET-00565-000,run_3104668,t1n,0000,/Users/hwaigc/比赛+课题/ECNU_EYU_data/work_space/G1/results/missing_t2w_completion/run_3104668/BraTS-MET-00565-000/BraTS-MET-00565-000-t1n.nii.gz,work_space/G2/results/synthetic_normalized/BraTS-MET-00565-000/BraTS-MET-00565-000-t1n.nii.gz,nnunet_raw/Dataset261_BraTS2026_MET_RealSynth/imagesTr/BraTSMET_000302_0000.nii.gz,native_2026,keep_native_2026_suffix,accepted_for_training,True,False,False,False
BraTS-MET-00565-000,BraTS-MET-00565-000,BraTSMET_000302,BraTS-MET-00565-000,run_3104668,t1c,0001,/Users/hwaigc/比赛+课题/ECNU_EYU_data/work_space/G1/results/missing_t2w_completion/run_3104668/BraTS-MET-00565-000/BraTS-MET-00565-000-t1c.nii.gz,work_space/G2/results/synthetic_normalized/BraTS-MET-00565-000/BraTS-MET-00565-000-t1c.nii.gz,nnunet_raw/Dataset261_BraTS2026_MET_RealSynth/imagesTr/BraTSMET_000302_0001.nii.gz,native_2026,keep_native_2026_suffix,accepted_for_training,True,False,False,False
BraTS-MET-00565-000,BraTS-MET-00565-000,BraTSMET_000302,BraTS-MET-00565-000,run_3104668,t2w,0002,/Users/hwaigc/比赛+课题/ECNU_EYU_data/work_space/G1/results/missing_t2w_completion/run_3104668/BraTS-MET-00565-000/BraTS-MET-00565-000-t2w.nii.gz,work_space/G2/results/synthetic_normalized/BraTS-MET-00565-000/BraTS-MET-00565-000-t2w.nii.gz,nnunet_raw/Dataset261_BraTS2026_MET_RealSynth/imagesTr/BraTSMET_000302_0002.nii.gz,native_2026,keep_native_2026_suffix,accepted_for_training,True,False,False,False
BraTS-MET-00565-000,BraTS-MET-00565-000,BraTSMET_000302,BraTS-MET-00565-000,run_3104668,t2f,0003,/Users/hwaigc/比赛+课题/ECNU_EYU_data/work_space/G1/results/missing_t2w_completion/run_3104668/BraTS-MET-00565-000/BraTS-MET-00565-000-t2f.nii.gz,work_space/G2/results/synthetic_normalized/BraTS-MET-00565-000/BraTS-MET-00565-000-t2f.nii.gz,nnunet_raw/Dataset261_BraTS2026_MET_RealSynth/imagesTr/BraTSMET_000302_0003.nii.gz,native_2026,keep_native_2026_suffix,accepted_for_training,True,False,False,False
BraTS-MET-00565-000,BraTS-MET-00565-000,BraTSMET_000302,BraTS-MET-00565-000,run_3104668,seg,label,/Users/hwaigc/比赛+课题/ECNU_EYU_data/work_space/G1/results/missing_t2w_completion/run_3104668/BraTS-MET-00565-000/BraTS-MET-00565-000-seg.nii.gz,work_space/G2/results/synthetic_normalized/BraTS-MET-00565-000/BraTS-MET-00565-000-seg.nii.gz,nnunet_raw/Dataset261_BraTS2026_MET_RealSynth/labelsTr/BraTSMET_000302.nii.gz,native_2026,keep_native_2026_suffix,accepted_for_training,True,False,False,False
BraTS-MET-00566-000,BraTS-MET-00566-000,BraTSMET_000303,BraTS-MET-00566-000,run_3104668,t1n,0000,/Users/hwaigc/比赛+课题/ECNU_EYU_data/work_space/G1/results/missing_t2w_completion/run_3104668/BraTS-MET-00566-000/BraTS-MET-00566-000-t1n.nii.gz,work_space/G2/results/synthetic_normalized/BraTS-MET-00566-000/BraTS-MET-00566-000-t1n.nii.gz,nnunet_raw/Dataset261_BraTS2026_MET_RealSynth/imagesTr/BraTSMET_000303_0000.nii.gz,native_2026,keep_native_2026_suffix,accepted_for_evaluation,False,True,False,False
BraTS-MET-00566-000,BraTS-MET-00566-000,BraTSMET_000303,BraTS-MET-00566-000,run_3104668,t1c,0001,/Users/hwaigc/比赛+课题/ECNU_EYU_data/work_space/G1/results/missing_t2w_completion/run_3104668/BraTS-MET-00566-000/BraTS-MET-00566-000-t1c.nii.gz,work_space/G2/results/synthetic_normalized/BraTS-MET-00566-000/BraTS-MET-00566-000-t1c.nii.gz,nnunet_raw/Dataset261_BraTS2026_MET_RealSynth/imagesTr/BraTSMET_000303_0001.nii.gz,native_2026,keep_native_2026_suffix,accepted_for_evaluation,False,True,False,False
BraTS-MET-00566-000,BraTS-MET-00566-000,BraTSMET_000303,BraTS-MET-00566-000,run_3104668,t2w,0002,/Users/hwaigc/比赛+课题/ECNU_EYU_data/work_space/G1/results/missing_t2w_completion/run_3104668/BraTS-MET-00566-000/BraTS-MET-00566-000-t2w.nii.gz,work_space/G2/results/synthetic_normalized/BraTS-MET-00566-000/BraTS-MET-00566-000-t2w.nii.gz,nnunet_raw/Dataset261_BraTS2026_MET_RealSynth/imagesTr/BraTSMET_000303_0002.nii.gz,native_2026,keep_native_2026_suffix,accepted_for_evaluation,False,True,False,False
BraTS-MET-00566-000,BraTS-MET-00566-000,BraTSMET_000303,BraTS-MET-00566-000,run_3104668,t2f,0003,/Users/hwaigc/比赛+课题/ECNU_EYU_data/work_space/G1/results/missing_t2w_completion/run_3104668/BraTS-MET-00566-000/BraTS-MET-00566-000-t2f.nii.gz,work_space/G2/results/synthetic_normalized/BraTS-MET-00566-000/BraTS-MET-00566-000-t2f.nii.gz,nnunet_raw/Dataset261_BraTS2026_MET_RealSynth/imagesTr/BraTSMET_000303_0003.nii.gz,native_2026,keep_native_2026_suffix,accepted_for_evaluation,False,True,False,False
BraTS-MET-00566-000,BraTS-MET-00566-000,BraTSMET_000303,BraTS-MET-00566-000,run_3104668,seg,label,/Users/hwaigc/比赛+课题/ECNU_EYU_data/work_space/G1/results/missing_t2w_completion/run_3104668/BraTS-MET-00566-000/BraTS-MET-00566-000-seg.nii.gz,work_space/G2/results/synthetic_normalized/BraTS-MET-00566-000/BraTS-MET-00566-000-seg.nii.gz,nnunet_raw/Dataset261_BraTS2026_MET_RealSynth/labelsTr/BraTSMET_000303.nii.gz,native_2026,keep_native_2026_suffix,accepted_for_evaluation,False,True,False,False
BraTS-MET-00567-000,BraTS-MET-00567-000,BraTSMET_000304,BraTS-MET-00567-000,run_3104668,t1n,0000,/Users/hwaigc/比赛+课题/ECNU_EYU_data/work_space/G1/results/missing_t2w_completion/run_3104668/BraTS-MET-00567-000/BraTS-MET-00567-000-t1n.nii.gz,work_space/G2/results/synthetic_normalized/BraTS-MET-00567-000/BraTS-MET-00567-000-t1n.nii.gz,nnunet_raw/Dataset261_BraTS2026_MET_RealSynth/imagesTr/BraTSMET_000304_0000.nii.gz,native_2026,keep_native_2026_suffix,accepted_for_training,True,False,False,False
BraTS-MET-00567-000,BraTS-MET-00567-000,BraTSMET_000304,BraTS-MET-00567-000,run_3104668,t1c,0001,/Users/hwaigc/比赛+课题/ECNU_EYU_data/work_space/G1/results/missing_t2w_completion/run_3104668/BraTS-MET-00567-000/BraTS-MET-00567-000-t1c.nii.gz,work_space/G2/results/synthetic_normalized/BraTS-MET-00567-000/BraTS-MET-00567-000-t1c.nii.gz,nnunet_raw/Dataset261_BraTS2026_MET_RealSynth/imagesTr/BraTSMET_000304_0001.nii.gz,native_2026,keep_native_2026_suffix,accepted_for_training,True,False,False,False
BraTS-MET-00567-000,BraTS-MET-00567-000,BraTSMET_000304,BraTS-MET-00567-000,run_3104668,t2w,0002,/Users/hwaigc/比赛+课题/ECNU_EYU_data/work_space/G1/results/missing_t2w_completion/run_3104668/BraTS-MET-00567-000/BraTS-MET-00567-000-t2w.nii.gz,work_space/G2/results/synthetic_normalized/BraTS-MET-00567-000/BraTS-MET-00567-000-t2w.nii.gz,nnunet_raw/Dataset261_BraTS2026_MET_RealSynth/imagesTr/BraTSMET_000304_0002.nii.gz,native_2026,keep_native_2026_suffix,accepted_for_training,True,False,False,False
BraTS-MET-00567-000,BraTS-MET-00567-000,BraTSMET_000304,BraTS-MET-00567-000,run_3104668,t2f,0003,/Users/hwaigc/比赛+课题/ECNU_EYU_data/work_space/G1/results/missing_t2w_completion/run_3104668/BraTS-MET-00567-000/BraTS-MET-00567-000-t2f.nii.gz,work_space/G2/results/synthetic_normalized/BraTS-MET-00567-000/BraTS-MET-00567-000-t2f.nii.gz,nnunet_raw/Dataset261_BraTS2026_MET_RealSynth/imagesTr/BraTSMET_000304_0003.nii.gz,native_2026,keep_native_2026_suffix,accepted_for_training,True,False,False,False
BraTS-MET-00567-000,BraTS-MET-00567-000,BraTSMET_000304,BraTS-MET-00567-000,run_3104668,seg,label,/Users/hwaigc/比赛+课题/ECNU_EYU_data/work_space/G1/results/missing_t2w_completion/run_3104668/BraTS-MET-00567-000/BraTS-MET-00567-000-seg.nii.gz,work_space/G2/results/synthetic_normalized/BraTS-MET-00567-000/BraTS-MET-00567-000-seg.nii.gz,nnunet_raw/Dataset261_BraTS2026_MET_RealSynth/labelsTr/BraTSMET_000304.nii.gz,native_2026,keep_native_2026_suffix,accepted_for_training,True,False,False,False
BraTS-MET-00568-000,BraTS-MET-00568-000,BraTSMET_000305,BraTS-MET-00568-000,run_3104668,t1n,0000,/Users/hwaigc/比赛+课题/ECNU_EYU_data/work_space/G1/results/missing_t2w_completion/run_3104668/BraTS-MET-00568-000/BraTS-MET-00568-000-t1n.nii.gz,work_space/G2/results/synthetic_normalized/BraTS-MET-00568-000/BraTS-MET-00568-000-t1n.nii.gz,nnunet_raw/Dataset261_BraTS2026_MET_RealSynth/imagesTr/BraTSMET_000305_0000.nii.gz,native_2026,keep_native_2026_suffix,accepted_for_training,True,False,False,False
BraTS-MET-00568-000,BraTS-MET-00568-000,BraTSMET_000305,BraTS-MET-00568-000,run_3104668,t1c,0001,/Users/hwaigc/比赛+课题/ECNU_EYU_data/work_space/G1/results/missing_t2w_completion/run_3104668/BraTS-MET-00568-000/BraTS-MET-00568-000-t1c.nii.gz,work_space/G2/results/synthetic_normalized/BraTS-MET-00568-000/BraTS-MET-00568-000-t1c.nii.gz,nnunet_raw/Dataset261_BraTS2026_MET_RealSynth/imagesTr/BraTSMET_000305_0001.nii.gz,native_2026,keep_native_2026_suffix,accepted_for_training,True,False,False,False
BraTS-MET-00568-000,BraTS-MET-00568-000,BraTSMET_000305,BraTS-MET-00568-000,run_3104668,t2w,0002,/Users/hwaigc/比赛+课题/ECNU_EYU_data/work_space/G1/results/missing_t2w_completion/run_3104668/BraTS-MET-00568-000/BraTS-MET-00568-000-t2w.nii.gz,work_space/G2/results/synthetic_normalized/BraTS-MET-00568-000/BraTS-MET-00568-000-t2w.nii.gz,nnunet_raw/Dataset261_BraTS2026_MET_RealSynth/imagesTr/BraTSMET_000305_0002.nii.gz,native_2026,keep_native_2026_suffix,accepted_for_training,True,False,False,False
BraTS-MET-00568-000,BraTS-MET-00568-000,BraTSMET_000305,BraTS-MET-00568-000,run_3104668,t2f,0003,/Users/hwaigc/比赛+课题/ECNU_EYU_data/work_space/G1/results/missing_t2w_completion/run_3104668/BraTS-MET-00568-000/BraTS-MET-00568-000-t2f.nii.gz,work_space/G2/results/synthetic_normalized/BraTS-MET-00568-000/BraTS-MET-00568-000-t2f.nii.gz,nnunet_raw/Dataset261_BraTS2026_MET_RealSynth/imagesTr/BraTSMET_000305_0003.nii.gz,native_2026,keep_native_2026_suffix,accepted_for_training,True,False,False,False
BraTS-MET-00568-000,BraTS-MET-00568-000,BraTSMET_000305,BraTS-MET-00568-000,run_3104668,seg,label,/Users/hwaigc/比赛+课题/ECNU_EYU_data/work_space/G1/results/missing_t2w_completion/run_3104668/BraTS-MET-00568-000/BraTS-MET-00568-000-seg.nii.gz,work_space/G2/results/synthetic_normalized/BraTS-MET-00568-000/BraTS-MET-00568-000-seg.nii.gz,nnunet_raw/Dataset261_BraTS2026_MET_RealSynth/labelsTr/BraTSMET_000305.nii.gz,native_2026,keep_native_2026_suffix,accepted_for_training,True,False,False,False
BraTS-MET-00568-001,BraTS-MET-00568-001,BraTSMET_000306,BraTS-MET-00568-001,run_3104668,t1n,0000,/Users/hwaigc/比赛+课题/ECNU_EYU_data/work_space/G1/results/missing_t2w_completion/run_3104668/BraTS-MET-00568-001/BraTS-MET-00568-001-t1n.nii.gz,work_space/G2/results/synthetic_normalized/BraTS-MET-00568-001/BraTS-MET-00568-001-t1n.nii.gz,nnunet_raw/Dataset261_BraTS2026_MET_RealSynth/imagesTr/BraTSMET_000306_0000.nii.gz,native_2026,keep_native_2026_suffix,accepted_for_training,True,False,False,False
BraTS-MET-00568-001,BraTS-MET-00568-001,BraTSMET_000306,BraTS-MET-00568-001,run_3104668,t1c,0001,/Users/hwaigc/比赛+课题/ECNU_EYU_data/work_space/G1/results/missing_t2w_completion/run_3104668/BraTS-MET-00568-001/BraTS-MET-00568-001-t1c.nii.gz,work_space/G2/results/synthetic_normalized/BraTS-MET-00568-001/BraTS-MET-00568-001-t1c.nii.gz,nnunet_raw/Dataset261_BraTS2026_MET_RealSynth/imagesTr/BraTSMET_000306_0001.nii.gz,native_2026,keep_native_2026_suffix,accepted_for_training,True,False,False,False
BraTS-MET-00568-001,BraTS-MET-00568-001,BraTSMET_000306,BraTS-MET-00568-001,run_3104668,t2w,0002,/Users/hwaigc/比赛+课题/ECNU_EYU_data/work_space/G1/results/missing_t2w_completion/run_3104668/BraTS-MET-00568-001/BraTS-MET-00568-001-t2w.nii.gz,work_space/G2/results/synthetic_normalized/BraTS-MET-00568-001/BraTS-MET-00568-001-t2w.nii.gz,nnunet_raw/Dataset261_BraTS2026_MET_RealSynth/imagesTr/BraTSMET_000306_0002.nii.gz,native_2026,keep_native_2026_suffix,accepted_for_training,True,False,False,False
BraTS-MET-00568-001,BraTS-MET-00568-001,BraTSMET_000306,BraTS-MET-00568-001,run_3104668,t2f,0003,/Users/hwaigc/比赛+课题/ECNU_EYU_data/work_space/G1/results/missing_t2w_completion/run_3104668/BraTS-MET-00568-001/BraTS-MET-00568-001-t2f.nii.gz,work_space/G2/results/synthetic_normalized/BraTS-MET-00568-001/BraTS-MET-00568-001-t2f.nii.gz,nnunet_raw/Dataset261_BraTS2026_MET_RealSynth/imagesTr/BraTSMET_000306_0003.nii.gz,native_2026,keep_native_2026_suffix,accepted_for_training,True,False,False,False
BraTS-MET-00568-001,BraTS-MET-00568-001,BraTSMET_000306,BraTS-MET-00568-001,run_3104668,seg,label,/Users/hwaigc/比赛+课题/ECNU_EYU_data/work_space/G1/results/missing_t2w_completion/run_3104668/BraTS-MET-00568-001/BraTS-MET-00568-001-seg.nii.gz,work_space/G2/results/synthetic_normalized/BraTS-MET-00568-001/BraTS-MET-00568-001-seg.nii.gz,nnunet_raw/Dataset261_BraTS2026_MET_RealSynth/labelsTr/BraTSMET_000306.nii.gz,native_2026,keep_native_2026_suffix,accepted_for_training,True,False,False,False
BraTS-MET-00569-000,BraTS-MET-00569-000,BraTSMET_000307,BraTS-MET-00569-000,run_3104668,t1n,0000,/Users/hwaigc/比赛+课题/ECNU_EYU_data/work_space/G1/results/missing_t2w_completion/run_3104668/BraTS-MET-00569-000/BraTS-MET-00569-000-t1n.nii.gz,work_space/G2/results/synthetic_normalized/BraTS-MET-00569-000/BraTS-MET-00569-000-t1n.nii.gz,nnunet_raw/Dataset261_BraTS2026_MET_RealSynth/imagesTr/BraTSMET_000307_0000.nii.gz,native_2026,keep_native_2026_suffix,accepted_for_training,True,False,False,False
BraTS-MET-00569-000,BraTS-MET-00569-000,BraTSMET_000307,BraTS-MET-00569-000,run_3104668,t1c,0001,/Users/hwaigc/比赛+课题/ECNU_EYU_data/work_space/G1/results/missing_t2w_completion/run_3104668/BraTS-MET-00569-000/BraTS-MET-00569-000-t1c.nii.gz,work_space/G2/results/synthetic_normalized/BraTS-MET-00569-000/BraTS-MET-00569-000-t1c.nii.gz,nnunet_raw/Dataset261_BraTS2026_MET_RealSynth/imagesTr/BraTSMET_000307_0001.nii.gz,native_2026,keep_native_2026_suffix,accepted_for_training,True,False,False,False
BraTS-MET-00569-000,BraTS-MET-00569-000,BraTSMET_000307,BraTS-MET-00569-000,run_3104668,t2w,0002,/Users/hwaigc/比赛+课题/ECNU_EYU_data/work_space/G1/results/missing_t2w_completion/run_3104668/BraTS-MET-00569-000/BraTS-MET-00569-000-t2w.nii.gz,work_space/G2/results/synthetic_normalized/BraTS-MET-00569-000/BraTS-MET-00569-000-t2w.nii.gz,nnunet_raw/Dataset261_BraTS2026_MET_RealSynth/imagesTr/BraTSMET_000307_0002.nii.gz,native_2026,keep_native_2026_suffix,accepted_for_training,True,False,False,False
BraTS-MET-00569-000,BraTS-MET-00569-000,BraTSMET_000307,BraTS-MET-00569-000,run_3104668,t2f,0003,/Users/hwaigc/比赛+课题/ECNU_EYU_data/work_space/G1/results/missing_t2w_completion/run_3104668/BraTS-MET-00569-000/BraTS-MET-00569-000-t2f.nii.gz,work_space/G2/results/synthetic_normalized/BraTS-MET-00569-000/BraTS-MET-00569-000-t2f.nii.gz,nnunet_raw/Dataset261_BraTS2026_MET_RealSynth/imagesTr/BraTSMET_000307_0003.nii.gz,native_2026,keep_native_2026_suffix,accepted_for_training,True,False,False,False
BraTS-MET-00569-000,BraTS-MET-00569-000,BraTSMET_000307,BraTS-MET-00569-000,run_3104668,seg,label,/Users/hwaigc/比赛+课题/ECNU_EYU_data/work_space/G1/results/missing_t2w_completion/run_3104668/BraTS-MET-00569-000/BraTS-MET-00569-000-seg.nii.gz,work_space/G2/results/synthetic_normalized/BraTS-MET-00569-000/BraTS-MET-00569-000-seg.nii.gz,nnunet_raw/Dataset261_BraTS2026_MET_RealSynth/labelsTr/BraTSMET_000307.nii.gz,native_2026,keep_native_2026_suffix,accepted_for_training,True,False,False,False
BraTS-MET-00569-001,BraTS-MET-00569-001,BraTSMET_000308,BraTS-MET-00569-001,run_3104668,t1n,0000,/Users/hwaigc/比赛+课题/ECNU_EYU_data/work_space/G1/results/missing_t2w_completion/run_3104668/BraTS-MET-00569-001/BraTS-MET-00569-001-t1n.nii.gz,work_space/G2/results/synthetic_normalized/BraTS-MET-00569-001/BraTS-MET-00569-001-t1n.nii.gz,nnunet_raw/Dataset261_BraTS2026_MET_RealSynth/imagesTr/BraTSMET_000308_0000.nii.gz,native_2026,keep_native_2026_suffix,accepted_for_training,True,False,False,False
BraTS-MET-00569-001,BraTS-MET-00569-001,BraTSMET_000308,BraTS-MET-00569-001,run_3104668,t1c,0001,/Users/hwaigc/比赛+课题/ECNU_EYU_data/work_space/G1/results/missing_t2w_completion/run_3104668/BraTS-MET-00569-001/BraTS-MET-00569-001-t1c.nii.gz,work_space/G2/results/synthetic_normalized/BraTS-MET-00569-001/BraTS-MET-00569-001-t1c.nii.gz,nnunet_raw/Dataset261_BraTS2026_MET_RealSynth/imagesTr/BraTSMET_000308_0001.nii.gz,native_2026,keep_native_2026_suffix,accepted_for_training,True,False,False,False
BraTS-MET-00569-001,BraTS-MET-00569-001,BraTSMET_000308,BraTS-MET-00569-001,run_3104668,t2w,0002,/Users/hwaigc/比赛+课题/ECNU_EYU_data/work_space/G1/results/missing_t2w_completion/run_3104668/BraTS-MET-00569-001/BraTS-MET-00569-001-t2w.nii.gz,work_space/G2/results/synthetic_normalized/BraTS-MET-00569-001/BraTS-MET-00569-001-t2w.nii.gz,nnunet_raw/Dataset261_BraTS2026_MET_RealSynth/imagesTr/BraTSMET_000308_0002.nii.gz,native_2026,keep_native_2026_suffix,accepted_for_training,True,False,False,False
BraTS-MET-00569-001,BraTS-MET-00569-001,BraTSMET_000308,BraTS-MET-00569-001,run_3104668,t2f,0003,/Users/hwaigc/比赛+课题/ECNU_EYU_data/work_space/G1/results/missing_t2w_completion/run_3104668/BraTS-MET-00569-001/BraTS-MET-00569-001-t2f.nii.gz,work_space/G2/results/synthetic_normalized/BraTS-MET-00569-001/BraTS-MET-00569-001-t2f.nii.gz,nnunet_raw/Dataset261_BraTS2026_MET_RealSynth/imagesTr/BraTSMET_000308_0003.nii.gz,native_2026,keep_native_2026_suffix,accepted_for_training,True,False,False,False
BraTS-MET-00569-001,BraTS-MET-00569-001,BraTSMET_000308,BraTS-MET-00569-001,run_3104668,seg,label,/Users/hwaigc/比赛+课题/ECNU_EYU_data/work_space/G1/results/missing_t2w_completion/run_3104668/BraTS-MET-00569-001/BraTS-MET-00569-001-seg.nii.gz,work_space/G2/results/synthetic_normalized/BraTS-MET-00569-001/BraTS-MET-00569-001-seg.nii.gz,nnunet_raw/Dataset261_BraTS2026_MET_RealSynth/labelsTr/BraTSMET_000308.nii.gz,native_2026,keep_native_2026_suffix,accepted_for_training,True,False,False,False
BraTS-MET-00570-000,BraTS-MET-00570-000,BraTSMET_000309,BraTS-MET-00570-000,run_3104668,t1n,0000,/Users/hwaigc/比赛+课题/ECNU_EYU_data/work_space/G1/results/missing_t2w_completion/run_3104668/BraTS-MET-00570-000/BraTS-MET-00570-000-t1n.nii.gz,work_space/G2/results/synthetic_normalized/BraTS-MET-00570-000/BraTS-MET-00570-000-t1n.nii.gz,nnunet_raw/Dataset261_BraTS2026_MET_RealSynth/imagesTr/BraTSMET_000309_0000.nii.gz,native_2026,keep_native_2026_suffix,accepted_for_training,True,False,False,False
BraTS-MET-00570-000,BraTS-MET-00570-000,BraTSMET_000309,BraTS-MET-00570-000,run_3104668,t1c,0001,/Users/hwaigc/比赛+课题/ECNU_EYU_data/work_space/G1/results/missing_t2w_completion/run_3104668/BraTS-MET-00570-000/BraTS-MET-00570-000-t1c.nii.gz,work_space/G2/results/synthetic_normalized/BraTS-MET-00570-000/BraTS-MET-00570-000-t1c.nii.gz,nnunet_raw/Dataset261_BraTS2026_MET_RealSynth/imagesTr/BraTSMET_000309_0001.nii.gz,native_2026,keep_native_2026_suffix,accepted_for_training,True,False,False,False
BraTS-MET-00570-000,BraTS-MET-00570-000,BraTSMET_000309,BraTS-MET-00570-000,run_3104668,t2w,0002,/Users/hwaigc/比赛+课题/ECNU_EYU_data/work_space/G1/results/missing_t2w_completion/run_3104668/BraTS-MET-00570-000/BraTS-MET-00570-000-t2w.nii.gz,work_space/G2/results/synthetic_normalized/BraTS-MET-00570-000/BraTS-MET-00570-000-t2w.nii.gz,nnunet_raw/Dataset261_BraTS2026_MET_RealSynth/imagesTr/BraTSMET_000309_0002.nii.gz,native_2026,keep_native_2026_suffix,accepted_for_training,True,False,False,False
BraTS-MET-00570-000,BraTS-MET-00570-000,BraTSMET_000309,BraTS-MET-00570-000,run_3104668,t2f,0003,/Users/hwaigc/比赛+课题/ECNU_EYU_data/work_space/G1/results/missing_t2w_completion/run_3104668/BraTS-MET-00570-000/BraTS-MET-00570-000-t2f.nii.gz,work_space/G2/results/synthetic_normalized/BraTS-MET-00570-000/BraTS-MET-00570-000-t2f.nii.gz,nnunet_raw/Dataset261_BraTS2026_MET_RealSynth/imagesTr/BraTSMET_000309_0003.nii.gz,native_2026,keep_native_2026_suffix,accepted_for_training,True,False,False,False
BraTS-MET-00570-000,BraTS-MET-00570-000,BraTSMET_000309,BraTS-MET-00570-000,run_3104668,seg,label,/Users/hwaigc/比赛+课题/ECNU_EYU_data/work_space/G1/results/missing_t2w_completion/run_3104668/BraTS-MET-00570-000/BraTS-MET-00570-000-seg.nii.gz,work_space/G2/results/synthetic_normalized/BraTS-MET-00570-000/BraTS-MET-00570-000-seg.nii.gz,nnunet_raw/Dataset261_BraTS2026_MET_RealSynth/labelsTr/BraTSMET_000309.nii.gz,native_2026,keep_native_2026_suffix,accepted_for_training,True,False,False,False
BraTS-MET-00571-000,BraTS-MET-00571-000,BraTSMET_000310,BraTS-MET-00571-000,run_3104668,t1n,0000,/Users/hwaigc/比赛+课题/ECNU_EYU_data/work_space/G1/results/missing_t2w_completion/run_3104668/BraTS-MET-00571-000/BraTS-MET-00571-000-t1n.nii.gz,work_space/G2/results/synthetic_normalized/BraTS-MET-00571-000/BraTS-MET-00571-000-t1n.nii.gz,nnunet_raw/Dataset261_BraTS2026_MET_RealSynth/imagesTr/BraTSMET_000310_0000.nii.gz,native_2026,keep_native_2026_suffix,accepted_for_training,True,False,False,False
BraTS-MET-00571-000,BraTS-MET-00571-000,BraTSMET_000310,BraTS-MET-00571-000,run_3104668,t1c,0001,/Users/hwaigc/比赛+课题/ECNU_EYU_data/work_space/G1/results/missing_t2w_completion/run_3104668/BraTS-MET-00571-000/BraTS-MET-00571-000-t1c.nii.gz,work_space/G2/results/synthetic_normalized/BraTS-MET-00571-000/BraTS-MET-00571-000-t1c.nii.gz,nnunet_raw/Dataset261_BraTS2026_MET_RealSynth/imagesTr/BraTSMET_000310_0001.nii.gz,native_2026,keep_native_2026_suffix,accepted_for_training,True,False,False,False
BraTS-MET-00571-000,BraTS-MET-00571-000,BraTSMET_000310,BraTS-MET-00571-000,run_3104668,t2w,0002,/Users/hwaigc/比赛+课题/ECNU_EYU_data/work_space/G1/results/missing_t2w_completion/run_3104668/BraTS-MET-00571-000/BraTS-MET-00571-000-t2w.nii.gz,work_space/G2/results/synthetic_normalized/BraTS-MET-00571-000/BraTS-MET-00571-000-t2w.nii.gz,nnunet_raw/Dataset261_BraTS2026_MET_RealSynth/imagesTr/BraTSMET_000310_0002.nii.gz,native_2026,keep_native_2026_suffix,accepted_for_training,True,False,False,False
BraTS-MET-00571-000,BraTS-MET-00571-000,BraTSMET_000310,BraTS-MET-00571-000,run_3104668,t2f,0003,/Users/hwaigc/比赛+课题/ECNU_EYU_data/work_space/G1/results/missing_t2w_completion/run_3104668/BraTS-MET-00571-000/BraTS-MET-00571-000-t2f.nii.gz,work_space/G2/results/synthetic_normalized/BraTS-MET-00571-000/BraTS-MET-00571-000-t2f.nii.gz,nnunet_raw/Dataset261_BraTS2026_MET_RealSynth/imagesTr/BraTSMET_000310_0003.nii.gz,native_2026,keep_native_2026_suffix,accepted_for_training,True,False,False,False
BraTS-MET-00571-000,BraTS-MET-00571-000,BraTSMET_000310,BraTS-MET-00571-000,run_3104668,seg,label,/Users/hwaigc/比赛+课题/ECNU_EYU_data/work_space/G1/results/missing_t2w_completion/run_3104668/BraTS-MET-00571-000/BraTS-MET-00571-000-seg.nii.gz,work_space/G2/results/synthetic_normalized/BraTS-MET-00571-000/BraTS-MET-00571-000-seg.nii.gz,nnunet_raw/Dataset261_BraTS2026_MET_RealSynth/labelsTr/BraTSMET_000310.nii.gz,native_2026,keep_native_2026_suffix,accepted_for_training,True,False,False,False
BraTS-MET-00573-000,BraTS-MET-00573-000,BraTSMET_000312,BraTS-MET-00573-000,run_3104668,t1n,0000,/Users/hwaigc/比赛+课题/ECNU_EYU_data/work_space/G1/results/missing_t2w_completion/run_3104668/BraTS-MET-00573-000/BraTS-MET-00573-000-t1n.nii.gz,work_space/G2/results/synthetic_normalized/BraTS-MET-00573-000/BraTS-MET-00573-000-t1n.nii.gz,nnunet_raw/Dataset261_BraTS2026_MET_RealSynth/imagesTr/BraTSMET_000312_0000.nii.gz,native_2026,keep_native_2026_suffix,accepted_for_training,True,False,False,False
BraTS-MET-00573-000,BraTS-MET-00573-000,BraTSMET_000312,BraTS-MET-00573-000,run_3104668,t1c,0001,/Users/hwaigc/比赛+课题/ECNU_EYU_data/work_space/G1/results/missing_t2w_completion/run_3104668/BraTS-MET-00573-000/BraTS-MET-00573-000-t1c.nii.gz,work_space/G2/results/synthetic_normalized/BraTS-MET-00573-000/BraTS-MET-00573-000-t1c.nii.gz,nnunet_raw/Dataset261_BraTS2026_MET_RealSynth/imagesTr/BraTSMET_000312_0001.nii.gz,native_2026,keep_native_2026_suffix,accepted_for_training,True,False,False,False
BraTS-MET-00573-000,BraTS-MET-00573-000,BraTSMET_000312,BraTS-MET-00573-000,run_3104668,t2w,0002,/Users/hwaigc/比赛+课题/ECNU_EYU_data/work_space/G1/results/missing_t2w_completion/run_3104668/BraTS-MET-00573-000/BraTS-MET-00573-000-t2w.nii.gz,work_space/G2/results/synthetic_normalized/BraTS-MET-00573-000/BraTS-MET-00573-000-t2w.nii.gz,nnunet_raw/Dataset261_BraTS2026_MET_RealSynth/imagesTr/BraTSMET_000312_0002.nii.gz,native_2026,keep_native_2026_suffix,accepted_for_training,True,False,False,False
BraTS-MET-00573-000,BraTS-MET-00573-000,BraTSMET_000312,BraTS-MET-00573-000,run_3104668,t2f,0003,/Users/hwaigc/比赛+课题/ECNU_EYU_data/work_space/G1/results/missing_t2w_completion/run_3104668/BraTS-MET-00573-000/BraTS-MET-00573-000-t2f.nii.gz,work_space/G2/results/synthetic_normalized/BraTS-MET-00573-000/BraTS-MET-00573-000-t2f.nii.gz,nnunet_raw/Dataset261_BraTS2026_MET_RealSynth/imagesTr/BraTSMET_000312_0003.nii.gz,native_2026,keep_native_2026_suffix,accepted_for_training,True,False,False,False
BraTS-MET-00573-000,BraTS-MET-00573-000,BraTSMET_000312,BraTS-MET-00573-000,run_3104668,seg,label,/Users/hwaigc/比赛+课题/ECNU_EYU_data/work_space/G1/results/missing_t2w_completion/run_3104668/BraTS-MET-00573-000/BraTS-MET-00573-000-seg.nii.gz,work_space/G2/results/synthetic_normalized/BraTS-MET-00573-000/BraTS-MET-00573-000-seg.nii.gz,nnunet_raw/Dataset261_BraTS2026_MET_RealSynth/labelsTr/BraTSMET_000312.nii.gz,native_2026,keep_native_2026_suffix,accepted_for_training,True,False,False,False
BraTS-MET-00574-000,BraTS-MET-00574-000,BraTSMET_000313,BraTS-MET-00574-000,run_3104668,t1n,0000,/Users/hwaigc/比赛+课题/ECNU_EYU_data/work_space/G1/results/missing_t2w_completion/run_3104668/BraTS-MET-00574-000/BraTS-MET-00574-000-t1n.nii.gz,work_space/G2/results/synthetic_normalized/BraTS-MET-00574-000/BraTS-MET-00574-000-t1n.nii.gz,nnunet_raw/Dataset261_BraTS2026_MET_RealSynth/imagesTr/BraTSMET_000313_0000.nii.gz,native_2026,keep_native_2026_suffix,accepted_for_training,True,False,False,False
BraTS-MET-00574-000,BraTS-MET-00574-000,BraTSMET_000313,BraTS-MET-00574-000,run_3104668,t1c,0001,/Users/hwaigc/比赛+课题/ECNU_EYU_data/work_space/G1/results/missing_t2w_completion/run_3104668/BraTS-MET-00574-000/BraTS-MET-00574-000-t1c.nii.gz,work_space/G2/results/synthetic_normalized/BraTS-MET-00574-000/BraTS-MET-00574-000-t1c.nii.gz,nnunet_raw/Dataset261_BraTS2026_MET_RealSynth/imagesTr/BraTSMET_000313_0001.nii.gz,native_2026,keep_native_2026_suffix,accepted_for_training,True,False,False,False
BraTS-MET-00574-000,BraTS-MET-00574-000,BraTSMET_000313,BraTS-MET-00574-000,run_3104668,t2w,0002,/Users/hwaigc/比赛+课题/ECNU_EYU_data/work_space/G1/results/missing_t2w_completion/run_3104668/BraTS-MET-00574-000/BraTS-MET-00574-000-t2w.nii.gz,work_space/G2/results/synthetic_normalized/BraTS-MET-00574-000/BraTS-MET-00574-000-t2w.nii.gz,nnunet_raw/Dataset261_BraTS2026_MET_RealSynth/imagesTr/BraTSMET_000313_0002.nii.gz,native_2026,keep_native_2026_suffix,accepted_for_training,True,False,False,False
BraTS-MET-00574-000,BraTS-MET-00574-000,BraTSMET_000313,BraTS-MET-00574-000,run_3104668,t2f,0003,/Users/hwaigc/比赛+课题/ECNU_EYU_data/work_space/G1/results/missing_t2w_completion/run_3104668/BraTS-MET-00574-000/BraTS-MET-00574-000-t2f.nii.gz,work_space/G2/results/synthetic_normalized/BraTS-MET-00574-000/BraTS-MET-00574-000-t2f.nii.gz,nnunet_raw/Dataset261_BraTS2026_MET_RealSynth/imagesTr/BraTSMET_000313_0003.nii.gz,native_2026,keep_native_2026_suffix,accepted_for_training,True,False,False,False
BraTS-MET-00574-000,BraTS-MET-00574-000,BraTSMET_000313,BraTS-MET-00574-000,run_3104668,seg,label,/Users/hwaigc/比赛+课题/ECNU_EYU_data/work_space/G1/results/missing_t2w_completion/run_3104668/BraTS-MET-00574-000/BraTS-MET-00574-000-seg.nii.gz,work_space/G2/results/synthetic_normalized/BraTS-MET-00574-000/BraTS-MET-00574-000-seg.nii.gz,nnunet_raw/Dataset261_BraTS2026_MET_RealSynth/labelsTr/BraTSMET_000313.nii.gz,native_2026,keep_native_2026_suffix,accepted_for_training,True,False,False,False
BraTS-MET-00575-000,BraTS-MET-00575-000,BraTSMET_000314,BraTS-MET-00575-000,run_3104668,t1n,0000,/Users/hwaigc/比赛+课题/ECNU_EYU_data/work_space/G1/results/missing_t2w_completion/run_3104668/BraTS-MET-00575-000/BraTS-MET-00575-000-t1n.nii.gz,work_space/G2/results/synthetic_normalized/BraTS-MET-00575-000/BraTS-MET-00575-000-t1n.nii.gz,nnunet_raw/Dataset261_BraTS2026_MET_RealSynth/imagesTr/BraTSMET_000314_0000.nii.gz,native_2026,keep_native_2026_suffix,accepted_for_training,True,False,False,False
BraTS-MET-00575-000,BraTS-MET-00575-000,BraTSMET_000314,BraTS-MET-00575-000,run_3104668,t1c,0001,/Users/hwaigc/比赛+课题/ECNU_EYU_data/work_space/G1/results/missing_t2w_completion/run_3104668/BraTS-MET-00575-000/BraTS-MET-00575-000-t1c.nii.gz,work_space/G2/results/synthetic_normalized/BraTS-MET-00575-000/BraTS-MET-00575-000-t1c.nii.gz,nnunet_raw/Dataset261_BraTS2026_MET_RealSynth/imagesTr/BraTSMET_000314_0001.nii.gz,native_2026,keep_native_2026_suffix,accepted_for_training,True,False,False,False
BraTS-MET-00575-000,BraTS-MET-00575-000,BraTSMET_000314,BraTS-MET-00575-000,run_3104668,t2w,0002,/Users/hwaigc/比赛+课题/ECNU_EYU_data/work_space/G1/results/missing_t2w_completion/run_3104668/BraTS-MET-00575-000/BraTS-MET-00575-000-t2w.nii.gz,work_space/G2/results/synthetic_normalized/BraTS-MET-00575-000/BraTS-MET-00575-000-t2w.nii.gz,nnunet_raw/Dataset261_BraTS2026_MET_RealSynth/imagesTr/BraTSMET_000314_0002.nii.gz,native_2026,keep_native_2026_suffix,accepted_for_training,True,False,False,False
BraTS-MET-00575-000,BraTS-MET-00575-000,BraTSMET_000314,BraTS-MET-00575-000,run_3104668,t2f,0003,/Users/hwaigc/比赛+课题/ECNU_EYU_data/work_space/G1/results/missing_t2w_completion/run_3104668/BraTS-MET-00575-000/BraTS-MET-00575-000-t2f.nii.gz,work_space/G2/results/synthetic_normalized/BraTS-MET-00575-000/BraTS-MET-00575-000-t2f.nii.gz,nnunet_raw/Dataset261_BraTS2026_MET_RealSynth/imagesTr/BraTSMET_000314_0003.nii.gz,native_2026,keep_native_2026_suffix,accepted_for_training,True,False,False,False
BraTS-MET-00575-000,BraTS-MET-00575-000,BraTSMET_000314,BraTS-MET-00575-000,run_3104668,seg,label,/Users/hwaigc/比赛+课题/ECNU_EYU_data/work_space/G1/results/missing_t2w_completion/run_3104668/BraTS-MET-00575-000/BraTS-MET-00575-000-seg.nii.gz,work_space/G2/results/synthetic_normalized/BraTS-MET-00575-000/BraTS-MET-00575-000-seg.nii.gz,nnunet_raw/Dataset261_BraTS2026_MET_RealSynth/labelsTr/BraTSMET_000314.nii.gz,native_2026,keep_native_2026_suffix,accepted_for_training,True,False,False,False
BraTS-MET-00576-000,BraTS-MET-00576-000,BraTSMET_000315,BraTS-MET-00576-000,run_3104668,t1n,0000,/Users/hwaigc/比赛+课题/ECNU_EYU_data/work_space/G1/results/missing_t2w_completion/run_3104668/BraTS-MET-00576-000/BraTS-MET-00576-000-t1n.nii.gz,work_space/G2/results/synthetic_normalized/BraTS-MET-00576-000/BraTS-MET-00576-000-t1n.nii.gz,nnunet_raw/Dataset261_BraTS2026_MET_RealSynth/imagesTr/BraTSMET_000315_0000.nii.gz,native_2026,keep_native_2026_suffix,accepted_for_evaluation,False,True,False,False
BraTS-MET-00576-000,BraTS-MET-00576-000,BraTSMET_000315,BraTS-MET-00576-000,run_3104668,t1c,0001,/Users/hwaigc/比赛+课题/ECNU_EYU_data/work_space/G1/results/missing_t2w_completion/run_3104668/BraTS-MET-00576-000/BraTS-MET-00576-000-t1c.nii.gz,work_space/G2/results/synthetic_normalized/BraTS-MET-00576-000/BraTS-MET-00576-000-t1c.nii.gz,nnunet_raw/Dataset261_BraTS2026_MET_RealSynth/imagesTr/BraTSMET_000315_0001.nii.gz,native_2026,keep_native_2026_suffix,accepted_for_evaluation,False,True,False,False
BraTS-MET-00576-000,BraTS-MET-00576-000,BraTSMET_000315,BraTS-MET-00576-000,run_3104668,t2w,0002,/Users/hwaigc/比赛+课题/ECNU_EYU_data/work_space/G1/results/missing_t2w_completion/run_3104668/BraTS-MET-00576-000/BraTS-MET-00576-000-t2w.nii.gz,work_space/G2/results/synthetic_normalized/BraTS-MET-00576-000/BraTS-MET-00576-000-t2w.nii.gz,nnunet_raw/Dataset261_BraTS2026_MET_RealSynth/imagesTr/BraTSMET_000315_0002.nii.gz,native_2026,keep_native_2026_suffix,accepted_for_evaluation,False,True,False,False
BraTS-MET-00576-000,BraTS-MET-00576-000,BraTSMET_000315,BraTS-MET-00576-000,run_3104668,t2f,0003,/Users/hwaigc/比赛+课题/ECNU_EYU_data/work_space/G1/results/missing_t2w_completion/run_3104668/BraTS-MET-00576-000/BraTS-MET-00576-000-t2f.nii.gz,work_space/G2/results/synthetic_normalized/BraTS-MET-00576-000/BraTS-MET-00576-000-t2f.nii.gz,nnunet_raw/Dataset261_BraTS2026_MET_RealSynth/imagesTr/BraTSMET_000315_0003.nii.gz,native_2026,keep_native_2026_suffix,accepted_for_evaluation,False,True,False,False
BraTS-MET-00576-000,BraTS-MET-00576-000,BraTSMET_000315,BraTS-MET-00576-000,run_3104668,seg,label,/Users/hwaigc/比赛+课题/ECNU_EYU_data/work_space/G1/results/missing_t2w_completion/run_3104668/BraTS-MET-00576-000/BraTS-MET-00576-000-seg.nii.gz,work_space/G2/results/synthetic_normalized/BraTS-MET-00576-000/BraTS-MET-00576-000-seg.nii.gz,nnunet_raw/Dataset261_BraTS2026_MET_RealSynth/labelsTr/BraTSMET_000315.nii.gz,native_2026,keep_native_2026_suffix,accepted_for_evaluation,False,True,False,False
BraTS-MET-00577-000,BraTS-MET-00577-000,BraTSMET_000316,BraTS-MET-00577-000,run_3104668,t1n,0000,/Users/hwaigc/比赛+课题/ECNU_EYU_data/work_space/G1/results/missing_t2w_completion/run_3104668/BraTS-MET-00577-000/BraTS-MET-00577-000-t1n.nii.gz,work_space/G2/results/synthetic_normalized/BraTS-MET-00577-000/BraTS-MET-00577-000-t1n.nii.gz,nnunet_raw/Dataset261_BraTS2026_MET_RealSynth/imagesTr/BraTSMET_000316_0000.nii.gz,native_2026,keep_native_2026_suffix,accepted_for_evaluation,False,True,False,False
BraTS-MET-00577-000,BraTS-MET-00577-000,BraTSMET_000316,BraTS-MET-00577-000,run_3104668,t1c,0001,/Users/hwaigc/比赛+课题/ECNU_EYU_data/work_space/G1/results/missing_t2w_completion/run_3104668/BraTS-MET-00577-000/BraTS-MET-00577-000-t1c.nii.gz,work_space/G2/results/synthetic_normalized/BraTS-MET-00577-000/BraTS-MET-00577-000-t1c.nii.gz,nnunet_raw/Dataset261_BraTS2026_MET_RealSynth/imagesTr/BraTSMET_000316_0001.nii.gz,native_2026,keep_native_2026_suffix,accepted_for_evaluation,False,True,False,False
BraTS-MET-00577-000,BraTS-MET-00577-000,BraTSMET_000316,BraTS-MET-00577-000,run_3104668,t2w,0002,/Users/hwaigc/比赛+课题/ECNU_EYU_data/work_space/G1/results/missing_t2w_completion/run_3104668/BraTS-MET-00577-000/BraTS-MET-00577-000-t2w.nii.gz,work_space/G2/results/synthetic_normalized/BraTS-MET-00577-000/BraTS-MET-00577-000-t2w.nii.gz,nnunet_raw/Dataset261_BraTS2026_MET_RealSynth/imagesTr/BraTSMET_000316_0002.nii.gz,native_2026,keep_native_2026_suffix,accepted_for_evaluation,False,True,False,False
BraTS-MET-00577-000,BraTS-MET-00577-000,BraTSMET_000316,BraTS-MET-00577-000,run_3104668,t2f,0003,/Users/hwaigc/比赛+课题/ECNU_EYU_data/work_space/G1/results/missing_t2w_completion/run_3104668/BraTS-MET-00577-000/BraTS-MET-00577-000-t2f.nii.gz,work_space/G2/results/synthetic_normalized/BraTS-MET-00577-000/BraTS-MET-00577-000-t2f.nii.gz,nnunet_raw/Dataset261_BraTS2026_MET_RealSynth/imagesTr/BraTSMET_000316_0003.nii.gz,native_2026,keep_native_2026_suffix,accepted_for_evaluation,False,True,False,False
BraTS-MET-00577-000,BraTS-MET-00577-000,BraTSMET_000316,BraTS-MET-00577-000,run_3104668,seg,label,/Users/hwaigc/比赛+课题/ECNU_EYU_data/work_space/G1/results/missing_t2w_completion/run_3104668/BraTS-MET-00577-000/BraTS-MET-00577-000-seg.nii.gz,work_space/G2/results/synthetic_normalized/BraTS-MET-00577-000/BraTS-MET-00577-000-seg.nii.gz,nnunet_raw/Dataset261_BraTS2026_MET_RealSynth/labelsTr/BraTSMET_000316.nii.gz,native_2026,keep_native_2026_suffix,accepted_for_evaluation,False,True,False,False
BraTS-MET-00577-002,BraTS-MET-00577-002,BraTSMET_000318,BraTS-MET-00577-002,run_3104668,t1n,0000,/Users/hwaigc/比赛+课题/ECNU_EYU_data/work_space/G1/results/missing_t2w_completion/run_3104668/BraTS-MET-00577-002/BraTS-MET-00577-002-t1n.nii.gz,work_space/G2/results/synthetic_normalized/BraTS-MET-00577-002/BraTS-MET-00577-002-t1n.nii.gz,nnunet_raw/Dataset261_BraTS2026_MET_RealSynth/imagesTr/BraTSMET_000318_0000.nii.gz,native_2026,keep_native_2026_suffix,accepted_for_evaluation,False,True,False,False
BraTS-MET-00577-002,BraTS-MET-00577-002,BraTSMET_000318,BraTS-MET-00577-002,run_3104668,t1c,0001,/Users/hwaigc/比赛+课题/ECNU_EYU_data/work_space/G1/results/missing_t2w_completion/run_3104668/BraTS-MET-00577-002/BraTS-MET-00577-002-t1c.nii.gz,work_space/G2/results/synthetic_normalized/BraTS-MET-00577-002/BraTS-MET-00577-002-t1c.nii.gz,nnunet_raw/Dataset261_BraTS2026_MET_RealSynth/imagesTr/BraTSMET_000318_0001.nii.gz,native_2026,keep_native_2026_suffix,accepted_for_evaluation,False,True,False,False
BraTS-MET-00577-002,BraTS-MET-00577-002,BraTSMET_000318,BraTS-MET-00577-002,run_3104668,t2w,0002,/Users/hwaigc/比赛+课题/ECNU_EYU_data/work_space/G1/results/missing_t2w_completion/run_3104668/BraTS-MET-00577-002/BraTS-MET-00577-002-t2w.nii.gz,work_space/G2/results/synthetic_normalized/BraTS-MET-00577-002/BraTS-MET-00577-002-t2w.nii.gz,nnunet_raw/Dataset261_BraTS2026_MET_RealSynth/imagesTr/BraTSMET_000318_0002.nii.gz,native_2026,keep_native_2026_suffix,accepted_for_evaluation,False,True,False,False
BraTS-MET-00577-002,BraTS-MET-00577-002,BraTSMET_000318,BraTS-MET-00577-002,run_3104668,t2f,0003,/Users/hwaigc/比赛+课题/ECNU_EYU_data/work_space/G1/results/missing_t2w_completion/run_3104668/BraTS-MET-00577-002/BraTS-MET-00577-002-t2f.nii.gz,work_space/G2/results/synthetic_normalized/BraTS-MET-00577-002/BraTS-MET-00577-002-t2f.nii.gz,nnunet_raw/Dataset261_BraTS2026_MET_RealSynth/imagesTr/BraTSMET_000318_0003.nii.gz,native_2026,keep_native_2026_suffix,accepted_for_evaluation,False,True,False,False
BraTS-MET-00577-002,BraTS-MET-00577-002,BraTSMET_000318,BraTS-MET-00577-002,run_3104668,seg,label,/Users/hwaigc/比赛+课题/ECNU_EYU_data/work_space/G1/results/missing_t2w_completion/run_3104668/BraTS-MET-00577-002/BraTS-MET-00577-002-seg.nii.gz,work_space/G2/results/synthetic_normalized/BraTS-MET-00577-002/BraTS-MET-00577-002-seg.nii.gz,nnunet_raw/Dataset261_BraTS2026_MET_RealSynth/labelsTr/BraTSMET_000318.nii.gz,native_2026,keep_native_2026_suffix,accepted_for_evaluation,False,True,False,False
BraTS-MET-00578-000,BraTS-MET-00578-000,BraTSMET_000319,BraTS-MET-00578-000,run_3104668,t1n,0000,/Users/hwaigc/比赛+课题/ECNU_EYU_data/work_space/G1/results/missing_t2w_completion/run_3104668/BraTS-MET-00578-000/BraTS-MET-00578-000-t1n.nii.gz,work_space/G2/results/synthetic_normalized/BraTS-MET-00578-000/BraTS-MET-00578-000-t1n.nii.gz,nnunet_raw/Dataset261_BraTS2026_MET_RealSynth/imagesTr/BraTSMET_000319_0000.nii.gz,native_2026,keep_native_2026_suffix,accepted_for_training,True,False,False,False
BraTS-MET-00578-000,BraTS-MET-00578-000,BraTSMET_000319,BraTS-MET-00578-000,run_3104668,t1c,0001,/Users/hwaigc/比赛+课题/ECNU_EYU_data/work_space/G1/results/missing_t2w_completion/run_3104668/BraTS-MET-00578-000/BraTS-MET-00578-000-t1c.nii.gz,work_space/G2/results/synthetic_normalized/BraTS-MET-00578-000/BraTS-MET-00578-000-t1c.nii.gz,nnunet_raw/Dataset261_BraTS2026_MET_RealSynth/imagesTr/BraTSMET_000319_0001.nii.gz,native_2026,keep_native_2026_suffix,accepted_for_training,True,False,False,False
BraTS-MET-00578-000,BraTS-MET-00578-000,BraTSMET_000319,BraTS-MET-00578-000,run_3104668,t2w,0002,/Users/hwaigc/比赛+课题/ECNU_EYU_data/work_space/G1/results/missing_t2w_completion/run_3104668/BraTS-MET-00578-000/BraTS-MET-00578-000-t2w.nii.gz,work_space/G2/results/synthetic_normalized/BraTS-MET-00578-000/BraTS-MET-00578-000-t2w.nii.gz,nnunet_raw/Dataset261_BraTS2026_MET_RealSynth/imagesTr/BraTSMET_000319_0002.nii.gz,native_2026,keep_native_2026_suffix,accepted_for_training,True,False,False,False
BraTS-MET-00578-000,BraTS-MET-00578-000,BraTSMET_000319,BraTS-MET-00578-000,run_3104668,t2f,0003,/Users/hwaigc/比赛+课题/ECNU_EYU_data/work_space/G1/results/missing_t2w_completion/run_3104668/BraTS-MET-00578-000/BraTS-MET-00578-000-t2f.nii.gz,work_space/G2/results/synthetic_normalized/BraTS-MET-00578-000/BraTS-MET-00578-000-t2f.nii.gz,nnunet_raw/Dataset261_BraTS2026_MET_RealSynth/imagesTr/BraTSMET_000319_0003.nii.gz,native_2026,keep_native_2026_suffix,accepted_for_training,True,False,False,False
BraTS-MET-00578-000,BraTS-MET-00578-000,BraTSMET_000319,BraTS-MET-00578-000,run_3104668,seg,label,/Users/hwaigc/比赛+课题/ECNU_EYU_data/work_space/G1/results/missing_t2w_completion/run_3104668/BraTS-MET-00578-000/BraTS-MET-00578-000-seg.nii.gz,work_space/G2/results/synthetic_normalized/BraTS-MET-00578-000/BraTS-MET-00578-000-seg.nii.gz,nnunet_raw/Dataset261_BraTS2026_MET_RealSynth/labelsTr/BraTSMET_000319.nii.gz,native_2026,keep_native_2026_suffix,accepted_for_training,True,False,False,False
BraTS-MET-00579-000,BraTS-MET-00579-000,BraTSMET_000320,BraTS-MET-00579-000,run_3104668,t1n,0000,/Users/hwaigc/比赛+课题/ECNU_EYU_data/work_space/G1/results/missing_t2w_completion/run_3104668/BraTS-MET-00579-000/BraTS-MET-00579-000-t1n.nii.gz,work_space/G2/results/synthetic_normalized/BraTS-MET-00579-000/BraTS-MET-00579-000-t1n.nii.gz,nnunet_raw/Dataset261_BraTS2026_MET_RealSynth/imagesTr/BraTSMET_000320_0000.nii.gz,native_2026,keep_native_2026_suffix,accepted_for_training,True,False,False,False
BraTS-MET-00579-000,BraTS-MET-00579-000,BraTSMET_000320,BraTS-MET-00579-000,run_3104668,t1c,0001,/Users/hwaigc/比赛+课题/ECNU_EYU_data/work_space/G1/results/missing_t2w_completion/run_3104668/BraTS-MET-00579-000/BraTS-MET-00579-000-t1c.nii.gz,work_space/G2/results/synthetic_normalized/BraTS-MET-00579-000/BraTS-MET-00579-000-t1c.nii.gz,nnunet_raw/Dataset261_BraTS2026_MET_RealSynth/imagesTr/BraTSMET_000320_0001.nii.gz,native_2026,keep_native_2026_suffix,accepted_for_training,True,False,False,False
BraTS-MET-00579-000,BraTS-MET-00579-000,BraTSMET_000320,BraTS-MET-00579-000,run_3104668,t2w,0002,/Users/hwaigc/比赛+课题/ECNU_EYU_data/work_space/G1/results/missing_t2w_completion/run_3104668/BraTS-MET-00579-000/BraTS-MET-00579-000-t2w.nii.gz,work_space/G2/results/synthetic_normalized/BraTS-MET-00579-000/BraTS-MET-00579-000-t2w.nii.gz,nnunet_raw/Dataset261_BraTS2026_MET_RealSynth/imagesTr/BraTSMET_000320_0002.nii.gz,native_2026,keep_native_2026_suffix,accepted_for_training,True,False,False,False
BraTS-MET-00579-000,BraTS-MET-00579-000,BraTSMET_000320,BraTS-MET-00579-000,run_3104668,t2f,0003,/Users/hwaigc/比赛+课题/ECNU_EYU_data/work_space/G1/results/missing_t2w_completion/run_3104668/BraTS-MET-00579-000/BraTS-MET-00579-000-t2f.nii.gz,work_space/G2/results/synthetic_normalized/BraTS-MET-00579-000/BraTS-MET-00579-000-t2f.nii.gz,nnunet_raw/Dataset261_BraTS2026_MET_RealSynth/imagesTr/BraTSMET_000320_0003.nii.gz,native_2026,keep_native_2026_suffix,accepted_for_training,True,False,False,False
BraTS-MET-00579-000,BraTS-MET-00579-000,BraTSMET_000320,BraTS-MET-00579-000,run_3104668,seg,label,/Users/hwaigc/比赛+课题/ECNU_EYU_data/work_space/G1/results/missing_t2w_completion/run_3104668/BraTS-MET-00579-000/BraTS-MET-00579-000-seg.nii.gz,work_space/G2/results/synthetic_normalized/BraTS-MET-00579-000/BraTS-MET-00579-000-seg.nii.gz,nnunet_raw/Dataset261_BraTS2026_MET_RealSynth/labelsTr/BraTSMET_000320.nii.gz,native_2026,keep_native_2026_suffix,accepted_for_training,True,False,False,False
BraTS-MET-00580-001,BraTS-MET-00580-001,BraTSMET_000322,BraTS-MET-00580-001,run_3104668,t1n,0000,/Users/hwaigc/比赛+课题/ECNU_EYU_data/work_space/G1/results/missing_t2w_completion/run_3104668/BraTS-MET-00580-001/BraTS-MET-00580-001-t1n.nii.gz,work_space/G2/results/synthetic_normalized/BraTS-MET-00580-001/BraTS-MET-00580-001-t1n.nii.gz,nnunet_raw/Dataset261_BraTS2026_MET_RealSynth/imagesTr/BraTSMET_000322_0000.nii.gz,native_2026,keep_native_2026_suffix,accepted_for_training,True,False,False,False
BraTS-MET-00580-001,BraTS-MET-00580-001,BraTSMET_000322,BraTS-MET-00580-001,run_3104668,t1c,0001,/Users/hwaigc/比赛+课题/ECNU_EYU_data/work_space/G1/results/missing_t2w_completion/run_3104668/BraTS-MET-00580-001/BraTS-MET-00580-001-t1c.nii.gz,work_space/G2/results/synthetic_normalized/BraTS-MET-00580-001/BraTS-MET-00580-001-t1c.nii.gz,nnunet_raw/Dataset261_BraTS2026_MET_RealSynth/imagesTr/BraTSMET_000322_0001.nii.gz,native_2026,keep_native_2026_suffix,accepted_for_training,True,False,False,False
BraTS-MET-00580-001,BraTS-MET-00580-001,BraTSMET_000322,BraTS-MET-00580-001,run_3104668,t2w,0002,/Users/hwaigc/比赛+课题/ECNU_EYU_data/work_space/G1/results/missing_t2w_completion/run_3104668/BraTS-MET-00580-001/BraTS-MET-00580-001-t2w.nii.gz,work_space/G2/results/synthetic_normalized/BraTS-MET-00580-001/BraTS-MET-00580-001-t2w.nii.gz,nnunet_raw/Dataset261_BraTS2026_MET_RealSynth/imagesTr/BraTSMET_000322_0002.nii.gz,native_2026,keep_native_2026_suffix,accepted_for_training,True,False,False,False
BraTS-MET-00580-001,BraTS-MET-00580-001,BraTSMET_000322,BraTS-MET-00580-001,run_3104668,t2f,0003,/Users/hwaigc/比赛+课题/ECNU_EYU_data/work_space/G1/results/missing_t2w_completion/run_3104668/BraTS-MET-00580-001/BraTS-MET-00580-001-t2f.nii.gz,work_space/G2/results/synthetic_normalized/BraTS-MET-00580-001/BraTS-MET-00580-001-t2f.nii.gz,nnunet_raw/Dataset261_BraTS2026_MET_RealSynth/imagesTr/BraTSMET_000322_0003.nii.gz,native_2026,keep_native_2026_suffix,accepted_for_training,True,False,False,False
BraTS-MET-00580-001,BraTS-MET-00580-001,BraTSMET_000322,BraTS-MET-00580-001,run_3104668,seg,label,/Users/hwaigc/比赛+课题/ECNU_EYU_data/work_space/G1/results/missing_t2w_completion/run_3104668/BraTS-MET-00580-001/BraTS-MET-00580-001-seg.nii.gz,work_space/G2/results/synthetic_normalized/BraTS-MET-00580-001/BraTS-MET-00580-001-seg.nii.gz,nnunet_raw/Dataset261_BraTS2026_MET_RealSynth/labelsTr/BraTSMET_000322.nii.gz,native_2026,keep_native_2026_suffix,accepted_for_training,True,False,False,False
BraTS-MET-00580-002,BraTS-MET-00580-002,BraTSMET_000323,BraTS-MET-00580-002,run_3104668,t1n,0000,/Users/hwaigc/比赛+课题/ECNU_EYU_data/work_space/G1/results/missing_t2w_completion/run_3104668/BraTS-MET-00580-002/BraTS-MET-00580-002-t1n.nii.gz,work_space/G2/results/synthetic_normalized/BraTS-MET-00580-002/BraTS-MET-00580-002-t1n.nii.gz,nnunet_raw/Dataset261_BraTS2026_MET_RealSynth/imagesTr/BraTSMET_000323_0000.nii.gz,native_2026,keep_native_2026_suffix,accepted_for_training,True,False,False,False
BraTS-MET-00580-002,BraTS-MET-00580-002,BraTSMET_000323,BraTS-MET-00580-002,run_3104668,t1c,0001,/Users/hwaigc/比赛+课题/ECNU_EYU_data/work_space/G1/results/missing_t2w_completion/run_3104668/BraTS-MET-00580-002/BraTS-MET-00580-002-t1c.nii.gz,work_space/G2/results/synthetic_normalized/BraTS-MET-00580-002/BraTS-MET-00580-002-t1c.nii.gz,nnunet_raw/Dataset261_BraTS2026_MET_RealSynth/imagesTr/BraTSMET_000323_0001.nii.gz,native_2026,keep_native_2026_suffix,accepted_for_training,True,False,False,False
BraTS-MET-00580-002,BraTS-MET-00580-002,BraTSMET_000323,BraTS-MET-00580-002,run_3104668,t2w,0002,/Users/hwaigc/比赛+课题/ECNU_EYU_data/work_space/G1/results/missing_t2w_completion/run_3104668/BraTS-MET-00580-002/BraTS-MET-00580-002-t2w.nii.gz,work_space/G2/results/synthetic_normalized/BraTS-MET-00580-002/BraTS-MET-00580-002-t2w.nii.gz,nnunet_raw/Dataset261_BraTS2026_MET_RealSynth/imagesTr/BraTSMET_000323_0002.nii.gz,native_2026,keep_native_2026_suffix,accepted_for_training,True,False,False,False
BraTS-MET-00580-002,BraTS-MET-00580-002,BraTSMET_000323,BraTS-MET-00580-002,run_3104668,t2f,0003,/Users/hwaigc/比赛+课题/ECNU_EYU_data/work_space/G1/results/missing_t2w_completion/run_3104668/BraTS-MET-00580-002/BraTS-MET-00580-002-t2f.nii.gz,work_space/G2/results/synthetic_normalized/BraTS-MET-00580-002/BraTS-MET-00580-002-t2f.nii.gz,nnunet_raw/Dataset261_BraTS2026_MET_RealSynth/imagesTr/BraTSMET_000323_0003.nii.gz,native_2026,keep_native_2026_suffix,accepted_for_training,True,False,False,False
BraTS-MET-00580-002,BraTS-MET-00580-002,BraTSMET_000323,BraTS-MET-00580-002,run_3104668,seg,label,/Users/hwaigc/比赛+课题/ECNU_EYU_data/work_space/G1/results/missing_t2w_completion/run_3104668/BraTS-MET-00580-002/BraTS-MET-00580-002-seg.nii.gz,work_space/G2/results/synthetic_normalized/BraTS-MET-00580-002/BraTS-MET-00580-002-seg.nii.gz,nnunet_raw/Dataset261_BraTS2026_MET_RealSynth/labelsTr/BraTSMET_000323.nii.gz,native_2026,keep_native_2026_suffix,accepted_for_training,True,False,False,False
BraTS-MET-00582-000,BraTS-MET-00582-000,BraTSMET_000325,BraTS-MET-00582-000,run_3104668,t1n,0000,/Users/hwaigc/比赛+课题/ECNU_EYU_data/work_space/G1/results/missing_t2w_completion/run_3104668/BraTS-MET-00582-000/BraTS-MET-00582-000-t1n.nii.gz,work_space/G2/results/synthetic_normalized/BraTS-MET-00582-000/BraTS-MET-00582-000-t1n.nii.gz,nnunet_raw/Dataset261_BraTS2026_MET_RealSynth/imagesTr/BraTSMET_000325_0000.nii.gz,native_2026,keep_native_2026_suffix,accepted_for_training,True,False,False,False
BraTS-MET-00582-000,BraTS-MET-00582-000,BraTSMET_000325,BraTS-MET-00582-000,run_3104668,t1c,0001,/Users/hwaigc/比赛+课题/ECNU_EYU_data/work_space/G1/results/missing_t2w_completion/run_3104668/BraTS-MET-00582-000/BraTS-MET-00582-000-t1c.nii.gz,work_space/G2/results/synthetic_normalized/BraTS-MET-00582-000/BraTS-MET-00582-000-t1c.nii.gz,nnunet_raw/Dataset261_BraTS2026_MET_RealSynth/imagesTr/BraTSMET_000325_0001.nii.gz,native_2026,keep_native_2026_suffix,accepted_for_training,True,False,False,False
BraTS-MET-00582-000,BraTS-MET-00582-000,BraTSMET_000325,BraTS-MET-00582-000,run_3104668,t2w,0002,/Users/hwaigc/比赛+课题/ECNU_EYU_data/work_space/G1/results/missing_t2w_completion/run_3104668/BraTS-MET-00582-000/BraTS-MET-00582-000-t2w.nii.gz,work_space/G2/results/synthetic_normalized/BraTS-MET-00582-000/BraTS-MET-00582-000-t2w.nii.gz,nnunet_raw/Dataset261_BraTS2026_MET_RealSynth/imagesTr/BraTSMET_000325_0002.nii.gz,native_2026,keep_native_2026_suffix,accepted_for_training,True,False,False,False
BraTS-MET-00582-000,BraTS-MET-00582-000,BraTSMET_000325,BraTS-MET-00582-000,run_3104668,t2f,0003,/Users/hwaigc/比赛+课题/ECNU_EYU_data/work_space/G1/results/missing_t2w_completion/run_3104668/BraTS-MET-00582-000/BraTS-MET-00582-000-t2f.nii.gz,work_space/G2/results/synthetic_normalized/BraTS-MET-00582-000/BraTS-MET-00582-000-t2f.nii.gz,nnunet_raw/Dataset261_BraTS2026_MET_RealSynth/imagesTr/BraTSMET_000325_0003.nii.gz,native_2026,keep_native_2026_suffix,accepted_for_training,True,False,False,False
BraTS-MET-00582-000,BraTS-MET-00582-000,BraTSMET_000325,BraTS-MET-00582-000,run_3104668,seg,label,/Users/hwaigc/比赛+课题/ECNU_EYU_data/work_space/G1/results/missing_t2w_completion/run_3104668/BraTS-MET-00582-000/BraTS-MET-00582-000-seg.nii.gz,work_space/G2/results/synthetic_normalized/BraTS-MET-00582-000/BraTS-MET-00582-000-seg.nii.gz,nnunet_raw/Dataset261_BraTS2026_MET_RealSynth/labelsTr/BraTSMET_000325.nii.gz,native_2026,keep_native_2026_suffix,accepted_for_training,True,False,False,False
BraTS-MET-00584-000,BraTS-MET-00584-000,BraTSMET_000326,BraTS-MET-00584-000,run_3104668,t1n,0000,/Users/hwaigc/比赛+课题/ECNU_EYU_data/work_space/G1/results/missing_t2w_completion/run_3104668/BraTS-MET-00584-000/BraTS-MET-00584-000-t1n.nii.gz,work_space/G2/results/synthetic_normalized/BraTS-MET-00584-000/BraTS-MET-00584-000-t1n.nii.gz,nnunet_raw/Dataset261_BraTS2026_MET_RealSynth/imagesTr/BraTSMET_000326_0000.nii.gz,native_2026,keep_native_2026_suffix,accepted_for_training,True,False,False,False
BraTS-MET-00584-000,BraTS-MET-00584-000,BraTSMET_000326,BraTS-MET-00584-000,run_3104668,t1c,0001,/Users/hwaigc/比赛+课题/ECNU_EYU_data/work_space/G1/results/missing_t2w_completion/run_3104668/BraTS-MET-00584-000/BraTS-MET-00584-000-t1c.nii.gz,work_space/G2/results/synthetic_normalized/BraTS-MET-00584-000/BraTS-MET-00584-000-t1c.nii.gz,nnunet_raw/Dataset261_BraTS2026_MET_RealSynth/imagesTr/BraTSMET_000326_0001.nii.gz,native_2026,keep_native_2026_suffix,accepted_for_training,True,False,False,False
BraTS-MET-00584-000,BraTS-MET-00584-000,BraTSMET_000326,BraTS-MET-00584-000,run_3104668,t2w,0002,/Users/hwaigc/比赛+课题/ECNU_EYU_data/work_space/G1/results/missing_t2w_completion/run_3104668/BraTS-MET-00584-000/BraTS-MET-00584-000-t2w.nii.gz,work_space/G2/results/synthetic_normalized/BraTS-MET-00584-000/BraTS-MET-00584-000-t2w.nii.gz,nnunet_raw/Dataset261_BraTS2026_MET_RealSynth/imagesTr/BraTSMET_000326_0002.nii.gz,native_2026,keep_native_2026_suffix,accepted_for_training,True,False,False,False
BraTS-MET-00584-000,BraTS-MET-00584-000,BraTSMET_000326,BraTS-MET-00584-000,run_3104668,t2f,0003,/Users/hwaigc/比赛+课题/ECNU_EYU_data/work_space/G1/results/missing_t2w_completion/run_3104668/BraTS-MET-00584-000/BraTS-MET-00584-000-t2f.nii.gz,work_space/G2/results/synthetic_normalized/BraTS-MET-00584-000/BraTS-MET-00584-000-t2f.nii.gz,nnunet_raw/Dataset261_BraTS2026_MET_RealSynth/imagesTr/BraTSMET_000326_0003.nii.gz,native_2026,keep_native_2026_suffix,accepted_for_training,True,False,False,False
BraTS-MET-00584-000,BraTS-MET-00584-000,BraTSMET_000326,BraTS-MET-00584-000,run_3104668,seg,label,/Users/hwaigc/比赛+课题/ECNU_EYU_data/work_space/G1/results/missing_t2w_completion/run_3104668/BraTS-MET-00584-000/BraTS-MET-00584-000-seg.nii.gz,work_space/G2/results/synthetic_normalized/BraTS-MET-00584-000/BraTS-MET-00584-000-seg.nii.gz,nnunet_raw/Dataset261_BraTS2026_MET_RealSynth/labelsTr/BraTSMET_000326.nii.gz,native_2026,keep_native_2026_suffix,accepted_for_training,True,False,False,False
BraTS-MET-00585-000,BraTS-MET-00585-000,BraTSMET_000327,BraTS-MET-00585-000,run_3104668,t1n,0000,/Users/hwaigc/比赛+课题/ECNU_EYU_data/work_space/G1/results/missing_t2w_completion/run_3104668/BraTS-MET-00585-000/BraTS-MET-00585-000-t1n.nii.gz,work_space/G2/results/synthetic_normalized/BraTS-MET-00585-000/BraTS-MET-00585-000-t1n.nii.gz,nnunet_raw/Dataset261_BraTS2026_MET_RealSynth/imagesTs/BraTSMET_000327_0000.nii.gz,native_2026,keep_native_2026_suffix,accepted_for_evaluation,False,True,False,False
BraTS-MET-00585-000,BraTS-MET-00585-000,BraTSMET_000327,BraTS-MET-00585-000,run_3104668,t1c,0001,/Users/hwaigc/比赛+课题/ECNU_EYU_data/work_space/G1/results/missing_t2w_completion/run_3104668/BraTS-MET-00585-000/BraTS-MET-00585-000-t1c.nii.gz,work_space/G2/results/synthetic_normalized/BraTS-MET-00585-000/BraTS-MET-00585-000-t1c.nii.gz,nnunet_raw/Dataset261_BraTS2026_MET_RealSynth/imagesTs/BraTSMET_000327_0001.nii.gz,native_2026,keep_native_2026_suffix,accepted_for_evaluation,False,True,False,False
BraTS-MET-00585-000,BraTS-MET-00585-000,BraTSMET_000327,BraTS-MET-00585-000,run_3104668,t2w,0002,/Users/hwaigc/比赛+课题/ECNU_EYU_data/work_space/G1/results/missing_t2w_completion/run_3104668/BraTS-MET-00585-000/BraTS-MET-00585-000-t2w.nii.gz,work_space/G2/results/synthetic_normalized/BraTS-MET-00585-000/BraTS-MET-00585-000-t2w.nii.gz,nnunet_raw/Dataset261_BraTS2026_MET_RealSynth/imagesTs/BraTSMET_000327_0002.nii.gz,native_2026,keep_native_2026_suffix,accepted_for_evaluation,False,True,False,False
BraTS-MET-00585-000,BraTS-MET-00585-000,BraTSMET_000327,BraTS-MET-00585-000,run_3104668,t2f,0003,/Users/hwaigc/比赛+课题/ECNU_EYU_data/work_space/G1/results/missing_t2w_completion/run_3104668/BraTS-MET-00585-000/BraTS-MET-00585-000-t2f.nii.gz,work_space/G2/results/synthetic_normalized/BraTS-MET-00585-000/BraTS-MET-00585-000-t2f.nii.gz,nnunet_raw/Dataset261_BraTS2026_MET_RealSynth/imagesTs/BraTSMET_000327_0003.nii.gz,native_2026,keep_native_2026_suffix,accepted_for_evaluation,False,True,False,False
BraTS-MET-00585-000,BraTS-MET-00585-000,BraTSMET_000327,BraTS-MET-00585-000,run_3104668,seg,label,/Users/hwaigc/比赛+课题/ECNU_EYU_data/work_space/G1/results/missing_t2w_completion/run_3104668/BraTS-MET-00585-000/BraTS-MET-00585-000-seg.nii.gz,work_space/G2/results/synthetic_normalized/BraTS-MET-00585-000/BraTS-MET-00585-000-seg.nii.gz,nnunet_raw/Dataset261_BraTS2026_MET_RealSynth/labelsTs/BraTSMET_000327.nii.gz,native_2026,keep_native_2026_suffix,accepted_for_evaluation,False,True,False,False
BraTS-MET-00586-000,BraTS-MET-00586-000,BraTSMET_000328,BraTS-MET-00586-000,run_3104668,t1n,0000,/Users/hwaigc/比赛+课题/ECNU_EYU_data/work_space/G1/results/missing_t2w_completion/run_3104668/BraTS-MET-00586-000/BraTS-MET-00586-000-t1n.nii.gz,work_space/G2/results/synthetic_normalized/BraTS-MET-00586-000/BraTS-MET-00586-000-t1n.nii.gz,nnunet_raw/Dataset261_BraTS2026_MET_RealSynth/imagesTs/BraTSMET_000328_0000.nii.gz,native_2026,keep_native_2026_suffix,accepted_for_evaluation,False,True,False,False
BraTS-MET-00586-000,BraTS-MET-00586-000,BraTSMET_000328,BraTS-MET-00586-000,run_3104668,t1c,0001,/Users/hwaigc/比赛+课题/ECNU_EYU_data/work_space/G1/results/missing_t2w_completion/run_3104668/BraTS-MET-00586-000/BraTS-MET-00586-000-t1c.nii.gz,work_space/G2/results/synthetic_normalized/BraTS-MET-00586-000/BraTS-MET-00586-000-t1c.nii.gz,nnunet_raw/Dataset261_BraTS2026_MET_RealSynth/imagesTs/BraTSMET_000328_0001.nii.gz,native_2026,keep_native_2026_suffix,accepted_for_evaluation,False,True,False,False
BraTS-MET-00586-000,BraTS-MET-00586-000,BraTSMET_000328,BraTS-MET-00586-000,run_3104668,t2w,0002,/Users/hwaigc/比赛+课题/ECNU_EYU_data/work_space/G1/results/missing_t2w_completion/run_3104668/BraTS-MET-00586-000/BraTS-MET-00586-000-t2w.nii.gz,work_space/G2/results/synthetic_normalized/BraTS-MET-00586-000/BraTS-MET-00586-000-t2w.nii.gz,nnunet_raw/Dataset261_BraTS2026_MET_RealSynth/imagesTs/BraTSMET_000328_0002.nii.gz,native_2026,keep_native_2026_suffix,accepted_for_evaluation,False,True,False,False
BraTS-MET-00586-000,BraTS-MET-00586-000,BraTSMET_000328,BraTS-MET-00586-000,run_3104668,t2f,0003,/Users/hwaigc/比赛+课题/ECNU_EYU_data/work_space/G1/results/missing_t2w_completion/run_3104668/BraTS-MET-00586-000/BraTS-MET-00586-000-t2f.nii.gz,work_space/G2/results/synthetic_normalized/BraTS-MET-00586-000/BraTS-MET-00586-000-t2f.nii.gz,nnunet_raw/Dataset261_BraTS2026_MET_RealSynth/imagesTs/BraTSMET_000328_0003.nii.gz,native_2026,keep_native_2026_suffix,accepted_for_evaluation,False,True,False,False
BraTS-MET-00586-000,BraTS-MET-00586-000,BraTSMET_000328,BraTS-MET-00586-000,run_3104668,seg,label,/Users/hwaigc/比赛+课题/ECNU_EYU_data/work_space/G1/results/missing_t2w_completion/run_3104668/BraTS-MET-00586-000/BraTS-MET-00586-000-seg.nii.gz,work_space/G2/results/synthetic_normalized/BraTS-MET-00586-000/BraTS-MET-00586-000-seg.nii.gz,nnunet_raw/Dataset261_BraTS2026_MET_RealSynth/labelsTs/BraTSMET_000328.nii.gz,native_2026,keep_native_2026_suffix,accepted_for_evaluation,False,True,False,False
BraTS-MET-00587-000,BraTS-MET-00587-000,BraTSMET_000329,BraTS-MET-00587-000,run_3104668,t1n,0000,/Users/hwaigc/比赛+课题/ECNU_EYU_data/work_space/G1/results/missing_t2w_completion/run_3104668/BraTS-MET-00587-000/BraTS-MET-00587-000-t1n.nii.gz,work_space/G2/results/synthetic_normalized/BraTS-MET-00587-000/BraTS-MET-00587-000-t1n.nii.gz,nnunet_raw/Dataset261_BraTS2026_MET_RealSynth/imagesTr/BraTSMET_000329_0000.nii.gz,native_2026,keep_native_2026_suffix,accepted_for_evaluation,False,True,False,False
BraTS-MET-00587-000,BraTS-MET-00587-000,BraTSMET_000329,BraTS-MET-00587-000,run_3104668,t1c,0001,/Users/hwaigc/比赛+课题/ECNU_EYU_data/work_space/G1/results/missing_t2w_completion/run_3104668/BraTS-MET-00587-000/BraTS-MET-00587-000-t1c.nii.gz,work_space/G2/results/synthetic_normalized/BraTS-MET-00587-000/BraTS-MET-00587-000-t1c.nii.gz,nnunet_raw/Dataset261_BraTS2026_MET_RealSynth/imagesTr/BraTSMET_000329_0001.nii.gz,native_2026,keep_native_2026_suffix,accepted_for_evaluation,False,True,False,False
BraTS-MET-00587-000,BraTS-MET-00587-000,BraTSMET_000329,BraTS-MET-00587-000,run_3104668,t2w,0002,/Users/hwaigc/比赛+课题/ECNU_EYU_data/work_space/G1/results/missing_t2w_completion/run_3104668/BraTS-MET-00587-000/BraTS-MET-00587-000-t2w.nii.gz,work_space/G2/results/synthetic_normalized/BraTS-MET-00587-000/BraTS-MET-00587-000-t2w.nii.gz,nnunet_raw/Dataset261_BraTS2026_MET_RealSynth/imagesTr/BraTSMET_000329_0002.nii.gz,native_2026,keep_native_2026_suffix,accepted_for_evaluation,False,True,False,False
BraTS-MET-00587-000,BraTS-MET-00587-000,BraTSMET_000329,BraTS-MET-00587-000,run_3104668,t2f,0003,/Users/hwaigc/比赛+课题/ECNU_EYU_data/work_space/G1/results/missing_t2w_completion/run_3104668/BraTS-MET-00587-000/BraTS-MET-00587-000-t2f.nii.gz,work_space/G2/results/synthetic_normalized/BraTS-MET-00587-000/BraTS-MET-00587-000-t2f.nii.gz,nnunet_raw/Dataset261_BraTS2026_MET_RealSynth/imagesTr/BraTSMET_000329_0003.nii.gz,native_2026,keep_native_2026_suffix,accepted_for_evaluation,False,True,False,False
BraTS-MET-00587-000,BraTS-MET-00587-000,BraTSMET_000329,BraTS-MET-00587-000,run_3104668,seg,label,/Users/hwaigc/比赛+课题/ECNU_EYU_data/work_space/G1/results/missing_t2w_completion/run_3104668/BraTS-MET-00587-000/BraTS-MET-00587-000-seg.nii.gz,work_space/G2/results/synthetic_normalized/BraTS-MET-00587-000/BraTS-MET-00587-000-seg.nii.gz,nnunet_raw/Dataset261_BraTS2026_MET_RealSynth/labelsTr/BraTSMET_000329.nii.gz,native_2026,keep_native_2026_suffix,accepted_for_evaluation,False,True,False,False
BraTS-MET-00588-001,BraTS-MET-00588-001,BraTSMET_000331,BraTS-MET-00588-001,run_3104668,t1n,0000,/Users/hwaigc/比赛+课题/ECNU_EYU_data/work_space/G1/results/missing_t2w_completion/run_3104668/BraTS-MET-00588-001/BraTS-MET-00588-001-t1n.nii.gz,work_space/G2/results/synthetic_normalized/BraTS-MET-00588-001/BraTS-MET-00588-001-t1n.nii.gz,nnunet_raw/Dataset261_BraTS2026_MET_RealSynth/imagesTr/BraTSMET_000331_0000.nii.gz,native_2026,keep_native_2026_suffix,accepted_for_training,True,False,False,False
BraTS-MET-00588-001,BraTS-MET-00588-001,BraTSMET_000331,BraTS-MET-00588-001,run_3104668,t1c,0001,/Users/hwaigc/比赛+课题/ECNU_EYU_data/work_space/G1/results/missing_t2w_completion/run_3104668/BraTS-MET-00588-001/BraTS-MET-00588-001-t1c.nii.gz,work_space/G2/results/synthetic_normalized/BraTS-MET-00588-001/BraTS-MET-00588-001-t1c.nii.gz,nnunet_raw/Dataset261_BraTS2026_MET_RealSynth/imagesTr/BraTSMET_000331_0001.nii.gz,native_2026,keep_native_2026_suffix,accepted_for_training,True,False,False,False
BraTS-MET-00588-001,BraTS-MET-00588-001,BraTSMET_000331,BraTS-MET-00588-001,run_3104668,t2w,0002,/Users/hwaigc/比赛+课题/ECNU_EYU_data/work_space/G1/results/missing_t2w_completion/run_3104668/BraTS-MET-00588-001/BraTS-MET-00588-001-t2w.nii.gz,work_space/G2/results/synthetic_normalized/BraTS-MET-00588-001/BraTS-MET-00588-001-t2w.nii.gz,nnunet_raw/Dataset261_BraTS2026_MET_RealSynth/imagesTr/BraTSMET_000331_0002.nii.gz,native_2026,keep_native_2026_suffix,accepted_for_training,True,False,False,False
BraTS-MET-00588-001,BraTS-MET-00588-001,BraTSMET_000331,BraTS-MET-00588-001,run_3104668,t2f,0003,/Users/hwaigc/比赛+课题/ECNU_EYU_data/work_space/G1/results/missing_t2w_completion/run_3104668/BraTS-MET-00588-001/BraTS-MET-00588-001-t2f.nii.gz,work_space/G2/results/synthetic_normalized/BraTS-MET-00588-001/BraTS-MET-00588-001-t2f.nii.gz,nnunet_raw/Dataset261_BraTS2026_MET_RealSynth/imagesTr/BraTSMET_000331_0003.nii.gz,native_2026,keep_native_2026_suffix,accepted_for_training,True,False,False,False
BraTS-MET-00588-001,BraTS-MET-00588-001,BraTSMET_000331,BraTS-MET-00588-001,run_3104668,seg,label,/Users/hwaigc/比赛+课题/ECNU_EYU_data/work_space/G1/results/missing_t2w_completion/run_3104668/BraTS-MET-00588-001/BraTS-MET-00588-001-seg.nii.gz,work_space/G2/results/synthetic_normalized/BraTS-MET-00588-001/BraTS-MET-00588-001-seg.nii.gz,nnunet_raw/Dataset261_BraTS2026_MET_RealSynth/labelsTr/BraTSMET_000331.nii.gz,native_2026,keep_native_2026_suffix,accepted_for_training,True,False,False,False
BraTS-MET-00589-000,BraTS-MET-00589-000,BraTSMET_000332,BraTS-MET-00589-000,run_3104668,t1n,0000,/Users/hwaigc/比赛+课题/ECNU_EYU_data/work_space/G1/results/missing_t2w_completion/run_3104668/BraTS-MET-00589-000/BraTS-MET-00589-000-t1n.nii.gz,work_space/G2/results/synthetic_normalized/BraTS-MET-00589-000/BraTS-MET-00589-000-t1n.nii.gz,nnunet_raw/Dataset261_BraTS2026_MET_RealSynth/imagesTr/BraTSMET_000332_0000.nii.gz,native_2026,keep_native_2026_suffix,accepted_for_training,True,False,False,False
BraTS-MET-00589-000,BraTS-MET-00589-000,BraTSMET_000332,BraTS-MET-00589-000,run_3104668,t1c,0001,/Users/hwaigc/比赛+课题/ECNU_EYU_data/work_space/G1/results/missing_t2w_completion/run_3104668/BraTS-MET-00589-000/BraTS-MET-00589-000-t1c.nii.gz,work_space/G2/results/synthetic_normalized/BraTS-MET-00589-000/BraTS-MET-00589-000-t1c.nii.gz,nnunet_raw/Dataset261_BraTS2026_MET_RealSynth/imagesTr/BraTSMET_000332_0001.nii.gz,native_2026,keep_native_2026_suffix,accepted_for_training,True,False,False,False
BraTS-MET-00589-000,BraTS-MET-00589-000,BraTSMET_000332,BraTS-MET-00589-000,run_3104668,t2w,0002,/Users/hwaigc/比赛+课题/ECNU_EYU_data/work_space/G1/results/missing_t2w_completion/run_3104668/BraTS-MET-00589-000/BraTS-MET-00589-000-t2w.nii.gz,work_space/G2/results/synthetic_normalized/BraTS-MET-00589-000/BraTS-MET-00589-000-t2w.nii.gz,nnunet_raw/Dataset261_BraTS2026_MET_RealSynth/imagesTr/BraTSMET_000332_0002.nii.gz,native_2026,keep_native_2026_suffix,accepted_for_training,True,False,False,False
BraTS-MET-00589-000,BraTS-MET-00589-000,BraTSMET_000332,BraTS-MET-00589-000,run_3104668,t2f,0003,/Users/hwaigc/比赛+课题/ECNU_EYU_data/work_space/G1/results/missing_t2w_completion/run_3104668/BraTS-MET-00589-000/BraTS-MET-00589-000-t2f.nii.gz,work_space/G2/results/synthetic_normalized/BraTS-MET-00589-000/BraTS-MET-00589-000-t2f.nii.gz,nnunet_raw/Dataset261_BraTS2026_MET_RealSynth/imagesTr/BraTSMET_000332_0003.nii.gz,native_2026,keep_native_2026_suffix,accepted_for_training,True,False,False,False
BraTS-MET-00589-000,BraTS-MET-00589-000,BraTSMET_000332,BraTS-MET-00589-000,run_3104668,seg,label,/Users/hwaigc/比赛+课题/ECNU_EYU_data/work_space/G1/results/missing_t2w_completion/run_3104668/BraTS-MET-00589-000/BraTS-MET-00589-000-seg.nii.gz,work_space/G2/results/synthetic_normalized/BraTS-MET-00589-000/BraTS-MET-00589-000-seg.nii.gz,nnunet_raw/Dataset261_BraTS2026_MET_RealSynth/labelsTr/BraTSMET_000332.nii.gz,native_2026,keep_native_2026_suffix,accepted_for_training,True,False,False,False
BraTS-MET-00591-000,BraTS-MET-00591-000,BraTSMET_000334,BraTS-MET-00591-000,run_3104668,t1n,0000,/Users/hwaigc/比赛+课题/ECNU_EYU_data/work_space/G1/results/missing_t2w_completion/run_3104668/BraTS-MET-00591-000/BraTS-MET-00591-000-t1n.nii.gz,work_space/G2/results/synthetic_normalized/BraTS-MET-00591-000/BraTS-MET-00591-000-t1n.nii.gz,nnunet_raw/Dataset261_BraTS2026_MET_RealSynth/imagesTr/BraTSMET_000334_0000.nii.gz,native_2026,keep_native_2026_suffix,accepted_for_training,True,False,False,False
BraTS-MET-00591-000,BraTS-MET-00591-000,BraTSMET_000334,BraTS-MET-00591-000,run_3104668,t1c,0001,/Users/hwaigc/比赛+课题/ECNU_EYU_data/work_space/G1/results/missing_t2w_completion/run_3104668/BraTS-MET-00591-000/BraTS-MET-00591-000-t1c.nii.gz,work_space/G2/results/synthetic_normalized/BraTS-MET-00591-000/BraTS-MET-00591-000-t1c.nii.gz,nnunet_raw/Dataset261_BraTS2026_MET_RealSynth/imagesTr/BraTSMET_000334_0001.nii.gz,native_2026,keep_native_2026_suffix,accepted_for_training,True,False,False,False
BraTS-MET-00591-000,BraTS-MET-00591-000,BraTSMET_000334,BraTS-MET-00591-000,run_3104668,t2w,0002,/Users/hwaigc/比赛+课题/ECNU_EYU_data/work_space/G1/results/missing_t2w_completion/run_3104668/BraTS-MET-00591-000/BraTS-MET-00591-000-t2w.nii.gz,work_space/G2/results/synthetic_normalized/BraTS-MET-00591-000/BraTS-MET-00591-000-t2w.nii.gz,nnunet_raw/Dataset261_BraTS2026_MET_RealSynth/imagesTr/BraTSMET_000334_0002.nii.gz,native_2026,keep_native_2026_suffix,accepted_for_training,True,False,False,False
BraTS-MET-00591-000,BraTS-MET-00591-000,BraTSMET_000334,BraTS-MET-00591-000,run_3104668,t2f,0003,/Users/hwaigc/比赛+课题/ECNU_EYU_data/work_space/G1/results/missing_t2w_completion/run_3104668/BraTS-MET-00591-000/BraTS-MET-00591-000-t2f.nii.gz,work_space/G2/results/synthetic_normalized/BraTS-MET-00591-000/BraTS-MET-00591-000-t2f.nii.gz,nnunet_raw/Dataset261_BraTS2026_MET_RealSynth/imagesTr/BraTSMET_000334_0003.nii.gz,native_2026,keep_native_2026_suffix,accepted_for_training,True,False,False,False
BraTS-MET-00591-000,BraTS-MET-00591-000,BraTSMET_000334,BraTS-MET-00591-000,run_3104668,seg,label,/Users/hwaigc/比赛+课题/ECNU_EYU_data/work_space/G1/results/missing_t2w_completion/run_3104668/BraTS-MET-00591-000/BraTS-MET-00591-000-seg.nii.gz,work_space/G2/results/synthetic_normalized/BraTS-MET-00591-000/BraTS-MET-00591-000-seg.nii.gz,nnunet_raw/Dataset261_BraTS2026_MET_RealSynth/labelsTr/BraTSMET_000334.nii.gz,native_2026,keep_native_2026_suffix,accepted_for_training,True,False,False,False
BraTS-MET-00591-001,BraTS-MET-00591-001,BraTSMET_000335,BraTS-MET-00591-001,run_3104668,t1n,0000,/Users/hwaigc/比赛+课题/ECNU_EYU_data/work_space/G1/results/missing_t2w_completion/run_3104668/BraTS-MET-00591-001/BraTS-MET-00591-001-t1n.nii.gz,work_space/G2/results/synthetic_normalized/BraTS-MET-00591-001/BraTS-MET-00591-001-t1n.nii.gz,nnunet_raw/Dataset261_BraTS2026_MET_RealSynth/imagesTr/BraTSMET_000335_0000.nii.gz,native_2026,keep_native_2026_suffix,accepted_for_training,True,False,False,False
BraTS-MET-00591-001,BraTS-MET-00591-001,BraTSMET_000335,BraTS-MET-00591-001,run_3104668,t1c,0001,/Users/hwaigc/比赛+课题/ECNU_EYU_data/work_space/G1/results/missing_t2w_completion/run_3104668/BraTS-MET-00591-001/BraTS-MET-00591-001-t1c.nii.gz,work_space/G2/results/synthetic_normalized/BraTS-MET-00591-001/BraTS-MET-00591-001-t1c.nii.gz,nnunet_raw/Dataset261_BraTS2026_MET_RealSynth/imagesTr/BraTSMET_000335_0001.nii.gz,native_2026,keep_native_2026_suffix,accepted_for_training,True,False,False,False
BraTS-MET-00591-001,BraTS-MET-00591-001,BraTSMET_000335,BraTS-MET-00591-001,run_3104668,t2w,0002,/Users/hwaigc/比赛+课题/ECNU_EYU_data/work_space/G1/results/missing_t2w_completion/run_3104668/BraTS-MET-00591-001/BraTS-MET-00591-001-t2w.nii.gz,work_space/G2/results/synthetic_normalized/BraTS-MET-00591-001/BraTS-MET-00591-001-t2w.nii.gz,nnunet_raw/Dataset261_BraTS2026_MET_RealSynth/imagesTr/BraTSMET_000335_0002.nii.gz,native_2026,keep_native_2026_suffix,accepted_for_training,True,False,False,False
BraTS-MET-00591-001,BraTS-MET-00591-001,BraTSMET_000335,BraTS-MET-00591-001,run_3104668,t2f,0003,/Users/hwaigc/比赛+课题/ECNU_EYU_data/work_space/G1/results/missing_t2w_completion/run_3104668/BraTS-MET-00591-001/BraTS-MET-00591-001-t2f.nii.gz,work_space/G2/results/synthetic_normalized/BraTS-MET-00591-001/BraTS-MET-00591-001-t2f.nii.gz,nnunet_raw/Dataset261_BraTS2026_MET_RealSynth/imagesTr/BraTSMET_000335_0003.nii.gz,native_2026,keep_native_2026_suffix,accepted_for_training,True,False,False,False
BraTS-MET-00591-001,BraTS-MET-00591-001,BraTSMET_000335,BraTS-MET-00591-001,run_3104668,seg,label,/Users/hwaigc/比赛+课题/ECNU_EYU_data/work_space/G1/results/missing_t2w_completion/run_3104668/BraTS-MET-00591-001/BraTS-MET-00591-001-seg.nii.gz,work_space/G2/results/synthetic_normalized/BraTS-MET-00591-001/BraTS-MET-00591-001-seg.nii.gz,nnunet_raw/Dataset261_BraTS2026_MET_RealSynth/labelsTr/BraTSMET_000335.nii.gz,native_2026,keep_native_2026_suffix,accepted_for_training,True,False,False,False
BraTS-MET-00593-000,BraTS-MET-00593-000,BraTSMET_000336,BraTS-MET-00593-000,run_3104668,t1n,0000,/Users/hwaigc/比赛+课题/ECNU_EYU_data/work_space/G1/results/missing_t2w_completion/run_3104668/BraTS-MET-00593-000/BraTS-MET-00593-000-t1n.nii.gz,work_space/G2/results/synthetic_normalized/BraTS-MET-00593-000/BraTS-MET-00593-000-t1n.nii.gz,nnunet_raw/Dataset261_BraTS2026_MET_RealSynth/imagesTs/BraTSMET_000336_0000.nii.gz,native_2026,keep_native_2026_suffix,accepted_for_evaluation,False,True,False,False
BraTS-MET-00593-000,BraTS-MET-00593-000,BraTSMET_000336,BraTS-MET-00593-000,run_3104668,t1c,0001,/Users/hwaigc/比赛+课题/ECNU_EYU_data/work_space/G1/results/missing_t2w_completion/run_3104668/BraTS-MET-00593-000/BraTS-MET-00593-000-t1c.nii.gz,work_space/G2/results/synthetic_normalized/BraTS-MET-00593-000/BraTS-MET-00593-000-t1c.nii.gz,nnunet_raw/Dataset261_BraTS2026_MET_RealSynth/imagesTs/BraTSMET_000336_0001.nii.gz,native_2026,keep_native_2026_suffix,accepted_for_evaluation,False,True,False,False
BraTS-MET-00593-000,BraTS-MET-00593-000,BraTSMET_000336,BraTS-MET-00593-000,run_3104668,t2w,0002,/Users/hwaigc/比赛+课题/ECNU_EYU_data/work_space/G1/results/missing_t2w_completion/run_3104668/BraTS-MET-00593-000/BraTS-MET-00593-000-t2w.nii.gz,work_space/G2/results/synthetic_normalized/BraTS-MET-00593-000/BraTS-MET-00593-000-t2w.nii.gz,nnunet_raw/Dataset261_BraTS2026_MET_RealSynth/imagesTs/BraTSMET_000336_0002.nii.gz,native_2026,keep_native_2026_suffix,accepted_for_evaluation,False,True,False,False
BraTS-MET-00593-000,BraTS-MET-00593-000,BraTSMET_000336,BraTS-MET-00593-000,run_3104668,t2f,0003,/Users/hwaigc/比赛+课题/ECNU_EYU_data/work_space/G1/results/missing_t2w_completion/run_3104668/BraTS-MET-00593-000/BraTS-MET-00593-000-t2f.nii.gz,work_space/G2/results/synthetic_normalized/BraTS-MET-00593-000/BraTS-MET-00593-000-t2f.nii.gz,nnunet_raw/Dataset261_BraTS2026_MET_RealSynth/imagesTs/BraTSMET_000336_0003.nii.gz,native_2026,keep_native_2026_suffix,accepted_for_evaluation,False,True,False,False
BraTS-MET-00593-000,BraTS-MET-00593-000,BraTSMET_000336,BraTS-MET-00593-000,run_3104668,seg,label,/Users/hwaigc/比赛+课题/ECNU_EYU_data/work_space/G1/results/missing_t2w_completion/run_3104668/BraTS-MET-00593-000/BraTS-MET-00593-000-seg.nii.gz,work_space/G2/results/synthetic_normalized/BraTS-MET-00593-000/BraTS-MET-00593-000-seg.nii.gz,nnunet_raw/Dataset261_BraTS2026_MET_RealSynth/labelsTs/BraTSMET_000336.nii.gz,native_2026,keep_native_2026_suffix,accepted_for_evaluation,False,True,False,False
BraTS-MET-00593-001,BraTS-MET-00593-001,BraTSMET_000337,BraTS-MET-00593-001,run_3104668,t1n,0000,/Users/hwaigc/比赛+课题/ECNU_EYU_data/work_space/G1/results/missing_t2w_completion/run_3104668/BraTS-MET-00593-001/BraTS-MET-00593-001-t1n.nii.gz,work_space/G2/results/synthetic_normalized/BraTS-MET-00593-001/BraTS-MET-00593-001-t1n.nii.gz,nnunet_raw/Dataset261_BraTS2026_MET_RealSynth/imagesTs/BraTSMET_000337_0000.nii.gz,native_2026,keep_native_2026_suffix,accepted_for_evaluation,False,True,False,False
BraTS-MET-00593-001,BraTS-MET-00593-001,BraTSMET_000337,BraTS-MET-00593-001,run_3104668,t1c,0001,/Users/hwaigc/比赛+课题/ECNU_EYU_data/work_space/G1/results/missing_t2w_completion/run_3104668/BraTS-MET-00593-001/BraTS-MET-00593-001-t1c.nii.gz,work_space/G2/results/synthetic_normalized/BraTS-MET-00593-001/BraTS-MET-00593-001-t1c.nii.gz,nnunet_raw/Dataset261_BraTS2026_MET_RealSynth/imagesTs/BraTSMET_000337_0001.nii.gz,native_2026,keep_native_2026_suffix,accepted_for_evaluation,False,True,False,False
BraTS-MET-00593-001,BraTS-MET-00593-001,BraTSMET_000337,BraTS-MET-00593-001,run_3104668,t2w,0002,/Users/hwaigc/比赛+课题/ECNU_EYU_data/work_space/G1/results/missing_t2w_completion/run_3104668/BraTS-MET-00593-001/BraTS-MET-00593-001-t2w.nii.gz,work_space/G2/results/synthetic_normalized/BraTS-MET-00593-001/BraTS-MET-00593-001-t2w.nii.gz,nnunet_raw/Dataset261_BraTS2026_MET_RealSynth/imagesTs/BraTSMET_000337_0002.nii.gz,native_2026,keep_native_2026_suffix,accepted_for_evaluation,False,True,False,False
BraTS-MET-00593-001,BraTS-MET-00593-001,BraTSMET_000337,BraTS-MET-00593-001,run_3104668,t2f,0003,/Users/hwaigc/比赛+课题/ECNU_EYU_data/work_space/G1/results/missing_t2w_completion/run_3104668/BraTS-MET-00593-001/BraTS-MET-00593-001-t2f.nii.gz,work_space/G2/results/synthetic_normalized/BraTS-MET-00593-001/BraTS-MET-00593-001-t2f.nii.gz,nnunet_raw/Dataset261_BraTS2026_MET_RealSynth/imagesTs/BraTSMET_000337_0003.nii.gz,native_2026,keep_native_2026_suffix,accepted_for_evaluation,False,True,False,False
BraTS-MET-00593-001,BraTS-MET-00593-001,BraTSMET_000337,BraTS-MET-00593-001,run_3104668,seg,label,/Users/hwaigc/比赛+课题/ECNU_EYU_data/work_space/G1/results/missing_t2w_completion/run_3104668/BraTS-MET-00593-001/BraTS-MET-00593-001-seg.nii.gz,work_space/G2/results/synthetic_normalized/BraTS-MET-00593-001/BraTS-MET-00593-001-seg.nii.gz,nnunet_raw/Dataset261_BraTS2026_MET_RealSynth/labelsTs/BraTSMET_000337.nii.gz,native_2026,keep_native_2026_suffix,accepted_for_evaluation,False,True,False,False
BraTS-MET-00594-000,BraTS-MET-00594-000,BraTSMET_000338,BraTS-MET-00594-000,run_3104668,t1n,0000,/Users/hwaigc/比赛+课题/ECNU_EYU_data/work_space/G1/results/missing_t2w_completion/run_3104668/BraTS-MET-00594-000/BraTS-MET-00594-000-t1n.nii.gz,work_space/G2/results/synthetic_normalized/BraTS-MET-00594-000/BraTS-MET-00594-000-t1n.nii.gz,nnunet_raw/Dataset261_BraTS2026_MET_RealSynth/imagesTr/BraTSMET_000338_0000.nii.gz,native_2026,keep_native_2026_suffix,accepted_for_training,True,False,False,False
BraTS-MET-00594-000,BraTS-MET-00594-000,BraTSMET_000338,BraTS-MET-00594-000,run_3104668,t1c,0001,/Users/hwaigc/比赛+课题/ECNU_EYU_data/work_space/G1/results/missing_t2w_completion/run_3104668/BraTS-MET-00594-000/BraTS-MET-00594-000-t1c.nii.gz,work_space/G2/results/synthetic_normalized/BraTS-MET-00594-000/BraTS-MET-00594-000-t1c.nii.gz,nnunet_raw/Dataset261_BraTS2026_MET_RealSynth/imagesTr/BraTSMET_000338_0001.nii.gz,native_2026,keep_native_2026_suffix,accepted_for_training,True,False,False,False
BraTS-MET-00594-000,BraTS-MET-00594-000,BraTSMET_000338,BraTS-MET-00594-000,run_3104668,t2w,0002,/Users/hwaigc/比赛+课题/ECNU_EYU_data/work_space/G1/results/missing_t2w_completion/run_3104668/BraTS-MET-00594-000/BraTS-MET-00594-000-t2w.nii.gz,work_space/G2/results/synthetic_normalized/BraTS-MET-00594-000/BraTS-MET-00594-000-t2w.nii.gz,nnunet_raw/Dataset261_BraTS2026_MET_RealSynth/imagesTr/BraTSMET_000338_0002.nii.gz,native_2026,keep_native_2026_suffix,accepted_for_training,True,False,False,False
BraTS-MET-00594-000,BraTS-MET-00594-000,BraTSMET_000338,BraTS-MET-00594-000,run_3104668,t2f,0003,/Users/hwaigc/比赛+课题/ECNU_EYU_data/work_space/G1/results/missing_t2w_completion/run_3104668/BraTS-MET-00594-000/BraTS-MET-00594-000-t2f.nii.gz,work_space/G2/results/synthetic_normalized/BraTS-MET-00594-000/BraTS-MET-00594-000-t2f.nii.gz,nnunet_raw/Dataset261_BraTS2026_MET_RealSynth/imagesTr/BraTSMET_000338_0003.nii.gz,native_2026,keep_native_2026_suffix,accepted_for_training,True,False,False,False
BraTS-MET-00594-000,BraTS-MET-00594-000,BraTSMET_000338,BraTS-MET-00594-000,run_3104668,seg,label,/Users/hwaigc/比赛+课题/ECNU_EYU_data/work_space/G1/results/missing_t2w_completion/run_3104668/BraTS-MET-00594-000/BraTS-MET-00594-000-seg.nii.gz,work_space/G2/results/synthetic_normalized/BraTS-MET-00594-000/BraTS-MET-00594-000-seg.nii.gz,nnunet_raw/Dataset261_BraTS2026_MET_RealSynth/labelsTr/BraTSMET_000338.nii.gz,native_2026,keep_native_2026_suffix,accepted_for_training,True,False,False,False
BraTS-MET-00594-001,BraTS-MET-00594-001,BraTSMET_000339,BraTS-MET-00594-001,run_3104668,t1n,0000,/Users/hwaigc/比赛+课题/ECNU_EYU_data/work_space/G1/results/missing_t2w_completion/run_3104668/BraTS-MET-00594-001/BraTS-MET-00594-001-t1n.nii.gz,work_space/G2/results/synthetic_normalized/BraTS-MET-00594-001/BraTS-MET-00594-001-t1n.nii.gz,nnunet_raw/Dataset261_BraTS2026_MET_RealSynth/imagesTr/BraTSMET_000339_0000.nii.gz,native_2026,keep_native_2026_suffix,accepted_for_training,True,False,False,False
BraTS-MET-00594-001,BraTS-MET-00594-001,BraTSMET_000339,BraTS-MET-00594-001,run_3104668,t1c,0001,/Users/hwaigc/比赛+课题/ECNU_EYU_data/work_space/G1/results/missing_t2w_completion/run_3104668/BraTS-MET-00594-001/BraTS-MET-00594-001-t1c.nii.gz,work_space/G2/results/synthetic_normalized/BraTS-MET-00594-001/BraTS-MET-00594-001-t1c.nii.gz,nnunet_raw/Dataset261_BraTS2026_MET_RealSynth/imagesTr/BraTSMET_000339_0001.nii.gz,native_2026,keep_native_2026_suffix,accepted_for_training,True,False,False,False
BraTS-MET-00594-001,BraTS-MET-00594-001,BraTSMET_000339,BraTS-MET-00594-001,run_3104668,t2w,0002,/Users/hwaigc/比赛+课题/ECNU_EYU_data/work_space/G1/results/missing_t2w_completion/run_3104668/BraTS-MET-00594-001/BraTS-MET-00594-001-t2w.nii.gz,work_space/G2/results/synthetic_normalized/BraTS-MET-00594-001/BraTS-MET-00594-001-t2w.nii.gz,nnunet_raw/Dataset261_BraTS2026_MET_RealSynth/imagesTr/BraTSMET_000339_0002.nii.gz,native_2026,keep_native_2026_suffix,accepted_for_training,True,False,False,False
BraTS-MET-00594-001,BraTS-MET-00594-001,BraTSMET_000339,BraTS-MET-00594-001,run_3104668,t2f,0003,/Users/hwaigc/比赛+课题/ECNU_EYU_data/work_space/G1/results/missing_t2w_completion/run_3104668/BraTS-MET-00594-001/BraTS-MET-00594-001-t2f.nii.gz,work_space/G2/results/synthetic_normalized/BraTS-MET-00594-001/BraTS-MET-00594-001-t2f.nii.gz,nnunet_raw/Dataset261_BraTS2026_MET_RealSynth/imagesTr/BraTSMET_000339_0003.nii.gz,native_2026,keep_native_2026_suffix,accepted_for_training,True,False,False,False
BraTS-MET-00594-001,BraTS-MET-00594-001,BraTSMET_000339,BraTS-MET-00594-001,run_3104668,seg,label,/Users/hwaigc/比赛+课题/ECNU_EYU_data/work_space/G1/results/missing_t2w_completion/run_3104668/BraTS-MET-00594-001/BraTS-MET-00594-001-seg.nii.gz,work_space/G2/results/synthetic_normalized/BraTS-MET-00594-001/BraTS-MET-00594-001-seg.nii.gz,nnunet_raw/Dataset261_BraTS2026_MET_RealSynth/labelsTr/BraTSMET_000339.nii.gz,native_2026,keep_native_2026_suffix,accepted_for_training,True,False,False,False
BraTS-MET-00595-001,BraTS-MET-00595-001,BraTSMET_000341,BraTS-MET-00595-001,run_3104668,t1n,0000,/Users/hwaigc/比赛+课题/ECNU_EYU_data/work_space/G1/results/missing_t2w_completion/run_3104668/BraTS-MET-00595-001/BraTS-MET-00595-001-t1n.nii.gz,work_space/G2/results/synthetic_normalized/BraTS-MET-00595-001/BraTS-MET-00595-001-t1n.nii.gz,nnunet_raw/Dataset261_BraTS2026_MET_RealSynth/imagesTr/BraTSMET_000341_0000.nii.gz,native_2026,keep_native_2026_suffix,accepted_for_training,True,False,False,False
BraTS-MET-00595-001,BraTS-MET-00595-001,BraTSMET_000341,BraTS-MET-00595-001,run_3104668,t1c,0001,/Users/hwaigc/比赛+课题/ECNU_EYU_data/work_space/G1/results/missing_t2w_completion/run_3104668/BraTS-MET-00595-001/BraTS-MET-00595-001-t1c.nii.gz,work_space/G2/results/synthetic_normalized/BraTS-MET-00595-001/BraTS-MET-00595-001-t1c.nii.gz,nnunet_raw/Dataset261_BraTS2026_MET_RealSynth/imagesTr/BraTSMET_000341_0001.nii.gz,native_2026,keep_native_2026_suffix,accepted_for_training,True,False,False,False
BraTS-MET-00595-001,BraTS-MET-00595-001,BraTSMET_000341,BraTS-MET-00595-001,run_3104668,t2w,0002,/Users/hwaigc/比赛+课题/ECNU_EYU_data/work_space/G1/results/missing_t2w_completion/run_3104668/BraTS-MET-00595-001/BraTS-MET-00595-001-t2w.nii.gz,work_space/G2/results/synthetic_normalized/BraTS-MET-00595-001/BraTS-MET-00595-001-t2w.nii.gz,nnunet_raw/Dataset261_BraTS2026_MET_RealSynth/imagesTr/BraTSMET_000341_0002.nii.gz,native_2026,keep_native_2026_suffix,accepted_for_training,True,False,False,False
BraTS-MET-00595-001,BraTS-MET-00595-001,BraTSMET_000341,BraTS-MET-00595-001,run_3104668,t2f,0003,/Users/hwaigc/比赛+课题/ECNU_EYU_data/work_space/G1/results/missing_t2w_completion/run_3104668/BraTS-MET-00595-001/BraTS-MET-00595-001-t2f.nii.gz,work_space/G2/results/synthetic_normalized/BraTS-MET-00595-001/BraTS-MET-00595-001-t2f.nii.gz,nnunet_raw/Dataset261_BraTS2026_MET_RealSynth/imagesTr/BraTSMET_000341_0003.nii.gz,native_2026,keep_native_2026_suffix,accepted_for_training,True,False,False,False
BraTS-MET-00595-001,BraTS-MET-00595-001,BraTSMET_000341,BraTS-MET-00595-001,run_3104668,seg,label,/Users/hwaigc/比赛+课题/ECNU_EYU_data/work_space/G1/results/missing_t2w_completion/run_3104668/BraTS-MET-00595-001/BraTS-MET-00595-001-seg.nii.gz,work_space/G2/results/synthetic_normalized/BraTS-MET-00595-001/BraTS-MET-00595-001-seg.nii.gz,nnunet_raw/Dataset261_BraTS2026_MET_RealSynth/labelsTr/BraTSMET_000341.nii.gz,native_2026,keep_native_2026_suffix,accepted_for_training,True,False,False,False
BraTS-MET-00595-002,BraTS-MET-00595-002,BraTSMET_000342,BraTS-MET-00595-002,run_3104668,t1n,0000,/Users/hwaigc/比赛+课题/ECNU_EYU_data/work_space/G1/results/missing_t2w_completion/run_3104668/BraTS-MET-00595-002/BraTS-MET-00595-002-t1n.nii.gz,work_space/G2/results/synthetic_normalized/BraTS-MET-00595-002/BraTS-MET-00595-002-t1n.nii.gz,nnunet_raw/Dataset261_BraTS2026_MET_RealSynth/imagesTr/BraTSMET_000342_0000.nii.gz,native_2026,keep_native_2026_suffix,accepted_for_training,True,False,False,False
BraTS-MET-00595-002,BraTS-MET-00595-002,BraTSMET_000342,BraTS-MET-00595-002,run_3104668,t1c,0001,/Users/hwaigc/比赛+课题/ECNU_EYU_data/work_space/G1/results/missing_t2w_completion/run_3104668/BraTS-MET-00595-002/BraTS-MET-00595-002-t1c.nii.gz,work_space/G2/results/synthetic_normalized/BraTS-MET-00595-002/BraTS-MET-00595-002-t1c.nii.gz,nnunet_raw/Dataset261_BraTS2026_MET_RealSynth/imagesTr/BraTSMET_000342_0001.nii.gz,native_2026,keep_native_2026_suffix,accepted_for_training,True,False,False,False
BraTS-MET-00595-002,BraTS-MET-00595-002,BraTSMET_000342,BraTS-MET-00595-002,run_3104668,t2w,0002,/Users/hwaigc/比赛+课题/ECNU_EYU_data/work_space/G1/results/missing_t2w_completion/run_3104668/BraTS-MET-00595-002/BraTS-MET-00595-002-t2w.nii.gz,work_space/G2/results/synthetic_normalized/BraTS-MET-00595-002/BraTS-MET-00595-002-t2w.nii.gz,nnunet_raw/Dataset261_BraTS2026_MET_RealSynth/imagesTr/BraTSMET_000342_0002.nii.gz,native_2026,keep_native_2026_suffix,accepted_for_training,True,False,False,False
BraTS-MET-00595-002,BraTS-MET-00595-002,BraTSMET_000342,BraTS-MET-00595-002,run_3104668,t2f,0003,/Users/hwaigc/比赛+课题/ECNU_EYU_data/work_space/G1/results/missing_t2w_completion/run_3104668/BraTS-MET-00595-002/BraTS-MET-00595-002-t2f.nii.gz,work_space/G2/results/synthetic_normalized/BraTS-MET-00595-002/BraTS-MET-00595-002-t2f.nii.gz,nnunet_raw/Dataset261_BraTS2026_MET_RealSynth/imagesTr/BraTSMET_000342_0003.nii.gz,native_2026,keep_native_2026_suffix,accepted_for_training,True,False,False,False
BraTS-MET-00595-002,BraTS-MET-00595-002,BraTSMET_000342,BraTS-MET-00595-002,run_3104668,seg,label,/Users/hwaigc/比赛+课题/ECNU_EYU_data/work_space/G1/results/missing_t2w_completion/run_3104668/BraTS-MET-00595-002/BraTS-MET-00595-002-seg.nii.gz,work_space/G2/results/synthetic_normalized/BraTS-MET-00595-002/BraTS-MET-00595-002-seg.nii.gz,nnunet_raw/Dataset261_BraTS2026_MET_RealSynth/labelsTr/BraTSMET_000342.nii.gz,native_2026,keep_native_2026_suffix,accepted_for_training,True,False,False,False
BraTS-MET-00595-003,BraTS-MET-00595-003,BraTSMET_000343,BraTS-MET-00595-003,run_3104668,t1n,0000,/Users/hwaigc/比赛+课题/ECNU_EYU_data/work_space/G1/results/missing_t2w_completion/run_3104668/BraTS-MET-00595-003/BraTS-MET-00595-003-t1n.nii.gz,work_space/G2/results/synthetic_normalized/BraTS-MET-00595-003/BraTS-MET-00595-003-t1n.nii.gz,nnunet_raw/Dataset261_BraTS2026_MET_RealSynth/imagesTr/BraTSMET_000343_0000.nii.gz,native_2026,keep_native_2026_suffix,accepted_for_training,True,False,False,False
BraTS-MET-00595-003,BraTS-MET-00595-003,BraTSMET_000343,BraTS-MET-00595-003,run_3104668,t1c,0001,/Users/hwaigc/比赛+课题/ECNU_EYU_data/work_space/G1/results/missing_t2w_completion/run_3104668/BraTS-MET-00595-003/BraTS-MET-00595-003-t1c.nii.gz,work_space/G2/results/synthetic_normalized/BraTS-MET-00595-003/BraTS-MET-00595-003-t1c.nii.gz,nnunet_raw/Dataset261_BraTS2026_MET_RealSynth/imagesTr/BraTSMET_000343_0001.nii.gz,native_2026,keep_native_2026_suffix,accepted_for_training,True,False,False,False
BraTS-MET-00595-003,BraTS-MET-00595-003,BraTSMET_000343,BraTS-MET-00595-003,run_3104668,t2w,0002,/Users/hwaigc/比赛+课题/ECNU_EYU_data/work_space/G1/results/missing_t2w_completion/run_3104668/BraTS-MET-00595-003/BraTS-MET-00595-003-t2w.nii.gz,work_space/G2/results/synthetic_normalized/BraTS-MET-00595-003/BraTS-MET-00595-003-t2w.nii.gz,nnunet_raw/Dataset261_BraTS2026_MET_RealSynth/imagesTr/BraTSMET_000343_0002.nii.gz,native_2026,keep_native_2026_suffix,accepted_for_training,True,False,False,False
BraTS-MET-00595-003,BraTS-MET-00595-003,BraTSMET_000343,BraTS-MET-00595-003,run_3104668,t2f,0003,/Users/hwaigc/比赛+课题/ECNU_EYU_data/work_space/G1/results/missing_t2w_completion/run_3104668/BraTS-MET-00595-003/BraTS-MET-00595-003-t2f.nii.gz,work_space/G2/results/synthetic_normalized/BraTS-MET-00595-003/BraTS-MET-00595-003-t2f.nii.gz,nnunet_raw/Dataset261_BraTS2026_MET_RealSynth/imagesTr/BraTSMET_000343_0003.nii.gz,native_2026,keep_native_2026_suffix,accepted_for_training,True,False,False,False
BraTS-MET-00595-003,BraTS-MET-00595-003,BraTSMET_000343,BraTS-MET-00595-003,run_3104668,seg,label,/Users/hwaigc/比赛+课题/ECNU_EYU_data/work_space/G1/results/missing_t2w_completion/run_3104668/BraTS-MET-00595-003/BraTS-MET-00595-003-seg.nii.gz,work_space/G2/results/synthetic_normalized/BraTS-MET-00595-003/BraTS-MET-00595-003-seg.nii.gz,nnunet_raw/Dataset261_BraTS2026_MET_RealSynth/labelsTr/BraTSMET_000343.nii.gz,native_2026,keep_native_2026_suffix,accepted_for_training,True,False,False,False
BraTS-MET-00596-000,BraTS-MET-00596-000,BraTSMET_000344,BraTS-MET-00596-000,run_3104668,t1n,0000,/Users/hwaigc/比赛+课题/ECNU_EYU_data/work_space/G1/results/missing_t2w_completion/run_3104668/BraTS-MET-00596-000/BraTS-MET-00596-000-t1n.nii.gz,work_space/G2/results/synthetic_normalized/BraTS-MET-00596-000/BraTS-MET-00596-000-t1n.nii.gz,nnunet_raw/Dataset261_BraTS2026_MET_RealSynth/imagesTr/BraTSMET_000344_0000.nii.gz,native_2026,keep_native_2026_suffix,accepted_for_training,True,False,False,False
BraTS-MET-00596-000,BraTS-MET-00596-000,BraTSMET_000344,BraTS-MET-00596-000,run_3104668,t1c,0001,/Users/hwaigc/比赛+课题/ECNU_EYU_data/work_space/G1/results/missing_t2w_completion/run_3104668/BraTS-MET-00596-000/BraTS-MET-00596-000-t1c.nii.gz,work_space/G2/results/synthetic_normalized/BraTS-MET-00596-000/BraTS-MET-00596-000-t1c.nii.gz,nnunet_raw/Dataset261_BraTS2026_MET_RealSynth/imagesTr/BraTSMET_000344_0001.nii.gz,native_2026,keep_native_2026_suffix,accepted_for_training,True,False,False,False
BraTS-MET-00596-000,BraTS-MET-00596-000,BraTSMET_000344,BraTS-MET-00596-000,run_3104668,t2w,0002,/Users/hwaigc/比赛+课题/ECNU_EYU_data/work_space/G1/results/missing_t2w_completion/run_3104668/BraTS-MET-00596-000/BraTS-MET-00596-000-t2w.nii.gz,work_space/G2/results/synthetic_normalized/BraTS-MET-00596-000/BraTS-MET-00596-000-t2w.nii.gz,nnunet_raw/Dataset261_BraTS2026_MET_RealSynth/imagesTr/BraTSMET_000344_0002.nii.gz,native_2026,keep_native_2026_suffix,accepted_for_training,True,False,False,False
BraTS-MET-00596-000,BraTS-MET-00596-000,BraTSMET_000344,BraTS-MET-00596-000,run_3104668,t2f,0003,/Users/hwaigc/比赛+课题/ECNU_EYU_data/work_space/G1/results/missing_t2w_completion/run_3104668/BraTS-MET-00596-000/BraTS-MET-00596-000-t2f.nii.gz,work_space/G2/results/synthetic_normalized/BraTS-MET-00596-000/BraTS-MET-00596-000-t2f.nii.gz,nnunet_raw/Dataset261_BraTS2026_MET_RealSynth/imagesTr/BraTSMET_000344_0003.nii.gz,native_2026,keep_native_2026_suffix,accepted_for_training,True,False,False,False
BraTS-MET-00596-000,BraTS-MET-00596-000,BraTSMET_000344,BraTS-MET-00596-000,run_3104668,seg,label,/Users/hwaigc/比赛+课题/ECNU_EYU_data/work_space/G1/results/missing_t2w_completion/run_3104668/BraTS-MET-00596-000/BraTS-MET-00596-000-seg.nii.gz,work_space/G2/results/synthetic_normalized/BraTS-MET-00596-000/BraTS-MET-00596-000-seg.nii.gz,nnunet_raw/Dataset261_BraTS2026_MET_RealSynth/labelsTr/BraTSMET_000344.nii.gz,native_2026,keep_native_2026_suffix,accepted_for_training,True,False,False,False
BraTS-MET-00596-001,BraTS-MET-00596-001,BraTSMET_000345,BraTS-MET-00596-001,run_3104668,t1n,0000,/Users/hwaigc/比赛+课题/ECNU_EYU_data/work_space/G1/results/missing_t2w_completion/run_3104668/BraTS-MET-00596-001/BraTS-MET-00596-001-t1n.nii.gz,work_space/G2/results/synthetic_normalized/BraTS-MET-00596-001/BraTS-MET-00596-001-t1n.nii.gz,nnunet_raw/Dataset261_BraTS2026_MET_RealSynth/imagesTr/BraTSMET_000345_0000.nii.gz,native_2026,keep_native_2026_suffix,accepted_for_training,True,False,False,False
BraTS-MET-00596-001,BraTS-MET-00596-001,BraTSMET_000345,BraTS-MET-00596-001,run_3104668,t1c,0001,/Users/hwaigc/比赛+课题/ECNU_EYU_data/work_space/G1/results/missing_t2w_completion/run_3104668/BraTS-MET-00596-001/BraTS-MET-00596-001-t1c.nii.gz,work_space/G2/results/synthetic_normalized/BraTS-MET-00596-001/BraTS-MET-00596-001-t1c.nii.gz,nnunet_raw/Dataset261_BraTS2026_MET_RealSynth/imagesTr/BraTSMET_000345_0001.nii.gz,native_2026,keep_native_2026_suffix,accepted_for_training,True,False,False,False
BraTS-MET-00596-001,BraTS-MET-00596-001,BraTSMET_000345,BraTS-MET-00596-001,run_3104668,t2w,0002,/Users/hwaigc/比赛+课题/ECNU_EYU_data/work_space/G1/results/missing_t2w_completion/run_3104668/BraTS-MET-00596-001/BraTS-MET-00596-001-t2w.nii.gz,work_space/G2/results/synthetic_normalized/BraTS-MET-00596-001/BraTS-MET-00596-001-t2w.nii.gz,nnunet_raw/Dataset261_BraTS2026_MET_RealSynth/imagesTr/BraTSMET_000345_0002.nii.gz,native_2026,keep_native_2026_suffix,accepted_for_training,True,False,False,False
BraTS-MET-00596-001,BraTS-MET-00596-001,BraTSMET_000345,BraTS-MET-00596-001,run_3104668,t2f,0003,/Users/hwaigc/比赛+课题/ECNU_EYU_data/work_space/G1/results/missing_t2w_completion/run_3104668/BraTS-MET-00596-001/BraTS-MET-00596-001-t2f.nii.gz,work_space/G2/results/synthetic_normalized/BraTS-MET-00596-001/BraTS-MET-00596-001-t2f.nii.gz,nnunet_raw/Dataset261_BraTS2026_MET_RealSynth/imagesTr/BraTSMET_000345_0003.nii.gz,native_2026,keep_native_2026_suffix,accepted_for_training,True,False,False,False
BraTS-MET-00596-001,BraTS-MET-00596-001,BraTSMET_000345,BraTS-MET-00596-001,run_3104668,seg,label,/Users/hwaigc/比赛+课题/ECNU_EYU_data/work_space/G1/results/missing_t2w_completion/run_3104668/BraTS-MET-00596-001/BraTS-MET-00596-001-seg.nii.gz,work_space/G2/results/synthetic_normalized/BraTS-MET-00596-001/BraTS-MET-00596-001-seg.nii.gz,nnunet_raw/Dataset261_BraTS2026_MET_RealSynth/labelsTr/BraTSMET_000345.nii.gz,native_2026,keep_native_2026_suffix,accepted_for_training,True,False,False,False
BraTS-MET-00597-000,BraTS-MET-00597-000,BraTSMET_000346,BraTS-MET-00597-000,run_3104668,t1n,0000,/Users/hwaigc/比赛+课题/ECNU_EYU_data/work_space/G1/results/missing_t2w_completion/run_3104668/BraTS-MET-00597-000/BraTS-MET-00597-000-t1n.nii.gz,work_space/G2/results/synthetic_normalized/BraTS-MET-00597-000/BraTS-MET-00597-000-t1n.nii.gz,nnunet_raw/Dataset261_BraTS2026_MET_RealSynth/imagesTr/BraTSMET_000346_0000.nii.gz,native_2026,keep_native_2026_suffix,accepted_for_training,True,False,False,False
BraTS-MET-00597-000,BraTS-MET-00597-000,BraTSMET_000346,BraTS-MET-00597-000,run_3104668,t1c,0001,/Users/hwaigc/比赛+课题/ECNU_EYU_data/work_space/G1/results/missing_t2w_completion/run_3104668/BraTS-MET-00597-000/BraTS-MET-00597-000-t1c.nii.gz,work_space/G2/results/synthetic_normalized/BraTS-MET-00597-000/BraTS-MET-00597-000-t1c.nii.gz,nnunet_raw/Dataset261_BraTS2026_MET_RealSynth/imagesTr/BraTSMET_000346_0001.nii.gz,native_2026,keep_native_2026_suffix,accepted_for_training,True,False,False,False
BraTS-MET-00597-000,BraTS-MET-00597-000,BraTSMET_000346,BraTS-MET-00597-000,run_3104668,t2w,0002,/Users/hwaigc/比赛+课题/ECNU_EYU_data/work_space/G1/results/missing_t2w_completion/run_3104668/BraTS-MET-00597-000/BraTS-MET-00597-000-t2w.nii.gz,work_space/G2/results/synthetic_normalized/BraTS-MET-00597-000/BraTS-MET-00597-000-t2w.nii.gz,nnunet_raw/Dataset261_BraTS2026_MET_RealSynth/imagesTr/BraTSMET_000346_0002.nii.gz,native_2026,keep_native_2026_suffix,accepted_for_training,True,False,False,False
BraTS-MET-00597-000,BraTS-MET-00597-000,BraTSMET_000346,BraTS-MET-00597-000,run_3104668,t2f,0003,/Users/hwaigc/比赛+课题/ECNU_EYU_data/work_space/G1/results/missing_t2w_completion/run_3104668/BraTS-MET-00597-000/BraTS-MET-00597-000-t2f.nii.gz,work_space/G2/results/synthetic_normalized/BraTS-MET-00597-000/BraTS-MET-00597-000-t2f.nii.gz,nnunet_raw/Dataset261_BraTS2026_MET_RealSynth/imagesTr/BraTSMET_000346_0003.nii.gz,native_2026,keep_native_2026_suffix,accepted_for_training,True,False,False,False
BraTS-MET-00597-000,BraTS-MET-00597-000,BraTSMET_000346,BraTS-MET-00597-000,run_3104668,seg,label,/Users/hwaigc/比赛+课题/ECNU_EYU_data/work_space/G1/results/missing_t2w_completion/run_3104668/BraTS-MET-00597-000/BraTS-MET-00597-000-seg.nii.gz,work_space/G2/results/synthetic_normalized/BraTS-MET-00597-000/BraTS-MET-00597-000-seg.nii.gz,nnunet_raw/Dataset261_BraTS2026_MET_RealSynth/labelsTr/BraTSMET_000346.nii.gz,native_2026,keep_native_2026_suffix,accepted_for_training,True,False,False,False
BraTS-MET-00598-000,BraTS-MET-00598-000,BraTSMET_000347,BraTS-MET-00598-000,run_3104668,t1n,0000,/Users/hwaigc/比赛+课题/ECNU_EYU_data/work_space/G1/results/missing_t2w_completion/run_3104668/BraTS-MET-00598-000/BraTS-MET-00598-000-t1n.nii.gz,work_space/G2/results/synthetic_normalized/BraTS-MET-00598-000/BraTS-MET-00598-000-t1n.nii.gz,nnunet_raw/Dataset261_BraTS2026_MET_RealSynth/imagesTr/BraTSMET_000347_0000.nii.gz,native_2026,keep_native_2026_suffix,accepted_for_training,True,False,False,False
BraTS-MET-00598-000,BraTS-MET-00598-000,BraTSMET_000347,BraTS-MET-00598-000,run_3104668,t1c,0001,/Users/hwaigc/比赛+课题/ECNU_EYU_data/work_space/G1/results/missing_t2w_completion/run_3104668/BraTS-MET-00598-000/BraTS-MET-00598-000-t1c.nii.gz,work_space/G2/results/synthetic_normalized/BraTS-MET-00598-000/BraTS-MET-00598-000-t1c.nii.gz,nnunet_raw/Dataset261_BraTS2026_MET_RealSynth/imagesTr/BraTSMET_000347_0001.nii.gz,native_2026,keep_native_2026_suffix,accepted_for_training,True,False,False,False
BraTS-MET-00598-000,BraTS-MET-00598-000,BraTSMET_000347,BraTS-MET-00598-000,run_3104668,t2w,0002,/Users/hwaigc/比赛+课题/ECNU_EYU_data/work_space/G1/results/missing_t2w_completion/run_3104668/BraTS-MET-00598-000/BraTS-MET-00598-000-t2w.nii.gz,work_space/G2/results/synthetic_normalized/BraTS-MET-00598-000/BraTS-MET-00598-000-t2w.nii.gz,nnunet_raw/Dataset261_BraTS2026_MET_RealSynth/imagesTr/BraTSMET_000347_0002.nii.gz,native_2026,keep_native_2026_suffix,accepted_for_training,True,False,False,False
BraTS-MET-00598-000,BraTS-MET-00598-000,BraTSMET_000347,BraTS-MET-00598-000,run_3104668,t2f,0003,/Users/hwaigc/比赛+课题/ECNU_EYU_data/work_space/G1/results/missing_t2w_completion/run_3104668/BraTS-MET-00598-000/BraTS-MET-00598-000-t2f.nii.gz,work_space/G2/results/synthetic_normalized/BraTS-MET-00598-000/BraTS-MET-00598-000-t2f.nii.gz,nnunet_raw/Dataset261_BraTS2026_MET_RealSynth/imagesTr/BraTSMET_000347_0003.nii.gz,native_2026,keep_native_2026_suffix,accepted_for_training,True,False,False,False
BraTS-MET-00598-000,BraTS-MET-00598-000,BraTSMET_000347,BraTS-MET-00598-000,run_3104668,seg,label,/Users/hwaigc/比赛+课题/ECNU_EYU_data/work_space/G1/results/missing_t2w_completion/run_3104668/BraTS-MET-00598-000/BraTS-MET-00598-000-seg.nii.gz,work_space/G2/results/synthetic_normalized/BraTS-MET-00598-000/BraTS-MET-00598-000-seg.nii.gz,nnunet_raw/Dataset261_BraTS2026_MET_RealSynth/labelsTr/BraTSMET_000347.nii.gz,native_2026,keep_native_2026_suffix,accepted_for_training,True,False,False,False
BraTS-MET-00598-001,BraTS-MET-00598-001,BraTSMET_000348,BraTS-MET-00598-001,run_3104668,t1n,0000,/Users/hwaigc/比赛+课题/ECNU_EYU_data/work_space/G1/results/missing_t2w_completion/run_3104668/BraTS-MET-00598-001/BraTS-MET-00598-001-t1n.nii.gz,work_space/G2/results/synthetic_normalized/BraTS-MET-00598-001/BraTS-MET-00598-001-t1n.nii.gz,nnunet_raw/Dataset261_BraTS2026_MET_RealSynth/imagesTr/BraTSMET_000348_0000.nii.gz,native_2026,keep_native_2026_suffix,accepted_for_training,True,False,False,False
BraTS-MET-00598-001,BraTS-MET-00598-001,BraTSMET_000348,BraTS-MET-00598-001,run_3104668,t1c,0001,/Users/hwaigc/比赛+课题/ECNU_EYU_data/work_space/G1/results/missing_t2w_completion/run_3104668/BraTS-MET-00598-001/BraTS-MET-00598-001-t1c.nii.gz,work_space/G2/results/synthetic_normalized/BraTS-MET-00598-001/BraTS-MET-00598-001-t1c.nii.gz,nnunet_raw/Dataset261_BraTS2026_MET_RealSynth/imagesTr/BraTSMET_000348_0001.nii.gz,native_2026,keep_native_2026_suffix,accepted_for_training,True,False,False,False
BraTS-MET-00598-001,BraTS-MET-00598-001,BraTSMET_000348,BraTS-MET-00598-001,run_3104668,t2w,0002,/Users/hwaigc/比赛+课题/ECNU_EYU_data/work_space/G1/results/missing_t2w_completion/run_3104668/BraTS-MET-00598-001/BraTS-MET-00598-001-t2w.nii.gz,work_space/G2/results/synthetic_normalized/BraTS-MET-00598-001/BraTS-MET-00598-001-t2w.nii.gz,nnunet_raw/Dataset261_BraTS2026_MET_RealSynth/imagesTr/BraTSMET_000348_0002.nii.gz,native_2026,keep_native_2026_suffix,accepted_for_training,True,False,False,False
BraTS-MET-00598-001,BraTS-MET-00598-001,BraTSMET_000348,BraTS-MET-00598-001,run_3104668,t2f,0003,/Users/hwaigc/比赛+课题/ECNU_EYU_data/work_space/G1/results/missing_t2w_completion/run_3104668/BraTS-MET-00598-001/BraTS-MET-00598-001-t2f.nii.gz,work_space/G2/results/synthetic_normalized/BraTS-MET-00598-001/BraTS-MET-00598-001-t2f.nii.gz,nnunet_raw/Dataset261_BraTS2026_MET_RealSynth/imagesTr/BraTSMET_000348_0003.nii.gz,native_2026,keep_native_2026_suffix,accepted_for_training,True,False,False,False
BraTS-MET-00598-001,BraTS-MET-00598-001,BraTSMET_000348,BraTS-MET-00598-001,run_3104668,seg,label,/Users/hwaigc/比赛+课题/ECNU_EYU_data/work_space/G1/results/missing_t2w_completion/run_3104668/BraTS-MET-00598-001/BraTS-MET-00598-001-seg.nii.gz,work_space/G2/results/synthetic_normalized/BraTS-MET-00598-001/BraTS-MET-00598-001-seg.nii.gz,nnunet_raw/Dataset261_BraTS2026_MET_RealSynth/labelsTr/BraTSMET_000348.nii.gz,native_2026,keep_native_2026_suffix,accepted_for_training,True,False,False,False
BraTS-MET-00599-000,BraTS-MET-00599-000,BraTSMET_000349,BraTS-MET-00599-000,run_3104668,t1n,0000,/Users/hwaigc/比赛+课题/ECNU_EYU_data/work_space/G1/results/missing_t2w_completion/run_3104668/BraTS-MET-00599-000/BraTS-MET-00599-000-t1n.nii.gz,work_space/G2/results/synthetic_normalized/BraTS-MET-00599-000/BraTS-MET-00599-000-t1n.nii.gz,nnunet_raw/Dataset261_BraTS2026_MET_RealSynth/imagesTr/BraTSMET_000349_0000.nii.gz,native_2026,keep_native_2026_suffix,accepted_for_training,True,False,False,False
BraTS-MET-00599-000,BraTS-MET-00599-000,BraTSMET_000349,BraTS-MET-00599-000,run_3104668,t1c,0001,/Users/hwaigc/比赛+课题/ECNU_EYU_data/work_space/G1/results/missing_t2w_completion/run_3104668/BraTS-MET-00599-000/BraTS-MET-00599-000-t1c.nii.gz,work_space/G2/results/synthetic_normalized/BraTS-MET-00599-000/BraTS-MET-00599-000-t1c.nii.gz,nnunet_raw/Dataset261_BraTS2026_MET_RealSynth/imagesTr/BraTSMET_000349_0001.nii.gz,native_2026,keep_native_2026_suffix,accepted_for_training,True,False,False,False
BraTS-MET-00599-000,BraTS-MET-00599-000,BraTSMET_000349,BraTS-MET-00599-000,run_3104668,t2w,0002,/Users/hwaigc/比赛+课题/ECNU_EYU_data/work_space/G1/results/missing_t2w_completion/run_3104668/BraTS-MET-00599-000/BraTS-MET-00599-000-t2w.nii.gz,work_space/G2/results/synthetic_normalized/BraTS-MET-00599-000/BraTS-MET-00599-000-t2w.nii.gz,nnunet_raw/Dataset261_BraTS2026_MET_RealSynth/imagesTr/BraTSMET_000349_0002.nii.gz,native_2026,keep_native_2026_suffix,accepted_for_training,True,False,False,False
BraTS-MET-00599-000,BraTS-MET-00599-000,BraTSMET_000349,BraTS-MET-00599-000,run_3104668,t2f,0003,/Users/hwaigc/比赛+课题/ECNU_EYU_data/work_space/G1/results/missing_t2w_completion/run_3104668/BraTS-MET-00599-000/BraTS-MET-00599-000-t2f.nii.gz,work_space/G2/results/synthetic_normalized/BraTS-MET-00599-000/BraTS-MET-00599-000-t2f.nii.gz,nnunet_raw/Dataset261_BraTS2026_MET_RealSynth/imagesTr/BraTSMET_000349_0003.nii.gz,native_2026,keep_native_2026_suffix,accepted_for_training,True,False,False,False
BraTS-MET-00599-000,BraTS-MET-00599-000,BraTSMET_000349,BraTS-MET-00599-000,run_3104668,seg,label,/Users/hwaigc/比赛+课题/ECNU_EYU_data/work_space/G1/results/missing_t2w_completion/run_3104668/BraTS-MET-00599-000/BraTS-MET-00599-000-seg.nii.gz,work_space/G2/results/synthetic_normalized/BraTS-MET-00599-000/BraTS-MET-00599-000-seg.nii.gz,nnunet_raw/Dataset261_BraTS2026_MET_RealSynth/labelsTr/BraTSMET_000349.nii.gz,native_2026,keep_native_2026_suffix,accepted_for_training,True,False,False,False
BraTS-MET-00599-001,BraTS-MET-00599-001,BraTSMET_000350,BraTS-MET-00599-001,run_3104668,t1n,0000,/Users/hwaigc/比赛+课题/ECNU_EYU_data/work_space/G1/results/missing_t2w_completion/run_3104668/BraTS-MET-00599-001/BraTS-MET-00599-001-t1n.nii.gz,work_space/G2/results/synthetic_normalized/BraTS-MET-00599-001/BraTS-MET-00599-001-t1n.nii.gz,nnunet_raw/Dataset261_BraTS2026_MET_RealSynth/imagesTr/BraTSMET_000350_0000.nii.gz,native_2026,keep_native_2026_suffix,accepted_for_training,True,False,False,False
BraTS-MET-00599-001,BraTS-MET-00599-001,BraTSMET_000350,BraTS-MET-00599-001,run_3104668,t1c,0001,/Users/hwaigc/比赛+课题/ECNU_EYU_data/work_space/G1/results/missing_t2w_completion/run_3104668/BraTS-MET-00599-001/BraTS-MET-00599-001-t1c.nii.gz,work_space/G2/results/synthetic_normalized/BraTS-MET-00599-001/BraTS-MET-00599-001-t1c.nii.gz,nnunet_raw/Dataset261_BraTS2026_MET_RealSynth/imagesTr/BraTSMET_000350_0001.nii.gz,native_2026,keep_native_2026_suffix,accepted_for_training,True,False,False,False
BraTS-MET-00599-001,BraTS-MET-00599-001,BraTSMET_000350,BraTS-MET-00599-001,run_3104668,t2w,0002,/Users/hwaigc/比赛+课题/ECNU_EYU_data/work_space/G1/results/missing_t2w_completion/run_3104668/BraTS-MET-00599-001/BraTS-MET-00599-001-t2w.nii.gz,work_space/G2/results/synthetic_normalized/BraTS-MET-00599-001/BraTS-MET-00599-001-t2w.nii.gz,nnunet_raw/Dataset261_BraTS2026_MET_RealSynth/imagesTr/BraTSMET_000350_0002.nii.gz,native_2026,keep_native_2026_suffix,accepted_for_training,True,False,False,False
BraTS-MET-00599-001,BraTS-MET-00599-001,BraTSMET_000350,BraTS-MET-00599-001,run_3104668,t2f,0003,/Users/hwaigc/比赛+课题/ECNU_EYU_data/work_space/G1/results/missing_t2w_completion/run_3104668/BraTS-MET-00599-001/BraTS-MET-00599-001-t2f.nii.gz,work_space/G2/results/synthetic_normalized/BraTS-MET-00599-001/BraTS-MET-00599-001-t2f.nii.gz,nnunet_raw/Dataset261_BraTS2026_MET_RealSynth/imagesTr/BraTSMET_000350_0003.nii.gz,native_2026,keep_native_2026_suffix,accepted_for_training,True,False,False,False
BraTS-MET-00599-001,BraTS-MET-00599-001,BraTSMET_000350,BraTS-MET-00599-001,run_3104668,seg,label,/Users/hwaigc/比赛+课题/ECNU_EYU_data/work_space/G1/results/missing_t2w_completion/run_3104668/BraTS-MET-00599-001/BraTS-MET-00599-001-seg.nii.gz,work_space/G2/results/synthetic_normalized/BraTS-MET-00599-001/BraTS-MET-00599-001-seg.nii.gz,nnunet_raw/Dataset261_BraTS2026_MET_RealSynth/labelsTr/BraTSMET_000350.nii.gz,native_2026,keep_native_2026_suffix,accepted_for_training,True,False,False,False
BraTS-MET-00599-002,BraTS-MET-00599-002,BraTSMET_000351,BraTS-MET-00599-002,run_3104668,t1n,0000,/Users/hwaigc/比赛+课题/ECNU_EYU_data/work_space/G1/results/missing_t2w_completion/run_3104668/BraTS-MET-00599-002/BraTS-MET-00599-002-t1n.nii.gz,work_space/G2/results/synthetic_normalized/BraTS-MET-00599-002/BraTS-MET-00599-002-t1n.nii.gz,nnunet_raw/Dataset261_BraTS2026_MET_RealSynth/imagesTr/BraTSMET_000351_0000.nii.gz,native_2026,keep_native_2026_suffix,accepted_for_training,True,False,False,False
BraTS-MET-00599-002,BraTS-MET-00599-002,BraTSMET_000351,BraTS-MET-00599-002,run_3104668,t1c,0001,/Users/hwaigc/比赛+课题/ECNU_EYU_data/work_space/G1/results/missing_t2w_completion/run_3104668/BraTS-MET-00599-002/BraTS-MET-00599-002-t1c.nii.gz,work_space/G2/results/synthetic_normalized/BraTS-MET-00599-002/BraTS-MET-00599-002-t1c.nii.gz,nnunet_raw/Dataset261_BraTS2026_MET_RealSynth/imagesTr/BraTSMET_000351_0001.nii.gz,native_2026,keep_native_2026_suffix,accepted_for_training,True,False,False,False
BraTS-MET-00599-002,BraTS-MET-00599-002,BraTSMET_000351,BraTS-MET-00599-002,run_3104668,t2w,0002,/Users/hwaigc/比赛+课题/ECNU_EYU_data/work_space/G1/results/missing_t2w_completion/run_3104668/BraTS-MET-00599-002/BraTS-MET-00599-002-t2w.nii.gz,work_space/G2/results/synthetic_normalized/BraTS-MET-00599-002/BraTS-MET-00599-002-t2w.nii.gz,nnunet_raw/Dataset261_BraTS2026_MET_RealSynth/imagesTr/BraTSMET_000351_0002.nii.gz,native_2026,keep_native_2026_suffix,accepted_for_training,True,False,False,False
BraTS-MET-00599-002,BraTS-MET-00599-002,BraTSMET_000351,BraTS-MET-00599-002,run_3104668,t2f,0003,/Users/hwaigc/比赛+课题/ECNU_EYU_data/work_space/G1/results/missing_t2w_completion/run_3104668/BraTS-MET-00599-002/BraTS-MET-00599-002-t2f.nii.gz,work_space/G2/results/synthetic_normalized/BraTS-MET-00599-002/BraTS-MET-00599-002-t2f.nii.gz,nnunet_raw/Dataset261_BraTS2026_MET_RealSynth/imagesTr/BraTSMET_000351_0003.nii.gz,native_2026,keep_native_2026_suffix,accepted_for_training,True,False,False,False
BraTS-MET-00599-002,BraTS-MET-00599-002,BraTSMET_000351,BraTS-MET-00599-002,run_3104668,seg,label,/Users/hwaigc/比赛+课题/ECNU_EYU_data/work_space/G1/results/missing_t2w_completion/run_3104668/BraTS-MET-00599-002/BraTS-MET-00599-002-seg.nii.gz,work_space/G2/results/synthetic_normalized/BraTS-MET-00599-002/BraTS-MET-00599-002-seg.nii.gz,nnunet_raw/Dataset261_BraTS2026_MET_RealSynth/labelsTr/BraTSMET_000351.nii.gz,native_2026,keep_native_2026_suffix,accepted_for_training,True,False,False,False
BraTS-MET-00599-003,BraTS-MET-00599-003,BraTSMET_000352,BraTS-MET-00599-003,run_3104668,t1n,0000,/Users/hwaigc/比赛+课题/ECNU_EYU_data/work_space/G1/results/missing_t2w_completion/run_3104668/BraTS-MET-00599-003/BraTS-MET-00599-003-t1n.nii.gz,work_space/G2/results/synthetic_normalized/BraTS-MET-00599-003/BraTS-MET-00599-003-t1n.nii.gz,nnunet_raw/Dataset261_BraTS2026_MET_RealSynth/imagesTr/BraTSMET_000352_0000.nii.gz,native_2026,keep_native_2026_suffix,accepted_for_training,True,False,False,False
BraTS-MET-00599-003,BraTS-MET-00599-003,BraTSMET_000352,BraTS-MET-00599-003,run_3104668,t1c,0001,/Users/hwaigc/比赛+课题/ECNU_EYU_data/work_space/G1/results/missing_t2w_completion/run_3104668/BraTS-MET-00599-003/BraTS-MET-00599-003-t1c.nii.gz,work_space/G2/results/synthetic_normalized/BraTS-MET-00599-003/BraTS-MET-00599-003-t1c.nii.gz,nnunet_raw/Dataset261_BraTS2026_MET_RealSynth/imagesTr/BraTSMET_000352_0001.nii.gz,native_2026,keep_native_2026_suffix,accepted_for_training,True,False,False,False
BraTS-MET-00599-003,BraTS-MET-00599-003,BraTSMET_000352,BraTS-MET-00599-003,run_3104668,t2w,0002,/Users/hwaigc/比赛+课题/ECNU_EYU_data/work_space/G1/results/missing_t2w_completion/run_3104668/BraTS-MET-00599-003/BraTS-MET-00599-003-t2w.nii.gz,work_space/G2/results/synthetic_normalized/BraTS-MET-00599-003/BraTS-MET-00599-003-t2w.nii.gz,nnunet_raw/Dataset261_BraTS2026_MET_RealSynth/imagesTr/BraTSMET_000352_0002.nii.gz,native_2026,keep_native_2026_suffix,accepted_for_training,True,False,False,False
BraTS-MET-00599-003,BraTS-MET-00599-003,BraTSMET_000352,BraTS-MET-00599-003,run_3104668,t2f,0003,/Users/hwaigc/比赛+课题/ECNU_EYU_data/work_space/G1/results/missing_t2w_completion/run_3104668/BraTS-MET-00599-003/BraTS-MET-00599-003-t2f.nii.gz,work_space/G2/results/synthetic_normalized/BraTS-MET-00599-003/BraTS-MET-00599-003-t2f.nii.gz,nnunet_raw/Dataset261_BraTS2026_MET_RealSynth/imagesTr/BraTSMET_000352_0003.nii.gz,native_2026,keep_native_2026_suffix,accepted_for_training,True,False,False,False
BraTS-MET-00599-003,BraTS-MET-00599-003,BraTSMET_000352,BraTS-MET-00599-003,run_3104668,seg,label,/Users/hwaigc/比赛+课题/ECNU_EYU_data/work_space/G1/results/missing_t2w_completion/run_3104668/BraTS-MET-00599-003/BraTS-MET-00599-003-seg.nii.gz,work_space/G2/results/synthetic_normalized/BraTS-MET-00599-003/BraTS-MET-00599-003-seg.nii.gz,nnunet_raw/Dataset261_BraTS2026_MET_RealSynth/labelsTr/BraTSMET_000352.nii.gz,native_2026,keep_native_2026_suffix,accepted_for_training,True,False,False,False
BraTS-MET-00600-000,BraTS-MET-00600-000,BraTSMET_000353,BraTS-MET-00600-000,run_3104668,t1n,0000,/Users/hwaigc/比赛+课题/ECNU_EYU_data/work_space/G1/results/missing_t2w_completion/run_3104668/BraTS-MET-00600-000/BraTS-MET-00600-000-t1n.nii.gz,work_space/G2/results/synthetic_normalized/BraTS-MET-00600-000/BraTS-MET-00600-000-t1n.nii.gz,nnunet_raw/Dataset261_BraTS2026_MET_RealSynth/imagesTr/BraTSMET_000353_0000.nii.gz,native_2026,keep_native_2026_suffix,accepted_for_training,True,False,False,False
BraTS-MET-00600-000,BraTS-MET-00600-000,BraTSMET_000353,BraTS-MET-00600-000,run_3104668,t1c,0001,/Users/hwaigc/比赛+课题/ECNU_EYU_data/work_space/G1/results/missing_t2w_completion/run_3104668/BraTS-MET-00600-000/BraTS-MET-00600-000-t1c.nii.gz,work_space/G2/results/synthetic_normalized/BraTS-MET-00600-000/BraTS-MET-00600-000-t1c.nii.gz,nnunet_raw/Dataset261_BraTS2026_MET_RealSynth/imagesTr/BraTSMET_000353_0001.nii.gz,native_2026,keep_native_2026_suffix,accepted_for_training,True,False,False,False
BraTS-MET-00600-000,BraTS-MET-00600-000,BraTSMET_000353,BraTS-MET-00600-000,run_3104668,t2w,0002,/Users/hwaigc/比赛+课题/ECNU_EYU_data/work_space/G1/results/missing_t2w_completion/run_3104668/BraTS-MET-00600-000/BraTS-MET-00600-000-t2w.nii.gz,work_space/G2/results/synthetic_normalized/BraTS-MET-00600-000/BraTS-MET-00600-000-t2w.nii.gz,nnunet_raw/Dataset261_BraTS2026_MET_RealSynth/imagesTr/BraTSMET_000353_0002.nii.gz,native_2026,keep_native_2026_suffix,accepted_for_training,True,False,False,False
BraTS-MET-00600-000,BraTS-MET-00600-000,BraTSMET_000353,BraTS-MET-00600-000,run_3104668,t2f,0003,/Users/hwaigc/比赛+课题/ECNU_EYU_data/work_space/G1/results/missing_t2w_completion/run_3104668/BraTS-MET-00600-000/BraTS-MET-00600-000-t2f.nii.gz,work_space/G2/results/synthetic_normalized/BraTS-MET-00600-000/BraTS-MET-00600-000-t2f.nii.gz,nnunet_raw/Dataset261_BraTS2026_MET_RealSynth/imagesTr/BraTSMET_000353_0003.nii.gz,native_2026,keep_native_2026_suffix,accepted_for_training,True,False,False,False
BraTS-MET-00600-000,BraTS-MET-00600-000,BraTSMET_000353,BraTS-MET-00600-000,run_3104668,seg,label,/Users/hwaigc/比赛+课题/ECNU_EYU_data/work_space/G1/results/missing_t2w_completion/run_3104668/BraTS-MET-00600-000/BraTS-MET-00600-000-seg.nii.gz,work_space/G2/results/synthetic_normalized/BraTS-MET-00600-000/BraTS-MET-00600-000-seg.nii.gz,nnunet_raw/Dataset261_BraTS2026_MET_RealSynth/labelsTr/BraTSMET_000353.nii.gz,native_2026,keep_native_2026_suffix,accepted_for_training,True,False,False,False
BraTS-MET-00601-000,BraTS-MET-00601-000,BraTSMET_000354,BraTS-MET-00601-000,run_3104668,t1n,0000,/Users/hwaigc/比赛+课题/ECNU_EYU_data/work_space/G1/results/missing_t2w_completion/run_3104668/BraTS-MET-00601-000/BraTS-MET-00601-000-t1n.nii.gz,work_space/G2/results/synthetic_normalized/BraTS-MET-00601-000/BraTS-MET-00601-000-t1n.nii.gz,nnunet_raw/Dataset261_BraTS2026_MET_RealSynth/imagesTr/BraTSMET_000354_0000.nii.gz,native_2026,keep_native_2026_suffix,accepted_for_evaluation,False,True,False,False
BraTS-MET-00601-000,BraTS-MET-00601-000,BraTSMET_000354,BraTS-MET-00601-000,run_3104668,t1c,0001,/Users/hwaigc/比赛+课题/ECNU_EYU_data/work_space/G1/results/missing_t2w_completion/run_3104668/BraTS-MET-00601-000/BraTS-MET-00601-000-t1c.nii.gz,work_space/G2/results/synthetic_normalized/BraTS-MET-00601-000/BraTS-MET-00601-000-t1c.nii.gz,nnunet_raw/Dataset261_BraTS2026_MET_RealSynth/imagesTr/BraTSMET_000354_0001.nii.gz,native_2026,keep_native_2026_suffix,accepted_for_evaluation,False,True,False,False
BraTS-MET-00601-000,BraTS-MET-00601-000,BraTSMET_000354,BraTS-MET-00601-000,run_3104668,t2w,0002,/Users/hwaigc/比赛+课题/ECNU_EYU_data/work_space/G1/results/missing_t2w_completion/run_3104668/BraTS-MET-00601-000/BraTS-MET-00601-000-t2w.nii.gz,work_space/G2/results/synthetic_normalized/BraTS-MET-00601-000/BraTS-MET-00601-000-t2w.nii.gz,nnunet_raw/Dataset261_BraTS2026_MET_RealSynth/imagesTr/BraTSMET_000354_0002.nii.gz,native_2026,keep_native_2026_suffix,accepted_for_evaluation,False,True,False,False
BraTS-MET-00601-000,BraTS-MET-00601-000,BraTSMET_000354,BraTS-MET-00601-000,run_3104668,t2f,0003,/Users/hwaigc/比赛+课题/ECNU_EYU_data/work_space/G1/results/missing_t2w_completion/run_3104668/BraTS-MET-00601-000/BraTS-MET-00601-000-t2f.nii.gz,work_space/G2/results/synthetic_normalized/BraTS-MET-00601-000/BraTS-MET-00601-000-t2f.nii.gz,nnunet_raw/Dataset261_BraTS2026_MET_RealSynth/imagesTr/BraTSMET_000354_0003.nii.gz,native_2026,keep_native_2026_suffix,accepted_for_evaluation,False,True,False,False
BraTS-MET-00601-000,BraTS-MET-00601-000,BraTSMET_000354,BraTS-MET-00601-000,run_3104668,seg,label,/Users/hwaigc/比赛+课题/ECNU_EYU_data/work_space/G1/results/missing_t2w_completion/run_3104668/BraTS-MET-00601-000/BraTS-MET-00601-000-seg.nii.gz,work_space/G2/results/synthetic_normalized/BraTS-MET-00601-000/BraTS-MET-00601-000-seg.nii.gz,nnunet_raw/Dataset261_BraTS2026_MET_RealSynth/labelsTr/BraTSMET_000354.nii.gz,native_2026,keep_native_2026_suffix,accepted_for_evaluation,False,True,False,False
BraTS-MET-00601-001,BraTS-MET-00601-001,BraTSMET_000355,BraTS-MET-00601-001,run_3104668,t1n,0000,/Users/hwaigc/比赛+课题/ECNU_EYU_data/work_space/G1/results/missing_t2w_completion/run_3104668/BraTS-MET-00601-001/BraTS-MET-00601-001-t1n.nii.gz,work_space/G2/results/synthetic_normalized/BraTS-MET-00601-001/BraTS-MET-00601-001-t1n.nii.gz,nnunet_raw/Dataset261_BraTS2026_MET_RealSynth/imagesTr/BraTSMET_000355_0000.nii.gz,native_2026,keep_native_2026_suffix,accepted_for_evaluation,False,True,False,False
BraTS-MET-00601-001,BraTS-MET-00601-001,BraTSMET_000355,BraTS-MET-00601-001,run_3104668,t1c,0001,/Users/hwaigc/比赛+课题/ECNU_EYU_data/work_space/G1/results/missing_t2w_completion/run_3104668/BraTS-MET-00601-001/BraTS-MET-00601-001-t1c.nii.gz,work_space/G2/results/synthetic_normalized/BraTS-MET-00601-001/BraTS-MET-00601-001-t1c.nii.gz,nnunet_raw/Dataset261_BraTS2026_MET_RealSynth/imagesTr/BraTSMET_000355_0001.nii.gz,native_2026,keep_native_2026_suffix,accepted_for_evaluation,False,True,False,False
BraTS-MET-00601-001,BraTS-MET-00601-001,BraTSMET_000355,BraTS-MET-00601-001,run_3104668,t2w,0002,/Users/hwaigc/比赛+课题/ECNU_EYU_data/work_space/G1/results/missing_t2w_completion/run_3104668/BraTS-MET-00601-001/BraTS-MET-00601-001-t2w.nii.gz,work_space/G2/results/synthetic_normalized/BraTS-MET-00601-001/BraTS-MET-00601-001-t2w.nii.gz,nnunet_raw/Dataset261_BraTS2026_MET_RealSynth/imagesTr/BraTSMET_000355_0002.nii.gz,native_2026,keep_native_2026_suffix,accepted_for_evaluation,False,True,False,False
BraTS-MET-00601-001,BraTS-MET-00601-001,BraTSMET_000355,BraTS-MET-00601-001,run_3104668,t2f,0003,/Users/hwaigc/比赛+课题/ECNU_EYU_data/work_space/G1/results/missing_t2w_completion/run_3104668/BraTS-MET-00601-001/BraTS-MET-00601-001-t2f.nii.gz,work_space/G2/results/synthetic_normalized/BraTS-MET-00601-001/BraTS-MET-00601-001-t2f.nii.gz,nnunet_raw/Dataset261_BraTS2026_MET_RealSynth/imagesTr/BraTSMET_000355_0003.nii.gz,native_2026,keep_native_2026_suffix,accepted_for_evaluation,False,True,False,False
BraTS-MET-00601-001,BraTS-MET-00601-001,BraTSMET_000355,BraTS-MET-00601-001,run_3104668,seg,label,/Users/hwaigc/比赛+课题/ECNU_EYU_data/work_space/G1/results/missing_t2w_completion/run_3104668/BraTS-MET-00601-001/BraTS-MET-00601-001-seg.nii.gz,work_space/G2/results/synthetic_normalized/BraTS-MET-00601-001/BraTS-MET-00601-001-seg.nii.gz,nnunet_raw/Dataset261_BraTS2026_MET_RealSynth/labelsTr/BraTSMET_000355.nii.gz,native_2026,keep_native_2026_suffix,accepted_for_evaluation,False,True,False,False
BraTS-MET-00601-002,BraTS-MET-00601-002,BraTSMET_000356,BraTS-MET-00601-002,run_3104668,t1n,0000,/Users/hwaigc/比赛+课题/ECNU_EYU_data/work_space/G1/results/missing_t2w_completion/run_3104668/BraTS-MET-00601-002/BraTS-MET-00601-002-t1n.nii.gz,work_space/G2/results/synthetic_normalized/BraTS-MET-00601-002/BraTS-MET-00601-002-t1n.nii.gz,nnunet_raw/Dataset261_BraTS2026_MET_RealSynth/imagesTr/BraTSMET_000356_0000.nii.gz,native_2026,keep_native_2026_suffix,accepted_for_evaluation,False,True,False,False
BraTS-MET-00601-002,BraTS-MET-00601-002,BraTSMET_000356,BraTS-MET-00601-002,run_3104668,t1c,0001,/Users/hwaigc/比赛+课题/ECNU_EYU_data/work_space/G1/results/missing_t2w_completion/run_3104668/BraTS-MET-00601-002/BraTS-MET-00601-002-t1c.nii.gz,work_space/G2/results/synthetic_normalized/BraTS-MET-00601-002/BraTS-MET-00601-002-t1c.nii.gz,nnunet_raw/Dataset261_BraTS2026_MET_RealSynth/imagesTr/BraTSMET_000356_0001.nii.gz,native_2026,keep_native_2026_suffix,accepted_for_evaluation,False,True,False,False
BraTS-MET-00601-002,BraTS-MET-00601-002,BraTSMET_000356,BraTS-MET-00601-002,run_3104668,t2w,0002,/Users/hwaigc/比赛+课题/ECNU_EYU_data/work_space/G1/results/missing_t2w_completion/run_3104668/BraTS-MET-00601-002/BraTS-MET-00601-002-t2w.nii.gz,work_space/G2/results/synthetic_normalized/BraTS-MET-00601-002/BraTS-MET-00601-002-t2w.nii.gz,nnunet_raw/Dataset261_BraTS2026_MET_RealSynth/imagesTr/BraTSMET_000356_0002.nii.gz,native_2026,keep_native_2026_suffix,accepted_for_evaluation,False,True,False,False
BraTS-MET-00601-002,BraTS-MET-00601-002,BraTSMET_000356,BraTS-MET-00601-002,run_3104668,t2f,0003,/Users/hwaigc/比赛+课题/ECNU_EYU_data/work_space/G1/results/missing_t2w_completion/run_3104668/BraTS-MET-00601-002/BraTS-MET-00601-002-t2f.nii.gz,work_space/G2/results/synthetic_normalized/BraTS-MET-00601-002/BraTS-MET-00601-002-t2f.nii.gz,nnunet_raw/Dataset261_BraTS2026_MET_RealSynth/imagesTr/BraTSMET_000356_0003.nii.gz,native_2026,keep_native_2026_suffix,accepted_for_evaluation,False,True,False,False
BraTS-MET-00601-002,BraTS-MET-00601-002,BraTSMET_000356,BraTS-MET-00601-002,run_3104668,seg,label,/Users/hwaigc/比赛+课题/ECNU_EYU_data/work_space/G1/results/missing_t2w_completion/run_3104668/BraTS-MET-00601-002/BraTS-MET-00601-002-seg.nii.gz,work_space/G2/results/synthetic_normalized/BraTS-MET-00601-002/BraTS-MET-00601-002-seg.nii.gz,nnunet_raw/Dataset261_BraTS2026_MET_RealSynth/labelsTr/BraTSMET_000356.nii.gz,native_2026,keep_native_2026_suffix,accepted_for_evaluation,False,True,False,False
BraTS-MET-00602-000,BraTS-MET-00602-000,BraTSMET_000357,BraTS-MET-00602-000,run_3104668,t1n,0000,/Users/hwaigc/比赛+课题/ECNU_EYU_data/work_space/G1/results/missing_t2w_completion/run_3104668/BraTS-MET-00602-000/BraTS-MET-00602-000-t1n.nii.gz,work_space/G2/results/synthetic_normalized/BraTS-MET-00602-000/BraTS-MET-00602-000-t1n.nii.gz,nnunet_raw/Dataset261_BraTS2026_MET_RealSynth/imagesTr/BraTSMET_000357_0000.nii.gz,native_2026,keep_native_2026_suffix,accepted_for_training,True,False,False,False
BraTS-MET-00602-000,BraTS-MET-00602-000,BraTSMET_000357,BraTS-MET-00602-000,run_3104668,t1c,0001,/Users/hwaigc/比赛+课题/ECNU_EYU_data/work_space/G1/results/missing_t2w_completion/run_3104668/BraTS-MET-00602-000/BraTS-MET-00602-000-t1c.nii.gz,work_space/G2/results/synthetic_normalized/BraTS-MET-00602-000/BraTS-MET-00602-000-t1c.nii.gz,nnunet_raw/Dataset261_BraTS2026_MET_RealSynth/imagesTr/BraTSMET_000357_0001.nii.gz,native_2026,keep_native_2026_suffix,accepted_for_training,True,False,False,False
BraTS-MET-00602-000,BraTS-MET-00602-000,BraTSMET_000357,BraTS-MET-00602-000,run_3104668,t2w,0002,/Users/hwaigc/比赛+课题/ECNU_EYU_data/work_space/G1/results/missing_t2w_completion/run_3104668/BraTS-MET-00602-000/BraTS-MET-00602-000-t2w.nii.gz,work_space/G2/results/synthetic_normalized/BraTS-MET-00602-000/BraTS-MET-00602-000-t2w.nii.gz,nnunet_raw/Dataset261_BraTS2026_MET_RealSynth/imagesTr/BraTSMET_000357_0002.nii.gz,native_2026,keep_native_2026_suffix,accepted_for_training,True,False,False,False
BraTS-MET-00602-000,BraTS-MET-00602-000,BraTSMET_000357,BraTS-MET-00602-000,run_3104668,t2f,0003,/Users/hwaigc/比赛+课题/ECNU_EYU_data/work_space/G1/results/missing_t2w_completion/run_3104668/BraTS-MET-00602-000/BraTS-MET-00602-000-t2f.nii.gz,work_space/G2/results/synthetic_normalized/BraTS-MET-00602-000/BraTS-MET-00602-000-t2f.nii.gz,nnunet_raw/Dataset261_BraTS2026_MET_RealSynth/imagesTr/BraTSMET_000357_0003.nii.gz,native_2026,keep_native_2026_suffix,accepted_for_training,True,False,False,False
BraTS-MET-00602-000,BraTS-MET-00602-000,BraTSMET_000357,BraTS-MET-00602-000,run_3104668,seg,label,/Users/hwaigc/比赛+课题/ECNU_EYU_data/work_space/G1/results/missing_t2w_completion/run_3104668/BraTS-MET-00602-000/BraTS-MET-00602-000-seg.nii.gz,work_space/G2/results/synthetic_normalized/BraTS-MET-00602-000/BraTS-MET-00602-000-seg.nii.gz,nnunet_raw/Dataset261_BraTS2026_MET_RealSynth/labelsTr/BraTSMET_000357.nii.gz,native_2026,keep_native_2026_suffix,accepted_for_training,True,False,False,False
BraTS-MET-00602-001,BraTS-MET-00602-001,BraTSMET_000358,BraTS-MET-00602-001,run_3104668,t1n,0000,/Users/hwaigc/比赛+课题/ECNU_EYU_data/work_space/G1/results/missing_t2w_completion/run_3104668/BraTS-MET-00602-001/BraTS-MET-00602-001-t1n.nii.gz,work_space/G2/results/synthetic_normalized/BraTS-MET-00602-001/BraTS-MET-00602-001-t1n.nii.gz,nnunet_raw/Dataset261_BraTS2026_MET_RealSynth/imagesTr/BraTSMET_000358_0000.nii.gz,native_2026,keep_native_2026_suffix,accepted_for_training,True,False,False,False
BraTS-MET-00602-001,BraTS-MET-00602-001,BraTSMET_000358,BraTS-MET-00602-001,run_3104668,t1c,0001,/Users/hwaigc/比赛+课题/ECNU_EYU_data/work_space/G1/results/missing_t2w_completion/run_3104668/BraTS-MET-00602-001/BraTS-MET-00602-001-t1c.nii.gz,work_space/G2/results/synthetic_normalized/BraTS-MET-00602-001/BraTS-MET-00602-001-t1c.nii.gz,nnunet_raw/Dataset261_BraTS2026_MET_RealSynth/imagesTr/BraTSMET_000358_0001.nii.gz,native_2026,keep_native_2026_suffix,accepted_for_training,True,False,False,False
BraTS-MET-00602-001,BraTS-MET-00602-001,BraTSMET_000358,BraTS-MET-00602-001,run_3104668,t2w,0002,/Users/hwaigc/比赛+课题/ECNU_EYU_data/work_space/G1/results/missing_t2w_completion/run_3104668/BraTS-MET-00602-001/BraTS-MET-00602-001-t2w.nii.gz,work_space/G2/results/synthetic_normalized/BraTS-MET-00602-001/BraTS-MET-00602-001-t2w.nii.gz,nnunet_raw/Dataset261_BraTS2026_MET_RealSynth/imagesTr/BraTSMET_000358_0002.nii.gz,native_2026,keep_native_2026_suffix,accepted_for_training,True,False,False,False
BraTS-MET-00602-001,BraTS-MET-00602-001,BraTSMET_000358,BraTS-MET-00602-001,run_3104668,t2f,0003,/Users/hwaigc/比赛+课题/ECNU_EYU_data/work_space/G1/results/missing_t2w_completion/run_3104668/BraTS-MET-00602-001/BraTS-MET-00602-001-t2f.nii.gz,work_space/G2/results/synthetic_normalized/BraTS-MET-00602-001/BraTS-MET-00602-001-t2f.nii.gz,nnunet_raw/Dataset261_BraTS2026_MET_RealSynth/imagesTr/BraTSMET_000358_0003.nii.gz,native_2026,keep_native_2026_suffix,accepted_for_training,True,False,False,False
BraTS-MET-00602-001,BraTS-MET-00602-001,BraTSMET_000358,BraTS-MET-00602-001,run_3104668,seg,label,/Users/hwaigc/比赛+课题/ECNU_EYU_data/work_space/G1/results/missing_t2w_completion/run_3104668/BraTS-MET-00602-001/BraTS-MET-00602-001-seg.nii.gz,work_space/G2/results/synthetic_normalized/BraTS-MET-00602-001/BraTS-MET-00602-001-seg.nii.gz,nnunet_raw/Dataset261_BraTS2026_MET_RealSynth/labelsTr/BraTSMET_000358.nii.gz,native_2026,keep_native_2026_suffix,accepted_for_training,True,False,False,False
BraTS-MET-00603-000,BraTS-MET-00603-000,BraTSMET_000359,BraTS-MET-00603-000,run_3104668,t1n,0000,/Users/hwaigc/比赛+课题/ECNU_EYU_data/work_space/G1/results/missing_t2w_completion/run_3104668/BraTS-MET-00603-000/BraTS-MET-00603-000-t1n.nii.gz,work_space/G2/results/synthetic_normalized/BraTS-MET-00603-000/BraTS-MET-00603-000-t1n.nii.gz,nnunet_raw/Dataset261_BraTS2026_MET_RealSynth/imagesTr/BraTSMET_000359_0000.nii.gz,native_2026,keep_native_2026_suffix,accepted_for_training,True,False,False,False
BraTS-MET-00603-000,BraTS-MET-00603-000,BraTSMET_000359,BraTS-MET-00603-000,run_3104668,t1c,0001,/Users/hwaigc/比赛+课题/ECNU_EYU_data/work_space/G1/results/missing_t2w_completion/run_3104668/BraTS-MET-00603-000/BraTS-MET-00603-000-t1c.nii.gz,work_space/G2/results/synthetic_normalized/BraTS-MET-00603-000/BraTS-MET-00603-000-t1c.nii.gz,nnunet_raw/Dataset261_BraTS2026_MET_RealSynth/imagesTr/BraTSMET_000359_0001.nii.gz,native_2026,keep_native_2026_suffix,accepted_for_training,True,False,False,False
BraTS-MET-00603-000,BraTS-MET-00603-000,BraTSMET_000359,BraTS-MET-00603-000,run_3104668,t2w,0002,/Users/hwaigc/比赛+课题/ECNU_EYU_data/work_space/G1/results/missing_t2w_completion/run_3104668/BraTS-MET-00603-000/BraTS-MET-00603-000-t2w.nii.gz,work_space/G2/results/synthetic_normalized/BraTS-MET-00603-000/BraTS-MET-00603-000-t2w.nii.gz,nnunet_raw/Dataset261_BraTS2026_MET_RealSynth/imagesTr/BraTSMET_000359_0002.nii.gz,native_2026,keep_native_2026_suffix,accepted_for_training,True,False,False,False
BraTS-MET-00603-000,BraTS-MET-00603-000,BraTSMET_000359,BraTS-MET-00603-000,run_3104668,t2f,0003,/Users/hwaigc/比赛+课题/ECNU_EYU_data/work_space/G1/results/missing_t2w_completion/run_3104668/BraTS-MET-00603-000/BraTS-MET-00603-000-t2f.nii.gz,work_space/G2/results/synthetic_normalized/BraTS-MET-00603-000/BraTS-MET-00603-000-t2f.nii.gz,nnunet_raw/Dataset261_BraTS2026_MET_RealSynth/imagesTr/BraTSMET_000359_0003.nii.gz,native_2026,keep_native_2026_suffix,accepted_for_training,True,False,False,False
BraTS-MET-00603-000,BraTS-MET-00603-000,BraTSMET_000359,BraTS-MET-00603-000,run_3104668,seg,label,/Users/hwaigc/比赛+课题/ECNU_EYU_data/work_space/G1/results/missing_t2w_completion/run_3104668/BraTS-MET-00603-000/BraTS-MET-00603-000-seg.nii.gz,work_space/G2/results/synthetic_normalized/BraTS-MET-00603-000/BraTS-MET-00603-000-seg.nii.gz,nnunet_raw/Dataset261_BraTS2026_MET_RealSynth/labelsTr/BraTSMET_000359.nii.gz,native_2026,keep_native_2026_suffix,accepted_for_training,True,False,False,False
BraTS-MET-00604-000,BraTS-MET-00604-000,BraTSMET_000360,BraTS-MET-00604-000,run_3104668,t1n,0000,/Users/hwaigc/比赛+课题/ECNU_EYU_data/work_space/G1/results/missing_t2w_completion/run_3104668/BraTS-MET-00604-000/BraTS-MET-00604-000-t1n.nii.gz,work_space/G2/results/synthetic_normalized/BraTS-MET-00604-000/BraTS-MET-00604-000-t1n.nii.gz,nnunet_raw/Dataset261_BraTS2026_MET_RealSynth/imagesTr/BraTSMET_000360_0000.nii.gz,native_2026,keep_native_2026_suffix,accepted_for_training,True,False,False,False
BraTS-MET-00604-000,BraTS-MET-00604-000,BraTSMET_000360,BraTS-MET-00604-000,run_3104668,t1c,0001,/Users/hwaigc/比赛+课题/ECNU_EYU_data/work_space/G1/results/missing_t2w_completion/run_3104668/BraTS-MET-00604-000/BraTS-MET-00604-000-t1c.nii.gz,work_space/G2/results/synthetic_normalized/BraTS-MET-00604-000/BraTS-MET-00604-000-t1c.nii.gz,nnunet_raw/Dataset261_BraTS2026_MET_RealSynth/imagesTr/BraTSMET_000360_0001.nii.gz,native_2026,keep_native_2026_suffix,accepted_for_training,True,False,False,False
BraTS-MET-00604-000,BraTS-MET-00604-000,BraTSMET_000360,BraTS-MET-00604-000,run_3104668,t2w,0002,/Users/hwaigc/比赛+课题/ECNU_EYU_data/work_space/G1/results/missing_t2w_completion/run_3104668/BraTS-MET-00604-000/BraTS-MET-00604-000-t2w.nii.gz,work_space/G2/results/synthetic_normalized/BraTS-MET-00604-000/BraTS-MET-00604-000-t2w.nii.gz,nnunet_raw/Dataset261_BraTS2026_MET_RealSynth/imagesTr/BraTSMET_000360_0002.nii.gz,native_2026,keep_native_2026_suffix,accepted_for_training,True,False,False,False
BraTS-MET-00604-000,BraTS-MET-00604-000,BraTSMET_000360,BraTS-MET-00604-000,run_3104668,t2f,0003,/Users/hwaigc/比赛+课题/ECNU_EYU_data/work_space/G1/results/missing_t2w_completion/run_3104668/BraTS-MET-00604-000/BraTS-MET-00604-000-t2f.nii.gz,work_space/G2/results/synthetic_normalized/BraTS-MET-00604-000/BraTS-MET-00604-000-t2f.nii.gz,nnunet_raw/Dataset261_BraTS2026_MET_RealSynth/imagesTr/BraTSMET_000360_0003.nii.gz,native_2026,keep_native_2026_suffix,accepted_for_training,True,False,False,False
BraTS-MET-00604-000,BraTS-MET-00604-000,BraTSMET_000360,BraTS-MET-00604-000,run_3104668,seg,label,/Users/hwaigc/比赛+课题/ECNU_EYU_data/work_space/G1/results/missing_t2w_completion/run_3104668/BraTS-MET-00604-000/BraTS-MET-00604-000-seg.nii.gz,work_space/G2/results/synthetic_normalized/BraTS-MET-00604-000/BraTS-MET-00604-000-seg.nii.gz,nnunet_raw/Dataset261_BraTS2026_MET_RealSynth/labelsTr/BraTSMET_000360.nii.gz,native_2026,keep_native_2026_suffix,accepted_for_training,True,False,False,False
BraTS-MET-00605-000,BraTS-MET-00605-000,BraTSMET_000361,BraTS-MET-00605-000,run_3104668,t1n,0000,/Users/hwaigc/比赛+课题/ECNU_EYU_data/work_space/G1/results/missing_t2w_completion/run_3104668/BraTS-MET-00605-000/BraTS-MET-00605-000-t1n.nii.gz,work_space/G2/results/synthetic_normalized/BraTS-MET-00605-000/BraTS-MET-00605-000-t1n.nii.gz,nnunet_raw/Dataset261_BraTS2026_MET_RealSynth/imagesTr/BraTSMET_000361_0000.nii.gz,native_2026,keep_native_2026_suffix,accepted_for_training,True,False,False,False
BraTS-MET-00605-000,BraTS-MET-00605-000,BraTSMET_000361,BraTS-MET-00605-000,run_3104668,t1c,0001,/Users/hwaigc/比赛+课题/ECNU_EYU_data/work_space/G1/results/missing_t2w_completion/run_3104668/BraTS-MET-00605-000/BraTS-MET-00605-000-t1c.nii.gz,work_space/G2/results/synthetic_normalized/BraTS-MET-00605-000/BraTS-MET-00605-000-t1c.nii.gz,nnunet_raw/Dataset261_BraTS2026_MET_RealSynth/imagesTr/BraTSMET_000361_0001.nii.gz,native_2026,keep_native_2026_suffix,accepted_for_training,True,False,False,False
BraTS-MET-00605-000,BraTS-MET-00605-000,BraTSMET_000361,BraTS-MET-00605-000,run_3104668,t2w,0002,/Users/hwaigc/比赛+课题/ECNU_EYU_data/work_space/G1/results/missing_t2w_completion/run_3104668/BraTS-MET-00605-000/BraTS-MET-00605-000-t2w.nii.gz,work_space/G2/results/synthetic_normalized/BraTS-MET-00605-000/BraTS-MET-00605-000-t2w.nii.gz,nnunet_raw/Dataset261_BraTS2026_MET_RealSynth/imagesTr/BraTSMET_000361_0002.nii.gz,native_2026,keep_native_2026_suffix,accepted_for_training,True,False,False,False
BraTS-MET-00605-000,BraTS-MET-00605-000,BraTSMET_000361,BraTS-MET-00605-000,run_3104668,t2f,0003,/Users/hwaigc/比赛+课题/ECNU_EYU_data/work_space/G1/results/missing_t2w_completion/run_3104668/BraTS-MET-00605-000/BraTS-MET-00605-000-t2f.nii.gz,work_space/G2/results/synthetic_normalized/BraTS-MET-00605-000/BraTS-MET-00605-000-t2f.nii.gz,nnunet_raw/Dataset261_BraTS2026_MET_RealSynth/imagesTr/BraTSMET_000361_0003.nii.gz,native_2026,keep_native_2026_suffix,accepted_for_training,True,False,False,False
BraTS-MET-00605-000,BraTS-MET-00605-000,BraTSMET_000361,BraTS-MET-00605-000,run_3104668,seg,label,/Users/hwaigc/比赛+课题/ECNU_EYU_data/work_space/G1/results/missing_t2w_completion/run_3104668/BraTS-MET-00605-000/BraTS-MET-00605-000-seg.nii.gz,work_space/G2/results/synthetic_normalized/BraTS-MET-00605-000/BraTS-MET-00605-000-seg.nii.gz,nnunet_raw/Dataset261_BraTS2026_MET_RealSynth/labelsTr/BraTSMET_000361.nii.gz,native_2026,keep_native_2026_suffix,accepted_for_training,True,False,False,False
BraTS-MET-00606-000,BraTS-MET-00606-000,BraTSMET_000362,BraTS-MET-00606-000,run_3104668,t1n,0000,/Users/hwaigc/比赛+课题/ECNU_EYU_data/work_space/G1/results/missing_t2w_completion/run_3104668/BraTS-MET-00606-000/BraTS-MET-00606-000-t1n.nii.gz,work_space/G2/results/synthetic_normalized/BraTS-MET-00606-000/BraTS-MET-00606-000-t1n.nii.gz,nnunet_raw/Dataset261_BraTS2026_MET_RealSynth/imagesTr/BraTSMET_000362_0000.nii.gz,native_2026,keep_native_2026_suffix,accepted_for_evaluation,False,True,False,False
BraTS-MET-00606-000,BraTS-MET-00606-000,BraTSMET_000362,BraTS-MET-00606-000,run_3104668,t1c,0001,/Users/hwaigc/比赛+课题/ECNU_EYU_data/work_space/G1/results/missing_t2w_completion/run_3104668/BraTS-MET-00606-000/BraTS-MET-00606-000-t1c.nii.gz,work_space/G2/results/synthetic_normalized/BraTS-MET-00606-000/BraTS-MET-00606-000-t1c.nii.gz,nnunet_raw/Dataset261_BraTS2026_MET_RealSynth/imagesTr/BraTSMET_000362_0001.nii.gz,native_2026,keep_native_2026_suffix,accepted_for_evaluation,False,True,False,False
BraTS-MET-00606-000,BraTS-MET-00606-000,BraTSMET_000362,BraTS-MET-00606-000,run_3104668,t2w,0002,/Users/hwaigc/比赛+课题/ECNU_EYU_data/work_space/G1/results/missing_t2w_completion/run_3104668/BraTS-MET-00606-000/BraTS-MET-00606-000-t2w.nii.gz,work_space/G2/results/synthetic_normalized/BraTS-MET-00606-000/BraTS-MET-00606-000-t2w.nii.gz,nnunet_raw/Dataset261_BraTS2026_MET_RealSynth/imagesTr/BraTSMET_000362_0002.nii.gz,native_2026,keep_native_2026_suffix,accepted_for_evaluation,False,True,False,False
BraTS-MET-00606-000,BraTS-MET-00606-000,BraTSMET_000362,BraTS-MET-00606-000,run_3104668,t2f,0003,/Users/hwaigc/比赛+课题/ECNU_EYU_data/work_space/G1/results/missing_t2w_completion/run_3104668/BraTS-MET-00606-000/BraTS-MET-00606-000-t2f.nii.gz,work_space/G2/results/synthetic_normalized/BraTS-MET-00606-000/BraTS-MET-00606-000-t2f.nii.gz,nnunet_raw/Dataset261_BraTS2026_MET_RealSynth/imagesTr/BraTSMET_000362_0003.nii.gz,native_2026,keep_native_2026_suffix,accepted_for_evaluation,False,True,False,False
BraTS-MET-00606-000,BraTS-MET-00606-000,BraTSMET_000362,BraTS-MET-00606-000,run_3104668,seg,label,/Users/hwaigc/比赛+课题/ECNU_EYU_data/work_space/G1/results/missing_t2w_completion/run_3104668/BraTS-MET-00606-000/BraTS-MET-00606-000-seg.nii.gz,work_space/G2/results/synthetic_normalized/BraTS-MET-00606-000/BraTS-MET-00606-000-seg.nii.gz,nnunet_raw/Dataset261_BraTS2026_MET_RealSynth/labelsTr/BraTSMET_000362.nii.gz,native_2026,keep_native_2026_suffix,accepted_for_evaluation,False,True,False,False
BraTS-MET-00607-000,BraTS-MET-00607-000,BraTSMET_000363,BraTS-MET-00607-000,run_3104668,t1n,0000,/Users/hwaigc/比赛+课题/ECNU_EYU_data/work_space/G1/results/missing_t2w_completion/run_3104668/BraTS-MET-00607-000/BraTS-MET-00607-000-t1n.nii.gz,work_space/G2/results/synthetic_normalized/BraTS-MET-00607-000/BraTS-MET-00607-000-t1n.nii.gz,nnunet_raw/Dataset261_BraTS2026_MET_RealSynth/imagesTr/BraTSMET_000363_0000.nii.gz,native_2026,keep_native_2026_suffix,accepted_for_training,True,False,False,False
BraTS-MET-00607-000,BraTS-MET-00607-000,BraTSMET_000363,BraTS-MET-00607-000,run_3104668,t1c,0001,/Users/hwaigc/比赛+课题/ECNU_EYU_data/work_space/G1/results/missing_t2w_completion/run_3104668/BraTS-MET-00607-000/BraTS-MET-00607-000-t1c.nii.gz,work_space/G2/results/synthetic_normalized/BraTS-MET-00607-000/BraTS-MET-00607-000-t1c.nii.gz,nnunet_raw/Dataset261_BraTS2026_MET_RealSynth/imagesTr/BraTSMET_000363_0001.nii.gz,native_2026,keep_native_2026_suffix,accepted_for_training,True,False,False,False
BraTS-MET-00607-000,BraTS-MET-00607-000,BraTSMET_000363,BraTS-MET-00607-000,run_3104668,t2w,0002,/Users/hwaigc/比赛+课题/ECNU_EYU_data/work_space/G1/results/missing_t2w_completion/run_3104668/BraTS-MET-00607-000/BraTS-MET-00607-000-t2w.nii.gz,work_space/G2/results/synthetic_normalized/BraTS-MET-00607-000/BraTS-MET-00607-000-t2w.nii.gz,nnunet_raw/Dataset261_BraTS2026_MET_RealSynth/imagesTr/BraTSMET_000363_0002.nii.gz,native_2026,keep_native_2026_suffix,accepted_for_training,True,False,False,False
BraTS-MET-00607-000,BraTS-MET-00607-000,BraTSMET_000363,BraTS-MET-00607-000,run_3104668,t2f,0003,/Users/hwaigc/比赛+课题/ECNU_EYU_data/work_space/G1/results/missing_t2w_completion/run_3104668/BraTS-MET-00607-000/BraTS-MET-00607-000-t2f.nii.gz,work_space/G2/results/synthetic_normalized/BraTS-MET-00607-000/BraTS-MET-00607-000-t2f.nii.gz,nnunet_raw/Dataset261_BraTS2026_MET_RealSynth/imagesTr/BraTSMET_000363_0003.nii.gz,native_2026,keep_native_2026_suffix,accepted_for_training,True,False,False,False
BraTS-MET-00607-000,BraTS-MET-00607-000,BraTSMET_000363,BraTS-MET-00607-000,run_3104668,seg,label,/Users/hwaigc/比赛+课题/ECNU_EYU_data/work_space/G1/results/missing_t2w_completion/run_3104668/BraTS-MET-00607-000/BraTS-MET-00607-000-seg.nii.gz,work_space/G2/results/synthetic_normalized/BraTS-MET-00607-000/BraTS-MET-00607-000-seg.nii.gz,nnunet_raw/Dataset261_BraTS2026_MET_RealSynth/labelsTr/BraTSMET_000363.nii.gz,native_2026,keep_native_2026_suffix,accepted_for_training,True,False,False,False
BraTS-MET-00608-000,BraTS-MET-00608-000,BraTSMET_000364,BraTS-MET-00608-000,run_3104668,t1n,0000,/Users/hwaigc/比赛+课题/ECNU_EYU_data/work_space/G1/results/missing_t2w_completion/run_3104668/BraTS-MET-00608-000/BraTS-MET-00608-000-t1n.nii.gz,work_space/G2/results/synthetic_normalized/BraTS-MET-00608-000/BraTS-MET-00608-000-t1n.nii.gz,nnunet_raw/Dataset261_BraTS2026_MET_RealSynth/imagesTr/BraTSMET_000364_0000.nii.gz,native_2026,keep_native_2026_suffix,accepted_for_training,True,False,False,False
BraTS-MET-00608-000,BraTS-MET-00608-000,BraTSMET_000364,BraTS-MET-00608-000,run_3104668,t1c,0001,/Users/hwaigc/比赛+课题/ECNU_EYU_data/work_space/G1/results/missing_t2w_completion/run_3104668/BraTS-MET-00608-000/BraTS-MET-00608-000-t1c.nii.gz,work_space/G2/results/synthetic_normalized/BraTS-MET-00608-000/BraTS-MET-00608-000-t1c.nii.gz,nnunet_raw/Dataset261_BraTS2026_MET_RealSynth/imagesTr/BraTSMET_000364_0001.nii.gz,native_2026,keep_native_2026_suffix,accepted_for_training,True,False,False,False
BraTS-MET-00608-000,BraTS-MET-00608-000,BraTSMET_000364,BraTS-MET-00608-000,run_3104668,t2w,0002,/Users/hwaigc/比赛+课题/ECNU_EYU_data/work_space/G1/results/missing_t2w_completion/run_3104668/BraTS-MET-00608-000/BraTS-MET-00608-000-t2w.nii.gz,work_space/G2/results/synthetic_normalized/BraTS-MET-00608-000/BraTS-MET-00608-000-t2w.nii.gz,nnunet_raw/Dataset261_BraTS2026_MET_RealSynth/imagesTr/BraTSMET_000364_0002.nii.gz,native_2026,keep_native_2026_suffix,accepted_for_training,True,False,False,False
BraTS-MET-00608-000,BraTS-MET-00608-000,BraTSMET_000364,BraTS-MET-00608-000,run_3104668,t2f,0003,/Users/hwaigc/比赛+课题/ECNU_EYU_data/work_space/G1/results/missing_t2w_completion/run_3104668/BraTS-MET-00608-000/BraTS-MET-00608-000-t2f.nii.gz,work_space/G2/results/synthetic_normalized/BraTS-MET-00608-000/BraTS-MET-00608-000-t2f.nii.gz,nnunet_raw/Dataset261_BraTS2026_MET_RealSynth/imagesTr/BraTSMET_000364_0003.nii.gz,native_2026,keep_native_2026_suffix,accepted_for_training,True,False,False,False
BraTS-MET-00608-000,BraTS-MET-00608-000,BraTSMET_000364,BraTS-MET-00608-000,run_3104668,seg,label,/Users/hwaigc/比赛+课题/ECNU_EYU_data/work_space/G1/results/missing_t2w_completion/run_3104668/BraTS-MET-00608-000/BraTS-MET-00608-000-seg.nii.gz,work_space/G2/results/synthetic_normalized/BraTS-MET-00608-000/BraTS-MET-00608-000-seg.nii.gz,nnunet_raw/Dataset261_BraTS2026_MET_RealSynth/labelsTr/BraTSMET_000364.nii.gz,native_2026,keep_native_2026_suffix,accepted_for_training,True,False,False,False
BraTS-MET-00609-000,BraTS-MET-00609-000,BraTSMET_000365,BraTS-MET-00609-000,run_3104668,t1n,0000,/Users/hwaigc/比赛+课题/ECNU_EYU_data/work_space/G1/results/missing_t2w_completion/run_3104668/BraTS-MET-00609-000/BraTS-MET-00609-000-t1n.nii.gz,work_space/G2/results/synthetic_normalized/BraTS-MET-00609-000/BraTS-MET-00609-000-t1n.nii.gz,nnunet_raw/Dataset261_BraTS2026_MET_RealSynth/imagesTr/BraTSMET_000365_0000.nii.gz,native_2026,keep_native_2026_suffix,accepted_for_training,True,False,False,False
BraTS-MET-00609-000,BraTS-MET-00609-000,BraTSMET_000365,BraTS-MET-00609-000,run_3104668,t1c,0001,/Users/hwaigc/比赛+课题/ECNU_EYU_data/work_space/G1/results/missing_t2w_completion/run_3104668/BraTS-MET-00609-000/BraTS-MET-00609-000-t1c.nii.gz,work_space/G2/results/synthetic_normalized/BraTS-MET-00609-000/BraTS-MET-00609-000-t1c.nii.gz,nnunet_raw/Dataset261_BraTS2026_MET_RealSynth/imagesTr/BraTSMET_000365_0001.nii.gz,native_2026,keep_native_2026_suffix,accepted_for_training,True,False,False,False
BraTS-MET-00609-000,BraTS-MET-00609-000,BraTSMET_000365,BraTS-MET-00609-000,run_3104668,t2w,0002,/Users/hwaigc/比赛+课题/ECNU_EYU_data/work_space/G1/results/missing_t2w_completion/run_3104668/BraTS-MET-00609-000/BraTS-MET-00609-000-t2w.nii.gz,work_space/G2/results/synthetic_normalized/BraTS-MET-00609-000/BraTS-MET-00609-000-t2w.nii.gz,nnunet_raw/Dataset261_BraTS2026_MET_RealSynth/imagesTr/BraTSMET_000365_0002.nii.gz,native_2026,keep_native_2026_suffix,accepted_for_training,True,False,False,False
BraTS-MET-00609-000,BraTS-MET-00609-000,BraTSMET_000365,BraTS-MET-00609-000,run_3104668,t2f,0003,/Users/hwaigc/比赛+课题/ECNU_EYU_data/work_space/G1/results/missing_t2w_completion/run_3104668/BraTS-MET-00609-000/BraTS-MET-00609-000-t2f.nii.gz,work_space/G2/results/synthetic_normalized/BraTS-MET-00609-000/BraTS-MET-00609-000-t2f.nii.gz,nnunet_raw/Dataset261_BraTS2026_MET_RealSynth/imagesTr/BraTSMET_000365_0003.nii.gz,native_2026,keep_native_2026_suffix,accepted_for_training,True,False,False,False
BraTS-MET-00609-000,BraTS-MET-00609-000,BraTSMET_000365,BraTS-MET-00609-000,run_3104668,seg,label,/Users/hwaigc/比赛+课题/ECNU_EYU_data/work_space/G1/results/missing_t2w_completion/run_3104668/BraTS-MET-00609-000/BraTS-MET-00609-000-seg.nii.gz,work_space/G2/results/synthetic_normalized/BraTS-MET-00609-000/BraTS-MET-00609-000-seg.nii.gz,nnunet_raw/Dataset261_BraTS2026_MET_RealSynth/labelsTr/BraTSMET_000365.nii.gz,native_2026,keep_native_2026_suffix,accepted_for_training,True,False,False,False
BraTS-MET-00610-000,BraTS-MET-00610-000,BraTSMET_000366,BraTS-MET-00610-000,run_3104668,t1n,0000,/Users/hwaigc/比赛+课题/ECNU_EYU_data/work_space/G1/results/missing_t2w_completion/run_3104668/BraTS-MET-00610-000/BraTS-MET-00610-000-t1n.nii.gz,work_space/G2/results/synthetic_normalized/BraTS-MET-00610-000/BraTS-MET-00610-000-t1n.nii.gz,nnunet_raw/Dataset261_BraTS2026_MET_RealSynth/imagesTr/BraTSMET_000366_0000.nii.gz,native_2026,keep_native_2026_suffix,accepted_for_training,True,False,False,False
BraTS-MET-00610-000,BraTS-MET-00610-000,BraTSMET_000366,BraTS-MET-00610-000,run_3104668,t1c,0001,/Users/hwaigc/比赛+课题/ECNU_EYU_data/work_space/G1/results/missing_t2w_completion/run_3104668/BraTS-MET-00610-000/BraTS-MET-00610-000-t1c.nii.gz,work_space/G2/results/synthetic_normalized/BraTS-MET-00610-000/BraTS-MET-00610-000-t1c.nii.gz,nnunet_raw/Dataset261_BraTS2026_MET_RealSynth/imagesTr/BraTSMET_000366_0001.nii.gz,native_2026,keep_native_2026_suffix,accepted_for_training,True,False,False,False
BraTS-MET-00610-000,BraTS-MET-00610-000,BraTSMET_000366,BraTS-MET-00610-000,run_3104668,t2w,0002,/Users/hwaigc/比赛+课题/ECNU_EYU_data/work_space/G1/results/missing_t2w_completion/run_3104668/BraTS-MET-00610-000/BraTS-MET-00610-000-t2w.nii.gz,work_space/G2/results/synthetic_normalized/BraTS-MET-00610-000/BraTS-MET-00610-000-t2w.nii.gz,nnunet_raw/Dataset261_BraTS2026_MET_RealSynth/imagesTr/BraTSMET_000366_0002.nii.gz,native_2026,keep_native_2026_suffix,accepted_for_training,True,False,False,False
BraTS-MET-00610-000,BraTS-MET-00610-000,BraTSMET_000366,BraTS-MET-00610-000,run_3104668,t2f,0003,/Users/hwaigc/比赛+课题/ECNU_EYU_data/work_space/G1/results/missing_t2w_completion/run_3104668/BraTS-MET-00610-000/BraTS-MET-00610-000-t2f.nii.gz,work_space/G2/results/synthetic_normalized/BraTS-MET-00610-000/BraTS-MET-00610-000-t2f.nii.gz,nnunet_raw/Dataset261_BraTS2026_MET_RealSynth/imagesTr/BraTSMET_000366_0003.nii.gz,native_2026,keep_native_2026_suffix,accepted_for_training,True,False,False,False
BraTS-MET-00610-000,BraTS-MET-00610-000,BraTSMET_000366,BraTS-MET-00610-000,run_3104668,seg,label,/Users/hwaigc/比赛+课题/ECNU_EYU_data/work_space/G1/results/missing_t2w_completion/run_3104668/BraTS-MET-00610-000/BraTS-MET-00610-000-seg.nii.gz,work_space/G2/results/synthetic_normalized/BraTS-MET-00610-000/BraTS-MET-00610-000-seg.nii.gz,nnunet_raw/Dataset261_BraTS2026_MET_RealSynth/labelsTr/BraTSMET_000366.nii.gz,native_2026,keep_native_2026_suffix,accepted_for_training,True,False,False,False
BraTS-MET-00611-000,BraTS-MET-00611-000,BraTSMET_000367,BraTS-MET-00611-000,run_3104668,t1n,0000,/Users/hwaigc/比赛+课题/ECNU_EYU_data/work_space/G1/results/missing_t2w_completion/run_3104668/BraTS-MET-00611-000/BraTS-MET-00611-000-t1n.nii.gz,work_space/G2/results/synthetic_normalized/BraTS-MET-00611-000/BraTS-MET-00611-000-t1n.nii.gz,nnunet_raw/Dataset261_BraTS2026_MET_RealSynth/imagesTr/BraTSMET_000367_0000.nii.gz,native_2026,keep_native_2026_suffix,accepted_for_training,True,False,False,False
BraTS-MET-00611-000,BraTS-MET-00611-000,BraTSMET_000367,BraTS-MET-00611-000,run_3104668,t1c,0001,/Users/hwaigc/比赛+课题/ECNU_EYU_data/work_space/G1/results/missing_t2w_completion/run_3104668/BraTS-MET-00611-000/BraTS-MET-00611-000-t1c.nii.gz,work_space/G2/results/synthetic_normalized/BraTS-MET-00611-000/BraTS-MET-00611-000-t1c.nii.gz,nnunet_raw/Dataset261_BraTS2026_MET_RealSynth/imagesTr/BraTSMET_000367_0001.nii.gz,native_2026,keep_native_2026_suffix,accepted_for_training,True,False,False,False
BraTS-MET-00611-000,BraTS-MET-00611-000,BraTSMET_000367,BraTS-MET-00611-000,run_3104668,t2w,0002,/Users/hwaigc/比赛+课题/ECNU_EYU_data/work_space/G1/results/missing_t2w_completion/run_3104668/BraTS-MET-00611-000/BraTS-MET-00611-000-t2w.nii.gz,work_space/G2/results/synthetic_normalized/BraTS-MET-00611-000/BraTS-MET-00611-000-t2w.nii.gz,nnunet_raw/Dataset261_BraTS2026_MET_RealSynth/imagesTr/BraTSMET_000367_0002.nii.gz,native_2026,keep_native_2026_suffix,accepted_for_training,True,False,False,False
BraTS-MET-00611-000,BraTS-MET-00611-000,BraTSMET_000367,BraTS-MET-00611-000,run_3104668,t2f,0003,/Users/hwaigc/比赛+课题/ECNU_EYU_data/work_space/G1/results/missing_t2w_completion/run_3104668/BraTS-MET-00611-000/BraTS-MET-00611-000-t2f.nii.gz,work_space/G2/results/synthetic_normalized/BraTS-MET-00611-000/BraTS-MET-00611-000-t2f.nii.gz,nnunet_raw/Dataset261_BraTS2026_MET_RealSynth/imagesTr/BraTSMET_000367_0003.nii.gz,native_2026,keep_native_2026_suffix,accepted_for_training,True,False,False,False
BraTS-MET-00611-000,BraTS-MET-00611-000,BraTSMET_000367,BraTS-MET-00611-000,run_3104668,seg,label,/Users/hwaigc/比赛+课题/ECNU_EYU_data/work_space/G1/results/missing_t2w_completion/run_3104668/BraTS-MET-00611-000/BraTS-MET-00611-000-seg.nii.gz,work_space/G2/results/synthetic_normalized/BraTS-MET-00611-000/BraTS-MET-00611-000-seg.nii.gz,nnunet_raw/Dataset261_BraTS2026_MET_RealSynth/labelsTr/BraTSMET_000367.nii.gz,native_2026,keep_native_2026_suffix,accepted_for_training,True,False,False,False
BraTS-MET-00612-000,BraTS-MET-00612-000,BraTSMET_000368,BraTS-MET-00612-000,run_3104668,t1n,0000,/Users/hwaigc/比赛+课题/ECNU_EYU_data/work_space/G1/results/missing_t2w_completion/run_3104668/BraTS-MET-00612-000/BraTS-MET-00612-000-t1n.nii.gz,work_space/G2/results/synthetic_normalized/BraTS-MET-00612-000/BraTS-MET-00612-000-t1n.nii.gz,nnunet_raw/Dataset261_BraTS2026_MET_RealSynth/imagesTr/BraTSMET_000368_0000.nii.gz,native_2026,keep_native_2026_suffix,accepted_for_evaluation,False,True,False,False
BraTS-MET-00612-000,BraTS-MET-00612-000,BraTSMET_000368,BraTS-MET-00612-000,run_3104668,t1c,0001,/Users/hwaigc/比赛+课题/ECNU_EYU_data/work_space/G1/results/missing_t2w_completion/run_3104668/BraTS-MET-00612-000/BraTS-MET-00612-000-t1c.nii.gz,work_space/G2/results/synthetic_normalized/BraTS-MET-00612-000/BraTS-MET-00612-000-t1c.nii.gz,nnunet_raw/Dataset261_BraTS2026_MET_RealSynth/imagesTr/BraTSMET_000368_0001.nii.gz,native_2026,keep_native_2026_suffix,accepted_for_evaluation,False,True,False,False
BraTS-MET-00612-000,BraTS-MET-00612-000,BraTSMET_000368,BraTS-MET-00612-000,run_3104668,t2w,0002,/Users/hwaigc/比赛+课题/ECNU_EYU_data/work_space/G1/results/missing_t2w_completion/run_3104668/BraTS-MET-00612-000/BraTS-MET-00612-000-t2w.nii.gz,work_space/G2/results/synthetic_normalized/BraTS-MET-00612-000/BraTS-MET-00612-000-t2w.nii.gz,nnunet_raw/Dataset261_BraTS2026_MET_RealSynth/imagesTr/BraTSMET_000368_0002.nii.gz,native_2026,keep_native_2026_suffix,accepted_for_evaluation,False,True,False,False
BraTS-MET-00612-000,BraTS-MET-00612-000,BraTSMET_000368,BraTS-MET-00612-000,run_3104668,t2f,0003,/Users/hwaigc/比赛+课题/ECNU_EYU_data/work_space/G1/results/missing_t2w_completion/run_3104668/BraTS-MET-00612-000/BraTS-MET-00612-000-t2f.nii.gz,work_space/G2/results/synthetic_normalized/BraTS-MET-00612-000/BraTS-MET-00612-000-t2f.nii.gz,nnunet_raw/Dataset261_BraTS2026_MET_RealSynth/imagesTr/BraTSMET_000368_0003.nii.gz,native_2026,keep_native_2026_suffix,accepted_for_evaluation,False,True,False,False
BraTS-MET-00612-000,BraTS-MET-00612-000,BraTSMET_000368,BraTS-MET-00612-000,run_3104668,seg,label,/Users/hwaigc/比赛+课题/ECNU_EYU_data/work_space/G1/results/missing_t2w_completion/run_3104668/BraTS-MET-00612-000/BraTS-MET-00612-000-seg.nii.gz,work_space/G2/results/synthetic_normalized/BraTS-MET-00612-000/BraTS-MET-00612-000-seg.nii.gz,nnunet_raw/Dataset261_BraTS2026_MET_RealSynth/labelsTr/BraTSMET_000368.nii.gz,native_2026,keep_native_2026_suffix,accepted_for_evaluation,False,True,False,False
BraTS-MET-00614-000,BraTS-MET-00614-000,BraTSMET_000371,BraTS-MET-00614-000,run_3104668,t1n,0000,/Users/hwaigc/比赛+课题/ECNU_EYU_data/work_space/G1/results/missing_t2w_completion/run_3104668/BraTS-MET-00614-000/BraTS-MET-00614-000-t1n.nii.gz,work_space/G2/results/synthetic_normalized/BraTS-MET-00614-000/BraTS-MET-00614-000-t1n.nii.gz,nnunet_raw/Dataset261_BraTS2026_MET_RealSynth/imagesTr/BraTSMET_000371_0000.nii.gz,native_2026,keep_native_2026_suffix,accepted_for_training,True,False,False,False
BraTS-MET-00614-000,BraTS-MET-00614-000,BraTSMET_000371,BraTS-MET-00614-000,run_3104668,t1c,0001,/Users/hwaigc/比赛+课题/ECNU_EYU_data/work_space/G1/results/missing_t2w_completion/run_3104668/BraTS-MET-00614-000/BraTS-MET-00614-000-t1c.nii.gz,work_space/G2/results/synthetic_normalized/BraTS-MET-00614-000/BraTS-MET-00614-000-t1c.nii.gz,nnunet_raw/Dataset261_BraTS2026_MET_RealSynth/imagesTr/BraTSMET_000371_0001.nii.gz,native_2026,keep_native_2026_suffix,accepted_for_training,True,False,False,False
BraTS-MET-00614-000,BraTS-MET-00614-000,BraTSMET_000371,BraTS-MET-00614-000,run_3104668,t2w,0002,/Users/hwaigc/比赛+课题/ECNU_EYU_data/work_space/G1/results/missing_t2w_completion/run_3104668/BraTS-MET-00614-000/BraTS-MET-00614-000-t2w.nii.gz,work_space/G2/results/synthetic_normalized/BraTS-MET-00614-000/BraTS-MET-00614-000-t2w.nii.gz,nnunet_raw/Dataset261_BraTS2026_MET_RealSynth/imagesTr/BraTSMET_000371_0002.nii.gz,native_2026,keep_native_2026_suffix,accepted_for_training,True,False,False,False
BraTS-MET-00614-000,BraTS-MET-00614-000,BraTSMET_000371,BraTS-MET-00614-000,run_3104668,t2f,0003,/Users/hwaigc/比赛+课题/ECNU_EYU_data/work_space/G1/results/missing_t2w_completion/run_3104668/BraTS-MET-00614-000/BraTS-MET-00614-000-t2f.nii.gz,work_space/G2/results/synthetic_normalized/BraTS-MET-00614-000/BraTS-MET-00614-000-t2f.nii.gz,nnunet_raw/Dataset261_BraTS2026_MET_RealSynth/imagesTr/BraTSMET_000371_0003.nii.gz,native_2026,keep_native_2026_suffix,accepted_for_training,True,False,False,False
BraTS-MET-00614-000,BraTS-MET-00614-000,BraTSMET_000371,BraTS-MET-00614-000,run_3104668,seg,label,/Users/hwaigc/比赛+课题/ECNU_EYU_data/work_space/G1/results/missing_t2w_completion/run_3104668/BraTS-MET-00614-000/BraTS-MET-00614-000-seg.nii.gz,work_space/G2/results/synthetic_normalized/BraTS-MET-00614-000/BraTS-MET-00614-000-seg.nii.gz,nnunet_raw/Dataset261_BraTS2026_MET_RealSynth/labelsTr/BraTSMET_000371.nii.gz,native_2026,keep_native_2026_suffix,accepted_for_training,True,False,False,False
BraTS-MET-00615-000,BraTS-MET-00615-000,BraTSMET_000372,BraTS-MET-00615-000,run_3104668,t1n,0000,/Users/hwaigc/比赛+课题/ECNU_EYU_data/work_space/G1/results/missing_t2w_completion/run_3104668/BraTS-MET-00615-000/BraTS-MET-00615-000-t1n.nii.gz,work_space/G2/results/synthetic_normalized/BraTS-MET-00615-000/BraTS-MET-00615-000-t1n.nii.gz,nnunet_raw/Dataset261_BraTS2026_MET_RealSynth/imagesTr/BraTSMET_000372_0000.nii.gz,native_2026,keep_native_2026_suffix,accepted_for_training,True,False,False,False
BraTS-MET-00615-000,BraTS-MET-00615-000,BraTSMET_000372,BraTS-MET-00615-000,run_3104668,t1c,0001,/Users/hwaigc/比赛+课题/ECNU_EYU_data/work_space/G1/results/missing_t2w_completion/run_3104668/BraTS-MET-00615-000/BraTS-MET-00615-000-t1c.nii.gz,work_space/G2/results/synthetic_normalized/BraTS-MET-00615-000/BraTS-MET-00615-000-t1c.nii.gz,nnunet_raw/Dataset261_BraTS2026_MET_RealSynth/imagesTr/BraTSMET_000372_0001.nii.gz,native_2026,keep_native_2026_suffix,accepted_for_training,True,False,False,False
BraTS-MET-00615-000,BraTS-MET-00615-000,BraTSMET_000372,BraTS-MET-00615-000,run_3104668,t2w,0002,/Users/hwaigc/比赛+课题/ECNU_EYU_data/work_space/G1/results/missing_t2w_completion/run_3104668/BraTS-MET-00615-000/BraTS-MET-00615-000-t2w.nii.gz,work_space/G2/results/synthetic_normalized/BraTS-MET-00615-000/BraTS-MET-00615-000-t2w.nii.gz,nnunet_raw/Dataset261_BraTS2026_MET_RealSynth/imagesTr/BraTSMET_000372_0002.nii.gz,native_2026,keep_native_2026_suffix,accepted_for_training,True,False,False,False
BraTS-MET-00615-000,BraTS-MET-00615-000,BraTSMET_000372,BraTS-MET-00615-000,run_3104668,t2f,0003,/Users/hwaigc/比赛+课题/ECNU_EYU_data/work_space/G1/results/missing_t2w_completion/run_3104668/BraTS-MET-00615-000/BraTS-MET-00615-000-t2f.nii.gz,work_space/G2/results/synthetic_normalized/BraTS-MET-00615-000/BraTS-MET-00615-000-t2f.nii.gz,nnunet_raw/Dataset261_BraTS2026_MET_RealSynth/imagesTr/BraTSMET_000372_0003.nii.gz,native_2026,keep_native_2026_suffix,accepted_for_training,True,False,False,False
BraTS-MET-00615-000,BraTS-MET-00615-000,BraTSMET_000372,BraTS-MET-00615-000,run_3104668,seg,label,/Users/hwaigc/比赛+课题/ECNU_EYU_data/work_space/G1/results/missing_t2w_completion/run_3104668/BraTS-MET-00615-000/BraTS-MET-00615-000-seg.nii.gz,work_space/G2/results/synthetic_normalized/BraTS-MET-00615-000/BraTS-MET-00615-000-seg.nii.gz,nnunet_raw/Dataset261_BraTS2026_MET_RealSynth/labelsTr/BraTSMET_000372.nii.gz,native_2026,keep_native_2026_suffix,accepted_for_training,True,False,False,False
BraTS-MET-00616-000,BraTS-MET-00616-000,BraTSMET_000373,BraTS-MET-00616-000,run_3104668,t1n,0000,/Users/hwaigc/比赛+课题/ECNU_EYU_data/work_space/G1/results/missing_t2w_completion/run_3104668/BraTS-MET-00616-000/BraTS-MET-00616-000-t1n.nii.gz,work_space/G2/results/synthetic_normalized/BraTS-MET-00616-000/BraTS-MET-00616-000-t1n.nii.gz,nnunet_raw/Dataset261_BraTS2026_MET_RealSynth/imagesTs/BraTSMET_000373_0000.nii.gz,native_2026,keep_native_2026_suffix,accepted_for_evaluation,False,True,False,False
BraTS-MET-00616-000,BraTS-MET-00616-000,BraTSMET_000373,BraTS-MET-00616-000,run_3104668,t1c,0001,/Users/hwaigc/比赛+课题/ECNU_EYU_data/work_space/G1/results/missing_t2w_completion/run_3104668/BraTS-MET-00616-000/BraTS-MET-00616-000-t1c.nii.gz,work_space/G2/results/synthetic_normalized/BraTS-MET-00616-000/BraTS-MET-00616-000-t1c.nii.gz,nnunet_raw/Dataset261_BraTS2026_MET_RealSynth/imagesTs/BraTSMET_000373_0001.nii.gz,native_2026,keep_native_2026_suffix,accepted_for_evaluation,False,True,False,False
BraTS-MET-00616-000,BraTS-MET-00616-000,BraTSMET_000373,BraTS-MET-00616-000,run_3104668,t2w,0002,/Users/hwaigc/比赛+课题/ECNU_EYU_data/work_space/G1/results/missing_t2w_completion/run_3104668/BraTS-MET-00616-000/BraTS-MET-00616-000-t2w.nii.gz,work_space/G2/results/synthetic_normalized/BraTS-MET-00616-000/BraTS-MET-00616-000-t2w.nii.gz,nnunet_raw/Dataset261_BraTS2026_MET_RealSynth/imagesTs/BraTSMET_000373_0002.nii.gz,native_2026,keep_native_2026_suffix,accepted_for_evaluation,False,True,False,False
BraTS-MET-00616-000,BraTS-MET-00616-000,BraTSMET_000373,BraTS-MET-00616-000,run_3104668,t2f,0003,/Users/hwaigc/比赛+课题/ECNU_EYU_data/work_space/G1/results/missing_t2w_completion/run_3104668/BraTS-MET-00616-000/BraTS-MET-00616-000-t2f.nii.gz,work_space/G2/results/synthetic_normalized/BraTS-MET-00616-000/BraTS-MET-00616-000-t2f.nii.gz,nnunet_raw/Dataset261_BraTS2026_MET_RealSynth/imagesTs/BraTSMET_000373_0003.nii.gz,native_2026,keep_native_2026_suffix,accepted_for_evaluation,False,True,False,False
BraTS-MET-00616-000,BraTS-MET-00616-000,BraTSMET_000373,BraTS-MET-00616-000,run_3104668,seg,label,/Users/hwaigc/比赛+课题/ECNU_EYU_data/work_space/G1/results/missing_t2w_completion/run_3104668/BraTS-MET-00616-000/BraTS-MET-00616-000-seg.nii.gz,work_space/G2/results/synthetic_normalized/BraTS-MET-00616-000/BraTS-MET-00616-000-seg.nii.gz,nnunet_raw/Dataset261_BraTS2026_MET_RealSynth/labelsTs/BraTSMET_000373.nii.gz,native_2026,keep_native_2026_suffix,accepted_for_evaluation,False,True,False,False
BraTS-MET-00617-000,BraTS-MET-00617-000,BraTSMET_000374,BraTS-MET-00617-000,run_3104668,t1n,0000,/Users/hwaigc/比赛+课题/ECNU_EYU_data/work_space/G1/results/missing_t2w_completion/run_3104668/BraTS-MET-00617-000/BraTS-MET-00617-000-t1n.nii.gz,work_space/G2/results/synthetic_normalized/BraTS-MET-00617-000/BraTS-MET-00617-000-t1n.nii.gz,nnunet_raw/Dataset261_BraTS2026_MET_RealSynth/imagesTr/BraTSMET_000374_0000.nii.gz,native_2026,keep_native_2026_suffix,accepted_for_evaluation,False,True,False,False
BraTS-MET-00617-000,BraTS-MET-00617-000,BraTSMET_000374,BraTS-MET-00617-000,run_3104668,t1c,0001,/Users/hwaigc/比赛+课题/ECNU_EYU_data/work_space/G1/results/missing_t2w_completion/run_3104668/BraTS-MET-00617-000/BraTS-MET-00617-000-t1c.nii.gz,work_space/G2/results/synthetic_normalized/BraTS-MET-00617-000/BraTS-MET-00617-000-t1c.nii.gz,nnunet_raw/Dataset261_BraTS2026_MET_RealSynth/imagesTr/BraTSMET_000374_0001.nii.gz,native_2026,keep_native_2026_suffix,accepted_for_evaluation,False,True,False,False
BraTS-MET-00617-000,BraTS-MET-00617-000,BraTSMET_000374,BraTS-MET-00617-000,run_3104668,t2w,0002,/Users/hwaigc/比赛+课题/ECNU_EYU_data/work_space/G1/results/missing_t2w_completion/run_3104668/BraTS-MET-00617-000/BraTS-MET-00617-000-t2w.nii.gz,work_space/G2/results/synthetic_normalized/BraTS-MET-00617-000/BraTS-MET-00617-000-t2w.nii.gz,nnunet_raw/Dataset261_BraTS2026_MET_RealSynth/imagesTr/BraTSMET_000374_0002.nii.gz,native_2026,keep_native_2026_suffix,accepted_for_evaluation,False,True,False,False
BraTS-MET-00617-000,BraTS-MET-00617-000,BraTSMET_000374,BraTS-MET-00617-000,run_3104668,t2f,0003,/Users/hwaigc/比赛+课题/ECNU_EYU_data/work_space/G1/results/missing_t2w_completion/run_3104668/BraTS-MET-00617-000/BraTS-MET-00617-000-t2f.nii.gz,work_space/G2/results/synthetic_normalized/BraTS-MET-00617-000/BraTS-MET-00617-000-t2f.nii.gz,nnunet_raw/Dataset261_BraTS2026_MET_RealSynth/imagesTr/BraTSMET_000374_0003.nii.gz,native_2026,keep_native_2026_suffix,accepted_for_evaluation,False,True,False,False
BraTS-MET-00617-000,BraTS-MET-00617-000,BraTSMET_000374,BraTS-MET-00617-000,run_3104668,seg,label,/Users/hwaigc/比赛+课题/ECNU_EYU_data/work_space/G1/results/missing_t2w_completion/run_3104668/BraTS-MET-00617-000/BraTS-MET-00617-000-seg.nii.gz,work_space/G2/results/synthetic_normalized/BraTS-MET-00617-000/BraTS-MET-00617-000-seg.nii.gz,nnunet_raw/Dataset261_BraTS2026_MET_RealSynth/labelsTr/BraTSMET_000374.nii.gz,native_2026,keep_native_2026_suffix,accepted_for_evaluation,False,True,False,False
BraTS-MET-00619-000,BraTS-MET-00619-000,BraTSMET_000376,BraTS-MET-00619-000,run_3104668,t1n,0000,/Users/hwaigc/比赛+课题/ECNU_EYU_data/work_space/G1/results/missing_t2w_completion/run_3104668/BraTS-MET-00619-000/BraTS-MET-00619-000-t1n.nii.gz,work_space/G2/results/synthetic_normalized/BraTS-MET-00619-000/BraTS-MET-00619-000-t1n.nii.gz,nnunet_raw/Dataset261_BraTS2026_MET_RealSynth/imagesTr/BraTSMET_000376_0000.nii.gz,native_2026,keep_native_2026_suffix,accepted_for_training,True,False,False,False
BraTS-MET-00619-000,BraTS-MET-00619-000,BraTSMET_000376,BraTS-MET-00619-000,run_3104668,t1c,0001,/Users/hwaigc/比赛+课题/ECNU_EYU_data/work_space/G1/results/missing_t2w_completion/run_3104668/BraTS-MET-00619-000/BraTS-MET-00619-000-t1c.nii.gz,work_space/G2/results/synthetic_normalized/BraTS-MET-00619-000/BraTS-MET-00619-000-t1c.nii.gz,nnunet_raw/Dataset261_BraTS2026_MET_RealSynth/imagesTr/BraTSMET_000376_0001.nii.gz,native_2026,keep_native_2026_suffix,accepted_for_training,True,False,False,False
BraTS-MET-00619-000,BraTS-MET-00619-000,BraTSMET_000376,BraTS-MET-00619-000,run_3104668,t2w,0002,/Users/hwaigc/比赛+课题/ECNU_EYU_data/work_space/G1/results/missing_t2w_completion/run_3104668/BraTS-MET-00619-000/BraTS-MET-00619-000-t2w.nii.gz,work_space/G2/results/synthetic_normalized/BraTS-MET-00619-000/BraTS-MET-00619-000-t2w.nii.gz,nnunet_raw/Dataset261_BraTS2026_MET_RealSynth/imagesTr/BraTSMET_000376_0002.nii.gz,native_2026,keep_native_2026_suffix,accepted_for_training,True,False,False,False
BraTS-MET-00619-000,BraTS-MET-00619-000,BraTSMET_000376,BraTS-MET-00619-000,run_3104668,t2f,0003,/Users/hwaigc/比赛+课题/ECNU_EYU_data/work_space/G1/results/missing_t2w_completion/run_3104668/BraTS-MET-00619-000/BraTS-MET-00619-000-t2f.nii.gz,work_space/G2/results/synthetic_normalized/BraTS-MET-00619-000/BraTS-MET-00619-000-t2f.nii.gz,nnunet_raw/Dataset261_BraTS2026_MET_RealSynth/imagesTr/BraTSMET_000376_0003.nii.gz,native_2026,keep_native_2026_suffix,accepted_for_training,True,False,False,False
BraTS-MET-00619-000,BraTS-MET-00619-000,BraTSMET_000376,BraTS-MET-00619-000,run_3104668,seg,label,/Users/hwaigc/比赛+课题/ECNU_EYU_data/work_space/G1/results/missing_t2w_completion/run_3104668/BraTS-MET-00619-000/BraTS-MET-00619-000-seg.nii.gz,work_space/G2/results/synthetic_normalized/BraTS-MET-00619-000/BraTS-MET-00619-000-seg.nii.gz,nnunet_raw/Dataset261_BraTS2026_MET_RealSynth/labelsTr/BraTSMET_000376.nii.gz,native_2026,keep_native_2026_suffix,accepted_for_training,True,False,False,False
BraTS-MET-00621-000,BraTS-MET-00621-000,BraTSMET_000378,BraTS-MET-00621-000,run_3104668,t1n,0000,/Users/hwaigc/比赛+课题/ECNU_EYU_data/work_space/G1/results/missing_t2w_completion/run_3104668/BraTS-MET-00621-000/BraTS-MET-00621-000-t1n.nii.gz,work_space/G2/results/synthetic_normalized/BraTS-MET-00621-000/BraTS-MET-00621-000-t1n.nii.gz,nnunet_raw/Dataset261_BraTS2026_MET_RealSynth/imagesTr/BraTSMET_000378_0000.nii.gz,native_2026,keep_native_2026_suffix,accepted_for_evaluation,False,True,False,False
BraTS-MET-00621-000,BraTS-MET-00621-000,BraTSMET_000378,BraTS-MET-00621-000,run_3104668,t1c,0001,/Users/hwaigc/比赛+课题/ECNU_EYU_data/work_space/G1/results/missing_t2w_completion/run_3104668/BraTS-MET-00621-000/BraTS-MET-00621-000-t1c.nii.gz,work_space/G2/results/synthetic_normalized/BraTS-MET-00621-000/BraTS-MET-00621-000-t1c.nii.gz,nnunet_raw/Dataset261_BraTS2026_MET_RealSynth/imagesTr/BraTSMET_000378_0001.nii.gz,native_2026,keep_native_2026_suffix,accepted_for_evaluation,False,True,False,False
BraTS-MET-00621-000,BraTS-MET-00621-000,BraTSMET_000378,BraTS-MET-00621-000,run_3104668,t2w,0002,/Users/hwaigc/比赛+课题/ECNU_EYU_data/work_space/G1/results/missing_t2w_completion/run_3104668/BraTS-MET-00621-000/BraTS-MET-00621-000-t2w.nii.gz,work_space/G2/results/synthetic_normalized/BraTS-MET-00621-000/BraTS-MET-00621-000-t2w.nii.gz,nnunet_raw/Dataset261_BraTS2026_MET_RealSynth/imagesTr/BraTSMET_000378_0002.nii.gz,native_2026,keep_native_2026_suffix,accepted_for_evaluation,False,True,False,False
BraTS-MET-00621-000,BraTS-MET-00621-000,BraTSMET_000378,BraTS-MET-00621-000,run_3104668,t2f,0003,/Users/hwaigc/比赛+课题/ECNU_EYU_data/work_space/G1/results/missing_t2w_completion/run_3104668/BraTS-MET-00621-000/BraTS-MET-00621-000-t2f.nii.gz,work_space/G2/results/synthetic_normalized/BraTS-MET-00621-000/BraTS-MET-00621-000-t2f.nii.gz,nnunet_raw/Dataset261_BraTS2026_MET_RealSynth/imagesTr/BraTSMET_000378_0003.nii.gz,native_2026,keep_native_2026_suffix,accepted_for_evaluation,False,True,False,False
BraTS-MET-00621-000,BraTS-MET-00621-000,BraTSMET_000378,BraTS-MET-00621-000,run_3104668,seg,label,/Users/hwaigc/比赛+课题/ECNU_EYU_data/work_space/G1/results/missing_t2w_completion/run_3104668/BraTS-MET-00621-000/BraTS-MET-00621-000-seg.nii.gz,work_space/G2/results/synthetic_normalized/BraTS-MET-00621-000/BraTS-MET-00621-000-seg.nii.gz,nnunet_raw/Dataset261_BraTS2026_MET_RealSynth/labelsTr/BraTSMET_000378.nii.gz,native_2026,keep_native_2026_suffix,accepted_for_evaluation,False,True,False,False
BraTS-MET-00622-000,BraTS-MET-00622-000,BraTSMET_000379,BraTS-MET-00622-000,run_3104668,t1n,0000,/Users/hwaigc/比赛+课题/ECNU_EYU_data/work_space/G1/results/missing_t2w_completion/run_3104668/BraTS-MET-00622-000/BraTS-MET-00622-000-t1n.nii.gz,work_space/G2/results/synthetic_normalized/BraTS-MET-00622-000/BraTS-MET-00622-000-t1n.nii.gz,nnunet_raw/Dataset261_BraTS2026_MET_RealSynth/imagesTr/BraTSMET_000379_0000.nii.gz,native_2026,keep_native_2026_suffix,accepted_for_training,True,False,False,False
BraTS-MET-00622-000,BraTS-MET-00622-000,BraTSMET_000379,BraTS-MET-00622-000,run_3104668,t1c,0001,/Users/hwaigc/比赛+课题/ECNU_EYU_data/work_space/G1/results/missing_t2w_completion/run_3104668/BraTS-MET-00622-000/BraTS-MET-00622-000-t1c.nii.gz,work_space/G2/results/synthetic_normalized/BraTS-MET-00622-000/BraTS-MET-00622-000-t1c.nii.gz,nnunet_raw/Dataset261_BraTS2026_MET_RealSynth/imagesTr/BraTSMET_000379_0001.nii.gz,native_2026,keep_native_2026_suffix,accepted_for_training,True,False,False,False
BraTS-MET-00622-000,BraTS-MET-00622-000,BraTSMET_000379,BraTS-MET-00622-000,run_3104668,t2w,0002,/Users/hwaigc/比赛+课题/ECNU_EYU_data/work_space/G1/results/missing_t2w_completion/run_3104668/BraTS-MET-00622-000/BraTS-MET-00622-000-t2w.nii.gz,work_space/G2/results/synthetic_normalized/BraTS-MET-00622-000/BraTS-MET-00622-000-t2w.nii.gz,nnunet_raw/Dataset261_BraTS2026_MET_RealSynth/imagesTr/BraTSMET_000379_0002.nii.gz,native_2026,keep_native_2026_suffix,accepted_for_training,True,False,False,False
BraTS-MET-00622-000,BraTS-MET-00622-000,BraTSMET_000379,BraTS-MET-00622-000,run_3104668,t2f,0003,/Users/hwaigc/比赛+课题/ECNU_EYU_data/work_space/G1/results/missing_t2w_completion/run_3104668/BraTS-MET-00622-000/BraTS-MET-00622-000-t2f.nii.gz,work_space/G2/results/synthetic_normalized/BraTS-MET-00622-000/BraTS-MET-00622-000-t2f.nii.gz,nnunet_raw/Dataset261_BraTS2026_MET_RealSynth/imagesTr/BraTSMET_000379_0003.nii.gz,native_2026,keep_native_2026_suffix,accepted_for_training,True,False,False,False
BraTS-MET-00622-000,BraTS-MET-00622-000,BraTSMET_000379,BraTS-MET-00622-000,run_3104668,seg,label,/Users/hwaigc/比赛+课题/ECNU_EYU_data/work_space/G1/results/missing_t2w_completion/run_3104668/BraTS-MET-00622-000/BraTS-MET-00622-000-seg.nii.gz,work_space/G2/results/synthetic_normalized/BraTS-MET-00622-000/BraTS-MET-00622-000-seg.nii.gz,nnunet_raw/Dataset261_BraTS2026_MET_RealSynth/labelsTr/BraTSMET_000379.nii.gz,native_2026,keep_native_2026_suffix,accepted_for_training,True,False,False,False
BraTS-MET-00623-001,BraTS-MET-00623-001,BraTSMET_000381,BraTS-MET-00623-001,run_3104668,t1n,0000,/Users/hwaigc/比赛+课题/ECNU_EYU_data/work_space/G1/results/missing_t2w_completion/run_3104668/BraTS-MET-00623-001/BraTS-MET-00623-001-t1n.nii.gz,work_space/G2/results/synthetic_normalized/BraTS-MET-00623-001/BraTS-MET-00623-001-t1n.nii.gz,nnunet_raw/Dataset261_BraTS2026_MET_RealSynth/imagesTr/BraTSMET_000381_0000.nii.gz,native_2026,keep_native_2026_suffix,accepted_for_training,True,False,False,False
BraTS-MET-00623-001,BraTS-MET-00623-001,BraTSMET_000381,BraTS-MET-00623-001,run_3104668,t1c,0001,/Users/hwaigc/比赛+课题/ECNU_EYU_data/work_space/G1/results/missing_t2w_completion/run_3104668/BraTS-MET-00623-001/BraTS-MET-00623-001-t1c.nii.gz,work_space/G2/results/synthetic_normalized/BraTS-MET-00623-001/BraTS-MET-00623-001-t1c.nii.gz,nnunet_raw/Dataset261_BraTS2026_MET_RealSynth/imagesTr/BraTSMET_000381_0001.nii.gz,native_2026,keep_native_2026_suffix,accepted_for_training,True,False,False,False
BraTS-MET-00623-001,BraTS-MET-00623-001,BraTSMET_000381,BraTS-MET-00623-001,run_3104668,t2w,0002,/Users/hwaigc/比赛+课题/ECNU_EYU_data/work_space/G1/results/missing_t2w_completion/run_3104668/BraTS-MET-00623-001/BraTS-MET-00623-001-t2w.nii.gz,work_space/G2/results/synthetic_normalized/BraTS-MET-00623-001/BraTS-MET-00623-001-t2w.nii.gz,nnunet_raw/Dataset261_BraTS2026_MET_RealSynth/imagesTr/BraTSMET_000381_0002.nii.gz,native_2026,keep_native_2026_suffix,accepted_for_training,True,False,False,False
BraTS-MET-00623-001,BraTS-MET-00623-001,BraTSMET_000381,BraTS-MET-00623-001,run_3104668,t2f,0003,/Users/hwaigc/比赛+课题/ECNU_EYU_data/work_space/G1/results/missing_t2w_completion/run_3104668/BraTS-MET-00623-001/BraTS-MET-00623-001-t2f.nii.gz,work_space/G2/results/synthetic_normalized/BraTS-MET-00623-001/BraTS-MET-00623-001-t2f.nii.gz,nnunet_raw/Dataset261_BraTS2026_MET_RealSynth/imagesTr/BraTSMET_000381_0003.nii.gz,native_2026,keep_native_2026_suffix,accepted_for_training,True,False,False,False
BraTS-MET-00623-001,BraTS-MET-00623-001,BraTSMET_000381,BraTS-MET-00623-001,run_3104668,seg,label,/Users/hwaigc/比赛+课题/ECNU_EYU_data/work_space/G1/results/missing_t2w_completion/run_3104668/BraTS-MET-00623-001/BraTS-MET-00623-001-seg.nii.gz,work_space/G2/results/synthetic_normalized/BraTS-MET-00623-001/BraTS-MET-00623-001-seg.nii.gz,nnunet_raw/Dataset261_BraTS2026_MET_RealSynth/labelsTr/BraTSMET_000381.nii.gz,native_2026,keep_native_2026_suffix,accepted_for_training,True,False,False,False
BraTS-MET-00624-000,BraTS-MET-00624-000,BraTSMET_000382,BraTS-MET-00624-000,run_3104668,t1n,0000,/Users/hwaigc/比赛+课题/ECNU_EYU_data/work_space/G1/results/missing_t2w_completion/run_3104668/BraTS-MET-00624-000/BraTS-MET-00624-000-t1n.nii.gz,work_space/G2/results/synthetic_normalized/BraTS-MET-00624-000/BraTS-MET-00624-000-t1n.nii.gz,nnunet_raw/Dataset261_BraTS2026_MET_RealSynth/imagesTr/BraTSMET_000382_0000.nii.gz,native_2026,keep_native_2026_suffix,accepted_for_training,True,False,False,False
BraTS-MET-00624-000,BraTS-MET-00624-000,BraTSMET_000382,BraTS-MET-00624-000,run_3104668,t1c,0001,/Users/hwaigc/比赛+课题/ECNU_EYU_data/work_space/G1/results/missing_t2w_completion/run_3104668/BraTS-MET-00624-000/BraTS-MET-00624-000-t1c.nii.gz,work_space/G2/results/synthetic_normalized/BraTS-MET-00624-000/BraTS-MET-00624-000-t1c.nii.gz,nnunet_raw/Dataset261_BraTS2026_MET_RealSynth/imagesTr/BraTSMET_000382_0001.nii.gz,native_2026,keep_native_2026_suffix,accepted_for_training,True,False,False,False
BraTS-MET-00624-000,BraTS-MET-00624-000,BraTSMET_000382,BraTS-MET-00624-000,run_3104668,t2w,0002,/Users/hwaigc/比赛+课题/ECNU_EYU_data/work_space/G1/results/missing_t2w_completion/run_3104668/BraTS-MET-00624-000/BraTS-MET-00624-000-t2w.nii.gz,work_space/G2/results/synthetic_normalized/BraTS-MET-00624-000/BraTS-MET-00624-000-t2w.nii.gz,nnunet_raw/Dataset261_BraTS2026_MET_RealSynth/imagesTr/BraTSMET_000382_0002.nii.gz,native_2026,keep_native_2026_suffix,accepted_for_training,True,False,False,False
BraTS-MET-00624-000,BraTS-MET-00624-000,BraTSMET_000382,BraTS-MET-00624-000,run_3104668,t2f,0003,/Users/hwaigc/比赛+课题/ECNU_EYU_data/work_space/G1/results/missing_t2w_completion/run_3104668/BraTS-MET-00624-000/BraTS-MET-00624-000-t2f.nii.gz,work_space/G2/results/synthetic_normalized/BraTS-MET-00624-000/BraTS-MET-00624-000-t2f.nii.gz,nnunet_raw/Dataset261_BraTS2026_MET_RealSynth/imagesTr/BraTSMET_000382_0003.nii.gz,native_2026,keep_native_2026_suffix,accepted_for_training,True,False,False,False
BraTS-MET-00624-000,BraTS-MET-00624-000,BraTSMET_000382,BraTS-MET-00624-000,run_3104668,seg,label,/Users/hwaigc/比赛+课题/ECNU_EYU_data/work_space/G1/results/missing_t2w_completion/run_3104668/BraTS-MET-00624-000/BraTS-MET-00624-000-seg.nii.gz,work_space/G2/results/synthetic_normalized/BraTS-MET-00624-000/BraTS-MET-00624-000-seg.nii.gz,nnunet_raw/Dataset261_BraTS2026_MET_RealSynth/labelsTr/BraTSMET_000382.nii.gz,native_2026,keep_native_2026_suffix,accepted_for_training,True,False,False,False
BraTS-MET-00626-000,BraTS-MET-00626-000,BraTSMET_000384,BraTS-MET-00626-000,run_3104668,t1n,0000,/Users/hwaigc/比赛+课题/ECNU_EYU_data/work_space/G1/results/missing_t2w_completion/run_3104668/BraTS-MET-00626-000/BraTS-MET-00626-000-t1n.nii.gz,work_space/G2/results/synthetic_normalized/BraTS-MET-00626-000/BraTS-MET-00626-000-t1n.nii.gz,nnunet_raw/Dataset261_BraTS2026_MET_RealSynth/imagesTr/BraTSMET_000384_0000.nii.gz,native_2026,keep_native_2026_suffix,accepted_for_training,True,False,False,False
BraTS-MET-00626-000,BraTS-MET-00626-000,BraTSMET_000384,BraTS-MET-00626-000,run_3104668,t1c,0001,/Users/hwaigc/比赛+课题/ECNU_EYU_data/work_space/G1/results/missing_t2w_completion/run_3104668/BraTS-MET-00626-000/BraTS-MET-00626-000-t1c.nii.gz,work_space/G2/results/synthetic_normalized/BraTS-MET-00626-000/BraTS-MET-00626-000-t1c.nii.gz,nnunet_raw/Dataset261_BraTS2026_MET_RealSynth/imagesTr/BraTSMET_000384_0001.nii.gz,native_2026,keep_native_2026_suffix,accepted_for_training,True,False,False,False
BraTS-MET-00626-000,BraTS-MET-00626-000,BraTSMET_000384,BraTS-MET-00626-000,run_3104668,t2w,0002,/Users/hwaigc/比赛+课题/ECNU_EYU_data/work_space/G1/results/missing_t2w_completion/run_3104668/BraTS-MET-00626-000/BraTS-MET-00626-000-t2w.nii.gz,work_space/G2/results/synthetic_normalized/BraTS-MET-00626-000/BraTS-MET-00626-000-t2w.nii.gz,nnunet_raw/Dataset261_BraTS2026_MET_RealSynth/imagesTr/BraTSMET_000384_0002.nii.gz,native_2026,keep_native_2026_suffix,accepted_for_training,True,False,False,False
BraTS-MET-00626-000,BraTS-MET-00626-000,BraTSMET_000384,BraTS-MET-00626-000,run_3104668,t2f,0003,/Users/hwaigc/比赛+课题/ECNU_EYU_data/work_space/G1/results/missing_t2w_completion/run_3104668/BraTS-MET-00626-000/BraTS-MET-00626-000-t2f.nii.gz,work_space/G2/results/synthetic_normalized/BraTS-MET-00626-000/BraTS-MET-00626-000-t2f.nii.gz,nnunet_raw/Dataset261_BraTS2026_MET_RealSynth/imagesTr/BraTSMET_000384_0003.nii.gz,native_2026,keep_native_2026_suffix,accepted_for_training,True,False,False,False
BraTS-MET-00626-000,BraTS-MET-00626-000,BraTSMET_000384,BraTS-MET-00626-000,run_3104668,seg,label,/Users/hwaigc/比赛+课题/ECNU_EYU_data/work_space/G1/results/missing_t2w_completion/run_3104668/BraTS-MET-00626-000/BraTS-MET-00626-000-seg.nii.gz,work_space/G2/results/synthetic_normalized/BraTS-MET-00626-000/BraTS-MET-00626-000-seg.nii.gz,nnunet_raw/Dataset261_BraTS2026_MET_RealSynth/labelsTr/BraTSMET_000384.nii.gz,native_2026,keep_native_2026_suffix,accepted_for_training,True,False,False,False
BraTS-MET-00626-001,BraTS-MET-00626-001,BraTSMET_000385,BraTS-MET-00626-001,run_3104668,t1n,0000,/Users/hwaigc/比赛+课题/ECNU_EYU_data/work_space/G1/results/missing_t2w_completion/run_3104668/BraTS-MET-00626-001/BraTS-MET-00626-001-t1n.nii.gz,work_space/G2/results/synthetic_normalized/BraTS-MET-00626-001/BraTS-MET-00626-001-t1n.nii.gz,nnunet_raw/Dataset261_BraTS2026_MET_RealSynth/imagesTr/BraTSMET_000385_0000.nii.gz,native_2026,keep_native_2026_suffix,accepted_for_training,True,False,False,False
BraTS-MET-00626-001,BraTS-MET-00626-001,BraTSMET_000385,BraTS-MET-00626-001,run_3104668,t1c,0001,/Users/hwaigc/比赛+课题/ECNU_EYU_data/work_space/G1/results/missing_t2w_completion/run_3104668/BraTS-MET-00626-001/BraTS-MET-00626-001-t1c.nii.gz,work_space/G2/results/synthetic_normalized/BraTS-MET-00626-001/BraTS-MET-00626-001-t1c.nii.gz,nnunet_raw/Dataset261_BraTS2026_MET_RealSynth/imagesTr/BraTSMET_000385_0001.nii.gz,native_2026,keep_native_2026_suffix,accepted_for_training,True,False,False,False
BraTS-MET-00626-001,BraTS-MET-00626-001,BraTSMET_000385,BraTS-MET-00626-001,run_3104668,t2w,0002,/Users/hwaigc/比赛+课题/ECNU_EYU_data/work_space/G1/results/missing_t2w_completion/run_3104668/BraTS-MET-00626-001/BraTS-MET-00626-001-t2w.nii.gz,work_space/G2/results/synthetic_normalized/BraTS-MET-00626-001/BraTS-MET-00626-001-t2w.nii.gz,nnunet_raw/Dataset261_BraTS2026_MET_RealSynth/imagesTr/BraTSMET_000385_0002.nii.gz,native_2026,keep_native_2026_suffix,accepted_for_training,True,False,False,False
BraTS-MET-00626-001,BraTS-MET-00626-001,BraTSMET_000385,BraTS-MET-00626-001,run_3104668,t2f,0003,/Users/hwaigc/比赛+课题/ECNU_EYU_data/work_space/G1/results/missing_t2w_completion/run_3104668/BraTS-MET-00626-001/BraTS-MET-00626-001-t2f.nii.gz,work_space/G2/results/synthetic_normalized/BraTS-MET-00626-001/BraTS-MET-00626-001-t2f.nii.gz,nnunet_raw/Dataset261_BraTS2026_MET_RealSynth/imagesTr/BraTSMET_000385_0003.nii.gz,native_2026,keep_native_2026_suffix,accepted_for_training,True,False,False,False
BraTS-MET-00626-001,BraTS-MET-00626-001,BraTSMET_000385,BraTS-MET-00626-001,run_3104668,seg,label,/Users/hwaigc/比赛+课题/ECNU_EYU_data/work_space/G1/results/missing_t2w_completion/run_3104668/BraTS-MET-00626-001/BraTS-MET-00626-001-seg.nii.gz,work_space/G2/results/synthetic_normalized/BraTS-MET-00626-001/BraTS-MET-00626-001-seg.nii.gz,nnunet_raw/Dataset261_BraTS2026_MET_RealSynth/labelsTr/BraTSMET_000385.nii.gz,native_2026,keep_native_2026_suffix,accepted_for_training,True,False,False,False
BraTS-MET-00627-000,BraTS-MET-00627-000,BraTSMET_000386,BraTS-MET-00627-000,run_3104668,t1n,0000,/Users/hwaigc/比赛+课题/ECNU_EYU_data/work_space/G1/results/missing_t2w_completion/run_3104668/BraTS-MET-00627-000/BraTS-MET-00627-000-t1n.nii.gz,work_space/G2/results/synthetic_normalized/BraTS-MET-00627-000/BraTS-MET-00627-000-t1n.nii.gz,nnunet_raw/Dataset261_BraTS2026_MET_RealSynth/imagesTr/BraTSMET_000386_0000.nii.gz,native_2026,keep_native_2026_suffix,accepted_for_training,True,False,False,False
BraTS-MET-00627-000,BraTS-MET-00627-000,BraTSMET_000386,BraTS-MET-00627-000,run_3104668,t1c,0001,/Users/hwaigc/比赛+课题/ECNU_EYU_data/work_space/G1/results/missing_t2w_completion/run_3104668/BraTS-MET-00627-000/BraTS-MET-00627-000-t1c.nii.gz,work_space/G2/results/synthetic_normalized/BraTS-MET-00627-000/BraTS-MET-00627-000-t1c.nii.gz,nnunet_raw/Dataset261_BraTS2026_MET_RealSynth/imagesTr/BraTSMET_000386_0001.nii.gz,native_2026,keep_native_2026_suffix,accepted_for_training,True,False,False,False
BraTS-MET-00627-000,BraTS-MET-00627-000,BraTSMET_000386,BraTS-MET-00627-000,run_3104668,t2w,0002,/Users/hwaigc/比赛+课题/ECNU_EYU_data/work_space/G1/results/missing_t2w_completion/run_3104668/BraTS-MET-00627-000/BraTS-MET-00627-000-t2w.nii.gz,work_space/G2/results/synthetic_normalized/BraTS-MET-00627-000/BraTS-MET-00627-000-t2w.nii.gz,nnunet_raw/Dataset261_BraTS2026_MET_RealSynth/imagesTr/BraTSMET_000386_0002.nii.gz,native_2026,keep_native_2026_suffix,accepted_for_training,True,False,False,False
BraTS-MET-00627-000,BraTS-MET-00627-000,BraTSMET_000386,BraTS-MET-00627-000,run_3104668,t2f,0003,/Users/hwaigc/比赛+课题/ECNU_EYU_data/work_space/G1/results/missing_t2w_completion/run_3104668/BraTS-MET-00627-000/BraTS-MET-00627-000-t2f.nii.gz,work_space/G2/results/synthetic_normalized/BraTS-MET-00627-000/BraTS-MET-00627-000-t2f.nii.gz,nnunet_raw/Dataset261_BraTS2026_MET_RealSynth/imagesTr/BraTSMET_000386_0003.nii.gz,native_2026,keep_native_2026_suffix,accepted_for_training,True,False,False,False
BraTS-MET-00627-000,BraTS-MET-00627-000,BraTSMET_000386,BraTS-MET-00627-000,run_3104668,seg,label,/Users/hwaigc/比赛+课题/ECNU_EYU_data/work_space/G1/results/missing_t2w_completion/run_3104668/BraTS-MET-00627-000/BraTS-MET-00627-000-seg.nii.gz,work_space/G2/results/synthetic_normalized/BraTS-MET-00627-000/BraTS-MET-00627-000-seg.nii.gz,nnunet_raw/Dataset261_BraTS2026_MET_RealSynth/labelsTr/BraTSMET_000386.nii.gz,native_2026,keep_native_2026_suffix,accepted_for_training,True,False,False,False
BraTS-MET-00629-000,BraTS-MET-00629-000,BraTSMET_000388,BraTS-MET-00629-000,run_3104668,t1n,0000,/Users/hwaigc/比赛+课题/ECNU_EYU_data/work_space/G1/results/missing_t2w_completion/run_3104668/BraTS-MET-00629-000/BraTS-MET-00629-000-t1n.nii.gz,work_space/G2/results/synthetic_normalized/BraTS-MET-00629-000/BraTS-MET-00629-000-t1n.nii.gz,nnunet_raw/Dataset261_BraTS2026_MET_RealSynth/imagesTr/BraTSMET_000388_0000.nii.gz,native_2026,keep_native_2026_suffix,accepted_for_evaluation,False,True,False,False
BraTS-MET-00629-000,BraTS-MET-00629-000,BraTSMET_000388,BraTS-MET-00629-000,run_3104668,t1c,0001,/Users/hwaigc/比赛+课题/ECNU_EYU_data/work_space/G1/results/missing_t2w_completion/run_3104668/BraTS-MET-00629-000/BraTS-MET-00629-000-t1c.nii.gz,work_space/G2/results/synthetic_normalized/BraTS-MET-00629-000/BraTS-MET-00629-000-t1c.nii.gz,nnunet_raw/Dataset261_BraTS2026_MET_RealSynth/imagesTr/BraTSMET_000388_0001.nii.gz,native_2026,keep_native_2026_suffix,accepted_for_evaluation,False,True,False,False
BraTS-MET-00629-000,BraTS-MET-00629-000,BraTSMET_000388,BraTS-MET-00629-000,run_3104668,t2w,0002,/Users/hwaigc/比赛+课题/ECNU_EYU_data/work_space/G1/results/missing_t2w_completion/run_3104668/BraTS-MET-00629-000/BraTS-MET-00629-000-t2w.nii.gz,work_space/G2/results/synthetic_normalized/BraTS-MET-00629-000/BraTS-MET-00629-000-t2w.nii.gz,nnunet_raw/Dataset261_BraTS2026_MET_RealSynth/imagesTr/BraTSMET_000388_0002.nii.gz,native_2026,keep_native_2026_suffix,accepted_for_evaluation,False,True,False,False
BraTS-MET-00629-000,BraTS-MET-00629-000,BraTSMET_000388,BraTS-MET-00629-000,run_3104668,t2f,0003,/Users/hwaigc/比赛+课题/ECNU_EYU_data/work_space/G1/results/missing_t2w_completion/run_3104668/BraTS-MET-00629-000/BraTS-MET-00629-000-t2f.nii.gz,work_space/G2/results/synthetic_normalized/BraTS-MET-00629-000/BraTS-MET-00629-000-t2f.nii.gz,nnunet_raw/Dataset261_BraTS2026_MET_RealSynth/imagesTr/BraTSMET_000388_0003.nii.gz,native_2026,keep_native_2026_suffix,accepted_for_evaluation,False,True,False,False
BraTS-MET-00629-000,BraTS-MET-00629-000,BraTSMET_000388,BraTS-MET-00629-000,run_3104668,seg,label,/Users/hwaigc/比赛+课题/ECNU_EYU_data/work_space/G1/results/missing_t2w_completion/run_3104668/BraTS-MET-00629-000/BraTS-MET-00629-000-seg.nii.gz,work_space/G2/results/synthetic_normalized/BraTS-MET-00629-000/BraTS-MET-00629-000-seg.nii.gz,nnunet_raw/Dataset261_BraTS2026_MET_RealSynth/labelsTr/BraTSMET_000388.nii.gz,native_2026,keep_native_2026_suffix,accepted_for_evaluation,False,True,False,False
BraTS-MET-00629-001,BraTS-MET-00629-001,BraTSMET_000389,BraTS-MET-00629-001,run_3104668,t1n,0000,/Users/hwaigc/比赛+课题/ECNU_EYU_data/work_space/G1/results/missing_t2w_completion/run_3104668/BraTS-MET-00629-001/BraTS-MET-00629-001-t1n.nii.gz,work_space/G2/results/synthetic_normalized/BraTS-MET-00629-001/BraTS-MET-00629-001-t1n.nii.gz,nnunet_raw/Dataset261_BraTS2026_MET_RealSynth/imagesTr/BraTSMET_000389_0000.nii.gz,native_2026,keep_native_2026_suffix,accepted_for_evaluation,False,True,False,False
BraTS-MET-00629-001,BraTS-MET-00629-001,BraTSMET_000389,BraTS-MET-00629-001,run_3104668,t1c,0001,/Users/hwaigc/比赛+课题/ECNU_EYU_data/work_space/G1/results/missing_t2w_completion/run_3104668/BraTS-MET-00629-001/BraTS-MET-00629-001-t1c.nii.gz,work_space/G2/results/synthetic_normalized/BraTS-MET-00629-001/BraTS-MET-00629-001-t1c.nii.gz,nnunet_raw/Dataset261_BraTS2026_MET_RealSynth/imagesTr/BraTSMET_000389_0001.nii.gz,native_2026,keep_native_2026_suffix,accepted_for_evaluation,False,True,False,False
BraTS-MET-00629-001,BraTS-MET-00629-001,BraTSMET_000389,BraTS-MET-00629-001,run_3104668,t2w,0002,/Users/hwaigc/比赛+课题/ECNU_EYU_data/work_space/G1/results/missing_t2w_completion/run_3104668/BraTS-MET-00629-001/BraTS-MET-00629-001-t2w.nii.gz,work_space/G2/results/synthetic_normalized/BraTS-MET-00629-001/BraTS-MET-00629-001-t2w.nii.gz,nnunet_raw/Dataset261_BraTS2026_MET_RealSynth/imagesTr/BraTSMET_000389_0002.nii.gz,native_2026,keep_native_2026_suffix,accepted_for_evaluation,False,True,False,False
BraTS-MET-00629-001,BraTS-MET-00629-001,BraTSMET_000389,BraTS-MET-00629-001,run_3104668,t2f,0003,/Users/hwaigc/比赛+课题/ECNU_EYU_data/work_space/G1/results/missing_t2w_completion/run_3104668/BraTS-MET-00629-001/BraTS-MET-00629-001-t2f.nii.gz,work_space/G2/results/synthetic_normalized/BraTS-MET-00629-001/BraTS-MET-00629-001-t2f.nii.gz,nnunet_raw/Dataset261_BraTS2026_MET_RealSynth/imagesTr/BraTSMET_000389_0003.nii.gz,native_2026,keep_native_2026_suffix,accepted_for_evaluation,False,True,False,False
BraTS-MET-00629-001,BraTS-MET-00629-001,BraTSMET_000389,BraTS-MET-00629-001,run_3104668,seg,label,/Users/hwaigc/比赛+课题/ECNU_EYU_data/work_space/G1/results/missing_t2w_completion/run_3104668/BraTS-MET-00629-001/BraTS-MET-00629-001-seg.nii.gz,work_space/G2/results/synthetic_normalized/BraTS-MET-00629-001/BraTS-MET-00629-001-seg.nii.gz,nnunet_raw/Dataset261_BraTS2026_MET_RealSynth/labelsTr/BraTSMET_000389.nii.gz,native_2026,keep_native_2026_suffix,accepted_for_evaluation,False,True,False,False
BraTS-MET-00630-000,BraTS-MET-00630-000,BraTSMET_000390,BraTS-MET-00630-000,run_3104668,t1n,0000,/Users/hwaigc/比赛+课题/ECNU_EYU_data/work_space/G1/results/missing_t2w_completion/run_3104668/BraTS-MET-00630-000/BraTS-MET-00630-000-t1n.nii.gz,work_space/G2/results/synthetic_normalized/BraTS-MET-00630-000/BraTS-MET-00630-000-t1n.nii.gz,nnunet_raw/Dataset261_BraTS2026_MET_RealSynth/imagesTr/BraTSMET_000390_0000.nii.gz,native_2026,keep_native_2026_suffix,accepted_for_training,True,False,False,False
BraTS-MET-00630-000,BraTS-MET-00630-000,BraTSMET_000390,BraTS-MET-00630-000,run_3104668,t1c,0001,/Users/hwaigc/比赛+课题/ECNU_EYU_data/work_space/G1/results/missing_t2w_completion/run_3104668/BraTS-MET-00630-000/BraTS-MET-00630-000-t1c.nii.gz,work_space/G2/results/synthetic_normalized/BraTS-MET-00630-000/BraTS-MET-00630-000-t1c.nii.gz,nnunet_raw/Dataset261_BraTS2026_MET_RealSynth/imagesTr/BraTSMET_000390_0001.nii.gz,native_2026,keep_native_2026_suffix,accepted_for_training,True,False,False,False
BraTS-MET-00630-000,BraTS-MET-00630-000,BraTSMET_000390,BraTS-MET-00630-000,run_3104668,t2w,0002,/Users/hwaigc/比赛+课题/ECNU_EYU_data/work_space/G1/results/missing_t2w_completion/run_3104668/BraTS-MET-00630-000/BraTS-MET-00630-000-t2w.nii.gz,work_space/G2/results/synthetic_normalized/BraTS-MET-00630-000/BraTS-MET-00630-000-t2w.nii.gz,nnunet_raw/Dataset261_BraTS2026_MET_RealSynth/imagesTr/BraTSMET_000390_0002.nii.gz,native_2026,keep_native_2026_suffix,accepted_for_training,True,False,False,False
BraTS-MET-00630-000,BraTS-MET-00630-000,BraTSMET_000390,BraTS-MET-00630-000,run_3104668,t2f,0003,/Users/hwaigc/比赛+课题/ECNU_EYU_data/work_space/G1/results/missing_t2w_completion/run_3104668/BraTS-MET-00630-000/BraTS-MET-00630-000-t2f.nii.gz,work_space/G2/results/synthetic_normalized/BraTS-MET-00630-000/BraTS-MET-00630-000-t2f.nii.gz,nnunet_raw/Dataset261_BraTS2026_MET_RealSynth/imagesTr/BraTSMET_000390_0003.nii.gz,native_2026,keep_native_2026_suffix,accepted_for_training,True,False,False,False
BraTS-MET-00630-000,BraTS-MET-00630-000,BraTSMET_000390,BraTS-MET-00630-000,run_3104668,seg,label,/Users/hwaigc/比赛+课题/ECNU_EYU_data/work_space/G1/results/missing_t2w_completion/run_3104668/BraTS-MET-00630-000/BraTS-MET-00630-000-seg.nii.gz,work_space/G2/results/synthetic_normalized/BraTS-MET-00630-000/BraTS-MET-00630-000-seg.nii.gz,nnunet_raw/Dataset261_BraTS2026_MET_RealSynth/labelsTr/BraTSMET_000390.nii.gz,native_2026,keep_native_2026_suffix,accepted_for_training,True,False,False,False
BraTS-MET-00630-001,BraTS-MET-00630-001,BraTSMET_000391,BraTS-MET-00630-001,run_3104668,t1n,0000,/Users/hwaigc/比赛+课题/ECNU_EYU_data/work_space/G1/results/missing_t2w_completion/run_3104668/BraTS-MET-00630-001/BraTS-MET-00630-001-t1n.nii.gz,work_space/G2/results/synthetic_normalized/BraTS-MET-00630-001/BraTS-MET-00630-001-t1n.nii.gz,nnunet_raw/Dataset261_BraTS2026_MET_RealSynth/imagesTr/BraTSMET_000391_0000.nii.gz,native_2026,keep_native_2026_suffix,accepted_for_training,True,False,False,False
BraTS-MET-00630-001,BraTS-MET-00630-001,BraTSMET_000391,BraTS-MET-00630-001,run_3104668,t1c,0001,/Users/hwaigc/比赛+课题/ECNU_EYU_data/work_space/G1/results/missing_t2w_completion/run_3104668/BraTS-MET-00630-001/BraTS-MET-00630-001-t1c.nii.gz,work_space/G2/results/synthetic_normalized/BraTS-MET-00630-001/BraTS-MET-00630-001-t1c.nii.gz,nnunet_raw/Dataset261_BraTS2026_MET_RealSynth/imagesTr/BraTSMET_000391_0001.nii.gz,native_2026,keep_native_2026_suffix,accepted_for_training,True,False,False,False
BraTS-MET-00630-001,BraTS-MET-00630-001,BraTSMET_000391,BraTS-MET-00630-001,run_3104668,t2w,0002,/Users/hwaigc/比赛+课题/ECNU_EYU_data/work_space/G1/results/missing_t2w_completion/run_3104668/BraTS-MET-00630-001/BraTS-MET-00630-001-t2w.nii.gz,work_space/G2/results/synthetic_normalized/BraTS-MET-00630-001/BraTS-MET-00630-001-t2w.nii.gz,nnunet_raw/Dataset261_BraTS2026_MET_RealSynth/imagesTr/BraTSMET_000391_0002.nii.gz,native_2026,keep_native_2026_suffix,accepted_for_training,True,False,False,False
BraTS-MET-00630-001,BraTS-MET-00630-001,BraTSMET_000391,BraTS-MET-00630-001,run_3104668,t2f,0003,/Users/hwaigc/比赛+课题/ECNU_EYU_data/work_space/G1/results/missing_t2w_completion/run_3104668/BraTS-MET-00630-001/BraTS-MET-00630-001-t2f.nii.gz,work_space/G2/results/synthetic_normalized/BraTS-MET-00630-001/BraTS-MET-00630-001-t2f.nii.gz,nnunet_raw/Dataset261_BraTS2026_MET_RealSynth/imagesTr/BraTSMET_000391_0003.nii.gz,native_2026,keep_native_2026_suffix,accepted_for_training,True,False,False,False
BraTS-MET-00630-001,BraTS-MET-00630-001,BraTSMET_000391,BraTS-MET-00630-001,run_3104668,seg,label,/Users/hwaigc/比赛+课题/ECNU_EYU_data/work_space/G1/results/missing_t2w_completion/run_3104668/BraTS-MET-00630-001/BraTS-MET-00630-001-seg.nii.gz,work_space/G2/results/synthetic_normalized/BraTS-MET-00630-001/BraTS-MET-00630-001-seg.nii.gz,nnunet_raw/Dataset261_BraTS2026_MET_RealSynth/labelsTr/BraTSMET_000391.nii.gz,native_2026,keep_native_2026_suffix,accepted_for_training,True,False,False,False
BraTS-MET-00630-002,BraTS-MET-00630-002,BraTSMET_000392,BraTS-MET-00630-002,run_3104668,t1n,0000,/Users/hwaigc/比赛+课题/ECNU_EYU_data/work_space/G1/results/missing_t2w_completion/run_3104668/BraTS-MET-00630-002/BraTS-MET-00630-002-t1n.nii.gz,work_space/G2/results/synthetic_normalized/BraTS-MET-00630-002/BraTS-MET-00630-002-t1n.nii.gz,nnunet_raw/Dataset261_BraTS2026_MET_RealSynth/imagesTr/BraTSMET_000392_0000.nii.gz,native_2026,keep_native_2026_suffix,accepted_for_training,True,False,False,False
BraTS-MET-00630-002,BraTS-MET-00630-002,BraTSMET_000392,BraTS-MET-00630-002,run_3104668,t1c,0001,/Users/hwaigc/比赛+课题/ECNU_EYU_data/work_space/G1/results/missing_t2w_completion/run_3104668/BraTS-MET-00630-002/BraTS-MET-00630-002-t1c.nii.gz,work_space/G2/results/synthetic_normalized/BraTS-MET-00630-002/BraTS-MET-00630-002-t1c.nii.gz,nnunet_raw/Dataset261_BraTS2026_MET_RealSynth/imagesTr/BraTSMET_000392_0001.nii.gz,native_2026,keep_native_2026_suffix,accepted_for_training,True,False,False,False
BraTS-MET-00630-002,BraTS-MET-00630-002,BraTSMET_000392,BraTS-MET-00630-002,run_3104668,t2w,0002,/Users/hwaigc/比赛+课题/ECNU_EYU_data/work_space/G1/results/missing_t2w_completion/run_3104668/BraTS-MET-00630-002/BraTS-MET-00630-002-t2w.nii.gz,work_space/G2/results/synthetic_normalized/BraTS-MET-00630-002/BraTS-MET-00630-002-t2w.nii.gz,nnunet_raw/Dataset261_BraTS2026_MET_RealSynth/imagesTr/BraTSMET_000392_0002.nii.gz,native_2026,keep_native_2026_suffix,accepted_for_training,True,False,False,False
BraTS-MET-00630-002,BraTS-MET-00630-002,BraTSMET_000392,BraTS-MET-00630-002,run_3104668,t2f,0003,/Users/hwaigc/比赛+课题/ECNU_EYU_data/work_space/G1/results/missing_t2w_completion/run_3104668/BraTS-MET-00630-002/BraTS-MET-00630-002-t2f.nii.gz,work_space/G2/results/synthetic_normalized/BraTS-MET-00630-002/BraTS-MET-00630-002-t2f.nii.gz,nnunet_raw/Dataset261_BraTS2026_MET_RealSynth/imagesTr/BraTSMET_000392_0003.nii.gz,native_2026,keep_native_2026_suffix,accepted_for_training,True,False,False,False
BraTS-MET-00630-002,BraTS-MET-00630-002,BraTSMET_000392,BraTS-MET-00630-002,run_3104668,seg,label,/Users/hwaigc/比赛+课题/ECNU_EYU_data/work_space/G1/results/missing_t2w_completion/run_3104668/BraTS-MET-00630-002/BraTS-MET-00630-002-seg.nii.gz,work_space/G2/results/synthetic_normalized/BraTS-MET-00630-002/BraTS-MET-00630-002-seg.nii.gz,nnunet_raw/Dataset261_BraTS2026_MET_RealSynth/labelsTr/BraTSMET_000392.nii.gz,native_2026,keep_native_2026_suffix,accepted_for_training,True,False,False,False
BraTS-MET-00631-000,BraTS-MET-00631-000,BraTSMET_000393,BraTS-MET-00631-000,run_3104668,t1n,0000,/Users/hwaigc/比赛+课题/ECNU_EYU_data/work_space/G1/results/missing_t2w_completion/run_3104668/BraTS-MET-00631-000/BraTS-MET-00631-000-t1n.nii.gz,work_space/G2/results/synthetic_normalized/BraTS-MET-00631-000/BraTS-MET-00631-000-t1n.nii.gz,nnunet_raw/Dataset261_BraTS2026_MET_RealSynth/imagesTr/BraTSMET_000393_0000.nii.gz,native_2026,keep_native_2026_suffix,accepted_for_training,True,False,False,False
BraTS-MET-00631-000,BraTS-MET-00631-000,BraTSMET_000393,BraTS-MET-00631-000,run_3104668,t1c,0001,/Users/hwaigc/比赛+课题/ECNU_EYU_data/work_space/G1/results/missing_t2w_completion/run_3104668/BraTS-MET-00631-000/BraTS-MET-00631-000-t1c.nii.gz,work_space/G2/results/synthetic_normalized/BraTS-MET-00631-000/BraTS-MET-00631-000-t1c.nii.gz,nnunet_raw/Dataset261_BraTS2026_MET_RealSynth/imagesTr/BraTSMET_000393_0001.nii.gz,native_2026,keep_native_2026_suffix,accepted_for_training,True,False,False,False
BraTS-MET-00631-000,BraTS-MET-00631-000,BraTSMET_000393,BraTS-MET-00631-000,run_3104668,t2w,0002,/Users/hwaigc/比赛+课题/ECNU_EYU_data/work_space/G1/results/missing_t2w_completion/run_3104668/BraTS-MET-00631-000/BraTS-MET-00631-000-t2w.nii.gz,work_space/G2/results/synthetic_normalized/BraTS-MET-00631-000/BraTS-MET-00631-000-t2w.nii.gz,nnunet_raw/Dataset261_BraTS2026_MET_RealSynth/imagesTr/BraTSMET_000393_0002.nii.gz,native_2026,keep_native_2026_suffix,accepted_for_training,True,False,False,False
BraTS-MET-00631-000,BraTS-MET-00631-000,BraTSMET_000393,BraTS-MET-00631-000,run_3104668,t2f,0003,/Users/hwaigc/比赛+课题/ECNU_EYU_data/work_space/G1/results/missing_t2w_completion/run_3104668/BraTS-MET-00631-000/BraTS-MET-00631-000-t2f.nii.gz,work_space/G2/results/synthetic_normalized/BraTS-MET-00631-000/BraTS-MET-00631-000-t2f.nii.gz,nnunet_raw/Dataset261_BraTS2026_MET_RealSynth/imagesTr/BraTSMET_000393_0003.nii.gz,native_2026,keep_native_2026_suffix,accepted_for_training,True,False,False,False
BraTS-MET-00631-000,BraTS-MET-00631-000,BraTSMET_000393,BraTS-MET-00631-000,run_3104668,seg,label,/Users/hwaigc/比赛+课题/ECNU_EYU_data/work_space/G1/results/missing_t2w_completion/run_3104668/BraTS-MET-00631-000/BraTS-MET-00631-000-seg.nii.gz,work_space/G2/results/synthetic_normalized/BraTS-MET-00631-000/BraTS-MET-00631-000-seg.nii.gz,nnunet_raw/Dataset261_BraTS2026_MET_RealSynth/labelsTr/BraTSMET_000393.nii.gz,native_2026,keep_native_2026_suffix,accepted_for_training,True,False,False,False
BraTS-MET-00633-000,BraTS-MET-00633-000,BraTSMET_000395,BraTS-MET-00633-000,run_3104668,t1n,0000,/Users/hwaigc/比赛+课题/ECNU_EYU_data/work_space/G1/results/missing_t2w_completion/run_3104668/BraTS-MET-00633-000/BraTS-MET-00633-000-t1n.nii.gz,work_space/G2/results/synthetic_normalized/BraTS-MET-00633-000/BraTS-MET-00633-000-t1n.nii.gz,nnunet_raw/Dataset261_BraTS2026_MET_RealSynth/imagesTr/BraTSMET_000395_0000.nii.gz,native_2026,keep_native_2026_suffix,accepted_for_training,True,False,False,False
BraTS-MET-00633-000,BraTS-MET-00633-000,BraTSMET_000395,BraTS-MET-00633-000,run_3104668,t1c,0001,/Users/hwaigc/比赛+课题/ECNU_EYU_data/work_space/G1/results/missing_t2w_completion/run_3104668/BraTS-MET-00633-000/BraTS-MET-00633-000-t1c.nii.gz,work_space/G2/results/synthetic_normalized/BraTS-MET-00633-000/BraTS-MET-00633-000-t1c.nii.gz,nnunet_raw/Dataset261_BraTS2026_MET_RealSynth/imagesTr/BraTSMET_000395_0001.nii.gz,native_2026,keep_native_2026_suffix,accepted_for_training,True,False,False,False
BraTS-MET-00633-000,BraTS-MET-00633-000,BraTSMET_000395,BraTS-MET-00633-000,run_3104668,t2w,0002,/Users/hwaigc/比赛+课题/ECNU_EYU_data/work_space/G1/results/missing_t2w_completion/run_3104668/BraTS-MET-00633-000/BraTS-MET-00633-000-t2w.nii.gz,work_space/G2/results/synthetic_normalized/BraTS-MET-00633-000/BraTS-MET-00633-000-t2w.nii.gz,nnunet_raw/Dataset261_BraTS2026_MET_RealSynth/imagesTr/BraTSMET_000395_0002.nii.gz,native_2026,keep_native_2026_suffix,accepted_for_training,True,False,False,False
BraTS-MET-00633-000,BraTS-MET-00633-000,BraTSMET_000395,BraTS-MET-00633-000,run_3104668,t2f,0003,/Users/hwaigc/比赛+课题/ECNU_EYU_data/work_space/G1/results/missing_t2w_completion/run_3104668/BraTS-MET-00633-000/BraTS-MET-00633-000-t2f.nii.gz,work_space/G2/results/synthetic_normalized/BraTS-MET-00633-000/BraTS-MET-00633-000-t2f.nii.gz,nnunet_raw/Dataset261_BraTS2026_MET_RealSynth/imagesTr/BraTSMET_000395_0003.nii.gz,native_2026,keep_native_2026_suffix,accepted_for_training,True,False,False,False
BraTS-MET-00633-000,BraTS-MET-00633-000,BraTSMET_000395,BraTS-MET-00633-000,run_3104668,seg,label,/Users/hwaigc/比赛+课题/ECNU_EYU_data/work_space/G1/results/missing_t2w_completion/run_3104668/BraTS-MET-00633-000/BraTS-MET-00633-000-seg.nii.gz,work_space/G2/results/synthetic_normalized/BraTS-MET-00633-000/BraTS-MET-00633-000-seg.nii.gz,nnunet_raw/Dataset261_BraTS2026_MET_RealSynth/labelsTr/BraTSMET_000395.nii.gz,native_2026,keep_native_2026_suffix,accepted_for_training,True,False,False,False
BraTS-MET-00634-000,BraTS-MET-00634-000,BraTSMET_000396,BraTS-MET-00634-000,run_3104668,t1n,0000,/Users/hwaigc/比赛+课题/ECNU_EYU_data/work_space/G1/results/missing_t2w_completion/run_3104668/BraTS-MET-00634-000/BraTS-MET-00634-000-t1n.nii.gz,work_space/G2/results/synthetic_normalized/BraTS-MET-00634-000/BraTS-MET-00634-000-t1n.nii.gz,nnunet_raw/Dataset261_BraTS2026_MET_RealSynth/imagesTr/BraTSMET_000396_0000.nii.gz,native_2026,keep_native_2026_suffix,accepted_for_training,True,False,False,False
BraTS-MET-00634-000,BraTS-MET-00634-000,BraTSMET_000396,BraTS-MET-00634-000,run_3104668,t1c,0001,/Users/hwaigc/比赛+课题/ECNU_EYU_data/work_space/G1/results/missing_t2w_completion/run_3104668/BraTS-MET-00634-000/BraTS-MET-00634-000-t1c.nii.gz,work_space/G2/results/synthetic_normalized/BraTS-MET-00634-000/BraTS-MET-00634-000-t1c.nii.gz,nnunet_raw/Dataset261_BraTS2026_MET_RealSynth/imagesTr/BraTSMET_000396_0001.nii.gz,native_2026,keep_native_2026_suffix,accepted_for_training,True,False,False,False
BraTS-MET-00634-000,BraTS-MET-00634-000,BraTSMET_000396,BraTS-MET-00634-000,run_3104668,t2w,0002,/Users/hwaigc/比赛+课题/ECNU_EYU_data/work_space/G1/results/missing_t2w_completion/run_3104668/BraTS-MET-00634-000/BraTS-MET-00634-000-t2w.nii.gz,work_space/G2/results/synthetic_normalized/BraTS-MET-00634-000/BraTS-MET-00634-000-t2w.nii.gz,nnunet_raw/Dataset261_BraTS2026_MET_RealSynth/imagesTr/BraTSMET_000396_0002.nii.gz,native_2026,keep_native_2026_suffix,accepted_for_training,True,False,False,False
BraTS-MET-00634-000,BraTS-MET-00634-000,BraTSMET_000396,BraTS-MET-00634-000,run_3104668,t2f,0003,/Users/hwaigc/比赛+课题/ECNU_EYU_data/work_space/G1/results/missing_t2w_completion/run_3104668/BraTS-MET-00634-000/BraTS-MET-00634-000-t2f.nii.gz,work_space/G2/results/synthetic_normalized/BraTS-MET-00634-000/BraTS-MET-00634-000-t2f.nii.gz,nnunet_raw/Dataset261_BraTS2026_MET_RealSynth/imagesTr/BraTSMET_000396_0003.nii.gz,native_2026,keep_native_2026_suffix,accepted_for_training,True,False,False,False
BraTS-MET-00634-000,BraTS-MET-00634-000,BraTSMET_000396,BraTS-MET-00634-000,run_3104668,seg,label,/Users/hwaigc/比赛+课题/ECNU_EYU_data/work_space/G1/results/missing_t2w_completion/run_3104668/BraTS-MET-00634-000/BraTS-MET-00634-000-seg.nii.gz,work_space/G2/results/synthetic_normalized/BraTS-MET-00634-000/BraTS-MET-00634-000-seg.nii.gz,nnunet_raw/Dataset261_BraTS2026_MET_RealSynth/labelsTr/BraTSMET_000396.nii.gz,native_2026,keep_native_2026_suffix,accepted_for_training,True,False,False,False
BraTS-MET-00635-000,BraTS-MET-00635-000,BraTSMET_000397,BraTS-MET-00635-000,run_3104668,t1n,0000,/Users/hwaigc/比赛+课题/ECNU_EYU_data/work_space/G1/results/missing_t2w_completion/run_3104668/BraTS-MET-00635-000/BraTS-MET-00635-000-t1n.nii.gz,work_space/G2/results/synthetic_normalized/BraTS-MET-00635-000/BraTS-MET-00635-000-t1n.nii.gz,nnunet_raw/Dataset261_BraTS2026_MET_RealSynth/imagesTr/BraTSMET_000397_0000.nii.gz,native_2026,keep_native_2026_suffix,accepted_for_training,True,False,False,False
BraTS-MET-00635-000,BraTS-MET-00635-000,BraTSMET_000397,BraTS-MET-00635-000,run_3104668,t1c,0001,/Users/hwaigc/比赛+课题/ECNU_EYU_data/work_space/G1/results/missing_t2w_completion/run_3104668/BraTS-MET-00635-000/BraTS-MET-00635-000-t1c.nii.gz,work_space/G2/results/synthetic_normalized/BraTS-MET-00635-000/BraTS-MET-00635-000-t1c.nii.gz,nnunet_raw/Dataset261_BraTS2026_MET_RealSynth/imagesTr/BraTSMET_000397_0001.nii.gz,native_2026,keep_native_2026_suffix,accepted_for_training,True,False,False,False
BraTS-MET-00635-000,BraTS-MET-00635-000,BraTSMET_000397,BraTS-MET-00635-000,run_3104668,t2w,0002,/Users/hwaigc/比赛+课题/ECNU_EYU_data/work_space/G1/results/missing_t2w_completion/run_3104668/BraTS-MET-00635-000/BraTS-MET-00635-000-t2w.nii.gz,work_space/G2/results/synthetic_normalized/BraTS-MET-00635-000/BraTS-MET-00635-000-t2w.nii.gz,nnunet_raw/Dataset261_BraTS2026_MET_RealSynth/imagesTr/BraTSMET_000397_0002.nii.gz,native_2026,keep_native_2026_suffix,accepted_for_training,True,False,False,False
BraTS-MET-00635-000,BraTS-MET-00635-000,BraTSMET_000397,BraTS-MET-00635-000,run_3104668,t2f,0003,/Users/hwaigc/比赛+课题/ECNU_EYU_data/work_space/G1/results/missing_t2w_completion/run_3104668/BraTS-MET-00635-000/BraTS-MET-00635-000-t2f.nii.gz,work_space/G2/results/synthetic_normalized/BraTS-MET-00635-000/BraTS-MET-00635-000-t2f.nii.gz,nnunet_raw/Dataset261_BraTS2026_MET_RealSynth/imagesTr/BraTSMET_000397_0003.nii.gz,native_2026,keep_native_2026_suffix,accepted_for_training,True,False,False,False
BraTS-MET-00635-000,BraTS-MET-00635-000,BraTSMET_000397,BraTS-MET-00635-000,run_3104668,seg,label,/Users/hwaigc/比赛+课题/ECNU_EYU_data/work_space/G1/results/missing_t2w_completion/run_3104668/BraTS-MET-00635-000/BraTS-MET-00635-000-seg.nii.gz,work_space/G2/results/synthetic_normalized/BraTS-MET-00635-000/BraTS-MET-00635-000-seg.nii.gz,nnunet_raw/Dataset261_BraTS2026_MET_RealSynth/labelsTr/BraTSMET_000397.nii.gz,native_2026,keep_native_2026_suffix,accepted_for_training,True,False,False,False
BraTS-MET-00635-001,BraTS-MET-00635-001,BraTSMET_000398,BraTS-MET-00635-001,run_3104668,t1n,0000,/Users/hwaigc/比赛+课题/ECNU_EYU_data/work_space/G1/results/missing_t2w_completion/run_3104668/BraTS-MET-00635-001/BraTS-MET-00635-001-t1n.nii.gz,work_space/G2/results/synthetic_normalized/BraTS-MET-00635-001/BraTS-MET-00635-001-t1n.nii.gz,nnunet_raw/Dataset261_BraTS2026_MET_RealSynth/imagesTr/BraTSMET_000398_0000.nii.gz,native_2026,keep_native_2026_suffix,accepted_for_training,True,False,False,False
BraTS-MET-00635-001,BraTS-MET-00635-001,BraTSMET_000398,BraTS-MET-00635-001,run_3104668,t1c,0001,/Users/hwaigc/比赛+课题/ECNU_EYU_data/work_space/G1/results/missing_t2w_completion/run_3104668/BraTS-MET-00635-001/BraTS-MET-00635-001-t1c.nii.gz,work_space/G2/results/synthetic_normalized/BraTS-MET-00635-001/BraTS-MET-00635-001-t1c.nii.gz,nnunet_raw/Dataset261_BraTS2026_MET_RealSynth/imagesTr/BraTSMET_000398_0001.nii.gz,native_2026,keep_native_2026_suffix,accepted_for_training,True,False,False,False
BraTS-MET-00635-001,BraTS-MET-00635-001,BraTSMET_000398,BraTS-MET-00635-001,run_3104668,t2w,0002,/Users/hwaigc/比赛+课题/ECNU_EYU_data/work_space/G1/results/missing_t2w_completion/run_3104668/BraTS-MET-00635-001/BraTS-MET-00635-001-t2w.nii.gz,work_space/G2/results/synthetic_normalized/BraTS-MET-00635-001/BraTS-MET-00635-001-t2w.nii.gz,nnunet_raw/Dataset261_BraTS2026_MET_RealSynth/imagesTr/BraTSMET_000398_0002.nii.gz,native_2026,keep_native_2026_suffix,accepted_for_training,True,False,False,False
BraTS-MET-00635-001,BraTS-MET-00635-001,BraTSMET_000398,BraTS-MET-00635-001,run_3104668,t2f,0003,/Users/hwaigc/比赛+课题/ECNU_EYU_data/work_space/G1/results/missing_t2w_completion/run_3104668/BraTS-MET-00635-001/BraTS-MET-00635-001-t2f.nii.gz,work_space/G2/results/synthetic_normalized/BraTS-MET-00635-001/BraTS-MET-00635-001-t2f.nii.gz,nnunet_raw/Dataset261_BraTS2026_MET_RealSynth/imagesTr/BraTSMET_000398_0003.nii.gz,native_2026,keep_native_2026_suffix,accepted_for_training,True,False,False,False
BraTS-MET-00635-001,BraTS-MET-00635-001,BraTSMET_000398,BraTS-MET-00635-001,run_3104668,seg,label,/Users/hwaigc/比赛+课题/ECNU_EYU_data/work_space/G1/results/missing_t2w_completion/run_3104668/BraTS-MET-00635-001/BraTS-MET-00635-001-seg.nii.gz,work_space/G2/results/synthetic_normalized/BraTS-MET-00635-001/BraTS-MET-00635-001-seg.nii.gz,nnunet_raw/Dataset261_BraTS2026_MET_RealSynth/labelsTr/BraTSMET_000398.nii.gz,native_2026,keep_native_2026_suffix,accepted_for_training,True,False,False,False
BraTS-MET-00636-000,BraTS-MET-00636-000,BraTSMET_000399,BraTS-MET-00636-000,run_3104668,t1n,0000,/Users/hwaigc/比赛+课题/ECNU_EYU_data/work_space/G1/results/missing_t2w_completion/run_3104668/BraTS-MET-00636-000/BraTS-MET-00636-000-t1n.nii.gz,work_space/G2/results/synthetic_normalized/BraTS-MET-00636-000/BraTS-MET-00636-000-t1n.nii.gz,nnunet_raw/Dataset261_BraTS2026_MET_RealSynth/imagesTr/BraTSMET_000399_0000.nii.gz,native_2026,keep_native_2026_suffix,accepted_for_evaluation,False,True,False,False
BraTS-MET-00636-000,BraTS-MET-00636-000,BraTSMET_000399,BraTS-MET-00636-000,run_3104668,t1c,0001,/Users/hwaigc/比赛+课题/ECNU_EYU_data/work_space/G1/results/missing_t2w_completion/run_3104668/BraTS-MET-00636-000/BraTS-MET-00636-000-t1c.nii.gz,work_space/G2/results/synthetic_normalized/BraTS-MET-00636-000/BraTS-MET-00636-000-t1c.nii.gz,nnunet_raw/Dataset261_BraTS2026_MET_RealSynth/imagesTr/BraTSMET_000399_0001.nii.gz,native_2026,keep_native_2026_suffix,accepted_for_evaluation,False,True,False,False
BraTS-MET-00636-000,BraTS-MET-00636-000,BraTSMET_000399,BraTS-MET-00636-000,run_3104668,t2w,0002,/Users/hwaigc/比赛+课题/ECNU_EYU_data/work_space/G1/results/missing_t2w_completion/run_3104668/BraTS-MET-00636-000/BraTS-MET-00636-000-t2w.nii.gz,work_space/G2/results/synthetic_normalized/BraTS-MET-00636-000/BraTS-MET-00636-000-t2w.nii.gz,nnunet_raw/Dataset261_BraTS2026_MET_RealSynth/imagesTr/BraTSMET_000399_0002.nii.gz,native_2026,keep_native_2026_suffix,accepted_for_evaluation,False,True,False,False
BraTS-MET-00636-000,BraTS-MET-00636-000,BraTSMET_000399,BraTS-MET-00636-000,run_3104668,t2f,0003,/Users/hwaigc/比赛+课题/ECNU_EYU_data/work_space/G1/results/missing_t2w_completion/run_3104668/BraTS-MET-00636-000/BraTS-MET-00636-000-t2f.nii.gz,work_space/G2/results/synthetic_normalized/BraTS-MET-00636-000/BraTS-MET-00636-000-t2f.nii.gz,nnunet_raw/Dataset261_BraTS2026_MET_RealSynth/imagesTr/BraTSMET_000399_0003.nii.gz,native_2026,keep_native_2026_suffix,accepted_for_evaluation,False,True,False,False
BraTS-MET-00636-000,BraTS-MET-00636-000,BraTSMET_000399,BraTS-MET-00636-000,run_3104668,seg,label,/Users/hwaigc/比赛+课题/ECNU_EYU_data/work_space/G1/results/missing_t2w_completion/run_3104668/BraTS-MET-00636-000/BraTS-MET-00636-000-seg.nii.gz,work_space/G2/results/synthetic_normalized/BraTS-MET-00636-000/BraTS-MET-00636-000-seg.nii.gz,nnunet_raw/Dataset261_BraTS2026_MET_RealSynth/labelsTr/BraTSMET_000399.nii.gz,native_2026,keep_native_2026_suffix,accepted_for_evaluation,False,True,False,False
BraTS-MET-00636-001,BraTS-MET-00636-001,BraTSMET_000400,BraTS-MET-00636-001,run_3104668,t1n,0000,/Users/hwaigc/比赛+课题/ECNU_EYU_data/work_space/G1/results/missing_t2w_completion/run_3104668/BraTS-MET-00636-001/BraTS-MET-00636-001-t1n.nii.gz,work_space/G2/results/synthetic_normalized/BraTS-MET-00636-001/BraTS-MET-00636-001-t1n.nii.gz,nnunet_raw/Dataset261_BraTS2026_MET_RealSynth/imagesTr/BraTSMET_000400_0000.nii.gz,native_2026,keep_native_2026_suffix,accepted_for_evaluation,False,True,False,False
BraTS-MET-00636-001,BraTS-MET-00636-001,BraTSMET_000400,BraTS-MET-00636-001,run_3104668,t1c,0001,/Users/hwaigc/比赛+课题/ECNU_EYU_data/work_space/G1/results/missing_t2w_completion/run_3104668/BraTS-MET-00636-001/BraTS-MET-00636-001-t1c.nii.gz,work_space/G2/results/synthetic_normalized/BraTS-MET-00636-001/BraTS-MET-00636-001-t1c.nii.gz,nnunet_raw/Dataset261_BraTS2026_MET_RealSynth/imagesTr/BraTSMET_000400_0001.nii.gz,native_2026,keep_native_2026_suffix,accepted_for_evaluation,False,True,False,False
BraTS-MET-00636-001,BraTS-MET-00636-001,BraTSMET_000400,BraTS-MET-00636-001,run_3104668,t2w,0002,/Users/hwaigc/比赛+课题/ECNU_EYU_data/work_space/G1/results/missing_t2w_completion/run_3104668/BraTS-MET-00636-001/BraTS-MET-00636-001-t2w.nii.gz,work_space/G2/results/synthetic_normalized/BraTS-MET-00636-001/BraTS-MET-00636-001-t2w.nii.gz,nnunet_raw/Dataset261_BraTS2026_MET_RealSynth/imagesTr/BraTSMET_000400_0002.nii.gz,native_2026,keep_native_2026_suffix,accepted_for_evaluation,False,True,False,False
BraTS-MET-00636-001,BraTS-MET-00636-001,BraTSMET_000400,BraTS-MET-00636-001,run_3104668,t2f,0003,/Users/hwaigc/比赛+课题/ECNU_EYU_data/work_space/G1/results/missing_t2w_completion/run_3104668/BraTS-MET-00636-001/BraTS-MET-00636-001-t2f.nii.gz,work_space/G2/results/synthetic_normalized/BraTS-MET-00636-001/BraTS-MET-00636-001-t2f.nii.gz,nnunet_raw/Dataset261_BraTS2026_MET_RealSynth/imagesTr/BraTSMET_000400_0003.nii.gz,native_2026,keep_native_2026_suffix,accepted_for_evaluation,False,True,False,False
BraTS-MET-00636-001,BraTS-MET-00636-001,BraTSMET_000400,BraTS-MET-00636-001,run_3104668,seg,label,/Users/hwaigc/比赛+课题/ECNU_EYU_data/work_space/G1/results/missing_t2w_completion/run_3104668/BraTS-MET-00636-001/BraTS-MET-00636-001-seg.nii.gz,work_space/G2/results/synthetic_normalized/BraTS-MET-00636-001/BraTS-MET-00636-001-seg.nii.gz,nnunet_raw/Dataset261_BraTS2026_MET_RealSynth/labelsTr/BraTSMET_000400.nii.gz,native_2026,keep_native_2026_suffix,accepted_for_evaluation,False,True,False,False
BraTS-MET-00637-000,BraTS-MET-00637-000,BraTSMET_000401,BraTS-MET-00637-000,run_3104668,t1n,0000,/Users/hwaigc/比赛+课题/ECNU_EYU_data/work_space/G1/results/missing_t2w_completion/run_3104668/BraTS-MET-00637-000/BraTS-MET-00637-000-t1n.nii.gz,work_space/G2/results/synthetic_normalized/BraTS-MET-00637-000/BraTS-MET-00637-000-t1n.nii.gz,nnunet_raw/Dataset261_BraTS2026_MET_RealSynth/imagesTr/BraTSMET_000401_0000.nii.gz,native_2026,keep_native_2026_suffix,accepted_for_training,True,False,False,False
BraTS-MET-00637-000,BraTS-MET-00637-000,BraTSMET_000401,BraTS-MET-00637-000,run_3104668,t1c,0001,/Users/hwaigc/比赛+课题/ECNU_EYU_data/work_space/G1/results/missing_t2w_completion/run_3104668/BraTS-MET-00637-000/BraTS-MET-00637-000-t1c.nii.gz,work_space/G2/results/synthetic_normalized/BraTS-MET-00637-000/BraTS-MET-00637-000-t1c.nii.gz,nnunet_raw/Dataset261_BraTS2026_MET_RealSynth/imagesTr/BraTSMET_000401_0001.nii.gz,native_2026,keep_native_2026_suffix,accepted_for_training,True,False,False,False
BraTS-MET-00637-000,BraTS-MET-00637-000,BraTSMET_000401,BraTS-MET-00637-000,run_3104668,t2w,0002,/Users/hwaigc/比赛+课题/ECNU_EYU_data/work_space/G1/results/missing_t2w_completion/run_3104668/BraTS-MET-00637-000/BraTS-MET-00637-000-t2w.nii.gz,work_space/G2/results/synthetic_normalized/BraTS-MET-00637-000/BraTS-MET-00637-000-t2w.nii.gz,nnunet_raw/Dataset261_BraTS2026_MET_RealSynth/imagesTr/BraTSMET_000401_0002.nii.gz,native_2026,keep_native_2026_suffix,accepted_for_training,True,False,False,False
BraTS-MET-00637-000,BraTS-MET-00637-000,BraTSMET_000401,BraTS-MET-00637-000,run_3104668,t2f,0003,/Users/hwaigc/比赛+课题/ECNU_EYU_data/work_space/G1/results/missing_t2w_completion/run_3104668/BraTS-MET-00637-000/BraTS-MET-00637-000-t2f.nii.gz,work_space/G2/results/synthetic_normalized/BraTS-MET-00637-000/BraTS-MET-00637-000-t2f.nii.gz,nnunet_raw/Dataset261_BraTS2026_MET_RealSynth/imagesTr/BraTSMET_000401_0003.nii.gz,native_2026,keep_native_2026_suffix,accepted_for_training,True,False,False,False
BraTS-MET-00637-000,BraTS-MET-00637-000,BraTSMET_000401,BraTS-MET-00637-000,run_3104668,seg,label,/Users/hwaigc/比赛+课题/ECNU_EYU_data/work_space/G1/results/missing_t2w_completion/run_3104668/BraTS-MET-00637-000/BraTS-MET-00637-000-seg.nii.gz,work_space/G2/results/synthetic_normalized/BraTS-MET-00637-000/BraTS-MET-00637-000-seg.nii.gz,nnunet_raw/Dataset261_BraTS2026_MET_RealSynth/labelsTr/BraTSMET_000401.nii.gz,native_2026,keep_native_2026_suffix,accepted_for_training,True,False,False,False
BraTS-MET-00638-000,BraTS-MET-00638-000,BraTSMET_000402,BraTS-MET-00638-000,run_3104668,t1n,0000,/Users/hwaigc/比赛+课题/ECNU_EYU_data/work_space/G1/results/missing_t2w_completion/run_3104668/BraTS-MET-00638-000/BraTS-MET-00638-000-t1n.nii.gz,work_space/G2/results/synthetic_normalized/BraTS-MET-00638-000/BraTS-MET-00638-000-t1n.nii.gz,nnunet_raw/Dataset261_BraTS2026_MET_RealSynth/imagesTr/BraTSMET_000402_0000.nii.gz,native_2026,keep_native_2026_suffix,accepted_for_training,True,False,False,False
BraTS-MET-00638-000,BraTS-MET-00638-000,BraTSMET_000402,BraTS-MET-00638-000,run_3104668,t1c,0001,/Users/hwaigc/比赛+课题/ECNU_EYU_data/work_space/G1/results/missing_t2w_completion/run_3104668/BraTS-MET-00638-000/BraTS-MET-00638-000-t1c.nii.gz,work_space/G2/results/synthetic_normalized/BraTS-MET-00638-000/BraTS-MET-00638-000-t1c.nii.gz,nnunet_raw/Dataset261_BraTS2026_MET_RealSynth/imagesTr/BraTSMET_000402_0001.nii.gz,native_2026,keep_native_2026_suffix,accepted_for_training,True,False,False,False
BraTS-MET-00638-000,BraTS-MET-00638-000,BraTSMET_000402,BraTS-MET-00638-000,run_3104668,t2w,0002,/Users/hwaigc/比赛+课题/ECNU_EYU_data/work_space/G1/results/missing_t2w_completion/run_3104668/BraTS-MET-00638-000/BraTS-MET-00638-000-t2w.nii.gz,work_space/G2/results/synthetic_normalized/BraTS-MET-00638-000/BraTS-MET-00638-000-t2w.nii.gz,nnunet_raw/Dataset261_BraTS2026_MET_RealSynth/imagesTr/BraTSMET_000402_0002.nii.gz,native_2026,keep_native_2026_suffix,accepted_for_training,True,False,False,False
BraTS-MET-00638-000,BraTS-MET-00638-000,BraTSMET_000402,BraTS-MET-00638-000,run_3104668,t2f,0003,/Users/hwaigc/比赛+课题/ECNU_EYU_data/work_space/G1/results/missing_t2w_completion/run_3104668/BraTS-MET-00638-000/BraTS-MET-00638-000-t2f.nii.gz,work_space/G2/results/synthetic_normalized/BraTS-MET-00638-000/BraTS-MET-00638-000-t2f.nii.gz,nnunet_raw/Dataset261_BraTS2026_MET_RealSynth/imagesTr/BraTSMET_000402_0003.nii.gz,native_2026,keep_native_2026_suffix,accepted_for_training,True,False,False,False
BraTS-MET-00638-000,BraTS-MET-00638-000,BraTSMET_000402,BraTS-MET-00638-000,run_3104668,seg,label,/Users/hwaigc/比赛+课题/ECNU_EYU_data/work_space/G1/results/missing_t2w_completion/run_3104668/BraTS-MET-00638-000/BraTS-MET-00638-000-seg.nii.gz,work_space/G2/results/synthetic_normalized/BraTS-MET-00638-000/BraTS-MET-00638-000-seg.nii.gz,nnunet_raw/Dataset261_BraTS2026_MET_RealSynth/labelsTr/BraTSMET_000402.nii.gz,native_2026,keep_native_2026_suffix,accepted_for_training,True,False,False,False
BraTS-MET-00638-001,BraTS-MET-00638-001,BraTSMET_000403,BraTS-MET-00638-001,run_3104668,t1n,0000,/Users/hwaigc/比赛+课题/ECNU_EYU_data/work_space/G1/results/missing_t2w_completion/run_3104668/BraTS-MET-00638-001/BraTS-MET-00638-001-t1n.nii.gz,work_space/G2/results/synthetic_normalized/BraTS-MET-00638-001/BraTS-MET-00638-001-t1n.nii.gz,nnunet_raw/Dataset261_BraTS2026_MET_RealSynth/imagesTr/BraTSMET_000403_0000.nii.gz,native_2026,keep_native_2026_suffix,accepted_for_training,True,False,False,False
BraTS-MET-00638-001,BraTS-MET-00638-001,BraTSMET_000403,BraTS-MET-00638-001,run_3104668,t1c,0001,/Users/hwaigc/比赛+课题/ECNU_EYU_data/work_space/G1/results/missing_t2w_completion/run_3104668/BraTS-MET-00638-001/BraTS-MET-00638-001-t1c.nii.gz,work_space/G2/results/synthetic_normalized/BraTS-MET-00638-001/BraTS-MET-00638-001-t1c.nii.gz,nnunet_raw/Dataset261_BraTS2026_MET_RealSynth/imagesTr/BraTSMET_000403_0001.nii.gz,native_2026,keep_native_2026_suffix,accepted_for_training,True,False,False,False
BraTS-MET-00638-001,BraTS-MET-00638-001,BraTSMET_000403,BraTS-MET-00638-001,run_3104668,t2w,0002,/Users/hwaigc/比赛+课题/ECNU_EYU_data/work_space/G1/results/missing_t2w_completion/run_3104668/BraTS-MET-00638-001/BraTS-MET-00638-001-t2w.nii.gz,work_space/G2/results/synthetic_normalized/BraTS-MET-00638-001/BraTS-MET-00638-001-t2w.nii.gz,nnunet_raw/Dataset261_BraTS2026_MET_RealSynth/imagesTr/BraTSMET_000403_0002.nii.gz,native_2026,keep_native_2026_suffix,accepted_for_training,True,False,False,False
BraTS-MET-00638-001,BraTS-MET-00638-001,BraTSMET_000403,BraTS-MET-00638-001,run_3104668,t2f,0003,/Users/hwaigc/比赛+课题/ECNU_EYU_data/work_space/G1/results/missing_t2w_completion/run_3104668/BraTS-MET-00638-001/BraTS-MET-00638-001-t2f.nii.gz,work_space/G2/results/synthetic_normalized/BraTS-MET-00638-001/BraTS-MET-00638-001-t2f.nii.gz,nnunet_raw/Dataset261_BraTS2026_MET_RealSynth/imagesTr/BraTSMET_000403_0003.nii.gz,native_2026,keep_native_2026_suffix,accepted_for_training,True,False,False,False
BraTS-MET-00638-001,BraTS-MET-00638-001,BraTSMET_000403,BraTS-MET-00638-001,run_3104668,seg,label,/Users/hwaigc/比赛+课题/ECNU_EYU_data/work_space/G1/results/missing_t2w_completion/run_3104668/BraTS-MET-00638-001/BraTS-MET-00638-001-seg.nii.gz,work_space/G2/results/synthetic_normalized/BraTS-MET-00638-001/BraTS-MET-00638-001-seg.nii.gz,nnunet_raw/Dataset261_BraTS2026_MET_RealSynth/labelsTr/BraTSMET_000403.nii.gz,native_2026,keep_native_2026_suffix,accepted_for_training,True,False,False,False
BraTS-MET-00639-000,BraTS-MET-00639-000,BraTSMET_000405,BraTS-MET-00639-000,run_3104668,t1n,0000,/Users/hwaigc/比赛+课题/ECNU_EYU_data/work_space/G1/results/missing_t2w_completion/run_3104668/BraTS-MET-00639-000/BraTS-MET-00639-000-t1n.nii.gz,work_space/G2/results/synthetic_normalized/BraTS-MET-00639-000/BraTS-MET-00639-000-t1n.nii.gz,nnunet_raw/Dataset261_BraTS2026_MET_RealSynth/imagesTr/BraTSMET_000405_0000.nii.gz,native_2026,keep_native_2026_suffix,accepted_for_training,True,False,False,False
BraTS-MET-00639-000,BraTS-MET-00639-000,BraTSMET_000405,BraTS-MET-00639-000,run_3104668,t1c,0001,/Users/hwaigc/比赛+课题/ECNU_EYU_data/work_space/G1/results/missing_t2w_completion/run_3104668/BraTS-MET-00639-000/BraTS-MET-00639-000-t1c.nii.gz,work_space/G2/results/synthetic_normalized/BraTS-MET-00639-000/BraTS-MET-00639-000-t1c.nii.gz,nnunet_raw/Dataset261_BraTS2026_MET_RealSynth/imagesTr/BraTSMET_000405_0001.nii.gz,native_2026,keep_native_2026_suffix,accepted_for_training,True,False,False,False
BraTS-MET-00639-000,BraTS-MET-00639-000,BraTSMET_000405,BraTS-MET-00639-000,run_3104668,t2w,0002,/Users/hwaigc/比赛+课题/ECNU_EYU_data/work_space/G1/results/missing_t2w_completion/run_3104668/BraTS-MET-00639-000/BraTS-MET-00639-000-t2w.nii.gz,work_space/G2/results/synthetic_normalized/BraTS-MET-00639-000/BraTS-MET-00639-000-t2w.nii.gz,nnunet_raw/Dataset261_BraTS2026_MET_RealSynth/imagesTr/BraTSMET_000405_0002.nii.gz,native_2026,keep_native_2026_suffix,accepted_for_training,True,False,False,False
BraTS-MET-00639-000,BraTS-MET-00639-000,BraTSMET_000405,BraTS-MET-00639-000,run_3104668,t2f,0003,/Users/hwaigc/比赛+课题/ECNU_EYU_data/work_space/G1/results/missing_t2w_completion/run_3104668/BraTS-MET-00639-000/BraTS-MET-00639-000-t2f.nii.gz,work_space/G2/results/synthetic_normalized/BraTS-MET-00639-000/BraTS-MET-00639-000-t2f.nii.gz,nnunet_raw/Dataset261_BraTS2026_MET_RealSynth/imagesTr/BraTSMET_000405_0003.nii.gz,native_2026,keep_native_2026_suffix,accepted_for_training,True,False,False,False
BraTS-MET-00639-000,BraTS-MET-00639-000,BraTSMET_000405,BraTS-MET-00639-000,run_3104668,seg,label,/Users/hwaigc/比赛+课题/ECNU_EYU_data/work_space/G1/results/missing_t2w_completion/run_3104668/BraTS-MET-00639-000/BraTS-MET-00639-000-seg.nii.gz,work_space/G2/results/synthetic_normalized/BraTS-MET-00639-000/BraTS-MET-00639-000-seg.nii.gz,nnunet_raw/Dataset261_BraTS2026_MET_RealSynth/labelsTr/BraTSMET_000405.nii.gz,native_2026,keep_native_2026_suffix,accepted_for_training,True,False,False,False
BraTS-MET-00639-001,BraTS-MET-00639-001,BraTSMET_000406,BraTS-MET-00639-001,run_3104668,t1n,0000,/Users/hwaigc/比赛+课题/ECNU_EYU_data/work_space/G1/results/missing_t2w_completion/run_3104668/BraTS-MET-00639-001/BraTS-MET-00639-001-t1n.nii.gz,work_space/G2/results/synthetic_normalized/BraTS-MET-00639-001/BraTS-MET-00639-001-t1n.nii.gz,nnunet_raw/Dataset261_BraTS2026_MET_RealSynth/imagesTr/BraTSMET_000406_0000.nii.gz,native_2026,keep_native_2026_suffix,accepted_for_training,True,False,False,False
BraTS-MET-00639-001,BraTS-MET-00639-001,BraTSMET_000406,BraTS-MET-00639-001,run_3104668,t1c,0001,/Users/hwaigc/比赛+课题/ECNU_EYU_data/work_space/G1/results/missing_t2w_completion/run_3104668/BraTS-MET-00639-001/BraTS-MET-00639-001-t1c.nii.gz,work_space/G2/results/synthetic_normalized/BraTS-MET-00639-001/BraTS-MET-00639-001-t1c.nii.gz,nnunet_raw/Dataset261_BraTS2026_MET_RealSynth/imagesTr/BraTSMET_000406_0001.nii.gz,native_2026,keep_native_2026_suffix,accepted_for_training,True,False,False,False
BraTS-MET-00639-001,BraTS-MET-00639-001,BraTSMET_000406,BraTS-MET-00639-001,run_3104668,t2w,0002,/Users/hwaigc/比赛+课题/ECNU_EYU_data/work_space/G1/results/missing_t2w_completion/run_3104668/BraTS-MET-00639-001/BraTS-MET-00639-001-t2w.nii.gz,work_space/G2/results/synthetic_normalized/BraTS-MET-00639-001/BraTS-MET-00639-001-t2w.nii.gz,nnunet_raw/Dataset261_BraTS2026_MET_RealSynth/imagesTr/BraTSMET_000406_0002.nii.gz,native_2026,keep_native_2026_suffix,accepted_for_training,True,False,False,False
BraTS-MET-00639-001,BraTS-MET-00639-001,BraTSMET_000406,BraTS-MET-00639-001,run_3104668,t2f,0003,/Users/hwaigc/比赛+课题/ECNU_EYU_data/work_space/G1/results/missing_t2w_completion/run_3104668/BraTS-MET-00639-001/BraTS-MET-00639-001-t2f.nii.gz,work_space/G2/results/synthetic_normalized/BraTS-MET-00639-001/BraTS-MET-00639-001-t2f.nii.gz,nnunet_raw/Dataset261_BraTS2026_MET_RealSynth/imagesTr/BraTSMET_000406_0003.nii.gz,native_2026,keep_native_2026_suffix,accepted_for_training,True,False,False,False
BraTS-MET-00639-001,BraTS-MET-00639-001,BraTSMET_000406,BraTS-MET-00639-001,run_3104668,seg,label,/Users/hwaigc/比赛+课题/ECNU_EYU_data/work_space/G1/results/missing_t2w_completion/run_3104668/BraTS-MET-00639-001/BraTS-MET-00639-001-seg.nii.gz,work_space/G2/results/synthetic_normalized/BraTS-MET-00639-001/BraTS-MET-00639-001-seg.nii.gz,nnunet_raw/Dataset261_BraTS2026_MET_RealSynth/labelsTr/BraTSMET_000406.nii.gz,native_2026,keep_native_2026_suffix,accepted_for_training,True,False,False,False
BraTS-MET-00639-002,BraTS-MET-00639-002,BraTSMET_000407,BraTS-MET-00639-002,run_3104668,t1n,0000,/Users/hwaigc/比赛+课题/ECNU_EYU_data/work_space/G1/results/missing_t2w_completion/run_3104668/BraTS-MET-00639-002/BraTS-MET-00639-002-t1n.nii.gz,work_space/G2/results/synthetic_normalized/BraTS-MET-00639-002/BraTS-MET-00639-002-t1n.nii.gz,nnunet_raw/Dataset261_BraTS2026_MET_RealSynth/imagesTr/BraTSMET_000407_0000.nii.gz,native_2026,keep_native_2026_suffix,accepted_for_training,True,False,False,False
BraTS-MET-00639-002,BraTS-MET-00639-002,BraTSMET_000407,BraTS-MET-00639-002,run_3104668,t1c,0001,/Users/hwaigc/比赛+课题/ECNU_EYU_data/work_space/G1/results/missing_t2w_completion/run_3104668/BraTS-MET-00639-002/BraTS-MET-00639-002-t1c.nii.gz,work_space/G2/results/synthetic_normalized/BraTS-MET-00639-002/BraTS-MET-00639-002-t1c.nii.gz,nnunet_raw/Dataset261_BraTS2026_MET_RealSynth/imagesTr/BraTSMET_000407_0001.nii.gz,native_2026,keep_native_2026_suffix,accepted_for_training,True,False,False,False
BraTS-MET-00639-002,BraTS-MET-00639-002,BraTSMET_000407,BraTS-MET-00639-002,run_3104668,t2w,0002,/Users/hwaigc/比赛+课题/ECNU_EYU_data/work_space/G1/results/missing_t2w_completion/run_3104668/BraTS-MET-00639-002/BraTS-MET-00639-002-t2w.nii.gz,work_space/G2/results/synthetic_normalized/BraTS-MET-00639-002/BraTS-MET-00639-002-t2w.nii.gz,nnunet_raw/Dataset261_BraTS2026_MET_RealSynth/imagesTr/BraTSMET_000407_0002.nii.gz,native_2026,keep_native_2026_suffix,accepted_for_training,True,False,False,False
BraTS-MET-00639-002,BraTS-MET-00639-002,BraTSMET_000407,BraTS-MET-00639-002,run_3104668,t2f,0003,/Users/hwaigc/比赛+课题/ECNU_EYU_data/work_space/G1/results/missing_t2w_completion/run_3104668/BraTS-MET-00639-002/BraTS-MET-00639-002-t2f.nii.gz,work_space/G2/results/synthetic_normalized/BraTS-MET-00639-002/BraTS-MET-00639-002-t2f.nii.gz,nnunet_raw/Dataset261_BraTS2026_MET_RealSynth/imagesTr/BraTSMET_000407_0003.nii.gz,native_2026,keep_native_2026_suffix,accepted_for_training,True,False,False,False
BraTS-MET-00639-002,BraTS-MET-00639-002,BraTSMET_000407,BraTS-MET-00639-002,run_3104668,seg,label,/Users/hwaigc/比赛+课题/ECNU_EYU_data/work_space/G1/results/missing_t2w_completion/run_3104668/BraTS-MET-00639-002/BraTS-MET-00639-002-seg.nii.gz,work_space/G2/results/synthetic_normalized/BraTS-MET-00639-002/BraTS-MET-00639-002-seg.nii.gz,nnunet_raw/Dataset261_BraTS2026_MET_RealSynth/labelsTr/BraTSMET_000407.nii.gz,native_2026,keep_native_2026_suffix,accepted_for_training,True,False,False,False
BraTS-MET-00639-003,BraTS-MET-00639-003,BraTSMET_000408,BraTS-MET-00639-003,run_3104668,t1n,0000,/Users/hwaigc/比赛+课题/ECNU_EYU_data/work_space/G1/results/missing_t2w_completion/run_3104668/BraTS-MET-00639-003/BraTS-MET-00639-003-t1n.nii.gz,work_space/G2/results/synthetic_normalized/BraTS-MET-00639-003/BraTS-MET-00639-003-t1n.nii.gz,nnunet_raw/Dataset261_BraTS2026_MET_RealSynth/imagesTr/BraTSMET_000408_0000.nii.gz,native_2026,keep_native_2026_suffix,accepted_for_training,True,False,False,False
BraTS-MET-00639-003,BraTS-MET-00639-003,BraTSMET_000408,BraTS-MET-00639-003,run_3104668,t1c,0001,/Users/hwaigc/比赛+课题/ECNU_EYU_data/work_space/G1/results/missing_t2w_completion/run_3104668/BraTS-MET-00639-003/BraTS-MET-00639-003-t1c.nii.gz,work_space/G2/results/synthetic_normalized/BraTS-MET-00639-003/BraTS-MET-00639-003-t1c.nii.gz,nnunet_raw/Dataset261_BraTS2026_MET_RealSynth/imagesTr/BraTSMET_000408_0001.nii.gz,native_2026,keep_native_2026_suffix,accepted_for_training,True,False,False,False
BraTS-MET-00639-003,BraTS-MET-00639-003,BraTSMET_000408,BraTS-MET-00639-003,run_3104668,t2w,0002,/Users/hwaigc/比赛+课题/ECNU_EYU_data/work_space/G1/results/missing_t2w_completion/run_3104668/BraTS-MET-00639-003/BraTS-MET-00639-003-t2w.nii.gz,work_space/G2/results/synthetic_normalized/BraTS-MET-00639-003/BraTS-MET-00639-003-t2w.nii.gz,nnunet_raw/Dataset261_BraTS2026_MET_RealSynth/imagesTr/BraTSMET_000408_0002.nii.gz,native_2026,keep_native_2026_suffix,accepted_for_training,True,False,False,False
BraTS-MET-00639-003,BraTS-MET-00639-003,BraTSMET_000408,BraTS-MET-00639-003,run_3104668,t2f,0003,/Users/hwaigc/比赛+课题/ECNU_EYU_data/work_space/G1/results/missing_t2w_completion/run_3104668/BraTS-MET-00639-003/BraTS-MET-00639-003-t2f.nii.gz,work_space/G2/results/synthetic_normalized/BraTS-MET-00639-003/BraTS-MET-00639-003-t2f.nii.gz,nnunet_raw/Dataset261_BraTS2026_MET_RealSynth/imagesTr/BraTSMET_000408_0003.nii.gz,native_2026,keep_native_2026_suffix,accepted_for_training,True,False,False,False
BraTS-MET-00639-003,BraTS-MET-00639-003,BraTSMET_000408,BraTS-MET-00639-003,run_3104668,seg,label,/Users/hwaigc/比赛+课题/ECNU_EYU_data/work_space/G1/results/missing_t2w_completion/run_3104668/BraTS-MET-00639-003/BraTS-MET-00639-003-seg.nii.gz,work_space/G2/results/synthetic_normalized/BraTS-MET-00639-003/BraTS-MET-00639-003-seg.nii.gz,nnunet_raw/Dataset261_BraTS2026_MET_RealSynth/labelsTr/BraTSMET_000408.nii.gz,native_2026,keep_native_2026_suffix,accepted_for_training,True,False,False,False
BraTS-MET-00640-000,BraTS-MET-00640-000,BraTSMET_000409,BraTS-MET-00640-000,run_3104668,t1n,0000,/Users/hwaigc/比赛+课题/ECNU_EYU_data/work_space/G1/results/missing_t2w_completion/run_3104668/BraTS-MET-00640-000/BraTS-MET-00640-000-t1n.nii.gz,work_space/G2/results/synthetic_normalized/BraTS-MET-00640-000/BraTS-MET-00640-000-t1n.nii.gz,nnunet_raw/Dataset261_BraTS2026_MET_RealSynth/imagesTr/BraTSMET_000409_0000.nii.gz,native_2026,keep_native_2026_suffix,accepted_for_training,True,False,False,False
BraTS-MET-00640-000,BraTS-MET-00640-000,BraTSMET_000409,BraTS-MET-00640-000,run_3104668,t1c,0001,/Users/hwaigc/比赛+课题/ECNU_EYU_data/work_space/G1/results/missing_t2w_completion/run_3104668/BraTS-MET-00640-000/BraTS-MET-00640-000-t1c.nii.gz,work_space/G2/results/synthetic_normalized/BraTS-MET-00640-000/BraTS-MET-00640-000-t1c.nii.gz,nnunet_raw/Dataset261_BraTS2026_MET_RealSynth/imagesTr/BraTSMET_000409_0001.nii.gz,native_2026,keep_native_2026_suffix,accepted_for_training,True,False,False,False
BraTS-MET-00640-000,BraTS-MET-00640-000,BraTSMET_000409,BraTS-MET-00640-000,run_3104668,t2w,0002,/Users/hwaigc/比赛+课题/ECNU_EYU_data/work_space/G1/results/missing_t2w_completion/run_3104668/BraTS-MET-00640-000/BraTS-MET-00640-000-t2w.nii.gz,work_space/G2/results/synthetic_normalized/BraTS-MET-00640-000/BraTS-MET-00640-000-t2w.nii.gz,nnunet_raw/Dataset261_BraTS2026_MET_RealSynth/imagesTr/BraTSMET_000409_0002.nii.gz,native_2026,keep_native_2026_suffix,accepted_for_training,True,False,False,False
BraTS-MET-00640-000,BraTS-MET-00640-000,BraTSMET_000409,BraTS-MET-00640-000,run_3104668,t2f,0003,/Users/hwaigc/比赛+课题/ECNU_EYU_data/work_space/G1/results/missing_t2w_completion/run_3104668/BraTS-MET-00640-000/BraTS-MET-00640-000-t2f.nii.gz,work_space/G2/results/synthetic_normalized/BraTS-MET-00640-000/BraTS-MET-00640-000-t2f.nii.gz,nnunet_raw/Dataset261_BraTS2026_MET_RealSynth/imagesTr/BraTSMET_000409_0003.nii.gz,native_2026,keep_native_2026_suffix,accepted_for_training,True,False,False,False
BraTS-MET-00640-000,BraTS-MET-00640-000,BraTSMET_000409,BraTS-MET-00640-000,run_3104668,seg,label,/Users/hwaigc/比赛+课题/ECNU_EYU_data/work_space/G1/results/missing_t2w_completion/run_3104668/BraTS-MET-00640-000/BraTS-MET-00640-000-seg.nii.gz,work_space/G2/results/synthetic_normalized/BraTS-MET-00640-000/BraTS-MET-00640-000-seg.nii.gz,nnunet_raw/Dataset261_BraTS2026_MET_RealSynth/labelsTr/BraTSMET_000409.nii.gz,native_2026,keep_native_2026_suffix,accepted_for_training,True,False,False,False
BraTS-MET-00641-001,BraTS-MET-00641-001,BraTSMET_000412,BraTS-MET-00641-001,run_3104668,t1n,0000,/Users/hwaigc/比赛+课题/ECNU_EYU_data/work_space/G1/results/missing_t2w_completion/run_3104668/BraTS-MET-00641-001/BraTS-MET-00641-001-t1n.nii.gz,work_space/G2/results/synthetic_normalized/BraTS-MET-00641-001/BraTS-MET-00641-001-t1n.nii.gz,nnunet_raw/Dataset261_BraTS2026_MET_RealSynth/imagesTr/BraTSMET_000412_0000.nii.gz,native_2026,keep_native_2026_suffix,accepted_for_training,True,False,False,False
BraTS-MET-00641-001,BraTS-MET-00641-001,BraTSMET_000412,BraTS-MET-00641-001,run_3104668,t1c,0001,/Users/hwaigc/比赛+课题/ECNU_EYU_data/work_space/G1/results/missing_t2w_completion/run_3104668/BraTS-MET-00641-001/BraTS-MET-00641-001-t1c.nii.gz,work_space/G2/results/synthetic_normalized/BraTS-MET-00641-001/BraTS-MET-00641-001-t1c.nii.gz,nnunet_raw/Dataset261_BraTS2026_MET_RealSynth/imagesTr/BraTSMET_000412_0001.nii.gz,native_2026,keep_native_2026_suffix,accepted_for_training,True,False,False,False
BraTS-MET-00641-001,BraTS-MET-00641-001,BraTSMET_000412,BraTS-MET-00641-001,run_3104668,t2w,0002,/Users/hwaigc/比赛+课题/ECNU_EYU_data/work_space/G1/results/missing_t2w_completion/run_3104668/BraTS-MET-00641-001/BraTS-MET-00641-001-t2w.nii.gz,work_space/G2/results/synthetic_normalized/BraTS-MET-00641-001/BraTS-MET-00641-001-t2w.nii.gz,nnunet_raw/Dataset261_BraTS2026_MET_RealSynth/imagesTr/BraTSMET_000412_0002.nii.gz,native_2026,keep_native_2026_suffix,accepted_for_training,True,False,False,False
BraTS-MET-00641-001,BraTS-MET-00641-001,BraTSMET_000412,BraTS-MET-00641-001,run_3104668,t2f,0003,/Users/hwaigc/比赛+课题/ECNU_EYU_data/work_space/G1/results/missing_t2w_completion/run_3104668/BraTS-MET-00641-001/BraTS-MET-00641-001-t2f.nii.gz,work_space/G2/results/synthetic_normalized/BraTS-MET-00641-001/BraTS-MET-00641-001-t2f.nii.gz,nnunet_raw/Dataset261_BraTS2026_MET_RealSynth/imagesTr/BraTSMET_000412_0003.nii.gz,native_2026,keep_native_2026_suffix,accepted_for_training,True,False,False,False
BraTS-MET-00641-001,BraTS-MET-00641-001,BraTSMET_000412,BraTS-MET-00641-001,run_3104668,seg,label,/Users/hwaigc/比赛+课题/ECNU_EYU_data/work_space/G1/results/missing_t2w_completion/run_3104668/BraTS-MET-00641-001/BraTS-MET-00641-001-seg.nii.gz,work_space/G2/results/synthetic_normalized/BraTS-MET-00641-001/BraTS-MET-00641-001-seg.nii.gz,nnunet_raw/Dataset261_BraTS2026_MET_RealSynth/labelsTr/BraTSMET_000412.nii.gz,native_2026,keep_native_2026_suffix,accepted_for_training,True,False,False,False
BraTS-MET-00641-002,BraTS-MET-00641-002,BraTSMET_000413,BraTS-MET-00641-002,run_3104668,t1n,0000,/Users/hwaigc/比赛+课题/ECNU_EYU_data/work_space/G1/results/missing_t2w_completion/run_3104668/BraTS-MET-00641-002/BraTS-MET-00641-002-t1n.nii.gz,work_space/G2/results/synthetic_normalized/BraTS-MET-00641-002/BraTS-MET-00641-002-t1n.nii.gz,nnunet_raw/Dataset261_BraTS2026_MET_RealSynth/imagesTr/BraTSMET_000413_0000.nii.gz,native_2026,keep_native_2026_suffix,accepted_for_training,True,False,False,False
BraTS-MET-00641-002,BraTS-MET-00641-002,BraTSMET_000413,BraTS-MET-00641-002,run_3104668,t1c,0001,/Users/hwaigc/比赛+课题/ECNU_EYU_data/work_space/G1/results/missing_t2w_completion/run_3104668/BraTS-MET-00641-002/BraTS-MET-00641-002-t1c.nii.gz,work_space/G2/results/synthetic_normalized/BraTS-MET-00641-002/BraTS-MET-00641-002-t1c.nii.gz,nnunet_raw/Dataset261_BraTS2026_MET_RealSynth/imagesTr/BraTSMET_000413_0001.nii.gz,native_2026,keep_native_2026_suffix,accepted_for_training,True,False,False,False
BraTS-MET-00641-002,BraTS-MET-00641-002,BraTSMET_000413,BraTS-MET-00641-002,run_3104668,t2w,0002,/Users/hwaigc/比赛+课题/ECNU_EYU_data/work_space/G1/results/missing_t2w_completion/run_3104668/BraTS-MET-00641-002/BraTS-MET-00641-002-t2w.nii.gz,work_space/G2/results/synthetic_normalized/BraTS-MET-00641-002/BraTS-MET-00641-002-t2w.nii.gz,nnunet_raw/Dataset261_BraTS2026_MET_RealSynth/imagesTr/BraTSMET_000413_0002.nii.gz,native_2026,keep_native_2026_suffix,accepted_for_training,True,False,False,False
BraTS-MET-00641-002,BraTS-MET-00641-002,BraTSMET_000413,BraTS-MET-00641-002,run_3104668,t2f,0003,/Users/hwaigc/比赛+课题/ECNU_EYU_data/work_space/G1/results/missing_t2w_completion/run_3104668/BraTS-MET-00641-002/BraTS-MET-00641-002-t2f.nii.gz,work_space/G2/results/synthetic_normalized/BraTS-MET-00641-002/BraTS-MET-00641-002-t2f.nii.gz,nnunet_raw/Dataset261_BraTS2026_MET_RealSynth/imagesTr/BraTSMET_000413_0003.nii.gz,native_2026,keep_native_2026_suffix,accepted_for_training,True,False,False,False
BraTS-MET-00641-002,BraTS-MET-00641-002,BraTSMET_000413,BraTS-MET-00641-002,run_3104668,seg,label,/Users/hwaigc/比赛+课题/ECNU_EYU_data/work_space/G1/results/missing_t2w_completion/run_3104668/BraTS-MET-00641-002/BraTS-MET-00641-002-seg.nii.gz,work_space/G2/results/synthetic_normalized/BraTS-MET-00641-002/BraTS-MET-00641-002-seg.nii.gz,nnunet_raw/Dataset261_BraTS2026_MET_RealSynth/labelsTr/BraTSMET_000413.nii.gz,native_2026,keep_native_2026_suffix,accepted_for_training,True,False,False,False
BraTS-MET-00642-000,BraTS-MET-00642-000,BraTSMET_000414,BraTS-MET-00642-000,run_3104668,t1n,0000,/Users/hwaigc/比赛+课题/ECNU_EYU_data/work_space/G1/results/missing_t2w_completion/run_3104668/BraTS-MET-00642-000/BraTS-MET-00642-000-t1n.nii.gz,work_space/G2/results/synthetic_normalized/BraTS-MET-00642-000/BraTS-MET-00642-000-t1n.nii.gz,nnunet_raw/Dataset261_BraTS2026_MET_RealSynth/imagesTr/BraTSMET_000414_0000.nii.gz,native_2026,keep_native_2026_suffix,accepted_for_training,True,False,False,False
BraTS-MET-00642-000,BraTS-MET-00642-000,BraTSMET_000414,BraTS-MET-00642-000,run_3104668,t1c,0001,/Users/hwaigc/比赛+课题/ECNU_EYU_data/work_space/G1/results/missing_t2w_completion/run_3104668/BraTS-MET-00642-000/BraTS-MET-00642-000-t1c.nii.gz,work_space/G2/results/synthetic_normalized/BraTS-MET-00642-000/BraTS-MET-00642-000-t1c.nii.gz,nnunet_raw/Dataset261_BraTS2026_MET_RealSynth/imagesTr/BraTSMET_000414_0001.nii.gz,native_2026,keep_native_2026_suffix,accepted_for_training,True,False,False,False
BraTS-MET-00642-000,BraTS-MET-00642-000,BraTSMET_000414,BraTS-MET-00642-000,run_3104668,t2w,0002,/Users/hwaigc/比赛+课题/ECNU_EYU_data/work_space/G1/results/missing_t2w_completion/run_3104668/BraTS-MET-00642-000/BraTS-MET-00642-000-t2w.nii.gz,work_space/G2/results/synthetic_normalized/BraTS-MET-00642-000/BraTS-MET-00642-000-t2w.nii.gz,nnunet_raw/Dataset261_BraTS2026_MET_RealSynth/imagesTr/BraTSMET_000414_0002.nii.gz,native_2026,keep_native_2026_suffix,accepted_for_training,True,False,False,False
BraTS-MET-00642-000,BraTS-MET-00642-000,BraTSMET_000414,BraTS-MET-00642-000,run_3104668,t2f,0003,/Users/hwaigc/比赛+课题/ECNU_EYU_data/work_space/G1/results/missing_t2w_completion/run_3104668/BraTS-MET-00642-000/BraTS-MET-00642-000-t2f.nii.gz,work_space/G2/results/synthetic_normalized/BraTS-MET-00642-000/BraTS-MET-00642-000-t2f.nii.gz,nnunet_raw/Dataset261_BraTS2026_MET_RealSynth/imagesTr/BraTSMET_000414_0003.nii.gz,native_2026,keep_native_2026_suffix,accepted_for_training,True,False,False,False
BraTS-MET-00642-000,BraTS-MET-00642-000,BraTSMET_000414,BraTS-MET-00642-000,run_3104668,seg,label,/Users/hwaigc/比赛+课题/ECNU_EYU_data/work_space/G1/results/missing_t2w_completion/run_3104668/BraTS-MET-00642-000/BraTS-MET-00642-000-seg.nii.gz,work_space/G2/results/synthetic_normalized/BraTS-MET-00642-000/BraTS-MET-00642-000-seg.nii.gz,nnunet_raw/Dataset261_BraTS2026_MET_RealSynth/labelsTr/BraTSMET_000414.nii.gz,native_2026,keep_native_2026_suffix,accepted_for_training,True,False,False,False
BraTS-MET-00643-000,BraTS-MET-00643-000,BraTSMET_000415,BraTS-MET-00643-000,run_3104668,t1n,0000,/Users/hwaigc/比赛+课题/ECNU_EYU_data/work_space/G1/results/missing_t2w_completion/run_3104668/BraTS-MET-00643-000/BraTS-MET-00643-000-t1n.nii.gz,work_space/G2/results/synthetic_normalized/BraTS-MET-00643-000/BraTS-MET-00643-000-t1n.nii.gz,nnunet_raw/Dataset261_BraTS2026_MET_RealSynth/imagesTr/BraTSMET_000415_0000.nii.gz,native_2026,keep_native_2026_suffix,accepted_for_training,True,False,False,False
BraTS-MET-00643-000,BraTS-MET-00643-000,BraTSMET_000415,BraTS-MET-00643-000,run_3104668,t1c,0001,/Users/hwaigc/比赛+课题/ECNU_EYU_data/work_space/G1/results/missing_t2w_completion/run_3104668/BraTS-MET-00643-000/BraTS-MET-00643-000-t1c.nii.gz,work_space/G2/results/synthetic_normalized/BraTS-MET-00643-000/BraTS-MET-00643-000-t1c.nii.gz,nnunet_raw/Dataset261_BraTS2026_MET_RealSynth/imagesTr/BraTSMET_000415_0001.nii.gz,native_2026,keep_native_2026_suffix,accepted_for_training,True,False,False,False
BraTS-MET-00643-000,BraTS-MET-00643-000,BraTSMET_000415,BraTS-MET-00643-000,run_3104668,t2w,0002,/Users/hwaigc/比赛+课题/ECNU_EYU_data/work_space/G1/results/missing_t2w_completion/run_3104668/BraTS-MET-00643-000/BraTS-MET-00643-000-t2w.nii.gz,work_space/G2/results/synthetic_normalized/BraTS-MET-00643-000/BraTS-MET-00643-000-t2w.nii.gz,nnunet_raw/Dataset261_BraTS2026_MET_RealSynth/imagesTr/BraTSMET_000415_0002.nii.gz,native_2026,keep_native_2026_suffix,accepted_for_training,True,False,False,False
BraTS-MET-00643-000,BraTS-MET-00643-000,BraTSMET_000415,BraTS-MET-00643-000,run_3104668,t2f,0003,/Users/hwaigc/比赛+课题/ECNU_EYU_data/work_space/G1/results/missing_t2w_completion/run_3104668/BraTS-MET-00643-000/BraTS-MET-00643-000-t2f.nii.gz,work_space/G2/results/synthetic_normalized/BraTS-MET-00643-000/BraTS-MET-00643-000-t2f.nii.gz,nnunet_raw/Dataset261_BraTS2026_MET_RealSynth/imagesTr/BraTSMET_000415_0003.nii.gz,native_2026,keep_native_2026_suffix,accepted_for_training,True,False,False,False
BraTS-MET-00643-000,BraTS-MET-00643-000,BraTSMET_000415,BraTS-MET-00643-000,run_3104668,seg,label,/Users/hwaigc/比赛+课题/ECNU_EYU_data/work_space/G1/results/missing_t2w_completion/run_3104668/BraTS-MET-00643-000/BraTS-MET-00643-000-seg.nii.gz,work_space/G2/results/synthetic_normalized/BraTS-MET-00643-000/BraTS-MET-00643-000-seg.nii.gz,nnunet_raw/Dataset261_BraTS2026_MET_RealSynth/labelsTr/BraTSMET_000415.nii.gz,native_2026,keep_native_2026_suffix,accepted_for_training,True,False,False,False
BraTS-MET-00644-000,BraTS-MET-00644-000,BraTSMET_000416,BraTS-MET-00644-000,run_3104668,t1n,0000,/Users/hwaigc/比赛+课题/ECNU_EYU_data/work_space/G1/results/missing_t2w_completion/run_3104668/BraTS-MET-00644-000/BraTS-MET-00644-000-t1n.nii.gz,work_space/G2/results/synthetic_normalized/BraTS-MET-00644-000/BraTS-MET-00644-000-t1n.nii.gz,nnunet_raw/Dataset261_BraTS2026_MET_RealSynth/imagesTr/BraTSMET_000416_0000.nii.gz,native_2026,keep_native_2026_suffix,accepted_for_training,True,False,False,False
BraTS-MET-00644-000,BraTS-MET-00644-000,BraTSMET_000416,BraTS-MET-00644-000,run_3104668,t1c,0001,/Users/hwaigc/比赛+课题/ECNU_EYU_data/work_space/G1/results/missing_t2w_completion/run_3104668/BraTS-MET-00644-000/BraTS-MET-00644-000-t1c.nii.gz,work_space/G2/results/synthetic_normalized/BraTS-MET-00644-000/BraTS-MET-00644-000-t1c.nii.gz,nnunet_raw/Dataset261_BraTS2026_MET_RealSynth/imagesTr/BraTSMET_000416_0001.nii.gz,native_2026,keep_native_2026_suffix,accepted_for_training,True,False,False,False
BraTS-MET-00644-000,BraTS-MET-00644-000,BraTSMET_000416,BraTS-MET-00644-000,run_3104668,t2w,0002,/Users/hwaigc/比赛+课题/ECNU_EYU_data/work_space/G1/results/missing_t2w_completion/run_3104668/BraTS-MET-00644-000/BraTS-MET-00644-000-t2w.nii.gz,work_space/G2/results/synthetic_normalized/BraTS-MET-00644-000/BraTS-MET-00644-000-t2w.nii.gz,nnunet_raw/Dataset261_BraTS2026_MET_RealSynth/imagesTr/BraTSMET_000416_0002.nii.gz,native_2026,keep_native_2026_suffix,accepted_for_training,True,False,False,False
BraTS-MET-00644-000,BraTS-MET-00644-000,BraTSMET_000416,BraTS-MET-00644-000,run_3104668,t2f,0003,/Users/hwaigc/比赛+课题/ECNU_EYU_data/work_space/G1/results/missing_t2w_completion/run_3104668/BraTS-MET-00644-000/BraTS-MET-00644-000-t2f.nii.gz,work_space/G2/results/synthetic_normalized/BraTS-MET-00644-000/BraTS-MET-00644-000-t2f.nii.gz,nnunet_raw/Dataset261_BraTS2026_MET_RealSynth/imagesTr/BraTSMET_000416_0003.nii.gz,native_2026,keep_native_2026_suffix,accepted_for_training,True,False,False,False
BraTS-MET-00644-000,BraTS-MET-00644-000,BraTSMET_000416,BraTS-MET-00644-000,run_3104668,seg,label,/Users/hwaigc/比赛+课题/ECNU_EYU_data/work_space/G1/results/missing_t2w_completion/run_3104668/BraTS-MET-00644-000/BraTS-MET-00644-000-seg.nii.gz,work_space/G2/results/synthetic_normalized/BraTS-MET-00644-000/BraTS-MET-00644-000-seg.nii.gz,nnunet_raw/Dataset261_BraTS2026_MET_RealSynth/labelsTr/BraTSMET_000416.nii.gz,native_2026,keep_native_2026_suffix,accepted_for_training,True,False,False,False
BraTS-MET-00644-001,BraTS-MET-00644-001,BraTSMET_000417,BraTS-MET-00644-001,run_3104668,t1n,0000,/Users/hwaigc/比赛+课题/ECNU_EYU_data/work_space/G1/results/missing_t2w_completion/run_3104668/BraTS-MET-00644-001/BraTS-MET-00644-001-t1n.nii.gz,work_space/G2/results/synthetic_normalized/BraTS-MET-00644-001/BraTS-MET-00644-001-t1n.nii.gz,nnunet_raw/Dataset261_BraTS2026_MET_RealSynth/imagesTr/BraTSMET_000417_0000.nii.gz,native_2026,keep_native_2026_suffix,accepted_for_training,True,False,False,False
BraTS-MET-00644-001,BraTS-MET-00644-001,BraTSMET_000417,BraTS-MET-00644-001,run_3104668,t1c,0001,/Users/hwaigc/比赛+课题/ECNU_EYU_data/work_space/G1/results/missing_t2w_completion/run_3104668/BraTS-MET-00644-001/BraTS-MET-00644-001-t1c.nii.gz,work_space/G2/results/synthetic_normalized/BraTS-MET-00644-001/BraTS-MET-00644-001-t1c.nii.gz,nnunet_raw/Dataset261_BraTS2026_MET_RealSynth/imagesTr/BraTSMET_000417_0001.nii.gz,native_2026,keep_native_2026_suffix,accepted_for_training,True,False,False,False
BraTS-MET-00644-001,BraTS-MET-00644-001,BraTSMET_000417,BraTS-MET-00644-001,run_3104668,t2w,0002,/Users/hwaigc/比赛+课题/ECNU_EYU_data/work_space/G1/results/missing_t2w_completion/run_3104668/BraTS-MET-00644-001/BraTS-MET-00644-001-t2w.nii.gz,work_space/G2/results/synthetic_normalized/BraTS-MET-00644-001/BraTS-MET-00644-001-t2w.nii.gz,nnunet_raw/Dataset261_BraTS2026_MET_RealSynth/imagesTr/BraTSMET_000417_0002.nii.gz,native_2026,keep_native_2026_suffix,accepted_for_training,True,False,False,False
BraTS-MET-00644-001,BraTS-MET-00644-001,BraTSMET_000417,BraTS-MET-00644-001,run_3104668,t2f,0003,/Users/hwaigc/比赛+课题/ECNU_EYU_data/work_space/G1/results/missing_t2w_completion/run_3104668/BraTS-MET-00644-001/BraTS-MET-00644-001-t2f.nii.gz,work_space/G2/results/synthetic_normalized/BraTS-MET-00644-001/BraTS-MET-00644-001-t2f.nii.gz,nnunet_raw/Dataset261_BraTS2026_MET_RealSynth/imagesTr/BraTSMET_000417_0003.nii.gz,native_2026,keep_native_2026_suffix,accepted_for_training,True,False,False,False
BraTS-MET-00644-001,BraTS-MET-00644-001,BraTSMET_000417,BraTS-MET-00644-001,run_3104668,seg,label,/Users/hwaigc/比赛+课题/ECNU_EYU_data/work_space/G1/results/missing_t2w_completion/run_3104668/BraTS-MET-00644-001/BraTS-MET-00644-001-seg.nii.gz,work_space/G2/results/synthetic_normalized/BraTS-MET-00644-001/BraTS-MET-00644-001-seg.nii.gz,nnunet_raw/Dataset261_BraTS2026_MET_RealSynth/labelsTr/BraTSMET_000417.nii.gz,native_2026,keep_native_2026_suffix,accepted_for_training,True,False,False,False
BraTS-MET-00645-000,BraTS-MET-00645-000,BraTSMET_000418,BraTS-MET-00645-000,run_3104668,t1n,0000,/Users/hwaigc/比赛+课题/ECNU_EYU_data/work_space/G1/results/missing_t2w_completion/run_3104668/BraTS-MET-00645-000/BraTS-MET-00645-000-t1n.nii.gz,work_space/G2/results/synthetic_normalized/BraTS-MET-00645-000/BraTS-MET-00645-000-t1n.nii.gz,nnunet_raw/Dataset261_BraTS2026_MET_RealSynth/imagesTr/BraTSMET_000418_0000.nii.gz,native_2026,keep_native_2026_suffix,accepted_for_training,True,False,False,False
BraTS-MET-00645-000,BraTS-MET-00645-000,BraTSMET_000418,BraTS-MET-00645-000,run_3104668,t1c,0001,/Users/hwaigc/比赛+课题/ECNU_EYU_data/work_space/G1/results/missing_t2w_completion/run_3104668/BraTS-MET-00645-000/BraTS-MET-00645-000-t1c.nii.gz,work_space/G2/results/synthetic_normalized/BraTS-MET-00645-000/BraTS-MET-00645-000-t1c.nii.gz,nnunet_raw/Dataset261_BraTS2026_MET_RealSynth/imagesTr/BraTSMET_000418_0001.nii.gz,native_2026,keep_native_2026_suffix,accepted_for_training,True,False,False,False
BraTS-MET-00645-000,BraTS-MET-00645-000,BraTSMET_000418,BraTS-MET-00645-000,run_3104668,t2w,0002,/Users/hwaigc/比赛+课题/ECNU_EYU_data/work_space/G1/results/missing_t2w_completion/run_3104668/BraTS-MET-00645-000/BraTS-MET-00645-000-t2w.nii.gz,work_space/G2/results/synthetic_normalized/BraTS-MET-00645-000/BraTS-MET-00645-000-t2w.nii.gz,nnunet_raw/Dataset261_BraTS2026_MET_RealSynth/imagesTr/BraTSMET_000418_0002.nii.gz,native_2026,keep_native_2026_suffix,accepted_for_training,True,False,False,False
BraTS-MET-00645-000,BraTS-MET-00645-000,BraTSMET_000418,BraTS-MET-00645-000,run_3104668,t2f,0003,/Users/hwaigc/比赛+课题/ECNU_EYU_data/work_space/G1/results/missing_t2w_completion/run_3104668/BraTS-MET-00645-000/BraTS-MET-00645-000-t2f.nii.gz,work_space/G2/results/synthetic_normalized/BraTS-MET-00645-000/BraTS-MET-00645-000-t2f.nii.gz,nnunet_raw/Dataset261_BraTS2026_MET_RealSynth/imagesTr/BraTSMET_000418_0003.nii.gz,native_2026,keep_native_2026_suffix,accepted_for_training,True,False,False,False
BraTS-MET-00645-000,BraTS-MET-00645-000,BraTSMET_000418,BraTS-MET-00645-000,run_3104668,seg,label,/Users/hwaigc/比赛+课题/ECNU_EYU_data/work_space/G1/results/missing_t2w_completion/run_3104668/BraTS-MET-00645-000/BraTS-MET-00645-000-seg.nii.gz,work_space/G2/results/synthetic_normalized/BraTS-MET-00645-000/BraTS-MET-00645-000-seg.nii.gz,nnunet_raw/Dataset261_BraTS2026_MET_RealSynth/labelsTr/BraTSMET_000418.nii.gz,native_2026,keep_native_2026_suffix,accepted_for_training,True,False,False,False
BraTS-MET-00646-000,BraTS-MET-00646-000,BraTSMET_000419,BraTS-MET-00646-000,run_3104668,t1n,0000,/Users/hwaigc/比赛+课题/ECNU_EYU_data/work_space/G1/results/missing_t2w_completion/run_3104668/BraTS-MET-00646-000/BraTS-MET-00646-000-t1n.nii.gz,work_space/G2/results/synthetic_normalized/BraTS-MET-00646-000/BraTS-MET-00646-000-t1n.nii.gz,nnunet_raw/Dataset261_BraTS2026_MET_RealSynth/imagesTr/BraTSMET_000419_0000.nii.gz,native_2026,keep_native_2026_suffix,accepted_for_training,True,False,False,False
BraTS-MET-00646-000,BraTS-MET-00646-000,BraTSMET_000419,BraTS-MET-00646-000,run_3104668,t1c,0001,/Users/hwaigc/比赛+课题/ECNU_EYU_data/work_space/G1/results/missing_t2w_completion/run_3104668/BraTS-MET-00646-000/BraTS-MET-00646-000-t1c.nii.gz,work_space/G2/results/synthetic_normalized/BraTS-MET-00646-000/BraTS-MET-00646-000-t1c.nii.gz,nnunet_raw/Dataset261_BraTS2026_MET_RealSynth/imagesTr/BraTSMET_000419_0001.nii.gz,native_2026,keep_native_2026_suffix,accepted_for_training,True,False,False,False
BraTS-MET-00646-000,BraTS-MET-00646-000,BraTSMET_000419,BraTS-MET-00646-000,run_3104668,t2w,0002,/Users/hwaigc/比赛+课题/ECNU_EYU_data/work_space/G1/results/missing_t2w_completion/run_3104668/BraTS-MET-00646-000/BraTS-MET-00646-000-t2w.nii.gz,work_space/G2/results/synthetic_normalized/BraTS-MET-00646-000/BraTS-MET-00646-000-t2w.nii.gz,nnunet_raw/Dataset261_BraTS2026_MET_RealSynth/imagesTr/BraTSMET_000419_0002.nii.gz,native_2026,keep_native_2026_suffix,accepted_for_training,True,False,False,False
BraTS-MET-00646-000,BraTS-MET-00646-000,BraTSMET_000419,BraTS-MET-00646-000,run_3104668,t2f,0003,/Users/hwaigc/比赛+课题/ECNU_EYU_data/work_space/G1/results/missing_t2w_completion/run_3104668/BraTS-MET-00646-000/BraTS-MET-00646-000-t2f.nii.gz,work_space/G2/results/synthetic_normalized/BraTS-MET-00646-000/BraTS-MET-00646-000-t2f.nii.gz,nnunet_raw/Dataset261_BraTS2026_MET_RealSynth/imagesTr/BraTSMET_000419_0003.nii.gz,native_2026,keep_native_2026_suffix,accepted_for_training,True,False,False,False
BraTS-MET-00646-000,BraTS-MET-00646-000,BraTSMET_000419,BraTS-MET-00646-000,run_3104668,seg,label,/Users/hwaigc/比赛+课题/ECNU_EYU_data/work_space/G1/results/missing_t2w_completion/run_3104668/BraTS-MET-00646-000/BraTS-MET-00646-000-seg.nii.gz,work_space/G2/results/synthetic_normalized/BraTS-MET-00646-000/BraTS-MET-00646-000-seg.nii.gz,nnunet_raw/Dataset261_BraTS2026_MET_RealSynth/labelsTr/BraTSMET_000419.nii.gz,native_2026,keep_native_2026_suffix,accepted_for_training,True,False,False,False
BraTS-MET-00647-001,BraTS-MET-00647-001,BraTSMET_000421,BraTS-MET-00647-001,run_3104668,t1n,0000,/Users/hwaigc/比赛+课题/ECNU_EYU_data/work_space/G1/results/missing_t2w_completion/run_3104668/BraTS-MET-00647-001/BraTS-MET-00647-001-t1n.nii.gz,work_space/G2/results/synthetic_normalized/BraTS-MET-00647-001/BraTS-MET-00647-001-t1n.nii.gz,nnunet_raw/Dataset261_BraTS2026_MET_RealSynth/imagesTr/BraTSMET_000421_0000.nii.gz,native_2026,keep_native_2026_suffix,accepted_for_training,True,False,False,False
BraTS-MET-00647-001,BraTS-MET-00647-001,BraTSMET_000421,BraTS-MET-00647-001,run_3104668,t1c,0001,/Users/hwaigc/比赛+课题/ECNU_EYU_data/work_space/G1/results/missing_t2w_completion/run_3104668/BraTS-MET-00647-001/BraTS-MET-00647-001-t1c.nii.gz,work_space/G2/results/synthetic_normalized/BraTS-MET-00647-001/BraTS-MET-00647-001-t1c.nii.gz,nnunet_raw/Dataset261_BraTS2026_MET_RealSynth/imagesTr/BraTSMET_000421_0001.nii.gz,native_2026,keep_native_2026_suffix,accepted_for_training,True,False,False,False
BraTS-MET-00647-001,BraTS-MET-00647-001,BraTSMET_000421,BraTS-MET-00647-001,run_3104668,t2w,0002,/Users/hwaigc/比赛+课题/ECNU_EYU_data/work_space/G1/results/missing_t2w_completion/run_3104668/BraTS-MET-00647-001/BraTS-MET-00647-001-t2w.nii.gz,work_space/G2/results/synthetic_normalized/BraTS-MET-00647-001/BraTS-MET-00647-001-t2w.nii.gz,nnunet_raw/Dataset261_BraTS2026_MET_RealSynth/imagesTr/BraTSMET_000421_0002.nii.gz,native_2026,keep_native_2026_suffix,accepted_for_training,True,False,False,False
BraTS-MET-00647-001,BraTS-MET-00647-001,BraTSMET_000421,BraTS-MET-00647-001,run_3104668,t2f,0003,/Users/hwaigc/比赛+课题/ECNU_EYU_data/work_space/G1/results/missing_t2w_completion/run_3104668/BraTS-MET-00647-001/BraTS-MET-00647-001-t2f.nii.gz,work_space/G2/results/synthetic_normalized/BraTS-MET-00647-001/BraTS-MET-00647-001-t2f.nii.gz,nnunet_raw/Dataset261_BraTS2026_MET_RealSynth/imagesTr/BraTSMET_000421_0003.nii.gz,native_2026,keep_native_2026_suffix,accepted_for_training,True,False,False,False
BraTS-MET-00647-001,BraTS-MET-00647-001,BraTSMET_000421,BraTS-MET-00647-001,run_3104668,seg,label,/Users/hwaigc/比赛+课题/ECNU_EYU_data/work_space/G1/results/missing_t2w_completion/run_3104668/BraTS-MET-00647-001/BraTS-MET-00647-001-seg.nii.gz,work_space/G2/results/synthetic_normalized/BraTS-MET-00647-001/BraTS-MET-00647-001-seg.nii.gz,nnunet_raw/Dataset261_BraTS2026_MET_RealSynth/labelsTr/BraTSMET_000421.nii.gz,native_2026,keep_native_2026_suffix,accepted_for_training,True,False,False,False
BraTS-MET-00648-000,BraTS-MET-00648-000,BraTSMET_000422,BraTS-MET-00648-000,run_3104668,t1n,0000,/Users/hwaigc/比赛+课题/ECNU_EYU_data/work_space/G1/results/missing_t2w_completion/run_3104668/BraTS-MET-00648-000/BraTS-MET-00648-000-t1n.nii.gz,work_space/G2/results/synthetic_normalized/BraTS-MET-00648-000/BraTS-MET-00648-000-t1n.nii.gz,nnunet_raw/Dataset261_BraTS2026_MET_RealSynth/imagesTr/BraTSMET_000422_0000.nii.gz,native_2026,keep_native_2026_suffix,accepted_for_training,True,False,False,False
BraTS-MET-00648-000,BraTS-MET-00648-000,BraTSMET_000422,BraTS-MET-00648-000,run_3104668,t1c,0001,/Users/hwaigc/比赛+课题/ECNU_EYU_data/work_space/G1/results/missing_t2w_completion/run_3104668/BraTS-MET-00648-000/BraTS-MET-00648-000-t1c.nii.gz,work_space/G2/results/synthetic_normalized/BraTS-MET-00648-000/BraTS-MET-00648-000-t1c.nii.gz,nnunet_raw/Dataset261_BraTS2026_MET_RealSynth/imagesTr/BraTSMET_000422_0001.nii.gz,native_2026,keep_native_2026_suffix,accepted_for_training,True,False,False,False
BraTS-MET-00648-000,BraTS-MET-00648-000,BraTSMET_000422,BraTS-MET-00648-000,run_3104668,t2w,0002,/Users/hwaigc/比赛+课题/ECNU_EYU_data/work_space/G1/results/missing_t2w_completion/run_3104668/BraTS-MET-00648-000/BraTS-MET-00648-000-t2w.nii.gz,work_space/G2/results/synthetic_normalized/BraTS-MET-00648-000/BraTS-MET-00648-000-t2w.nii.gz,nnunet_raw/Dataset261_BraTS2026_MET_RealSynth/imagesTr/BraTSMET_000422_0002.nii.gz,native_2026,keep_native_2026_suffix,accepted_for_training,True,False,False,False
BraTS-MET-00648-000,BraTS-MET-00648-000,BraTSMET_000422,BraTS-MET-00648-000,run_3104668,t2f,0003,/Users/hwaigc/比赛+课题/ECNU_EYU_data/work_space/G1/results/missing_t2w_completion/run_3104668/BraTS-MET-00648-000/BraTS-MET-00648-000-t2f.nii.gz,work_space/G2/results/synthetic_normalized/BraTS-MET-00648-000/BraTS-MET-00648-000-t2f.nii.gz,nnunet_raw/Dataset261_BraTS2026_MET_RealSynth/imagesTr/BraTSMET_000422_0003.nii.gz,native_2026,keep_native_2026_suffix,accepted_for_training,True,False,False,False
BraTS-MET-00648-000,BraTS-MET-00648-000,BraTSMET_000422,BraTS-MET-00648-000,run_3104668,seg,label,/Users/hwaigc/比赛+课题/ECNU_EYU_data/work_space/G1/results/missing_t2w_completion/run_3104668/BraTS-MET-00648-000/BraTS-MET-00648-000-seg.nii.gz,work_space/G2/results/synthetic_normalized/BraTS-MET-00648-000/BraTS-MET-00648-000-seg.nii.gz,nnunet_raw/Dataset261_BraTS2026_MET_RealSynth/labelsTr/BraTSMET_000422.nii.gz,native_2026,keep_native_2026_suffix,accepted_for_training,True,False,False,False
BraTS-MET-00648-001,BraTS-MET-00648-001,BraTSMET_000423,BraTS-MET-00648-001,run_3104668,t1n,0000,/Users/hwaigc/比赛+课题/ECNU_EYU_data/work_space/G1/results/missing_t2w_completion/run_3104668/BraTS-MET-00648-001/BraTS-MET-00648-001-t1n.nii.gz,work_space/G2/results/synthetic_normalized/BraTS-MET-00648-001/BraTS-MET-00648-001-t1n.nii.gz,nnunet_raw/Dataset261_BraTS2026_MET_RealSynth/imagesTr/BraTSMET_000423_0000.nii.gz,native_2026,keep_native_2026_suffix,accepted_for_training,True,False,False,False
BraTS-MET-00648-001,BraTS-MET-00648-001,BraTSMET_000423,BraTS-MET-00648-001,run_3104668,t1c,0001,/Users/hwaigc/比赛+课题/ECNU_EYU_data/work_space/G1/results/missing_t2w_completion/run_3104668/BraTS-MET-00648-001/BraTS-MET-00648-001-t1c.nii.gz,work_space/G2/results/synthetic_normalized/BraTS-MET-00648-001/BraTS-MET-00648-001-t1c.nii.gz,nnunet_raw/Dataset261_BraTS2026_MET_RealSynth/imagesTr/BraTSMET_000423_0001.nii.gz,native_2026,keep_native_2026_suffix,accepted_for_training,True,False,False,False
BraTS-MET-00648-001,BraTS-MET-00648-001,BraTSMET_000423,BraTS-MET-00648-001,run_3104668,t2w,0002,/Users/hwaigc/比赛+课题/ECNU_EYU_data/work_space/G1/results/missing_t2w_completion/run_3104668/BraTS-MET-00648-001/BraTS-MET-00648-001-t2w.nii.gz,work_space/G2/results/synthetic_normalized/BraTS-MET-00648-001/BraTS-MET-00648-001-t2w.nii.gz,nnunet_raw/Dataset261_BraTS2026_MET_RealSynth/imagesTr/BraTSMET_000423_0002.nii.gz,native_2026,keep_native_2026_suffix,accepted_for_training,True,False,False,False
BraTS-MET-00648-001,BraTS-MET-00648-001,BraTSMET_000423,BraTS-MET-00648-001,run_3104668,t2f,0003,/Users/hwaigc/比赛+课题/ECNU_EYU_data/work_space/G1/results/missing_t2w_completion/run_3104668/BraTS-MET-00648-001/BraTS-MET-00648-001-t2f.nii.gz,work_space/G2/results/synthetic_normalized/BraTS-MET-00648-001/BraTS-MET-00648-001-t2f.nii.gz,nnunet_raw/Dataset261_BraTS2026_MET_RealSynth/imagesTr/BraTSMET_000423_0003.nii.gz,native_2026,keep_native_2026_suffix,accepted_for_training,True,False,False,False
BraTS-MET-00648-001,BraTS-MET-00648-001,BraTSMET_000423,BraTS-MET-00648-001,run_3104668,seg,label,/Users/hwaigc/比赛+课题/ECNU_EYU_data/work_space/G1/results/missing_t2w_completion/run_3104668/BraTS-MET-00648-001/BraTS-MET-00648-001-seg.nii.gz,work_space/G2/results/synthetic_normalized/BraTS-MET-00648-001/BraTS-MET-00648-001-seg.nii.gz,nnunet_raw/Dataset261_BraTS2026_MET_RealSynth/labelsTr/BraTSMET_000423.nii.gz,native_2026,keep_native_2026_suffix,accepted_for_training,True,False,False,False
BraTS-MET-00650-000,BraTS-MET-00650-000,BraTSMET_000425,BraTS-MET-00650-000,run_3104668,t1n,0000,/Users/hwaigc/比赛+课题/ECNU_EYU_data/work_space/G1/results/missing_t2w_completion/run_3104668/BraTS-MET-00650-000/BraTS-MET-00650-000-t1n.nii.gz,work_space/G2/results/synthetic_normalized/BraTS-MET-00650-000/BraTS-MET-00650-000-t1n.nii.gz,nnunet_raw/Dataset261_BraTS2026_MET_RealSynth/imagesTr/BraTSMET_000425_0000.nii.gz,native_2026,keep_native_2026_suffix,accepted_for_training,True,False,False,False
BraTS-MET-00650-000,BraTS-MET-00650-000,BraTSMET_000425,BraTS-MET-00650-000,run_3104668,t1c,0001,/Users/hwaigc/比赛+课题/ECNU_EYU_data/work_space/G1/results/missing_t2w_completion/run_3104668/BraTS-MET-00650-000/BraTS-MET-00650-000-t1c.nii.gz,work_space/G2/results/synthetic_normalized/BraTS-MET-00650-000/BraTS-MET-00650-000-t1c.nii.gz,nnunet_raw/Dataset261_BraTS2026_MET_RealSynth/imagesTr/BraTSMET_000425_0001.nii.gz,native_2026,keep_native_2026_suffix,accepted_for_training,True,False,False,False
BraTS-MET-00650-000,BraTS-MET-00650-000,BraTSMET_000425,BraTS-MET-00650-000,run_3104668,t2w,0002,/Users/hwaigc/比赛+课题/ECNU_EYU_data/work_space/G1/results/missing_t2w_completion/run_3104668/BraTS-MET-00650-000/BraTS-MET-00650-000-t2w.nii.gz,work_space/G2/results/synthetic_normalized/BraTS-MET-00650-000/BraTS-MET-00650-000-t2w.nii.gz,nnunet_raw/Dataset261_BraTS2026_MET_RealSynth/imagesTr/BraTSMET_000425_0002.nii.gz,native_2026,keep_native_2026_suffix,accepted_for_training,True,False,False,False
BraTS-MET-00650-000,BraTS-MET-00650-000,BraTSMET_000425,BraTS-MET-00650-000,run_3104668,t2f,0003,/Users/hwaigc/比赛+课题/ECNU_EYU_data/work_space/G1/results/missing_t2w_completion/run_3104668/BraTS-MET-00650-000/BraTS-MET-00650-000-t2f.nii.gz,work_space/G2/results/synthetic_normalized/BraTS-MET-00650-000/BraTS-MET-00650-000-t2f.nii.gz,nnunet_raw/Dataset261_BraTS2026_MET_RealSynth/imagesTr/BraTSMET_000425_0003.nii.gz,native_2026,keep_native_2026_suffix,accepted_for_training,True,False,False,False
BraTS-MET-00650-000,BraTS-MET-00650-000,BraTSMET_000425,BraTS-MET-00650-000,run_3104668,seg,label,/Users/hwaigc/比赛+课题/ECNU_EYU_data/work_space/G1/results/missing_t2w_completion/run_3104668/BraTS-MET-00650-000/BraTS-MET-00650-000-seg.nii.gz,work_space/G2/results/synthetic_normalized/BraTS-MET-00650-000/BraTS-MET-00650-000-seg.nii.gz,nnunet_raw/Dataset261_BraTS2026_MET_RealSynth/labelsTr/BraTSMET_000425.nii.gz,native_2026,keep_native_2026_suffix,accepted_for_training,True,False,False,False
BraTS-MET-00653-003,BraTS-MET-00653-003,BraTSMET_000431,BraTS-MET-00653-003,run_3104668,t1n,0000,/Users/hwaigc/比赛+课题/ECNU_EYU_data/work_space/G1/results/missing_t2w_completion/run_3104668/BraTS-MET-00653-003/BraTS-MET-00653-003-t1n.nii.gz,work_space/G2/results/synthetic_normalized/BraTS-MET-00653-003/BraTS-MET-00653-003-t1n.nii.gz,nnunet_raw/Dataset261_BraTS2026_MET_RealSynth/imagesTr/BraTSMET_000431_0000.nii.gz,native_2026,keep_native_2026_suffix,accepted_for_training,True,False,False,False
BraTS-MET-00653-003,BraTS-MET-00653-003,BraTSMET_000431,BraTS-MET-00653-003,run_3104668,t1c,0001,/Users/hwaigc/比赛+课题/ECNU_EYU_data/work_space/G1/results/missing_t2w_completion/run_3104668/BraTS-MET-00653-003/BraTS-MET-00653-003-t1c.nii.gz,work_space/G2/results/synthetic_normalized/BraTS-MET-00653-003/BraTS-MET-00653-003-t1c.nii.gz,nnunet_raw/Dataset261_BraTS2026_MET_RealSynth/imagesTr/BraTSMET_000431_0001.nii.gz,native_2026,keep_native_2026_suffix,accepted_for_training,True,False,False,False
BraTS-MET-00653-003,BraTS-MET-00653-003,BraTSMET_000431,BraTS-MET-00653-003,run_3104668,t2w,0002,/Users/hwaigc/比赛+课题/ECNU_EYU_data/work_space/G1/results/missing_t2w_completion/run_3104668/BraTS-MET-00653-003/BraTS-MET-00653-003-t2w.nii.gz,work_space/G2/results/synthetic_normalized/BraTS-MET-00653-003/BraTS-MET-00653-003-t2w.nii.gz,nnunet_raw/Dataset261_BraTS2026_MET_RealSynth/imagesTr/BraTSMET_000431_0002.nii.gz,native_2026,keep_native_2026_suffix,accepted_for_training,True,False,False,False
BraTS-MET-00653-003,BraTS-MET-00653-003,BraTSMET_000431,BraTS-MET-00653-003,run_3104668,t2f,0003,/Users/hwaigc/比赛+课题/ECNU_EYU_data/work_space/G1/results/missing_t2w_completion/run_3104668/BraTS-MET-00653-003/BraTS-MET-00653-003-t2f.nii.gz,work_space/G2/results/synthetic_normalized/BraTS-MET-00653-003/BraTS-MET-00653-003-t2f.nii.gz,nnunet_raw/Dataset261_BraTS2026_MET_RealSynth/imagesTr/BraTSMET_000431_0003.nii.gz,native_2026,keep_native_2026_suffix,accepted_for_training,True,False,False,False
BraTS-MET-00653-003,BraTS-MET-00653-003,BraTSMET_000431,BraTS-MET-00653-003,run_3104668,seg,label,/Users/hwaigc/比赛+课题/ECNU_EYU_data/work_space/G1/results/missing_t2w_completion/run_3104668/BraTS-MET-00653-003/BraTS-MET-00653-003-seg.nii.gz,work_space/G2/results/synthetic_normalized/BraTS-MET-00653-003/BraTS-MET-00653-003-seg.nii.gz,nnunet_raw/Dataset261_BraTS2026_MET_RealSynth/labelsTr/BraTSMET_000431.nii.gz,native_2026,keep_native_2026_suffix,accepted_for_training,True,False,False,False
BraTS-MET-00653-004,BraTS-MET-00653-004,BraTSMET_000432,BraTS-MET-00653-004,run_3104668,t1n,0000,/Users/hwaigc/比赛+课题/ECNU_EYU_data/work_space/G1/results/missing_t2w_completion/run_3104668/BraTS-MET-00653-004/BraTS-MET-00653-004-t1n.nii.gz,work_space/G2/results/synthetic_normalized/BraTS-MET-00653-004/BraTS-MET-00653-004-t1n.nii.gz,nnunet_raw/Dataset261_BraTS2026_MET_RealSynth/imagesTr/BraTSMET_000432_0000.nii.gz,native_2026,keep_native_2026_suffix,accepted_for_training,True,False,False,False
BraTS-MET-00653-004,BraTS-MET-00653-004,BraTSMET_000432,BraTS-MET-00653-004,run_3104668,t1c,0001,/Users/hwaigc/比赛+课题/ECNU_EYU_data/work_space/G1/results/missing_t2w_completion/run_3104668/BraTS-MET-00653-004/BraTS-MET-00653-004-t1c.nii.gz,work_space/G2/results/synthetic_normalized/BraTS-MET-00653-004/BraTS-MET-00653-004-t1c.nii.gz,nnunet_raw/Dataset261_BraTS2026_MET_RealSynth/imagesTr/BraTSMET_000432_0001.nii.gz,native_2026,keep_native_2026_suffix,accepted_for_training,True,False,False,False
BraTS-MET-00653-004,BraTS-MET-00653-004,BraTSMET_000432,BraTS-MET-00653-004,run_3104668,t2w,0002,/Users/hwaigc/比赛+课题/ECNU_EYU_data/work_space/G1/results/missing_t2w_completion/run_3104668/BraTS-MET-00653-004/BraTS-MET-00653-004-t2w.nii.gz,work_space/G2/results/synthetic_normalized/BraTS-MET-00653-004/BraTS-MET-00653-004-t2w.nii.gz,nnunet_raw/Dataset261_BraTS2026_MET_RealSynth/imagesTr/BraTSMET_000432_0002.nii.gz,native_2026,keep_native_2026_suffix,accepted_for_training,True,False,False,False
BraTS-MET-00653-004,BraTS-MET-00653-004,BraTSMET_000432,BraTS-MET-00653-004,run_3104668,t2f,0003,/Users/hwaigc/比赛+课题/ECNU_EYU_data/work_space/G1/results/missing_t2w_completion/run_3104668/BraTS-MET-00653-004/BraTS-MET-00653-004-t2f.nii.gz,work_space/G2/results/synthetic_normalized/BraTS-MET-00653-004/BraTS-MET-00653-004-t2f.nii.gz,nnunet_raw/Dataset261_BraTS2026_MET_RealSynth/imagesTr/BraTSMET_000432_0003.nii.gz,native_2026,keep_native_2026_suffix,accepted_for_training,True,False,False,False
BraTS-MET-00653-004,BraTS-MET-00653-004,BraTSMET_000432,BraTS-MET-00653-004,run_3104668,seg,label,/Users/hwaigc/比赛+课题/ECNU_EYU_data/work_space/G1/results/missing_t2w_completion/run_3104668/BraTS-MET-00653-004/BraTS-MET-00653-004-seg.nii.gz,work_space/G2/results/synthetic_normalized/BraTS-MET-00653-004/BraTS-MET-00653-004-seg.nii.gz,nnunet_raw/Dataset261_BraTS2026_MET_RealSynth/labelsTr/BraTSMET_000432.nii.gz,native_2026,keep_native_2026_suffix,accepted_for_training,True,False,False,False
BraTS-MET-00653-005,BraTS-MET-00653-005,BraTSMET_000433,BraTS-MET-00653-005,run_3104668,t1n,0000,/Users/hwaigc/比赛+课题/ECNU_EYU_data/work_space/G1/results/missing_t2w_completion/run_3104668/BraTS-MET-00653-005/BraTS-MET-00653-005-t1n.nii.gz,work_space/G2/results/synthetic_normalized/BraTS-MET-00653-005/BraTS-MET-00653-005-t1n.nii.gz,nnunet_raw/Dataset261_BraTS2026_MET_RealSynth/imagesTr/BraTSMET_000433_0000.nii.gz,native_2026,keep_native_2026_suffix,accepted_for_training,True,False,False,False
BraTS-MET-00653-005,BraTS-MET-00653-005,BraTSMET_000433,BraTS-MET-00653-005,run_3104668,t1c,0001,/Users/hwaigc/比赛+课题/ECNU_EYU_data/work_space/G1/results/missing_t2w_completion/run_3104668/BraTS-MET-00653-005/BraTS-MET-00653-005-t1c.nii.gz,work_space/G2/results/synthetic_normalized/BraTS-MET-00653-005/BraTS-MET-00653-005-t1c.nii.gz,nnunet_raw/Dataset261_BraTS2026_MET_RealSynth/imagesTr/BraTSMET_000433_0001.nii.gz,native_2026,keep_native_2026_suffix,accepted_for_training,True,False,False,False
BraTS-MET-00653-005,BraTS-MET-00653-005,BraTSMET_000433,BraTS-MET-00653-005,run_3104668,t2w,0002,/Users/hwaigc/比赛+课题/ECNU_EYU_data/work_space/G1/results/missing_t2w_completion/run_3104668/BraTS-MET-00653-005/BraTS-MET-00653-005-t2w.nii.gz,work_space/G2/results/synthetic_normalized/BraTS-MET-00653-005/BraTS-MET-00653-005-t2w.nii.gz,nnunet_raw/Dataset261_BraTS2026_MET_RealSynth/imagesTr/BraTSMET_000433_0002.nii.gz,native_2026,keep_native_2026_suffix,accepted_for_training,True,False,False,False
BraTS-MET-00653-005,BraTS-MET-00653-005,BraTSMET_000433,BraTS-MET-00653-005,run_3104668,t2f,0003,/Users/hwaigc/比赛+课题/ECNU_EYU_data/work_space/G1/results/missing_t2w_completion/run_3104668/BraTS-MET-00653-005/BraTS-MET-00653-005-t2f.nii.gz,work_space/G2/results/synthetic_normalized/BraTS-MET-00653-005/BraTS-MET-00653-005-t2f.nii.gz,nnunet_raw/Dataset261_BraTS2026_MET_RealSynth/imagesTr/BraTSMET_000433_0003.nii.gz,native_2026,keep_native_2026_suffix,accepted_for_training,True,False,False,False
BraTS-MET-00653-005,BraTS-MET-00653-005,BraTSMET_000433,BraTS-MET-00653-005,run_3104668,seg,label,/Users/hwaigc/比赛+课题/ECNU_EYU_data/work_space/G1/results/missing_t2w_completion/run_3104668/BraTS-MET-00653-005/BraTS-MET-00653-005-seg.nii.gz,work_space/G2/results/synthetic_normalized/BraTS-MET-00653-005/BraTS-MET-00653-005-seg.nii.gz,nnunet_raw/Dataset261_BraTS2026_MET_RealSynth/labelsTr/BraTSMET_000433.nii.gz,native_2026,keep_native_2026_suffix,accepted_for_training,True,False,False,False
BraTS-MET-00653-006,BraTS-MET-00653-006,BraTSMET_000434,BraTS-MET-00653-006,run_3104668,t1n,0000,/Users/hwaigc/比赛+课题/ECNU_EYU_data/work_space/G1/results/missing_t2w_completion/run_3104668/BraTS-MET-00653-006/BraTS-MET-00653-006-t1n.nii.gz,work_space/G2/results/synthetic_normalized/BraTS-MET-00653-006/BraTS-MET-00653-006-t1n.nii.gz,nnunet_raw/Dataset261_BraTS2026_MET_RealSynth/imagesTr/BraTSMET_000434_0000.nii.gz,native_2026,keep_native_2026_suffix,accepted_for_training,True,False,False,False
BraTS-MET-00653-006,BraTS-MET-00653-006,BraTSMET_000434,BraTS-MET-00653-006,run_3104668,t1c,0001,/Users/hwaigc/比赛+课题/ECNU_EYU_data/work_space/G1/results/missing_t2w_completion/run_3104668/BraTS-MET-00653-006/BraTS-MET-00653-006-t1c.nii.gz,work_space/G2/results/synthetic_normalized/BraTS-MET-00653-006/BraTS-MET-00653-006-t1c.nii.gz,nnunet_raw/Dataset261_BraTS2026_MET_RealSynth/imagesTr/BraTSMET_000434_0001.nii.gz,native_2026,keep_native_2026_suffix,accepted_for_training,True,False,False,False
BraTS-MET-00653-006,BraTS-MET-00653-006,BraTSMET_000434,BraTS-MET-00653-006,run_3104668,t2w,0002,/Users/hwaigc/比赛+课题/ECNU_EYU_data/work_space/G1/results/missing_t2w_completion/run_3104668/BraTS-MET-00653-006/BraTS-MET-00653-006-t2w.nii.gz,work_space/G2/results/synthetic_normalized/BraTS-MET-00653-006/BraTS-MET-00653-006-t2w.nii.gz,nnunet_raw/Dataset261_BraTS2026_MET_RealSynth/imagesTr/BraTSMET_000434_0002.nii.gz,native_2026,keep_native_2026_suffix,accepted_for_training,True,False,False,False
BraTS-MET-00653-006,BraTS-MET-00653-006,BraTSMET_000434,BraTS-MET-00653-006,run_3104668,t2f,0003,/Users/hwaigc/比赛+课题/ECNU_EYU_data/work_space/G1/results/missing_t2w_completion/run_3104668/BraTS-MET-00653-006/BraTS-MET-00653-006-t2f.nii.gz,work_space/G2/results/synthetic_normalized/BraTS-MET-00653-006/BraTS-MET-00653-006-t2f.nii.gz,nnunet_raw/Dataset261_BraTS2026_MET_RealSynth/imagesTr/BraTSMET_000434_0003.nii.gz,native_2026,keep_native_2026_suffix,accepted_for_training,True,False,False,False
BraTS-MET-00653-006,BraTS-MET-00653-006,BraTSMET_000434,BraTS-MET-00653-006,run_3104668,seg,label,/Users/hwaigc/比赛+课题/ECNU_EYU_data/work_space/G1/results/missing_t2w_completion/run_3104668/BraTS-MET-00653-006/BraTS-MET-00653-006-seg.nii.gz,work_space/G2/results/synthetic_normalized/BraTS-MET-00653-006/BraTS-MET-00653-006-seg.nii.gz,nnunet_raw/Dataset261_BraTS2026_MET_RealSynth/labelsTr/BraTSMET_000434.nii.gz,native_2026,keep_native_2026_suffix,accepted_for_training,True,False,False,False
BraTS-MET-00654-000,BraTS-MET-00654-000,BraTSMET_000435,BraTS-MET-00654-000,run_3104668,t1n,0000,/Users/hwaigc/比赛+课题/ECNU_EYU_data/work_space/G1/results/missing_t2w_completion/run_3104668/BraTS-MET-00654-000/BraTS-MET-00654-000-t1n.nii.gz,work_space/G2/results/synthetic_normalized/BraTS-MET-00654-000/BraTS-MET-00654-000-t1n.nii.gz,nnunet_raw/Dataset261_BraTS2026_MET_RealSynth/imagesTs/BraTSMET_000435_0000.nii.gz,native_2026,keep_native_2026_suffix,accepted_for_evaluation,False,True,False,False
BraTS-MET-00654-000,BraTS-MET-00654-000,BraTSMET_000435,BraTS-MET-00654-000,run_3104668,t1c,0001,/Users/hwaigc/比赛+课题/ECNU_EYU_data/work_space/G1/results/missing_t2w_completion/run_3104668/BraTS-MET-00654-000/BraTS-MET-00654-000-t1c.nii.gz,work_space/G2/results/synthetic_normalized/BraTS-MET-00654-000/BraTS-MET-00654-000-t1c.nii.gz,nnunet_raw/Dataset261_BraTS2026_MET_RealSynth/imagesTs/BraTSMET_000435_0001.nii.gz,native_2026,keep_native_2026_suffix,accepted_for_evaluation,False,True,False,False
BraTS-MET-00654-000,BraTS-MET-00654-000,BraTSMET_000435,BraTS-MET-00654-000,run_3104668,t2w,0002,/Users/hwaigc/比赛+课题/ECNU_EYU_data/work_space/G1/results/missing_t2w_completion/run_3104668/BraTS-MET-00654-000/BraTS-MET-00654-000-t2w.nii.gz,work_space/G2/results/synthetic_normalized/BraTS-MET-00654-000/BraTS-MET-00654-000-t2w.nii.gz,nnunet_raw/Dataset261_BraTS2026_MET_RealSynth/imagesTs/BraTSMET_000435_0002.nii.gz,native_2026,keep_native_2026_suffix,accepted_for_evaluation,False,True,False,False
BraTS-MET-00654-000,BraTS-MET-00654-000,BraTSMET_000435,BraTS-MET-00654-000,run_3104668,t2f,0003,/Users/hwaigc/比赛+课题/ECNU_EYU_data/work_space/G1/results/missing_t2w_completion/run_3104668/BraTS-MET-00654-000/BraTS-MET-00654-000-t2f.nii.gz,work_space/G2/results/synthetic_normalized/BraTS-MET-00654-000/BraTS-MET-00654-000-t2f.nii.gz,nnunet_raw/Dataset261_BraTS2026_MET_RealSynth/imagesTs/BraTSMET_000435_0003.nii.gz,native_2026,keep_native_2026_suffix,accepted_for_evaluation,False,True,False,False
BraTS-MET-00654-000,BraTS-MET-00654-000,BraTSMET_000435,BraTS-MET-00654-000,run_3104668,seg,label,/Users/hwaigc/比赛+课题/ECNU_EYU_data/work_space/G1/results/missing_t2w_completion/run_3104668/BraTS-MET-00654-000/BraTS-MET-00654-000-seg.nii.gz,work_space/G2/results/synthetic_normalized/BraTS-MET-00654-000/BraTS-MET-00654-000-seg.nii.gz,nnunet_raw/Dataset261_BraTS2026_MET_RealSynth/labelsTs/BraTSMET_000435.nii.gz,native_2026,keep_native_2026_suffix,accepted_for_evaluation,False,True,False,False
BraTS-MET-00654-001,BraTS-MET-00654-001,BraTSMET_000436,BraTS-MET-00654-001,run_3104668,t1n,0000,/Users/hwaigc/比赛+课题/ECNU_EYU_data/work_space/G1/results/missing_t2w_completion/run_3104668/BraTS-MET-00654-001/BraTS-MET-00654-001-t1n.nii.gz,work_space/G2/results/synthetic_normalized/BraTS-MET-00654-001/BraTS-MET-00654-001-t1n.nii.gz,nnunet_raw/Dataset261_BraTS2026_MET_RealSynth/imagesTs/BraTSMET_000436_0000.nii.gz,native_2026,keep_native_2026_suffix,accepted_for_evaluation,False,True,False,False
BraTS-MET-00654-001,BraTS-MET-00654-001,BraTSMET_000436,BraTS-MET-00654-001,run_3104668,t1c,0001,/Users/hwaigc/比赛+课题/ECNU_EYU_data/work_space/G1/results/missing_t2w_completion/run_3104668/BraTS-MET-00654-001/BraTS-MET-00654-001-t1c.nii.gz,work_space/G2/results/synthetic_normalized/BraTS-MET-00654-001/BraTS-MET-00654-001-t1c.nii.gz,nnunet_raw/Dataset261_BraTS2026_MET_RealSynth/imagesTs/BraTSMET_000436_0001.nii.gz,native_2026,keep_native_2026_suffix,accepted_for_evaluation,False,True,False,False
BraTS-MET-00654-001,BraTS-MET-00654-001,BraTSMET_000436,BraTS-MET-00654-001,run_3104668,t2w,0002,/Users/hwaigc/比赛+课题/ECNU_EYU_data/work_space/G1/results/missing_t2w_completion/run_3104668/BraTS-MET-00654-001/BraTS-MET-00654-001-t2w.nii.gz,work_space/G2/results/synthetic_normalized/BraTS-MET-00654-001/BraTS-MET-00654-001-t2w.nii.gz,nnunet_raw/Dataset261_BraTS2026_MET_RealSynth/imagesTs/BraTSMET_000436_0002.nii.gz,native_2026,keep_native_2026_suffix,accepted_for_evaluation,False,True,False,False
BraTS-MET-00654-001,BraTS-MET-00654-001,BraTSMET_000436,BraTS-MET-00654-001,run_3104668,t2f,0003,/Users/hwaigc/比赛+课题/ECNU_EYU_data/work_space/G1/results/missing_t2w_completion/run_3104668/BraTS-MET-00654-001/BraTS-MET-00654-001-t2f.nii.gz,work_space/G2/results/synthetic_normalized/BraTS-MET-00654-001/BraTS-MET-00654-001-t2f.nii.gz,nnunet_raw/Dataset261_BraTS2026_MET_RealSynth/imagesTs/BraTSMET_000436_0003.nii.gz,native_2026,keep_native_2026_suffix,accepted_for_evaluation,False,True,False,False
BraTS-MET-00654-001,BraTS-MET-00654-001,BraTSMET_000436,BraTS-MET-00654-001,run_3104668,seg,label,/Users/hwaigc/比赛+课题/ECNU_EYU_data/work_space/G1/results/missing_t2w_completion/run_3104668/BraTS-MET-00654-001/BraTS-MET-00654-001-seg.nii.gz,work_space/G2/results/synthetic_normalized/BraTS-MET-00654-001/BraTS-MET-00654-001-seg.nii.gz,nnunet_raw/Dataset261_BraTS2026_MET_RealSynth/labelsTs/BraTSMET_000436.nii.gz,native_2026,keep_native_2026_suffix,accepted_for_evaluation,False,True,False,False
BraTS-MET-00655-000,BraTS-MET-00655-000,BraTSMET_000437,BraTS-MET-00655-000,run_3104668,t1n,0000,/Users/hwaigc/比赛+课题/ECNU_EYU_data/work_space/G1/results/missing_t2w_completion/run_3104668/BraTS-MET-00655-000/BraTS-MET-00655-000-t1n.nii.gz,work_space/G2/results/synthetic_normalized/BraTS-MET-00655-000/BraTS-MET-00655-000-t1n.nii.gz,nnunet_raw/Dataset261_BraTS2026_MET_RealSynth/imagesTr/BraTSMET_000437_0000.nii.gz,native_2026,keep_native_2026_suffix,accepted_for_training,True,False,False,False
BraTS-MET-00655-000,BraTS-MET-00655-000,BraTSMET_000437,BraTS-MET-00655-000,run_3104668,t1c,0001,/Users/hwaigc/比赛+课题/ECNU_EYU_data/work_space/G1/results/missing_t2w_completion/run_3104668/BraTS-MET-00655-000/BraTS-MET-00655-000-t1c.nii.gz,work_space/G2/results/synthetic_normalized/BraTS-MET-00655-000/BraTS-MET-00655-000-t1c.nii.gz,nnunet_raw/Dataset261_BraTS2026_MET_RealSynth/imagesTr/BraTSMET_000437_0001.nii.gz,native_2026,keep_native_2026_suffix,accepted_for_training,True,False,False,False
BraTS-MET-00655-000,BraTS-MET-00655-000,BraTSMET_000437,BraTS-MET-00655-000,run_3104668,t2w,0002,/Users/hwaigc/比赛+课题/ECNU_EYU_data/work_space/G1/results/missing_t2w_completion/run_3104668/BraTS-MET-00655-000/BraTS-MET-00655-000-t2w.nii.gz,work_space/G2/results/synthetic_normalized/BraTS-MET-00655-000/BraTS-MET-00655-000-t2w.nii.gz,nnunet_raw/Dataset261_BraTS2026_MET_RealSynth/imagesTr/BraTSMET_000437_0002.nii.gz,native_2026,keep_native_2026_suffix,accepted_for_training,True,False,False,False
BraTS-MET-00655-000,BraTS-MET-00655-000,BraTSMET_000437,BraTS-MET-00655-000,run_3104668,t2f,0003,/Users/hwaigc/比赛+课题/ECNU_EYU_data/work_space/G1/results/missing_t2w_completion/run_3104668/BraTS-MET-00655-000/BraTS-MET-00655-000-t2f.nii.gz,work_space/G2/results/synthetic_normalized/BraTS-MET-00655-000/BraTS-MET-00655-000-t2f.nii.gz,nnunet_raw/Dataset261_BraTS2026_MET_RealSynth/imagesTr/BraTSMET_000437_0003.nii.gz,native_2026,keep_native_2026_suffix,accepted_for_training,True,False,False,False
BraTS-MET-00655-000,BraTS-MET-00655-000,BraTSMET_000437,BraTS-MET-00655-000,run_3104668,seg,label,/Users/hwaigc/比赛+课题/ECNU_EYU_data/work_space/G1/results/missing_t2w_completion/run_3104668/BraTS-MET-00655-000/BraTS-MET-00655-000-seg.nii.gz,work_space/G2/results/synthetic_normalized/BraTS-MET-00655-000/BraTS-MET-00655-000-seg.nii.gz,nnunet_raw/Dataset261_BraTS2026_MET_RealSynth/labelsTr/BraTSMET_000437.nii.gz,native_2026,keep_native_2026_suffix,accepted_for_training,True,False,False,False
BraTS-MET-00656-000,BraTS-MET-00656-000,BraTSMET_000438,BraTS-MET-00656-000,run_3104668,t1n,0000,/Users/hwaigc/比赛+课题/ECNU_EYU_data/work_space/G1/results/missing_t2w_completion/run_3104668/BraTS-MET-00656-000/BraTS-MET-00656-000-t1n.nii.gz,work_space/G2/results/synthetic_normalized/BraTS-MET-00656-000/BraTS-MET-00656-000-t1n.nii.gz,nnunet_raw/Dataset261_BraTS2026_MET_RealSynth/imagesTr/BraTSMET_000438_0000.nii.gz,native_2026,keep_native_2026_suffix,accepted_for_training,True,False,False,False
BraTS-MET-00656-000,BraTS-MET-00656-000,BraTSMET_000438,BraTS-MET-00656-000,run_3104668,t1c,0001,/Users/hwaigc/比赛+课题/ECNU_EYU_data/work_space/G1/results/missing_t2w_completion/run_3104668/BraTS-MET-00656-000/BraTS-MET-00656-000-t1c.nii.gz,work_space/G2/results/synthetic_normalized/BraTS-MET-00656-000/BraTS-MET-00656-000-t1c.nii.gz,nnunet_raw/Dataset261_BraTS2026_MET_RealSynth/imagesTr/BraTSMET_000438_0001.nii.gz,native_2026,keep_native_2026_suffix,accepted_for_training,True,False,False,False
BraTS-MET-00656-000,BraTS-MET-00656-000,BraTSMET_000438,BraTS-MET-00656-000,run_3104668,t2w,0002,/Users/hwaigc/比赛+课题/ECNU_EYU_data/work_space/G1/results/missing_t2w_completion/run_3104668/BraTS-MET-00656-000/BraTS-MET-00656-000-t2w.nii.gz,work_space/G2/results/synthetic_normalized/BraTS-MET-00656-000/BraTS-MET-00656-000-t2w.nii.gz,nnunet_raw/Dataset261_BraTS2026_MET_RealSynth/imagesTr/BraTSMET_000438_0002.nii.gz,native_2026,keep_native_2026_suffix,accepted_for_training,True,False,False,False
BraTS-MET-00656-000,BraTS-MET-00656-000,BraTSMET_000438,BraTS-MET-00656-000,run_3104668,t2f,0003,/Users/hwaigc/比赛+课题/ECNU_EYU_data/work_space/G1/results/missing_t2w_completion/run_3104668/BraTS-MET-00656-000/BraTS-MET-00656-000-t2f.nii.gz,work_space/G2/results/synthetic_normalized/BraTS-MET-00656-000/BraTS-MET-00656-000-t2f.nii.gz,nnunet_raw/Dataset261_BraTS2026_MET_RealSynth/imagesTr/BraTSMET_000438_0003.nii.gz,native_2026,keep_native_2026_suffix,accepted_for_training,True,False,False,False
BraTS-MET-00656-000,BraTS-MET-00656-000,BraTSMET_000438,BraTS-MET-00656-000,run_3104668,seg,label,/Users/hwaigc/比赛+课题/ECNU_EYU_data/work_space/G1/results/missing_t2w_completion/run_3104668/BraTS-MET-00656-000/BraTS-MET-00656-000-seg.nii.gz,work_space/G2/results/synthetic_normalized/BraTS-MET-00656-000/BraTS-MET-00656-000-seg.nii.gz,nnunet_raw/Dataset261_BraTS2026_MET_RealSynth/labelsTr/BraTSMET_000438.nii.gz,native_2026,keep_native_2026_suffix,accepted_for_training,True,False,False,False
BraTS-MET-00656-001,BraTS-MET-00656-001,BraTSMET_000439,BraTS-MET-00656-001,run_3104668,t1n,0000,/Users/hwaigc/比赛+课题/ECNU_EYU_data/work_space/G1/results/missing_t2w_completion/run_3104668/BraTS-MET-00656-001/BraTS-MET-00656-001-t1n.nii.gz,work_space/G2/results/synthetic_normalized/BraTS-MET-00656-001/BraTS-MET-00656-001-t1n.nii.gz,nnunet_raw/Dataset261_BraTS2026_MET_RealSynth/imagesTr/BraTSMET_000439_0000.nii.gz,native_2026,keep_native_2026_suffix,accepted_for_training,True,False,False,False
BraTS-MET-00656-001,BraTS-MET-00656-001,BraTSMET_000439,BraTS-MET-00656-001,run_3104668,t1c,0001,/Users/hwaigc/比赛+课题/ECNU_EYU_data/work_space/G1/results/missing_t2w_completion/run_3104668/BraTS-MET-00656-001/BraTS-MET-00656-001-t1c.nii.gz,work_space/G2/results/synthetic_normalized/BraTS-MET-00656-001/BraTS-MET-00656-001-t1c.nii.gz,nnunet_raw/Dataset261_BraTS2026_MET_RealSynth/imagesTr/BraTSMET_000439_0001.nii.gz,native_2026,keep_native_2026_suffix,accepted_for_training,True,False,False,False
BraTS-MET-00656-001,BraTS-MET-00656-001,BraTSMET_000439,BraTS-MET-00656-001,run_3104668,t2w,0002,/Users/hwaigc/比赛+课题/ECNU_EYU_data/work_space/G1/results/missing_t2w_completion/run_3104668/BraTS-MET-00656-001/BraTS-MET-00656-001-t2w.nii.gz,work_space/G2/results/synthetic_normalized/BraTS-MET-00656-001/BraTS-MET-00656-001-t2w.nii.gz,nnunet_raw/Dataset261_BraTS2026_MET_RealSynth/imagesTr/BraTSMET_000439_0002.nii.gz,native_2026,keep_native_2026_suffix,accepted_for_training,True,False,False,False
BraTS-MET-00656-001,BraTS-MET-00656-001,BraTSMET_000439,BraTS-MET-00656-001,run_3104668,t2f,0003,/Users/hwaigc/比赛+课题/ECNU_EYU_data/work_space/G1/results/missing_t2w_completion/run_3104668/BraTS-MET-00656-001/BraTS-MET-00656-001-t2f.nii.gz,work_space/G2/results/synthetic_normalized/BraTS-MET-00656-001/BraTS-MET-00656-001-t2f.nii.gz,nnunet_raw/Dataset261_BraTS2026_MET_RealSynth/imagesTr/BraTSMET_000439_0003.nii.gz,native_2026,keep_native_2026_suffix,accepted_for_training,True,False,False,False
BraTS-MET-00656-001,BraTS-MET-00656-001,BraTSMET_000439,BraTS-MET-00656-001,run_3104668,seg,label,/Users/hwaigc/比赛+课题/ECNU_EYU_data/work_space/G1/results/missing_t2w_completion/run_3104668/BraTS-MET-00656-001/BraTS-MET-00656-001-seg.nii.gz,work_space/G2/results/synthetic_normalized/BraTS-MET-00656-001/BraTS-MET-00656-001-seg.nii.gz,nnunet_raw/Dataset261_BraTS2026_MET_RealSynth/labelsTr/BraTSMET_000439.nii.gz,native_2026,keep_native_2026_suffix,accepted_for_training,True,False,False,False
BraTS-MET-00657-000,BraTS-MET-00657-000,BraTSMET_000440,BraTS-MET-00657-000,run_3104668,t1n,0000,/Users/hwaigc/比赛+课题/ECNU_EYU_data/work_space/G1/results/missing_t2w_completion/run_3104668/BraTS-MET-00657-000/BraTS-MET-00657-000-t1n.nii.gz,work_space/G2/results/synthetic_normalized/BraTS-MET-00657-000/BraTS-MET-00657-000-t1n.nii.gz,nnunet_raw/Dataset261_BraTS2026_MET_RealSynth/imagesTr/BraTSMET_000440_0000.nii.gz,native_2026,keep_native_2026_suffix,accepted_for_training,True,False,False,False
BraTS-MET-00657-000,BraTS-MET-00657-000,BraTSMET_000440,BraTS-MET-00657-000,run_3104668,t1c,0001,/Users/hwaigc/比赛+课题/ECNU_EYU_data/work_space/G1/results/missing_t2w_completion/run_3104668/BraTS-MET-00657-000/BraTS-MET-00657-000-t1c.nii.gz,work_space/G2/results/synthetic_normalized/BraTS-MET-00657-000/BraTS-MET-00657-000-t1c.nii.gz,nnunet_raw/Dataset261_BraTS2026_MET_RealSynth/imagesTr/BraTSMET_000440_0001.nii.gz,native_2026,keep_native_2026_suffix,accepted_for_training,True,False,False,False
BraTS-MET-00657-000,BraTS-MET-00657-000,BraTSMET_000440,BraTS-MET-00657-000,run_3104668,t2w,0002,/Users/hwaigc/比赛+课题/ECNU_EYU_data/work_space/G1/results/missing_t2w_completion/run_3104668/BraTS-MET-00657-000/BraTS-MET-00657-000-t2w.nii.gz,work_space/G2/results/synthetic_normalized/BraTS-MET-00657-000/BraTS-MET-00657-000-t2w.nii.gz,nnunet_raw/Dataset261_BraTS2026_MET_RealSynth/imagesTr/BraTSMET_000440_0002.nii.gz,native_2026,keep_native_2026_suffix,accepted_for_training,True,False,False,False
BraTS-MET-00657-000,BraTS-MET-00657-000,BraTSMET_000440,BraTS-MET-00657-000,run_3104668,t2f,0003,/Users/hwaigc/比赛+课题/ECNU_EYU_data/work_space/G1/results/missing_t2w_completion/run_3104668/BraTS-MET-00657-000/BraTS-MET-00657-000-t2f.nii.gz,work_space/G2/results/synthetic_normalized/BraTS-MET-00657-000/BraTS-MET-00657-000-t2f.nii.gz,nnunet_raw/Dataset261_BraTS2026_MET_RealSynth/imagesTr/BraTSMET_000440_0003.nii.gz,native_2026,keep_native_2026_suffix,accepted_for_training,True,False,False,False
BraTS-MET-00657-000,BraTS-MET-00657-000,BraTSMET_000440,BraTS-MET-00657-000,run_3104668,seg,label,/Users/hwaigc/比赛+课题/ECNU_EYU_data/work_space/G1/results/missing_t2w_completion/run_3104668/BraTS-MET-00657-000/BraTS-MET-00657-000-seg.nii.gz,work_space/G2/results/synthetic_normalized/BraTS-MET-00657-000/BraTS-MET-00657-000-seg.nii.gz,nnunet_raw/Dataset261_BraTS2026_MET_RealSynth/labelsTr/BraTSMET_000440.nii.gz,native_2026,keep_native_2026_suffix,accepted_for_training,True,False,False,False
BraTS-MET-00658-000,BraTS-MET-00658-000,BraTSMET_000441,BraTS-MET-00658-000,run_3104668,t1n,0000,/Users/hwaigc/比赛+课题/ECNU_EYU_data/work_space/G1/results/missing_t2w_completion/run_3104668/BraTS-MET-00658-000/BraTS-MET-00658-000-t1n.nii.gz,work_space/G2/results/synthetic_normalized/BraTS-MET-00658-000/BraTS-MET-00658-000-t1n.nii.gz,nnunet_raw/Dataset261_BraTS2026_MET_RealSynth/imagesTr/BraTSMET_000441_0000.nii.gz,native_2026,keep_native_2026_suffix,accepted_for_training,True,False,False,False
BraTS-MET-00658-000,BraTS-MET-00658-000,BraTSMET_000441,BraTS-MET-00658-000,run_3104668,t1c,0001,/Users/hwaigc/比赛+课题/ECNU_EYU_data/work_space/G1/results/missing_t2w_completion/run_3104668/BraTS-MET-00658-000/BraTS-MET-00658-000-t1c.nii.gz,work_space/G2/results/synthetic_normalized/BraTS-MET-00658-000/BraTS-MET-00658-000-t1c.nii.gz,nnunet_raw/Dataset261_BraTS2026_MET_RealSynth/imagesTr/BraTSMET_000441_0001.nii.gz,native_2026,keep_native_2026_suffix,accepted_for_training,True,False,False,False
BraTS-MET-00658-000,BraTS-MET-00658-000,BraTSMET_000441,BraTS-MET-00658-000,run_3104668,t2w,0002,/Users/hwaigc/比赛+课题/ECNU_EYU_data/work_space/G1/results/missing_t2w_completion/run_3104668/BraTS-MET-00658-000/BraTS-MET-00658-000-t2w.nii.gz,work_space/G2/results/synthetic_normalized/BraTS-MET-00658-000/BraTS-MET-00658-000-t2w.nii.gz,nnunet_raw/Dataset261_BraTS2026_MET_RealSynth/imagesTr/BraTSMET_000441_0002.nii.gz,native_2026,keep_native_2026_suffix,accepted_for_training,True,False,False,False
BraTS-MET-00658-000,BraTS-MET-00658-000,BraTSMET_000441,BraTS-MET-00658-000,run_3104668,t2f,0003,/Users/hwaigc/比赛+课题/ECNU_EYU_data/work_space/G1/results/missing_t2w_completion/run_3104668/BraTS-MET-00658-000/BraTS-MET-00658-000-t2f.nii.gz,work_space/G2/results/synthetic_normalized/BraTS-MET-00658-000/BraTS-MET-00658-000-t2f.nii.gz,nnunet_raw/Dataset261_BraTS2026_MET_RealSynth/imagesTr/BraTSMET_000441_0003.nii.gz,native_2026,keep_native_2026_suffix,accepted_for_training,True,False,False,False
BraTS-MET-00658-000,BraTS-MET-00658-000,BraTSMET_000441,BraTS-MET-00658-000,run_3104668,seg,label,/Users/hwaigc/比赛+课题/ECNU_EYU_data/work_space/G1/results/missing_t2w_completion/run_3104668/BraTS-MET-00658-000/BraTS-MET-00658-000-seg.nii.gz,work_space/G2/results/synthetic_normalized/BraTS-MET-00658-000/BraTS-MET-00658-000-seg.nii.gz,nnunet_raw/Dataset261_BraTS2026_MET_RealSynth/labelsTr/BraTSMET_000441.nii.gz,native_2026,keep_native_2026_suffix,accepted_for_training,True,False,False,False
BraTS-MET-00658-001,BraTS-MET-00658-001,BraTSMET_000442,BraTS-MET-00658-001,run_3104668,t1n,0000,/Users/hwaigc/比赛+课题/ECNU_EYU_data/work_space/G1/results/missing_t2w_completion/run_3104668/BraTS-MET-00658-001/BraTS-MET-00658-001-t1n.nii.gz,work_space/G2/results/synthetic_normalized/BraTS-MET-00658-001/BraTS-MET-00658-001-t1n.nii.gz,nnunet_raw/Dataset261_BraTS2026_MET_RealSynth/imagesTr/BraTSMET_000442_0000.nii.gz,native_2026,keep_native_2026_suffix,accepted_for_training,True,False,False,False
BraTS-MET-00658-001,BraTS-MET-00658-001,BraTSMET_000442,BraTS-MET-00658-001,run_3104668,t1c,0001,/Users/hwaigc/比赛+课题/ECNU_EYU_data/work_space/G1/results/missing_t2w_completion/run_3104668/BraTS-MET-00658-001/BraTS-MET-00658-001-t1c.nii.gz,work_space/G2/results/synthetic_normalized/BraTS-MET-00658-001/BraTS-MET-00658-001-t1c.nii.gz,nnunet_raw/Dataset261_BraTS2026_MET_RealSynth/imagesTr/BraTSMET_000442_0001.nii.gz,native_2026,keep_native_2026_suffix,accepted_for_training,True,False,False,False
BraTS-MET-00658-001,BraTS-MET-00658-001,BraTSMET_000442,BraTS-MET-00658-001,run_3104668,t2w,0002,/Users/hwaigc/比赛+课题/ECNU_EYU_data/work_space/G1/results/missing_t2w_completion/run_3104668/BraTS-MET-00658-001/BraTS-MET-00658-001-t2w.nii.gz,work_space/G2/results/synthetic_normalized/BraTS-MET-00658-001/BraTS-MET-00658-001-t2w.nii.gz,nnunet_raw/Dataset261_BraTS2026_MET_RealSynth/imagesTr/BraTSMET_000442_0002.nii.gz,native_2026,keep_native_2026_suffix,accepted_for_training,True,False,False,False
BraTS-MET-00658-001,BraTS-MET-00658-001,BraTSMET_000442,BraTS-MET-00658-001,run_3104668,t2f,0003,/Users/hwaigc/比赛+课题/ECNU_EYU_data/work_space/G1/results/missing_t2w_completion/run_3104668/BraTS-MET-00658-001/BraTS-MET-00658-001-t2f.nii.gz,work_space/G2/results/synthetic_normalized/BraTS-MET-00658-001/BraTS-MET-00658-001-t2f.nii.gz,nnunet_raw/Dataset261_BraTS2026_MET_RealSynth/imagesTr/BraTSMET_000442_0003.nii.gz,native_2026,keep_native_2026_suffix,accepted_for_training,True,False,False,False
BraTS-MET-00658-001,BraTS-MET-00658-001,BraTSMET_000442,BraTS-MET-00658-001,run_3104668,seg,label,/Users/hwaigc/比赛+课题/ECNU_EYU_data/work_space/G1/results/missing_t2w_completion/run_3104668/BraTS-MET-00658-001/BraTS-MET-00658-001-seg.nii.gz,work_space/G2/results/synthetic_normalized/BraTS-MET-00658-001/BraTS-MET-00658-001-seg.nii.gz,nnunet_raw/Dataset261_BraTS2026_MET_RealSynth/labelsTr/BraTSMET_000442.nii.gz,native_2026,keep_native_2026_suffix,accepted_for_training,True,False,False,False
BraTS-MET-00658-002,BraTS-MET-00658-002,BraTSMET_000443,BraTS-MET-00658-002,run_3104668,t1n,0000,/Users/hwaigc/比赛+课题/ECNU_EYU_data/work_space/G1/results/missing_t2w_completion/run_3104668/BraTS-MET-00658-002/BraTS-MET-00658-002-t1n.nii.gz,work_space/G2/results/synthetic_normalized/BraTS-MET-00658-002/BraTS-MET-00658-002-t1n.nii.gz,nnunet_raw/Dataset261_BraTS2026_MET_RealSynth/imagesTr/BraTSMET_000443_0000.nii.gz,native_2026,keep_native_2026_suffix,accepted_for_training,True,False,False,False
BraTS-MET-00658-002,BraTS-MET-00658-002,BraTSMET_000443,BraTS-MET-00658-002,run_3104668,t1c,0001,/Users/hwaigc/比赛+课题/ECNU_EYU_data/work_space/G1/results/missing_t2w_completion/run_3104668/BraTS-MET-00658-002/BraTS-MET-00658-002-t1c.nii.gz,work_space/G2/results/synthetic_normalized/BraTS-MET-00658-002/BraTS-MET-00658-002-t1c.nii.gz,nnunet_raw/Dataset261_BraTS2026_MET_RealSynth/imagesTr/BraTSMET_000443_0001.nii.gz,native_2026,keep_native_2026_suffix,accepted_for_training,True,False,False,False
BraTS-MET-00658-002,BraTS-MET-00658-002,BraTSMET_000443,BraTS-MET-00658-002,run_3104668,t2w,0002,/Users/hwaigc/比赛+课题/ECNU_EYU_data/work_space/G1/results/missing_t2w_completion/run_3104668/BraTS-MET-00658-002/BraTS-MET-00658-002-t2w.nii.gz,work_space/G2/results/synthetic_normalized/BraTS-MET-00658-002/BraTS-MET-00658-002-t2w.nii.gz,nnunet_raw/Dataset261_BraTS2026_MET_RealSynth/imagesTr/BraTSMET_000443_0002.nii.gz,native_2026,keep_native_2026_suffix,accepted_for_training,True,False,False,False
BraTS-MET-00658-002,BraTS-MET-00658-002,BraTSMET_000443,BraTS-MET-00658-002,run_3104668,t2f,0003,/Users/hwaigc/比赛+课题/ECNU_EYU_data/work_space/G1/results/missing_t2w_completion/run_3104668/BraTS-MET-00658-002/BraTS-MET-00658-002-t2f.nii.gz,work_space/G2/results/synthetic_normalized/BraTS-MET-00658-002/BraTS-MET-00658-002-t2f.nii.gz,nnunet_raw/Dataset261_BraTS2026_MET_RealSynth/imagesTr/BraTSMET_000443_0003.nii.gz,native_2026,keep_native_2026_suffix,accepted_for_training,True,False,False,False
BraTS-MET-00658-002,BraTS-MET-00658-002,BraTSMET_000443,BraTS-MET-00658-002,run_3104668,seg,label,/Users/hwaigc/比赛+课题/ECNU_EYU_data/work_space/G1/results/missing_t2w_completion/run_3104668/BraTS-MET-00658-002/BraTS-MET-00658-002-seg.nii.gz,work_space/G2/results/synthetic_normalized/BraTS-MET-00658-002/BraTS-MET-00658-002-seg.nii.gz,nnunet_raw/Dataset261_BraTS2026_MET_RealSynth/labelsTr/BraTSMET_000443.nii.gz,native_2026,keep_native_2026_suffix,accepted_for_training,True,False,False,False
BraTS-MET-00659-000,BraTS-MET-00659-000,BraTSMET_000444,BraTS-MET-00659-000,run_3104668,t1n,0000,/Users/hwaigc/比赛+课题/ECNU_EYU_data/work_space/G1/results/missing_t2w_completion/run_3104668/BraTS-MET-00659-000/BraTS-MET-00659-000-t1n.nii.gz,work_space/G2/results/synthetic_normalized/BraTS-MET-00659-000/BraTS-MET-00659-000-t1n.nii.gz,nnunet_raw/Dataset261_BraTS2026_MET_RealSynth/imagesTr/BraTSMET_000444_0000.nii.gz,native_2026,keep_native_2026_suffix,accepted_for_training,True,False,False,False
BraTS-MET-00659-000,BraTS-MET-00659-000,BraTSMET_000444,BraTS-MET-00659-000,run_3104668,t1c,0001,/Users/hwaigc/比赛+课题/ECNU_EYU_data/work_space/G1/results/missing_t2w_completion/run_3104668/BraTS-MET-00659-000/BraTS-MET-00659-000-t1c.nii.gz,work_space/G2/results/synthetic_normalized/BraTS-MET-00659-000/BraTS-MET-00659-000-t1c.nii.gz,nnunet_raw/Dataset261_BraTS2026_MET_RealSynth/imagesTr/BraTSMET_000444_0001.nii.gz,native_2026,keep_native_2026_suffix,accepted_for_training,True,False,False,False
BraTS-MET-00659-000,BraTS-MET-00659-000,BraTSMET_000444,BraTS-MET-00659-000,run_3104668,t2w,0002,/Users/hwaigc/比赛+课题/ECNU_EYU_data/work_space/G1/results/missing_t2w_completion/run_3104668/BraTS-MET-00659-000/BraTS-MET-00659-000-t2w.nii.gz,work_space/G2/results/synthetic_normalized/BraTS-MET-00659-000/BraTS-MET-00659-000-t2w.nii.gz,nnunet_raw/Dataset261_BraTS2026_MET_RealSynth/imagesTr/BraTSMET_000444_0002.nii.gz,native_2026,keep_native_2026_suffix,accepted_for_training,True,False,False,False
BraTS-MET-00659-000,BraTS-MET-00659-000,BraTSMET_000444,BraTS-MET-00659-000,run_3104668,t2f,0003,/Users/hwaigc/比赛+课题/ECNU_EYU_data/work_space/G1/results/missing_t2w_completion/run_3104668/BraTS-MET-00659-000/BraTS-MET-00659-000-t2f.nii.gz,work_space/G2/results/synthetic_normalized/BraTS-MET-00659-000/BraTS-MET-00659-000-t2f.nii.gz,nnunet_raw/Dataset261_BraTS2026_MET_RealSynth/imagesTr/BraTSMET_000444_0003.nii.gz,native_2026,keep_native_2026_suffix,accepted_for_training,True,False,False,False
BraTS-MET-00659-000,BraTS-MET-00659-000,BraTSMET_000444,BraTS-MET-00659-000,run_3104668,seg,label,/Users/hwaigc/比赛+课题/ECNU_EYU_data/work_space/G1/results/missing_t2w_completion/run_3104668/BraTS-MET-00659-000/BraTS-MET-00659-000-seg.nii.gz,work_space/G2/results/synthetic_normalized/BraTS-MET-00659-000/BraTS-MET-00659-000-seg.nii.gz,nnunet_raw/Dataset261_BraTS2026_MET_RealSynth/labelsTr/BraTSMET_000444.nii.gz,native_2026,keep_native_2026_suffix,accepted_for_training,True,False,False,False
BraTS-MET-00660-000,BraTS-MET-00660-000,BraTSMET_000445,BraTS-MET-00660-000,run_3104668,t1n,0000,/Users/hwaigc/比赛+课题/ECNU_EYU_data/work_space/G1/results/missing_t2w_completion/run_3104668/BraTS-MET-00660-000/BraTS-MET-00660-000-t1n.nii.gz,work_space/G2/results/synthetic_normalized/BraTS-MET-00660-000/BraTS-MET-00660-000-t1n.nii.gz,nnunet_raw/Dataset261_BraTS2026_MET_RealSynth/imagesTr/BraTSMET_000445_0000.nii.gz,native_2026,keep_native_2026_suffix,accepted_for_training,True,False,False,False
BraTS-MET-00660-000,BraTS-MET-00660-000,BraTSMET_000445,BraTS-MET-00660-000,run_3104668,t1c,0001,/Users/hwaigc/比赛+课题/ECNU_EYU_data/work_space/G1/results/missing_t2w_completion/run_3104668/BraTS-MET-00660-000/BraTS-MET-00660-000-t1c.nii.gz,work_space/G2/results/synthetic_normalized/BraTS-MET-00660-000/BraTS-MET-00660-000-t1c.nii.gz,nnunet_raw/Dataset261_BraTS2026_MET_RealSynth/imagesTr/BraTSMET_000445_0001.nii.gz,native_2026,keep_native_2026_suffix,accepted_for_training,True,False,False,False
BraTS-MET-00660-000,BraTS-MET-00660-000,BraTSMET_000445,BraTS-MET-00660-000,run_3104668,t2w,0002,/Users/hwaigc/比赛+课题/ECNU_EYU_data/work_space/G1/results/missing_t2w_completion/run_3104668/BraTS-MET-00660-000/BraTS-MET-00660-000-t2w.nii.gz,work_space/G2/results/synthetic_normalized/BraTS-MET-00660-000/BraTS-MET-00660-000-t2w.nii.gz,nnunet_raw/Dataset261_BraTS2026_MET_RealSynth/imagesTr/BraTSMET_000445_0002.nii.gz,native_2026,keep_native_2026_suffix,accepted_for_training,True,False,False,False
BraTS-MET-00660-000,BraTS-MET-00660-000,BraTSMET_000445,BraTS-MET-00660-000,run_3104668,t2f,0003,/Users/hwaigc/比赛+课题/ECNU_EYU_data/work_space/G1/results/missing_t2w_completion/run_3104668/BraTS-MET-00660-000/BraTS-MET-00660-000-t2f.nii.gz,work_space/G2/results/synthetic_normalized/BraTS-MET-00660-000/BraTS-MET-00660-000-t2f.nii.gz,nnunet_raw/Dataset261_BraTS2026_MET_RealSynth/imagesTr/BraTSMET_000445_0003.nii.gz,native_2026,keep_native_2026_suffix,accepted_for_training,True,False,False,False
BraTS-MET-00660-000,BraTS-MET-00660-000,BraTSMET_000445,BraTS-MET-00660-000,run_3104668,seg,label,/Users/hwaigc/比赛+课题/ECNU_EYU_data/work_space/G1/results/missing_t2w_completion/run_3104668/BraTS-MET-00660-000/BraTS-MET-00660-000-seg.nii.gz,work_space/G2/results/synthetic_normalized/BraTS-MET-00660-000/BraTS-MET-00660-000-seg.nii.gz,nnunet_raw/Dataset261_BraTS2026_MET_RealSynth/labelsTr/BraTSMET_000445.nii.gz,native_2026,keep_native_2026_suffix,accepted_for_training,True,False,False,False
BraTS-MET-00661-000,BraTS-MET-00661-000,BraTSMET_000446,BraTS-MET-00661-000,run_3104668,t1n,0000,/Users/hwaigc/比赛+课题/ECNU_EYU_data/work_space/G1/results/missing_t2w_completion/run_3104668/BraTS-MET-00661-000/BraTS-MET-00661-000-t1n.nii.gz,work_space/G2/results/synthetic_normalized/BraTS-MET-00661-000/BraTS-MET-00661-000-t1n.nii.gz,nnunet_raw/Dataset261_BraTS2026_MET_RealSynth/imagesTr/BraTSMET_000446_0000.nii.gz,native_2026,keep_native_2026_suffix,accepted_for_training,True,False,False,False
BraTS-MET-00661-000,BraTS-MET-00661-000,BraTSMET_000446,BraTS-MET-00661-000,run_3104668,t1c,0001,/Users/hwaigc/比赛+课题/ECNU_EYU_data/work_space/G1/results/missing_t2w_completion/run_3104668/BraTS-MET-00661-000/BraTS-MET-00661-000-t1c.nii.gz,work_space/G2/results/synthetic_normalized/BraTS-MET-00661-000/BraTS-MET-00661-000-t1c.nii.gz,nnunet_raw/Dataset261_BraTS2026_MET_RealSynth/imagesTr/BraTSMET_000446_0001.nii.gz,native_2026,keep_native_2026_suffix,accepted_for_training,True,False,False,False
BraTS-MET-00661-000,BraTS-MET-00661-000,BraTSMET_000446,BraTS-MET-00661-000,run_3104668,t2w,0002,/Users/hwaigc/比赛+课题/ECNU_EYU_data/work_space/G1/results/missing_t2w_completion/run_3104668/BraTS-MET-00661-000/BraTS-MET-00661-000-t2w.nii.gz,work_space/G2/results/synthetic_normalized/BraTS-MET-00661-000/BraTS-MET-00661-000-t2w.nii.gz,nnunet_raw/Dataset261_BraTS2026_MET_RealSynth/imagesTr/BraTSMET_000446_0002.nii.gz,native_2026,keep_native_2026_suffix,accepted_for_training,True,False,False,False
BraTS-MET-00661-000,BraTS-MET-00661-000,BraTSMET_000446,BraTS-MET-00661-000,run_3104668,t2f,0003,/Users/hwaigc/比赛+课题/ECNU_EYU_data/work_space/G1/results/missing_t2w_completion/run_3104668/BraTS-MET-00661-000/BraTS-MET-00661-000-t2f.nii.gz,work_space/G2/results/synthetic_normalized/BraTS-MET-00661-000/BraTS-MET-00661-000-t2f.nii.gz,nnunet_raw/Dataset261_BraTS2026_MET_RealSynth/imagesTr/BraTSMET_000446_0003.nii.gz,native_2026,keep_native_2026_suffix,accepted_for_training,True,False,False,False
BraTS-MET-00661-000,BraTS-MET-00661-000,BraTSMET_000446,BraTS-MET-00661-000,run_3104668,seg,label,/Users/hwaigc/比赛+课题/ECNU_EYU_data/work_space/G1/results/missing_t2w_completion/run_3104668/BraTS-MET-00661-000/BraTS-MET-00661-000-seg.nii.gz,work_space/G2/results/synthetic_normalized/BraTS-MET-00661-000/BraTS-MET-00661-000-seg.nii.gz,nnunet_raw/Dataset261_BraTS2026_MET_RealSynth/labelsTr/BraTSMET_000446.nii.gz,native_2026,keep_native_2026_suffix,accepted_for_training,True,False,False,False
BraTS-MET-00663-001,BraTS-MET-00663-001,BraTSMET_000449,BraTS-MET-00663-001,run_3104668,t1n,0000,/Users/hwaigc/比赛+课题/ECNU_EYU_data/work_space/G1/results/missing_t2w_completion/run_3104668/BraTS-MET-00663-001/BraTS-MET-00663-001-t1n.nii.gz,work_space/G2/results/synthetic_normalized/BraTS-MET-00663-001/BraTS-MET-00663-001-t1n.nii.gz,nnunet_raw/Dataset261_BraTS2026_MET_RealSynth/imagesTr/BraTSMET_000449_0000.nii.gz,native_2026,keep_native_2026_suffix,accepted_for_evaluation,False,True,False,False
BraTS-MET-00663-001,BraTS-MET-00663-001,BraTSMET_000449,BraTS-MET-00663-001,run_3104668,t1c,0001,/Users/hwaigc/比赛+课题/ECNU_EYU_data/work_space/G1/results/missing_t2w_completion/run_3104668/BraTS-MET-00663-001/BraTS-MET-00663-001-t1c.nii.gz,work_space/G2/results/synthetic_normalized/BraTS-MET-00663-001/BraTS-MET-00663-001-t1c.nii.gz,nnunet_raw/Dataset261_BraTS2026_MET_RealSynth/imagesTr/BraTSMET_000449_0001.nii.gz,native_2026,keep_native_2026_suffix,accepted_for_evaluation,False,True,False,False
BraTS-MET-00663-001,BraTS-MET-00663-001,BraTSMET_000449,BraTS-MET-00663-001,run_3104668,t2w,0002,/Users/hwaigc/比赛+课题/ECNU_EYU_data/work_space/G1/results/missing_t2w_completion/run_3104668/BraTS-MET-00663-001/BraTS-MET-00663-001-t2w.nii.gz,work_space/G2/results/synthetic_normalized/BraTS-MET-00663-001/BraTS-MET-00663-001-t2w.nii.gz,nnunet_raw/Dataset261_BraTS2026_MET_RealSynth/imagesTr/BraTSMET_000449_0002.nii.gz,native_2026,keep_native_2026_suffix,accepted_for_evaluation,False,True,False,False
BraTS-MET-00663-001,BraTS-MET-00663-001,BraTSMET_000449,BraTS-MET-00663-001,run_3104668,t2f,0003,/Users/hwaigc/比赛+课题/ECNU_EYU_data/work_space/G1/results/missing_t2w_completion/run_3104668/BraTS-MET-00663-001/BraTS-MET-00663-001-t2f.nii.gz,work_space/G2/results/synthetic_normalized/BraTS-MET-00663-001/BraTS-MET-00663-001-t2f.nii.gz,nnunet_raw/Dataset261_BraTS2026_MET_RealSynth/imagesTr/BraTSMET_000449_0003.nii.gz,native_2026,keep_native_2026_suffix,accepted_for_evaluation,False,True,False,False
BraTS-MET-00663-001,BraTS-MET-00663-001,BraTSMET_000449,BraTS-MET-00663-001,run_3104668,seg,label,/Users/hwaigc/比赛+课题/ECNU_EYU_data/work_space/G1/results/missing_t2w_completion/run_3104668/BraTS-MET-00663-001/BraTS-MET-00663-001-seg.nii.gz,work_space/G2/results/synthetic_normalized/BraTS-MET-00663-001/BraTS-MET-00663-001-seg.nii.gz,nnunet_raw/Dataset261_BraTS2026_MET_RealSynth/labelsTr/BraTSMET_000449.nii.gz,native_2026,keep_native_2026_suffix,accepted_for_evaluation,False,True,False,False
BraTS-MET-00663-002,BraTS-MET-00663-002,BraTSMET_000450,BraTS-MET-00663-002,run_3104668,t1n,0000,/Users/hwaigc/比赛+课题/ECNU_EYU_data/work_space/G1/results/missing_t2w_completion/run_3104668/BraTS-MET-00663-002/BraTS-MET-00663-002-t1n.nii.gz,work_space/G2/results/synthetic_normalized/BraTS-MET-00663-002/BraTS-MET-00663-002-t1n.nii.gz,nnunet_raw/Dataset261_BraTS2026_MET_RealSynth/imagesTr/BraTSMET_000450_0000.nii.gz,native_2026,keep_native_2026_suffix,accepted_for_evaluation,False,True,False,False
BraTS-MET-00663-002,BraTS-MET-00663-002,BraTSMET_000450,BraTS-MET-00663-002,run_3104668,t1c,0001,/Users/hwaigc/比赛+课题/ECNU_EYU_data/work_space/G1/results/missing_t2w_completion/run_3104668/BraTS-MET-00663-002/BraTS-MET-00663-002-t1c.nii.gz,work_space/G2/results/synthetic_normalized/BraTS-MET-00663-002/BraTS-MET-00663-002-t1c.nii.gz,nnunet_raw/Dataset261_BraTS2026_MET_RealSynth/imagesTr/BraTSMET_000450_0001.nii.gz,native_2026,keep_native_2026_suffix,accepted_for_evaluation,False,True,False,False
BraTS-MET-00663-002,BraTS-MET-00663-002,BraTSMET_000450,BraTS-MET-00663-002,run_3104668,t2w,0002,/Users/hwaigc/比赛+课题/ECNU_EYU_data/work_space/G1/results/missing_t2w_completion/run_3104668/BraTS-MET-00663-002/BraTS-MET-00663-002-t2w.nii.gz,work_space/G2/results/synthetic_normalized/BraTS-MET-00663-002/BraTS-MET-00663-002-t2w.nii.gz,nnunet_raw/Dataset261_BraTS2026_MET_RealSynth/imagesTr/BraTSMET_000450_0002.nii.gz,native_2026,keep_native_2026_suffix,accepted_for_evaluation,False,True,False,False
BraTS-MET-00663-002,BraTS-MET-00663-002,BraTSMET_000450,BraTS-MET-00663-002,run_3104668,t2f,0003,/Users/hwaigc/比赛+课题/ECNU_EYU_data/work_space/G1/results/missing_t2w_completion/run_3104668/BraTS-MET-00663-002/BraTS-MET-00663-002-t2f.nii.gz,work_space/G2/results/synthetic_normalized/BraTS-MET-00663-002/BraTS-MET-00663-002-t2f.nii.gz,nnunet_raw/Dataset261_BraTS2026_MET_RealSynth/imagesTr/BraTSMET_000450_0003.nii.gz,native_2026,keep_native_2026_suffix,accepted_for_evaluation,False,True,False,False
BraTS-MET-00663-002,BraTS-MET-00663-002,BraTSMET_000450,BraTS-MET-00663-002,run_3104668,seg,label,/Users/hwaigc/比赛+课题/ECNU_EYU_data/work_space/G1/results/missing_t2w_completion/run_3104668/BraTS-MET-00663-002/BraTS-MET-00663-002-seg.nii.gz,work_space/G2/results/synthetic_normalized/BraTS-MET-00663-002/BraTS-MET-00663-002-seg.nii.gz,nnunet_raw/Dataset261_BraTS2026_MET_RealSynth/labelsTr/BraTSMET_000450.nii.gz,native_2026,keep_native_2026_suffix,accepted_for_evaluation,False,True,False,False
BraTS-MET-00663-003,BraTS-MET-00663-003,BraTSMET_000451,BraTS-MET-00663-003,run_3104668,t1n,0000,/Users/hwaigc/比赛+课题/ECNU_EYU_data/work_space/G1/results/missing_t2w_completion/run_3104668/BraTS-MET-00663-003/BraTS-MET-00663-003-t1n.nii.gz,work_space/G2/results/synthetic_normalized/BraTS-MET-00663-003/BraTS-MET-00663-003-t1n.nii.gz,nnunet_raw/Dataset261_BraTS2026_MET_RealSynth/imagesTr/BraTSMET_000451_0000.nii.gz,native_2026,keep_native_2026_suffix,accepted_for_evaluation,False,True,False,False
BraTS-MET-00663-003,BraTS-MET-00663-003,BraTSMET_000451,BraTS-MET-00663-003,run_3104668,t1c,0001,/Users/hwaigc/比赛+课题/ECNU_EYU_data/work_space/G1/results/missing_t2w_completion/run_3104668/BraTS-MET-00663-003/BraTS-MET-00663-003-t1c.nii.gz,work_space/G2/results/synthetic_normalized/BraTS-MET-00663-003/BraTS-MET-00663-003-t1c.nii.gz,nnunet_raw/Dataset261_BraTS2026_MET_RealSynth/imagesTr/BraTSMET_000451_0001.nii.gz,native_2026,keep_native_2026_suffix,accepted_for_evaluation,False,True,False,False
BraTS-MET-00663-003,BraTS-MET-00663-003,BraTSMET_000451,BraTS-MET-00663-003,run_3104668,t2w,0002,/Users/hwaigc/比赛+课题/ECNU_EYU_data/work_space/G1/results/missing_t2w_completion/run_3104668/BraTS-MET-00663-003/BraTS-MET-00663-003-t2w.nii.gz,work_space/G2/results/synthetic_normalized/BraTS-MET-00663-003/BraTS-MET-00663-003-t2w.nii.gz,nnunet_raw/Dataset261_BraTS2026_MET_RealSynth/imagesTr/BraTSMET_000451_0002.nii.gz,native_2026,keep_native_2026_suffix,accepted_for_evaluation,False,True,False,False
BraTS-MET-00663-003,BraTS-MET-00663-003,BraTSMET_000451,BraTS-MET-00663-003,run_3104668,t2f,0003,/Users/hwaigc/比赛+课题/ECNU_EYU_data/work_space/G1/results/missing_t2w_completion/run_3104668/BraTS-MET-00663-003/BraTS-MET-00663-003-t2f.nii.gz,work_space/G2/results/synthetic_normalized/BraTS-MET-00663-003/BraTS-MET-00663-003-t2f.nii.gz,nnunet_raw/Dataset261_BraTS2026_MET_RealSynth/imagesTr/BraTSMET_000451_0003.nii.gz,native_2026,keep_native_2026_suffix,accepted_for_evaluation,False,True,False,False
BraTS-MET-00663-003,BraTS-MET-00663-003,BraTSMET_000451,BraTS-MET-00663-003,run_3104668,seg,label,/Users/hwaigc/比赛+课题/ECNU_EYU_data/work_space/G1/results/missing_t2w_completion/run_3104668/BraTS-MET-00663-003/BraTS-MET-00663-003-seg.nii.gz,work_space/G2/results/synthetic_normalized/BraTS-MET-00663-003/BraTS-MET-00663-003-seg.nii.gz,nnunet_raw/Dataset261_BraTS2026_MET_RealSynth/labelsTr/BraTSMET_000451.nii.gz,native_2026,keep_native_2026_suffix,accepted_for_evaluation,False,True,False,False
BraTS-MET-00663-004,BraTS-MET-00663-004,BraTSMET_000452,BraTS-MET-00663-004,run_3104668,t1n,0000,/Users/hwaigc/比赛+课题/ECNU_EYU_data/work_space/G1/results/missing_t2w_completion/run_3104668/BraTS-MET-00663-004/BraTS-MET-00663-004-t1n.nii.gz,work_space/G2/results/synthetic_normalized/BraTS-MET-00663-004/BraTS-MET-00663-004-t1n.nii.gz,nnunet_raw/Dataset261_BraTS2026_MET_RealSynth/imagesTr/BraTSMET_000452_0000.nii.gz,native_2026,keep_native_2026_suffix,accepted_for_evaluation,False,True,False,False
BraTS-MET-00663-004,BraTS-MET-00663-004,BraTSMET_000452,BraTS-MET-00663-004,run_3104668,t1c,0001,/Users/hwaigc/比赛+课题/ECNU_EYU_data/work_space/G1/results/missing_t2w_completion/run_3104668/BraTS-MET-00663-004/BraTS-MET-00663-004-t1c.nii.gz,work_space/G2/results/synthetic_normalized/BraTS-MET-00663-004/BraTS-MET-00663-004-t1c.nii.gz,nnunet_raw/Dataset261_BraTS2026_MET_RealSynth/imagesTr/BraTSMET_000452_0001.nii.gz,native_2026,keep_native_2026_suffix,accepted_for_evaluation,False,True,False,False
BraTS-MET-00663-004,BraTS-MET-00663-004,BraTSMET_000452,BraTS-MET-00663-004,run_3104668,t2w,0002,/Users/hwaigc/比赛+课题/ECNU_EYU_data/work_space/G1/results/missing_t2w_completion/run_3104668/BraTS-MET-00663-004/BraTS-MET-00663-004-t2w.nii.gz,work_space/G2/results/synthetic_normalized/BraTS-MET-00663-004/BraTS-MET-00663-004-t2w.nii.gz,nnunet_raw/Dataset261_BraTS2026_MET_RealSynth/imagesTr/BraTSMET_000452_0002.nii.gz,native_2026,keep_native_2026_suffix,accepted_for_evaluation,False,True,False,False
BraTS-MET-00663-004,BraTS-MET-00663-004,BraTSMET_000452,BraTS-MET-00663-004,run_3104668,t2f,0003,/Users/hwaigc/比赛+课题/ECNU_EYU_data/work_space/G1/results/missing_t2w_completion/run_3104668/BraTS-MET-00663-004/BraTS-MET-00663-004-t2f.nii.gz,work_space/G2/results/synthetic_normalized/BraTS-MET-00663-004/BraTS-MET-00663-004-t2f.nii.gz,nnunet_raw/Dataset261_BraTS2026_MET_RealSynth/imagesTr/BraTSMET_000452_0003.nii.gz,native_2026,keep_native_2026_suffix,accepted_for_evaluation,False,True,False,False
BraTS-MET-00663-004,BraTS-MET-00663-004,BraTSMET_000452,BraTS-MET-00663-004,run_3104668,seg,label,/Users/hwaigc/比赛+课题/ECNU_EYU_data/work_space/G1/results/missing_t2w_completion/run_3104668/BraTS-MET-00663-004/BraTS-MET-00663-004-seg.nii.gz,work_space/G2/results/synthetic_normalized/BraTS-MET-00663-004/BraTS-MET-00663-004-seg.nii.gz,nnunet_raw/Dataset261_BraTS2026_MET_RealSynth/labelsTr/BraTSMET_000452.nii.gz,native_2026,keep_native_2026_suffix,accepted_for_evaluation,False,True,False,False
BraTS-MET-00664-000,BraTS-MET-00664-000,BraTSMET_000453,BraTS-MET-00664-000,run_3104668,t1n,0000,/Users/hwaigc/比赛+课题/ECNU_EYU_data/work_space/G1/results/missing_t2w_completion/run_3104668/BraTS-MET-00664-000/BraTS-MET-00664-000-t1n.nii.gz,work_space/G2/results/synthetic_normalized/BraTS-MET-00664-000/BraTS-MET-00664-000-t1n.nii.gz,nnunet_raw/Dataset261_BraTS2026_MET_RealSynth/imagesTr/BraTSMET_000453_0000.nii.gz,native_2026,keep_native_2026_suffix,accepted_for_training,True,False,False,False
BraTS-MET-00664-000,BraTS-MET-00664-000,BraTSMET_000453,BraTS-MET-00664-000,run_3104668,t1c,0001,/Users/hwaigc/比赛+课题/ECNU_EYU_data/work_space/G1/results/missing_t2w_completion/run_3104668/BraTS-MET-00664-000/BraTS-MET-00664-000-t1c.nii.gz,work_space/G2/results/synthetic_normalized/BraTS-MET-00664-000/BraTS-MET-00664-000-t1c.nii.gz,nnunet_raw/Dataset261_BraTS2026_MET_RealSynth/imagesTr/BraTSMET_000453_0001.nii.gz,native_2026,keep_native_2026_suffix,accepted_for_training,True,False,False,False
BraTS-MET-00664-000,BraTS-MET-00664-000,BraTSMET_000453,BraTS-MET-00664-000,run_3104668,t2w,0002,/Users/hwaigc/比赛+课题/ECNU_EYU_data/work_space/G1/results/missing_t2w_completion/run_3104668/BraTS-MET-00664-000/BraTS-MET-00664-000-t2w.nii.gz,work_space/G2/results/synthetic_normalized/BraTS-MET-00664-000/BraTS-MET-00664-000-t2w.nii.gz,nnunet_raw/Dataset261_BraTS2026_MET_RealSynth/imagesTr/BraTSMET_000453_0002.nii.gz,native_2026,keep_native_2026_suffix,accepted_for_training,True,False,False,False
BraTS-MET-00664-000,BraTS-MET-00664-000,BraTSMET_000453,BraTS-MET-00664-000,run_3104668,t2f,0003,/Users/hwaigc/比赛+课题/ECNU_EYU_data/work_space/G1/results/missing_t2w_completion/run_3104668/BraTS-MET-00664-000/BraTS-MET-00664-000-t2f.nii.gz,work_space/G2/results/synthetic_normalized/BraTS-MET-00664-000/BraTS-MET-00664-000-t2f.nii.gz,nnunet_raw/Dataset261_BraTS2026_MET_RealSynth/imagesTr/BraTSMET_000453_0003.nii.gz,native_2026,keep_native_2026_suffix,accepted_for_training,True,False,False,False
BraTS-MET-00664-000,BraTS-MET-00664-000,BraTSMET_000453,BraTS-MET-00664-000,run_3104668,seg,label,/Users/hwaigc/比赛+课题/ECNU_EYU_data/work_space/G1/results/missing_t2w_completion/run_3104668/BraTS-MET-00664-000/BraTS-MET-00664-000-seg.nii.gz,work_space/G2/results/synthetic_normalized/BraTS-MET-00664-000/BraTS-MET-00664-000-seg.nii.gz,nnunet_raw/Dataset261_BraTS2026_MET_RealSynth/labelsTr/BraTSMET_000453.nii.gz,native_2026,keep_native_2026_suffix,accepted_for_training,True,False,False,False
BraTS-MET-00664-001,BraTS-MET-00664-001,BraTSMET_000454,BraTS-MET-00664-001,run_3104668,t1n,0000,/Users/hwaigc/比赛+课题/ECNU_EYU_data/work_space/G1/results/missing_t2w_completion/run_3104668/BraTS-MET-00664-001/BraTS-MET-00664-001-t1n.nii.gz,work_space/G2/results/synthetic_normalized/BraTS-MET-00664-001/BraTS-MET-00664-001-t1n.nii.gz,nnunet_raw/Dataset261_BraTS2026_MET_RealSynth/imagesTr/BraTSMET_000454_0000.nii.gz,native_2026,keep_native_2026_suffix,accepted_for_training,True,False,False,False
BraTS-MET-00664-001,BraTS-MET-00664-001,BraTSMET_000454,BraTS-MET-00664-001,run_3104668,t1c,0001,/Users/hwaigc/比赛+课题/ECNU_EYU_data/work_space/G1/results/missing_t2w_completion/run_3104668/BraTS-MET-00664-001/BraTS-MET-00664-001-t1c.nii.gz,work_space/G2/results/synthetic_normalized/BraTS-MET-00664-001/BraTS-MET-00664-001-t1c.nii.gz,nnunet_raw/Dataset261_BraTS2026_MET_RealSynth/imagesTr/BraTSMET_000454_0001.nii.gz,native_2026,keep_native_2026_suffix,accepted_for_training,True,False,False,False
BraTS-MET-00664-001,BraTS-MET-00664-001,BraTSMET_000454,BraTS-MET-00664-001,run_3104668,t2w,0002,/Users/hwaigc/比赛+课题/ECNU_EYU_data/work_space/G1/results/missing_t2w_completion/run_3104668/BraTS-MET-00664-001/BraTS-MET-00664-001-t2w.nii.gz,work_space/G2/results/synthetic_normalized/BraTS-MET-00664-001/BraTS-MET-00664-001-t2w.nii.gz,nnunet_raw/Dataset261_BraTS2026_MET_RealSynth/imagesTr/BraTSMET_000454_0002.nii.gz,native_2026,keep_native_2026_suffix,accepted_for_training,True,False,False,False
BraTS-MET-00664-001,BraTS-MET-00664-001,BraTSMET_000454,BraTS-MET-00664-001,run_3104668,t2f,0003,/Users/hwaigc/比赛+课题/ECNU_EYU_data/work_space/G1/results/missing_t2w_completion/run_3104668/BraTS-MET-00664-001/BraTS-MET-00664-001-t2f.nii.gz,work_space/G2/results/synthetic_normalized/BraTS-MET-00664-001/BraTS-MET-00664-001-t2f.nii.gz,nnunet_raw/Dataset261_BraTS2026_MET_RealSynth/imagesTr/BraTSMET_000454_0003.nii.gz,native_2026,keep_native_2026_suffix,accepted_for_training,True,False,False,False
BraTS-MET-00664-001,BraTS-MET-00664-001,BraTSMET_000454,BraTS-MET-00664-001,run_3104668,seg,label,/Users/hwaigc/比赛+课题/ECNU_EYU_data/work_space/G1/results/missing_t2w_completion/run_3104668/BraTS-MET-00664-001/BraTS-MET-00664-001-seg.nii.gz,work_space/G2/results/synthetic_normalized/BraTS-MET-00664-001/BraTS-MET-00664-001-seg.nii.gz,nnunet_raw/Dataset261_BraTS2026_MET_RealSynth/labelsTr/BraTSMET_000454.nii.gz,native_2026,keep_native_2026_suffix,accepted_for_training,True,False,False,False
BraTS-MET-00665-000,BraTS-MET-00665-000,BraTSMET_000455,BraTS-MET-00665-000,run_3104668,t1n,0000,/Users/hwaigc/比赛+课题/ECNU_EYU_data/work_space/G1/results/missing_t2w_completion/run_3104668/BraTS-MET-00665-000/BraTS-MET-00665-000-t1n.nii.gz,work_space/G2/results/synthetic_normalized/BraTS-MET-00665-000/BraTS-MET-00665-000-t1n.nii.gz,nnunet_raw/Dataset261_BraTS2026_MET_RealSynth/imagesTr/BraTSMET_000455_0000.nii.gz,native_2026,keep_native_2026_suffix,accepted_for_training,True,False,False,False
BraTS-MET-00665-000,BraTS-MET-00665-000,BraTSMET_000455,BraTS-MET-00665-000,run_3104668,t1c,0001,/Users/hwaigc/比赛+课题/ECNU_EYU_data/work_space/G1/results/missing_t2w_completion/run_3104668/BraTS-MET-00665-000/BraTS-MET-00665-000-t1c.nii.gz,work_space/G2/results/synthetic_normalized/BraTS-MET-00665-000/BraTS-MET-00665-000-t1c.nii.gz,nnunet_raw/Dataset261_BraTS2026_MET_RealSynth/imagesTr/BraTSMET_000455_0001.nii.gz,native_2026,keep_native_2026_suffix,accepted_for_training,True,False,False,False
BraTS-MET-00665-000,BraTS-MET-00665-000,BraTSMET_000455,BraTS-MET-00665-000,run_3104668,t2w,0002,/Users/hwaigc/比赛+课题/ECNU_EYU_data/work_space/G1/results/missing_t2w_completion/run_3104668/BraTS-MET-00665-000/BraTS-MET-00665-000-t2w.nii.gz,work_space/G2/results/synthetic_normalized/BraTS-MET-00665-000/BraTS-MET-00665-000-t2w.nii.gz,nnunet_raw/Dataset261_BraTS2026_MET_RealSynth/imagesTr/BraTSMET_000455_0002.nii.gz,native_2026,keep_native_2026_suffix,accepted_for_training,True,False,False,False
BraTS-MET-00665-000,BraTS-MET-00665-000,BraTSMET_000455,BraTS-MET-00665-000,run_3104668,t2f,0003,/Users/hwaigc/比赛+课题/ECNU_EYU_data/work_space/G1/results/missing_t2w_completion/run_3104668/BraTS-MET-00665-000/BraTS-MET-00665-000-t2f.nii.gz,work_space/G2/results/synthetic_normalized/BraTS-MET-00665-000/BraTS-MET-00665-000-t2f.nii.gz,nnunet_raw/Dataset261_BraTS2026_MET_RealSynth/imagesTr/BraTSMET_000455_0003.nii.gz,native_2026,keep_native_2026_suffix,accepted_for_training,True,False,False,False
BraTS-MET-00665-000,BraTS-MET-00665-000,BraTSMET_000455,BraTS-MET-00665-000,run_3104668,seg,label,/Users/hwaigc/比赛+课题/ECNU_EYU_data/work_space/G1/results/missing_t2w_completion/run_3104668/BraTS-MET-00665-000/BraTS-MET-00665-000-seg.nii.gz,work_space/G2/results/synthetic_normalized/BraTS-MET-00665-000/BraTS-MET-00665-000-seg.nii.gz,nnunet_raw/Dataset261_BraTS2026_MET_RealSynth/labelsTr/BraTSMET_000455.nii.gz,native_2026,keep_native_2026_suffix,accepted_for_training,True,False,False,False
BraTS-MET-00666-000,BraTS-MET-00666-000,BraTSMET_000456,BraTS-MET-00666-000,run_3104668,t1n,0000,/Users/hwaigc/比赛+课题/ECNU_EYU_data/work_space/G1/results/missing_t2w_completion/run_3104668/BraTS-MET-00666-000/BraTS-MET-00666-000-t1n.nii.gz,work_space/G2/results/synthetic_normalized/BraTS-MET-00666-000/BraTS-MET-00666-000-t1n.nii.gz,nnunet_raw/Dataset261_BraTS2026_MET_RealSynth/imagesTr/BraTSMET_000456_0000.nii.gz,native_2026,keep_native_2026_suffix,accepted_for_training,True,False,False,False
BraTS-MET-00666-000,BraTS-MET-00666-000,BraTSMET_000456,BraTS-MET-00666-000,run_3104668,t1c,0001,/Users/hwaigc/比赛+课题/ECNU_EYU_data/work_space/G1/results/missing_t2w_completion/run_3104668/BraTS-MET-00666-000/BraTS-MET-00666-000-t1c.nii.gz,work_space/G2/results/synthetic_normalized/BraTS-MET-00666-000/BraTS-MET-00666-000-t1c.nii.gz,nnunet_raw/Dataset261_BraTS2026_MET_RealSynth/imagesTr/BraTSMET_000456_0001.nii.gz,native_2026,keep_native_2026_suffix,accepted_for_training,True,False,False,False
BraTS-MET-00666-000,BraTS-MET-00666-000,BraTSMET_000456,BraTS-MET-00666-000,run_3104668,t2w,0002,/Users/hwaigc/比赛+课题/ECNU_EYU_data/work_space/G1/results/missing_t2w_completion/run_3104668/BraTS-MET-00666-000/BraTS-MET-00666-000-t2w.nii.gz,work_space/G2/results/synthetic_normalized/BraTS-MET-00666-000/BraTS-MET-00666-000-t2w.nii.gz,nnunet_raw/Dataset261_BraTS2026_MET_RealSynth/imagesTr/BraTSMET_000456_0002.nii.gz,native_2026,keep_native_2026_suffix,accepted_for_training,True,False,False,False
BraTS-MET-00666-000,BraTS-MET-00666-000,BraTSMET_000456,BraTS-MET-00666-000,run_3104668,t2f,0003,/Users/hwaigc/比赛+课题/ECNU_EYU_data/work_space/G1/results/missing_t2w_completion/run_3104668/BraTS-MET-00666-000/BraTS-MET-00666-000-t2f.nii.gz,work_space/G2/results/synthetic_normalized/BraTS-MET-00666-000/BraTS-MET-00666-000-t2f.nii.gz,nnunet_raw/Dataset261_BraTS2026_MET_RealSynth/imagesTr/BraTSMET_000456_0003.nii.gz,native_2026,keep_native_2026_suffix,accepted_for_training,True,False,False,False
BraTS-MET-00666-000,BraTS-MET-00666-000,BraTSMET_000456,BraTS-MET-00666-000,run_3104668,seg,label,/Users/hwaigc/比赛+课题/ECNU_EYU_data/work_space/G1/results/missing_t2w_completion/run_3104668/BraTS-MET-00666-000/BraTS-MET-00666-000-seg.nii.gz,work_space/G2/results/synthetic_normalized/BraTS-MET-00666-000/BraTS-MET-00666-000-seg.nii.gz,nnunet_raw/Dataset261_BraTS2026_MET_RealSynth/labelsTr/BraTSMET_000456.nii.gz,native_2026,keep_native_2026_suffix,accepted_for_training,True,False,False,False
BraTS-MET-00667-000,BraTS-MET-00667-000,BraTSMET_000457,BraTS-MET-00667-000,run_3104668,t1n,0000,/Users/hwaigc/比赛+课题/ECNU_EYU_data/work_space/G1/results/missing_t2w_completion/run_3104668/BraTS-MET-00667-000/BraTS-MET-00667-000-t1n.nii.gz,work_space/G2/results/synthetic_normalized/BraTS-MET-00667-000/BraTS-MET-00667-000-t1n.nii.gz,nnunet_raw/Dataset261_BraTS2026_MET_RealSynth/imagesTr/BraTSMET_000457_0000.nii.gz,native_2026,keep_native_2026_suffix,accepted_for_training,True,False,False,False
BraTS-MET-00667-000,BraTS-MET-00667-000,BraTSMET_000457,BraTS-MET-00667-000,run_3104668,t1c,0001,/Users/hwaigc/比赛+课题/ECNU_EYU_data/work_space/G1/results/missing_t2w_completion/run_3104668/BraTS-MET-00667-000/BraTS-MET-00667-000-t1c.nii.gz,work_space/G2/results/synthetic_normalized/BraTS-MET-00667-000/BraTS-MET-00667-000-t1c.nii.gz,nnunet_raw/Dataset261_BraTS2026_MET_RealSynth/imagesTr/BraTSMET_000457_0001.nii.gz,native_2026,keep_native_2026_suffix,accepted_for_training,True,False,False,False
BraTS-MET-00667-000,BraTS-MET-00667-000,BraTSMET_000457,BraTS-MET-00667-000,run_3104668,t2w,0002,/Users/hwaigc/比赛+课题/ECNU_EYU_data/work_space/G1/results/missing_t2w_completion/run_3104668/BraTS-MET-00667-000/BraTS-MET-00667-000-t2w.nii.gz,work_space/G2/results/synthetic_normalized/BraTS-MET-00667-000/BraTS-MET-00667-000-t2w.nii.gz,nnunet_raw/Dataset261_BraTS2026_MET_RealSynth/imagesTr/BraTSMET_000457_0002.nii.gz,native_2026,keep_native_2026_suffix,accepted_for_training,True,False,False,False
BraTS-MET-00667-000,BraTS-MET-00667-000,BraTSMET_000457,BraTS-MET-00667-000,run_3104668,t2f,0003,/Users/hwaigc/比赛+课题/ECNU_EYU_data/work_space/G1/results/missing_t2w_completion/run_3104668/BraTS-MET-00667-000/BraTS-MET-00667-000-t2f.nii.gz,work_space/G2/results/synthetic_normalized/BraTS-MET-00667-000/BraTS-MET-00667-000-t2f.nii.gz,nnunet_raw/Dataset261_BraTS2026_MET_RealSynth/imagesTr/BraTSMET_000457_0003.nii.gz,native_2026,keep_native_2026_suffix,accepted_for_training,True,False,False,False
BraTS-MET-00667-000,BraTS-MET-00667-000,BraTSMET_000457,BraTS-MET-00667-000,run_3104668,seg,label,/Users/hwaigc/比赛+课题/ECNU_EYU_data/work_space/G1/results/missing_t2w_completion/run_3104668/BraTS-MET-00667-000/BraTS-MET-00667-000-seg.nii.gz,work_space/G2/results/synthetic_normalized/BraTS-MET-00667-000/BraTS-MET-00667-000-seg.nii.gz,nnunet_raw/Dataset261_BraTS2026_MET_RealSynth/labelsTr/BraTSMET_000457.nii.gz,native_2026,keep_native_2026_suffix,accepted_for_training,True,False,False,False
BraTS-MET-00668-000,BraTS-MET-00668-000,BraTSMET_000459,BraTS-MET-00668-000,run_3104668,t1n,0000,/Users/hwaigc/比赛+课题/ECNU_EYU_data/work_space/G1/results/missing_t2w_completion/run_3104668/BraTS-MET-00668-000/BraTS-MET-00668-000-t1n.nii.gz,work_space/G2/results/synthetic_normalized/BraTS-MET-00668-000/BraTS-MET-00668-000-t1n.nii.gz,nnunet_raw/Dataset261_BraTS2026_MET_RealSynth/imagesTr/BraTSMET_000459_0000.nii.gz,native_2026,keep_native_2026_suffix,accepted_for_training,True,False,False,False
BraTS-MET-00668-000,BraTS-MET-00668-000,BraTSMET_000459,BraTS-MET-00668-000,run_3104668,t1c,0001,/Users/hwaigc/比赛+课题/ECNU_EYU_data/work_space/G1/results/missing_t2w_completion/run_3104668/BraTS-MET-00668-000/BraTS-MET-00668-000-t1c.nii.gz,work_space/G2/results/synthetic_normalized/BraTS-MET-00668-000/BraTS-MET-00668-000-t1c.nii.gz,nnunet_raw/Dataset261_BraTS2026_MET_RealSynth/imagesTr/BraTSMET_000459_0001.nii.gz,native_2026,keep_native_2026_suffix,accepted_for_training,True,False,False,False
BraTS-MET-00668-000,BraTS-MET-00668-000,BraTSMET_000459,BraTS-MET-00668-000,run_3104668,t2w,0002,/Users/hwaigc/比赛+课题/ECNU_EYU_data/work_space/G1/results/missing_t2w_completion/run_3104668/BraTS-MET-00668-000/BraTS-MET-00668-000-t2w.nii.gz,work_space/G2/results/synthetic_normalized/BraTS-MET-00668-000/BraTS-MET-00668-000-t2w.nii.gz,nnunet_raw/Dataset261_BraTS2026_MET_RealSynth/imagesTr/BraTSMET_000459_0002.nii.gz,native_2026,keep_native_2026_suffix,accepted_for_training,True,False,False,False
BraTS-MET-00668-000,BraTS-MET-00668-000,BraTSMET_000459,BraTS-MET-00668-000,run_3104668,t2f,0003,/Users/hwaigc/比赛+课题/ECNU_EYU_data/work_space/G1/results/missing_t2w_completion/run_3104668/BraTS-MET-00668-000/BraTS-MET-00668-000-t2f.nii.gz,work_space/G2/results/synthetic_normalized/BraTS-MET-00668-000/BraTS-MET-00668-000-t2f.nii.gz,nnunet_raw/Dataset261_BraTS2026_MET_RealSynth/imagesTr/BraTSMET_000459_0003.nii.gz,native_2026,keep_native_2026_suffix,accepted_for_training,True,False,False,False
BraTS-MET-00668-000,BraTS-MET-00668-000,BraTSMET_000459,BraTS-MET-00668-000,run_3104668,seg,label,/Users/hwaigc/比赛+课题/ECNU_EYU_data/work_space/G1/results/missing_t2w_completion/run_3104668/BraTS-MET-00668-000/BraTS-MET-00668-000-seg.nii.gz,work_space/G2/results/synthetic_normalized/BraTS-MET-00668-000/BraTS-MET-00668-000-seg.nii.gz,nnunet_raw/Dataset261_BraTS2026_MET_RealSynth/labelsTr/BraTSMET_000459.nii.gz,native_2026,keep_native_2026_suffix,accepted_for_training,True,False,False,False
BraTS-MET-00669-000,BraTS-MET-00669-000,BraTSMET_000460,BraTS-MET-00669-000,run_3104668,t1n,0000,/Users/hwaigc/比赛+课题/ECNU_EYU_data/work_space/G1/results/missing_t2w_completion/run_3104668/BraTS-MET-00669-000/BraTS-MET-00669-000-t1n.nii.gz,work_space/G2/results/synthetic_normalized/BraTS-MET-00669-000/BraTS-MET-00669-000-t1n.nii.gz,nnunet_raw/Dataset261_BraTS2026_MET_RealSynth/imagesTr/BraTSMET_000460_0000.nii.gz,native_2026,keep_native_2026_suffix,accepted_for_training,True,False,False,False
BraTS-MET-00669-000,BraTS-MET-00669-000,BraTSMET_000460,BraTS-MET-00669-000,run_3104668,t1c,0001,/Users/hwaigc/比赛+课题/ECNU_EYU_data/work_space/G1/results/missing_t2w_completion/run_3104668/BraTS-MET-00669-000/BraTS-MET-00669-000-t1c.nii.gz,work_space/G2/results/synthetic_normalized/BraTS-MET-00669-000/BraTS-MET-00669-000-t1c.nii.gz,nnunet_raw/Dataset261_BraTS2026_MET_RealSynth/imagesTr/BraTSMET_000460_0001.nii.gz,native_2026,keep_native_2026_suffix,accepted_for_training,True,False,False,False
BraTS-MET-00669-000,BraTS-MET-00669-000,BraTSMET_000460,BraTS-MET-00669-000,run_3104668,t2w,0002,/Users/hwaigc/比赛+课题/ECNU_EYU_data/work_space/G1/results/missing_t2w_completion/run_3104668/BraTS-MET-00669-000/BraTS-MET-00669-000-t2w.nii.gz,work_space/G2/results/synthetic_normalized/BraTS-MET-00669-000/BraTS-MET-00669-000-t2w.nii.gz,nnunet_raw/Dataset261_BraTS2026_MET_RealSynth/imagesTr/BraTSMET_000460_0002.nii.gz,native_2026,keep_native_2026_suffix,accepted_for_training,True,False,False,False
BraTS-MET-00669-000,BraTS-MET-00669-000,BraTSMET_000460,BraTS-MET-00669-000,run_3104668,t2f,0003,/Users/hwaigc/比赛+课题/ECNU_EYU_data/work_space/G1/results/missing_t2w_completion/run_3104668/BraTS-MET-00669-000/BraTS-MET-00669-000-t2f.nii.gz,work_space/G2/results/synthetic_normalized/BraTS-MET-00669-000/BraTS-MET-00669-000-t2f.nii.gz,nnunet_raw/Dataset261_BraTS2026_MET_RealSynth/imagesTr/BraTSMET_000460_0003.nii.gz,native_2026,keep_native_2026_suffix,accepted_for_training,True,False,False,False
BraTS-MET-00669-000,BraTS-MET-00669-000,BraTSMET_000460,BraTS-MET-00669-000,run_3104668,seg,label,/Users/hwaigc/比赛+课题/ECNU_EYU_data/work_space/G1/results/missing_t2w_completion/run_3104668/BraTS-MET-00669-000/BraTS-MET-00669-000-seg.nii.gz,work_space/G2/results/synthetic_normalized/BraTS-MET-00669-000/BraTS-MET-00669-000-seg.nii.gz,nnunet_raw/Dataset261_BraTS2026_MET_RealSynth/labelsTr/BraTSMET_000460.nii.gz,native_2026,keep_native_2026_suffix,accepted_for_training,True,False,False,False
BraTS-MET-00670-000,BraTS-MET-00670-000,BraTSMET_000461,BraTS-MET-00670-000,run_3104668,t1n,0000,/Users/hwaigc/比赛+课题/ECNU_EYU_data/work_space/G1/results/missing_t2w_completion/run_3104668/BraTS-MET-00670-000/BraTS-MET-00670-000-t1n.nii.gz,work_space/G2/results/synthetic_normalized/BraTS-MET-00670-000/BraTS-MET-00670-000-t1n.nii.gz,nnunet_raw/Dataset261_BraTS2026_MET_RealSynth/imagesTr/BraTSMET_000461_0000.nii.gz,native_2026,keep_native_2026_suffix,accepted_for_training,True,False,False,False
BraTS-MET-00670-000,BraTS-MET-00670-000,BraTSMET_000461,BraTS-MET-00670-000,run_3104668,t1c,0001,/Users/hwaigc/比赛+课题/ECNU_EYU_data/work_space/G1/results/missing_t2w_completion/run_3104668/BraTS-MET-00670-000/BraTS-MET-00670-000-t1c.nii.gz,work_space/G2/results/synthetic_normalized/BraTS-MET-00670-000/BraTS-MET-00670-000-t1c.nii.gz,nnunet_raw/Dataset261_BraTS2026_MET_RealSynth/imagesTr/BraTSMET_000461_0001.nii.gz,native_2026,keep_native_2026_suffix,accepted_for_training,True,False,False,False
BraTS-MET-00670-000,BraTS-MET-00670-000,BraTSMET_000461,BraTS-MET-00670-000,run_3104668,t2w,0002,/Users/hwaigc/比赛+课题/ECNU_EYU_data/work_space/G1/results/missing_t2w_completion/run_3104668/BraTS-MET-00670-000/BraTS-MET-00670-000-t2w.nii.gz,work_space/G2/results/synthetic_normalized/BraTS-MET-00670-000/BraTS-MET-00670-000-t2w.nii.gz,nnunet_raw/Dataset261_BraTS2026_MET_RealSynth/imagesTr/BraTSMET_000461_0002.nii.gz,native_2026,keep_native_2026_suffix,accepted_for_training,True,False,False,False
BraTS-MET-00670-000,BraTS-MET-00670-000,BraTSMET_000461,BraTS-MET-00670-000,run_3104668,t2f,0003,/Users/hwaigc/比赛+课题/ECNU_EYU_data/work_space/G1/results/missing_t2w_completion/run_3104668/BraTS-MET-00670-000/BraTS-MET-00670-000-t2f.nii.gz,work_space/G2/results/synthetic_normalized/BraTS-MET-00670-000/BraTS-MET-00670-000-t2f.nii.gz,nnunet_raw/Dataset261_BraTS2026_MET_RealSynth/imagesTr/BraTSMET_000461_0003.nii.gz,native_2026,keep_native_2026_suffix,accepted_for_training,True,False,False,False
BraTS-MET-00670-000,BraTS-MET-00670-000,BraTSMET_000461,BraTS-MET-00670-000,run_3104668,seg,label,/Users/hwaigc/比赛+课题/ECNU_EYU_data/work_space/G1/results/missing_t2w_completion/run_3104668/BraTS-MET-00670-000/BraTS-MET-00670-000-seg.nii.gz,work_space/G2/results/synthetic_normalized/BraTS-MET-00670-000/BraTS-MET-00670-000-seg.nii.gz,nnunet_raw/Dataset261_BraTS2026_MET_RealSynth/labelsTr/BraTSMET_000461.nii.gz,native_2026,keep_native_2026_suffix,accepted_for_training,True,False,False,False
BraTS-MET-00671-000,BraTS-MET-00671-000,BraTSMET_000462,BraTS-MET-00671-000,run_3104668,t1n,0000,/Users/hwaigc/比赛+课题/ECNU_EYU_data/work_space/G1/results/missing_t2w_completion/run_3104668/BraTS-MET-00671-000/BraTS-MET-00671-000-t1n.nii.gz,work_space/G2/results/synthetic_normalized/BraTS-MET-00671-000/BraTS-MET-00671-000-t1n.nii.gz,nnunet_raw/Dataset261_BraTS2026_MET_RealSynth/imagesTs/BraTSMET_000462_0000.nii.gz,native_2026,keep_native_2026_suffix,accepted_for_evaluation,False,True,False,False
BraTS-MET-00671-000,BraTS-MET-00671-000,BraTSMET_000462,BraTS-MET-00671-000,run_3104668,t1c,0001,/Users/hwaigc/比赛+课题/ECNU_EYU_data/work_space/G1/results/missing_t2w_completion/run_3104668/BraTS-MET-00671-000/BraTS-MET-00671-000-t1c.nii.gz,work_space/G2/results/synthetic_normalized/BraTS-MET-00671-000/BraTS-MET-00671-000-t1c.nii.gz,nnunet_raw/Dataset261_BraTS2026_MET_RealSynth/imagesTs/BraTSMET_000462_0001.nii.gz,native_2026,keep_native_2026_suffix,accepted_for_evaluation,False,True,False,False
BraTS-MET-00671-000,BraTS-MET-00671-000,BraTSMET_000462,BraTS-MET-00671-000,run_3104668,t2w,0002,/Users/hwaigc/比赛+课题/ECNU_EYU_data/work_space/G1/results/missing_t2w_completion/run_3104668/BraTS-MET-00671-000/BraTS-MET-00671-000-t2w.nii.gz,work_space/G2/results/synthetic_normalized/BraTS-MET-00671-000/BraTS-MET-00671-000-t2w.nii.gz,nnunet_raw/Dataset261_BraTS2026_MET_RealSynth/imagesTs/BraTSMET_000462_0002.nii.gz,native_2026,keep_native_2026_suffix,accepted_for_evaluation,False,True,False,False
BraTS-MET-00671-000,BraTS-MET-00671-000,BraTSMET_000462,BraTS-MET-00671-000,run_3104668,t2f,0003,/Users/hwaigc/比赛+课题/ECNU_EYU_data/work_space/G1/results/missing_t2w_completion/run_3104668/BraTS-MET-00671-000/BraTS-MET-00671-000-t2f.nii.gz,work_space/G2/results/synthetic_normalized/BraTS-MET-00671-000/BraTS-MET-00671-000-t2f.nii.gz,nnunet_raw/Dataset261_BraTS2026_MET_RealSynth/imagesTs/BraTSMET_000462_0003.nii.gz,native_2026,keep_native_2026_suffix,accepted_for_evaluation,False,True,False,False
BraTS-MET-00671-000,BraTS-MET-00671-000,BraTSMET_000462,BraTS-MET-00671-000,run_3104668,seg,label,/Users/hwaigc/比赛+课题/ECNU_EYU_data/work_space/G1/results/missing_t2w_completion/run_3104668/BraTS-MET-00671-000/BraTS-MET-00671-000-seg.nii.gz,work_space/G2/results/synthetic_normalized/BraTS-MET-00671-000/BraTS-MET-00671-000-seg.nii.gz,nnunet_raw/Dataset261_BraTS2026_MET_RealSynth/labelsTs/BraTSMET_000462.nii.gz,native_2026,keep_native_2026_suffix,accepted_for_evaluation,False,True,False,False
BraTS-MET-00672-000,BraTS-MET-00672-000,BraTSMET_000463,BraTS-MET-00672-000,run_3104668,t1n,0000,/Users/hwaigc/比赛+课题/ECNU_EYU_data/work_space/G1/results/missing_t2w_completion/run_3104668/BraTS-MET-00672-000/BraTS-MET-00672-000-t1n.nii.gz,work_space/G2/results/synthetic_normalized/BraTS-MET-00672-000/BraTS-MET-00672-000-t1n.nii.gz,nnunet_raw/Dataset261_BraTS2026_MET_RealSynth/imagesTr/BraTSMET_000463_0000.nii.gz,native_2026,keep_native_2026_suffix,accepted_for_training,True,False,False,False
BraTS-MET-00672-000,BraTS-MET-00672-000,BraTSMET_000463,BraTS-MET-00672-000,run_3104668,t1c,0001,/Users/hwaigc/比赛+课题/ECNU_EYU_data/work_space/G1/results/missing_t2w_completion/run_3104668/BraTS-MET-00672-000/BraTS-MET-00672-000-t1c.nii.gz,work_space/G2/results/synthetic_normalized/BraTS-MET-00672-000/BraTS-MET-00672-000-t1c.nii.gz,nnunet_raw/Dataset261_BraTS2026_MET_RealSynth/imagesTr/BraTSMET_000463_0001.nii.gz,native_2026,keep_native_2026_suffix,accepted_for_training,True,False,False,False
BraTS-MET-00672-000,BraTS-MET-00672-000,BraTSMET_000463,BraTS-MET-00672-000,run_3104668,t2w,0002,/Users/hwaigc/比赛+课题/ECNU_EYU_data/work_space/G1/results/missing_t2w_completion/run_3104668/BraTS-MET-00672-000/BraTS-MET-00672-000-t2w.nii.gz,work_space/G2/results/synthetic_normalized/BraTS-MET-00672-000/BraTS-MET-00672-000-t2w.nii.gz,nnunet_raw/Dataset261_BraTS2026_MET_RealSynth/imagesTr/BraTSMET_000463_0002.nii.gz,native_2026,keep_native_2026_suffix,accepted_for_training,True,False,False,False
BraTS-MET-00672-000,BraTS-MET-00672-000,BraTSMET_000463,BraTS-MET-00672-000,run_3104668,t2f,0003,/Users/hwaigc/比赛+课题/ECNU_EYU_data/work_space/G1/results/missing_t2w_completion/run_3104668/BraTS-MET-00672-000/BraTS-MET-00672-000-t2f.nii.gz,work_space/G2/results/synthetic_normalized/BraTS-MET-00672-000/BraTS-MET-00672-000-t2f.nii.gz,nnunet_raw/Dataset261_BraTS2026_MET_RealSynth/imagesTr/BraTSMET_000463_0003.nii.gz,native_2026,keep_native_2026_suffix,accepted_for_training,True,False,False,False
BraTS-MET-00672-000,BraTS-MET-00672-000,BraTSMET_000463,BraTS-MET-00672-000,run_3104668,seg,label,/Users/hwaigc/比赛+课题/ECNU_EYU_data/work_space/G1/results/missing_t2w_completion/run_3104668/BraTS-MET-00672-000/BraTS-MET-00672-000-seg.nii.gz,work_space/G2/results/synthetic_normalized/BraTS-MET-00672-000/BraTS-MET-00672-000-seg.nii.gz,nnunet_raw/Dataset261_BraTS2026_MET_RealSynth/labelsTr/BraTSMET_000463.nii.gz,native_2026,keep_native_2026_suffix,accepted_for_training,True,False,False,False
BraTS-MET-00673-000,BraTS-MET-00673-000,BraTSMET_000464,BraTS-MET-00673-000,run_3104668,t1n,0000,/Users/hwaigc/比赛+课题/ECNU_EYU_data/work_space/G1/results/missing_t2w_completion/run_3104668/BraTS-MET-00673-000/BraTS-MET-00673-000-t1n.nii.gz,work_space/G2/results/synthetic_normalized/BraTS-MET-00673-000/BraTS-MET-00673-000-t1n.nii.gz,nnunet_raw/Dataset261_BraTS2026_MET_RealSynth/imagesTs/BraTSMET_000464_0000.nii.gz,native_2026,keep_native_2026_suffix,accepted_for_evaluation,False,True,False,False
BraTS-MET-00673-000,BraTS-MET-00673-000,BraTSMET_000464,BraTS-MET-00673-000,run_3104668,t1c,0001,/Users/hwaigc/比赛+课题/ECNU_EYU_data/work_space/G1/results/missing_t2w_completion/run_3104668/BraTS-MET-00673-000/BraTS-MET-00673-000-t1c.nii.gz,work_space/G2/results/synthetic_normalized/BraTS-MET-00673-000/BraTS-MET-00673-000-t1c.nii.gz,nnunet_raw/Dataset261_BraTS2026_MET_RealSynth/imagesTs/BraTSMET_000464_0001.nii.gz,native_2026,keep_native_2026_suffix,accepted_for_evaluation,False,True,False,False
BraTS-MET-00673-000,BraTS-MET-00673-000,BraTSMET_000464,BraTS-MET-00673-000,run_3104668,t2w,0002,/Users/hwaigc/比赛+课题/ECNU_EYU_data/work_space/G1/results/missing_t2w_completion/run_3104668/BraTS-MET-00673-000/BraTS-MET-00673-000-t2w.nii.gz,work_space/G2/results/synthetic_normalized/BraTS-MET-00673-000/BraTS-MET-00673-000-t2w.nii.gz,nnunet_raw/Dataset261_BraTS2026_MET_RealSynth/imagesTs/BraTSMET_000464_0002.nii.gz,native_2026,keep_native_2026_suffix,accepted_for_evaluation,False,True,False,False
BraTS-MET-00673-000,BraTS-MET-00673-000,BraTSMET_000464,BraTS-MET-00673-000,run_3104668,t2f,0003,/Users/hwaigc/比赛+课题/ECNU_EYU_data/work_space/G1/results/missing_t2w_completion/run_3104668/BraTS-MET-00673-000/BraTS-MET-00673-000-t2f.nii.gz,work_space/G2/results/synthetic_normalized/BraTS-MET-00673-000/BraTS-MET-00673-000-t2f.nii.gz,nnunet_raw/Dataset261_BraTS2026_MET_RealSynth/imagesTs/BraTSMET_000464_0003.nii.gz,native_2026,keep_native_2026_suffix,accepted_for_evaluation,False,True,False,False
BraTS-MET-00673-000,BraTS-MET-00673-000,BraTSMET_000464,BraTS-MET-00673-000,run_3104668,seg,label,/Users/hwaigc/比赛+课题/ECNU_EYU_data/work_space/G1/results/missing_t2w_completion/run_3104668/BraTS-MET-00673-000/BraTS-MET-00673-000-seg.nii.gz,work_space/G2/results/synthetic_normalized/BraTS-MET-00673-000/BraTS-MET-00673-000-seg.nii.gz,nnunet_raw/Dataset261_BraTS2026_MET_RealSynth/labelsTs/BraTSMET_000464.nii.gz,native_2026,keep_native_2026_suffix,accepted_for_evaluation,False,True,False,False
BraTS-MET-00674-000,BraTS-MET-00674-000,BraTSMET_000465,BraTS-MET-00674-000,run_3104668,t1n,0000,/Users/hwaigc/比赛+课题/ECNU_EYU_data/work_space/G1/results/missing_t2w_completion/run_3104668/BraTS-MET-00674-000/BraTS-MET-00674-000-t1n.nii.gz,work_space/G2/results/synthetic_normalized/BraTS-MET-00674-000/BraTS-MET-00674-000-t1n.nii.gz,nnunet_raw/Dataset261_BraTS2026_MET_RealSynth/imagesTs/BraTSMET_000465_0000.nii.gz,native_2026,keep_native_2026_suffix,accepted_for_evaluation,False,True,False,False
BraTS-MET-00674-000,BraTS-MET-00674-000,BraTSMET_000465,BraTS-MET-00674-000,run_3104668,t1c,0001,/Users/hwaigc/比赛+课题/ECNU_EYU_data/work_space/G1/results/missing_t2w_completion/run_3104668/BraTS-MET-00674-000/BraTS-MET-00674-000-t1c.nii.gz,work_space/G2/results/synthetic_normalized/BraTS-MET-00674-000/BraTS-MET-00674-000-t1c.nii.gz,nnunet_raw/Dataset261_BraTS2026_MET_RealSynth/imagesTs/BraTSMET_000465_0001.nii.gz,native_2026,keep_native_2026_suffix,accepted_for_evaluation,False,True,False,False
BraTS-MET-00674-000,BraTS-MET-00674-000,BraTSMET_000465,BraTS-MET-00674-000,run_3104668,t2w,0002,/Users/hwaigc/比赛+课题/ECNU_EYU_data/work_space/G1/results/missing_t2w_completion/run_3104668/BraTS-MET-00674-000/BraTS-MET-00674-000-t2w.nii.gz,work_space/G2/results/synthetic_normalized/BraTS-MET-00674-000/BraTS-MET-00674-000-t2w.nii.gz,nnunet_raw/Dataset261_BraTS2026_MET_RealSynth/imagesTs/BraTSMET_000465_0002.nii.gz,native_2026,keep_native_2026_suffix,accepted_for_evaluation,False,True,False,False
BraTS-MET-00674-000,BraTS-MET-00674-000,BraTSMET_000465,BraTS-MET-00674-000,run_3104668,t2f,0003,/Users/hwaigc/比赛+课题/ECNU_EYU_data/work_space/G1/results/missing_t2w_completion/run_3104668/BraTS-MET-00674-000/BraTS-MET-00674-000-t2f.nii.gz,work_space/G2/results/synthetic_normalized/BraTS-MET-00674-000/BraTS-MET-00674-000-t2f.nii.gz,nnunet_raw/Dataset261_BraTS2026_MET_RealSynth/imagesTs/BraTSMET_000465_0003.nii.gz,native_2026,keep_native_2026_suffix,accepted_for_evaluation,False,True,False,False
BraTS-MET-00674-000,BraTS-MET-00674-000,BraTSMET_000465,BraTS-MET-00674-000,run_3104668,seg,label,/Users/hwaigc/比赛+课题/ECNU_EYU_data/work_space/G1/results/missing_t2w_completion/run_3104668/BraTS-MET-00674-000/BraTS-MET-00674-000-seg.nii.gz,work_space/G2/results/synthetic_normalized/BraTS-MET-00674-000/BraTS-MET-00674-000-seg.nii.gz,nnunet_raw/Dataset261_BraTS2026_MET_RealSynth/labelsTs/BraTSMET_000465.nii.gz,native_2026,keep_native_2026_suffix,accepted_for_evaluation,False,True,False,False
BraTS-MET-00675-000,BraTS-MET-00675-000,BraTSMET_000466,BraTS-MET-00675-000,run_3104668,t1n,0000,/Users/hwaigc/比赛+课题/ECNU_EYU_data/work_space/G1/results/missing_t2w_completion/run_3104668/BraTS-MET-00675-000/BraTS-MET-00675-000-t1n.nii.gz,work_space/G2/results/synthetic_normalized/BraTS-MET-00675-000/BraTS-MET-00675-000-t1n.nii.gz,nnunet_raw/Dataset261_BraTS2026_MET_RealSynth/imagesTr/BraTSMET_000466_0000.nii.gz,native_2026,keep_native_2026_suffix,accepted_for_training,True,False,False,False
BraTS-MET-00675-000,BraTS-MET-00675-000,BraTSMET_000466,BraTS-MET-00675-000,run_3104668,t1c,0001,/Users/hwaigc/比赛+课题/ECNU_EYU_data/work_space/G1/results/missing_t2w_completion/run_3104668/BraTS-MET-00675-000/BraTS-MET-00675-000-t1c.nii.gz,work_space/G2/results/synthetic_normalized/BraTS-MET-00675-000/BraTS-MET-00675-000-t1c.nii.gz,nnunet_raw/Dataset261_BraTS2026_MET_RealSynth/imagesTr/BraTSMET_000466_0001.nii.gz,native_2026,keep_native_2026_suffix,accepted_for_training,True,False,False,False
BraTS-MET-00675-000,BraTS-MET-00675-000,BraTSMET_000466,BraTS-MET-00675-000,run_3104668,t2w,0002,/Users/hwaigc/比赛+课题/ECNU_EYU_data/work_space/G1/results/missing_t2w_completion/run_3104668/BraTS-MET-00675-000/BraTS-MET-00675-000-t2w.nii.gz,work_space/G2/results/synthetic_normalized/BraTS-MET-00675-000/BraTS-MET-00675-000-t2w.nii.gz,nnunet_raw/Dataset261_BraTS2026_MET_RealSynth/imagesTr/BraTSMET_000466_0002.nii.gz,native_2026,keep_native_2026_suffix,accepted_for_training,True,False,False,False
BraTS-MET-00675-000,BraTS-MET-00675-000,BraTSMET_000466,BraTS-MET-00675-000,run_3104668,t2f,0003,/Users/hwaigc/比赛+课题/ECNU_EYU_data/work_space/G1/results/missing_t2w_completion/run_3104668/BraTS-MET-00675-000/BraTS-MET-00675-000-t2f.nii.gz,work_space/G2/results/synthetic_normalized/BraTS-MET-00675-000/BraTS-MET-00675-000-t2f.nii.gz,nnunet_raw/Dataset261_BraTS2026_MET_RealSynth/imagesTr/BraTSMET_000466_0003.nii.gz,native_2026,keep_native_2026_suffix,accepted_for_training,True,False,False,False
BraTS-MET-00675-000,BraTS-MET-00675-000,BraTSMET_000466,BraTS-MET-00675-000,run_3104668,seg,label,/Users/hwaigc/比赛+课题/ECNU_EYU_data/work_space/G1/results/missing_t2w_completion/run_3104668/BraTS-MET-00675-000/BraTS-MET-00675-000-seg.nii.gz,work_space/G2/results/synthetic_normalized/BraTS-MET-00675-000/BraTS-MET-00675-000-seg.nii.gz,nnunet_raw/Dataset261_BraTS2026_MET_RealSynth/labelsTr/BraTSMET_000466.nii.gz,native_2026,keep_native_2026_suffix,accepted_for_training,True,False,False,False
BraTS-MET-00676-000,BraTS-MET-00676-000,BraTSMET_000467,BraTS-MET-00676-000,run_3104668,t1n,0000,/Users/hwaigc/比赛+课题/ECNU_EYU_data/work_space/G1/results/missing_t2w_completion/run_3104668/BraTS-MET-00676-000/BraTS-MET-00676-000-t1n.nii.gz,work_space/G2/results/synthetic_normalized/BraTS-MET-00676-000/BraTS-MET-00676-000-t1n.nii.gz,nnunet_raw/Dataset261_BraTS2026_MET_RealSynth/imagesTr/BraTSMET_000467_0000.nii.gz,native_2026,keep_native_2026_suffix,accepted_for_training,True,False,False,False
BraTS-MET-00676-000,BraTS-MET-00676-000,BraTSMET_000467,BraTS-MET-00676-000,run_3104668,t1c,0001,/Users/hwaigc/比赛+课题/ECNU_EYU_data/work_space/G1/results/missing_t2w_completion/run_3104668/BraTS-MET-00676-000/BraTS-MET-00676-000-t1c.nii.gz,work_space/G2/results/synthetic_normalized/BraTS-MET-00676-000/BraTS-MET-00676-000-t1c.nii.gz,nnunet_raw/Dataset261_BraTS2026_MET_RealSynth/imagesTr/BraTSMET_000467_0001.nii.gz,native_2026,keep_native_2026_suffix,accepted_for_training,True,False,False,False
BraTS-MET-00676-000,BraTS-MET-00676-000,BraTSMET_000467,BraTS-MET-00676-000,run_3104668,t2w,0002,/Users/hwaigc/比赛+课题/ECNU_EYU_data/work_space/G1/results/missing_t2w_completion/run_3104668/BraTS-MET-00676-000/BraTS-MET-00676-000-t2w.nii.gz,work_space/G2/results/synthetic_normalized/BraTS-MET-00676-000/BraTS-MET-00676-000-t2w.nii.gz,nnunet_raw/Dataset261_BraTS2026_MET_RealSynth/imagesTr/BraTSMET_000467_0002.nii.gz,native_2026,keep_native_2026_suffix,accepted_for_training,True,False,False,False
BraTS-MET-00676-000,BraTS-MET-00676-000,BraTSMET_000467,BraTS-MET-00676-000,run_3104668,t2f,0003,/Users/hwaigc/比赛+课题/ECNU_EYU_data/work_space/G1/results/missing_t2w_completion/run_3104668/BraTS-MET-00676-000/BraTS-MET-00676-000-t2f.nii.gz,work_space/G2/results/synthetic_normalized/BraTS-MET-00676-000/BraTS-MET-00676-000-t2f.nii.gz,nnunet_raw/Dataset261_BraTS2026_MET_RealSynth/imagesTr/BraTSMET_000467_0003.nii.gz,native_2026,keep_native_2026_suffix,accepted_for_training,True,False,False,False
BraTS-MET-00676-000,BraTS-MET-00676-000,BraTSMET_000467,BraTS-MET-00676-000,run_3104668,seg,label,/Users/hwaigc/比赛+课题/ECNU_EYU_data/work_space/G1/results/missing_t2w_completion/run_3104668/BraTS-MET-00676-000/BraTS-MET-00676-000-seg.nii.gz,work_space/G2/results/synthetic_normalized/BraTS-MET-00676-000/BraTS-MET-00676-000-seg.nii.gz,nnunet_raw/Dataset261_BraTS2026_MET_RealSynth/labelsTr/BraTSMET_000467.nii.gz,native_2026,keep_native_2026_suffix,accepted_for_training,True,False,False,False
BraTS-MET-00677-000,BraTS-MET-00677-000,BraTSMET_000468,BraTS-MET-00677-000,run_3104668,t1n,0000,/Users/hwaigc/比赛+课题/ECNU_EYU_data/work_space/G1/results/missing_t2w_completion/run_3104668/BraTS-MET-00677-000/BraTS-MET-00677-000-t1n.nii.gz,work_space/G2/results/synthetic_normalized/BraTS-MET-00677-000/BraTS-MET-00677-000-t1n.nii.gz,nnunet_raw/Dataset261_BraTS2026_MET_RealSynth/imagesTr/BraTSMET_000468_0000.nii.gz,native_2026,keep_native_2026_suffix,accepted_for_training,True,False,False,False
BraTS-MET-00677-000,BraTS-MET-00677-000,BraTSMET_000468,BraTS-MET-00677-000,run_3104668,t1c,0001,/Users/hwaigc/比赛+课题/ECNU_EYU_data/work_space/G1/results/missing_t2w_completion/run_3104668/BraTS-MET-00677-000/BraTS-MET-00677-000-t1c.nii.gz,work_space/G2/results/synthetic_normalized/BraTS-MET-00677-000/BraTS-MET-00677-000-t1c.nii.gz,nnunet_raw/Dataset261_BraTS2026_MET_RealSynth/imagesTr/BraTSMET_000468_0001.nii.gz,native_2026,keep_native_2026_suffix,accepted_for_training,True,False,False,False
BraTS-MET-00677-000,BraTS-MET-00677-000,BraTSMET_000468,BraTS-MET-00677-000,run_3104668,t2w,0002,/Users/hwaigc/比赛+课题/ECNU_EYU_data/work_space/G1/results/missing_t2w_completion/run_3104668/BraTS-MET-00677-000/BraTS-MET-00677-000-t2w.nii.gz,work_space/G2/results/synthetic_normalized/BraTS-MET-00677-000/BraTS-MET-00677-000-t2w.nii.gz,nnunet_raw/Dataset261_BraTS2026_MET_RealSynth/imagesTr/BraTSMET_000468_0002.nii.gz,native_2026,keep_native_2026_suffix,accepted_for_training,True,False,False,False
BraTS-MET-00677-000,BraTS-MET-00677-000,BraTSMET_000468,BraTS-MET-00677-000,run_3104668,t2f,0003,/Users/hwaigc/比赛+课题/ECNU_EYU_data/work_space/G1/results/missing_t2w_completion/run_3104668/BraTS-MET-00677-000/BraTS-MET-00677-000-t2f.nii.gz,work_space/G2/results/synthetic_normalized/BraTS-MET-00677-000/BraTS-MET-00677-000-t2f.nii.gz,nnunet_raw/Dataset261_BraTS2026_MET_RealSynth/imagesTr/BraTSMET_000468_0003.nii.gz,native_2026,keep_native_2026_suffix,accepted_for_training,True,False,False,False
BraTS-MET-00677-000,BraTS-MET-00677-000,BraTSMET_000468,BraTS-MET-00677-000,run_3104668,seg,label,/Users/hwaigc/比赛+课题/ECNU_EYU_data/work_space/G1/results/missing_t2w_completion/run_3104668/BraTS-MET-00677-000/BraTS-MET-00677-000-seg.nii.gz,work_space/G2/results/synthetic_normalized/BraTS-MET-00677-000/BraTS-MET-00677-000-seg.nii.gz,nnunet_raw/Dataset261_BraTS2026_MET_RealSynth/labelsTr/BraTSMET_000468.nii.gz,native_2026,keep_native_2026_suffix,accepted_for_training,True,False,False,False
BraTS-MET-00678-000,BraTS-MET-00678-000,BraTSMET_000469,BraTS-MET-00678-000,run_3104668,t1n,0000,/Users/hwaigc/比赛+课题/ECNU_EYU_data/work_space/G1/results/missing_t2w_completion/run_3104668/BraTS-MET-00678-000/BraTS-MET-00678-000-t1n.nii.gz,work_space/G2/results/synthetic_normalized/BraTS-MET-00678-000/BraTS-MET-00678-000-t1n.nii.gz,nnunet_raw/Dataset261_BraTS2026_MET_RealSynth/imagesTr/BraTSMET_000469_0000.nii.gz,native_2026,keep_native_2026_suffix,accepted_for_training,True,False,False,False
BraTS-MET-00678-000,BraTS-MET-00678-000,BraTSMET_000469,BraTS-MET-00678-000,run_3104668,t1c,0001,/Users/hwaigc/比赛+课题/ECNU_EYU_data/work_space/G1/results/missing_t2w_completion/run_3104668/BraTS-MET-00678-000/BraTS-MET-00678-000-t1c.nii.gz,work_space/G2/results/synthetic_normalized/BraTS-MET-00678-000/BraTS-MET-00678-000-t1c.nii.gz,nnunet_raw/Dataset261_BraTS2026_MET_RealSynth/imagesTr/BraTSMET_000469_0001.nii.gz,native_2026,keep_native_2026_suffix,accepted_for_training,True,False,False,False
BraTS-MET-00678-000,BraTS-MET-00678-000,BraTSMET_000469,BraTS-MET-00678-000,run_3104668,t2w,0002,/Users/hwaigc/比赛+课题/ECNU_EYU_data/work_space/G1/results/missing_t2w_completion/run_3104668/BraTS-MET-00678-000/BraTS-MET-00678-000-t2w.nii.gz,work_space/G2/results/synthetic_normalized/BraTS-MET-00678-000/BraTS-MET-00678-000-t2w.nii.gz,nnunet_raw/Dataset261_BraTS2026_MET_RealSynth/imagesTr/BraTSMET_000469_0002.nii.gz,native_2026,keep_native_2026_suffix,accepted_for_training,True,False,False,False
BraTS-MET-00678-000,BraTS-MET-00678-000,BraTSMET_000469,BraTS-MET-00678-000,run_3104668,t2f,0003,/Users/hwaigc/比赛+课题/ECNU_EYU_data/work_space/G1/results/missing_t2w_completion/run_3104668/BraTS-MET-00678-000/BraTS-MET-00678-000-t2f.nii.gz,work_space/G2/results/synthetic_normalized/BraTS-MET-00678-000/BraTS-MET-00678-000-t2f.nii.gz,nnunet_raw/Dataset261_BraTS2026_MET_RealSynth/imagesTr/BraTSMET_000469_0003.nii.gz,native_2026,keep_native_2026_suffix,accepted_for_training,True,False,False,False
BraTS-MET-00678-000,BraTS-MET-00678-000,BraTSMET_000469,BraTS-MET-00678-000,run_3104668,seg,label,/Users/hwaigc/比赛+课题/ECNU_EYU_data/work_space/G1/results/missing_t2w_completion/run_3104668/BraTS-MET-00678-000/BraTS-MET-00678-000-seg.nii.gz,work_space/G2/results/synthetic_normalized/BraTS-MET-00678-000/BraTS-MET-00678-000-seg.nii.gz,nnunet_raw/Dataset261_BraTS2026_MET_RealSynth/labelsTr/BraTSMET_000469.nii.gz,native_2026,keep_native_2026_suffix,accepted_for_training,True,False,False,False
BraTS-MET-00679-000,BraTS-MET-00679-000,BraTSMET_000470,BraTS-MET-00679-000,run_3104668,t1n,0000,/Users/hwaigc/比赛+课题/ECNU_EYU_data/work_space/G1/results/missing_t2w_completion/run_3104668/BraTS-MET-00679-000/BraTS-MET-00679-000-t1n.nii.gz,work_space/G2/results/synthetic_normalized/BraTS-MET-00679-000/BraTS-MET-00679-000-t1n.nii.gz,nnunet_raw/Dataset261_BraTS2026_MET_RealSynth/imagesTr/BraTSMET_000470_0000.nii.gz,native_2026,keep_native_2026_suffix,accepted_for_evaluation,False,True,False,False
BraTS-MET-00679-000,BraTS-MET-00679-000,BraTSMET_000470,BraTS-MET-00679-000,run_3104668,t1c,0001,/Users/hwaigc/比赛+课题/ECNU_EYU_data/work_space/G1/results/missing_t2w_completion/run_3104668/BraTS-MET-00679-000/BraTS-MET-00679-000-t1c.nii.gz,work_space/G2/results/synthetic_normalized/BraTS-MET-00679-000/BraTS-MET-00679-000-t1c.nii.gz,nnunet_raw/Dataset261_BraTS2026_MET_RealSynth/imagesTr/BraTSMET_000470_0001.nii.gz,native_2026,keep_native_2026_suffix,accepted_for_evaluation,False,True,False,False
BraTS-MET-00679-000,BraTS-MET-00679-000,BraTSMET_000470,BraTS-MET-00679-000,run_3104668,t2w,0002,/Users/hwaigc/比赛+课题/ECNU_EYU_data/work_space/G1/results/missing_t2w_completion/run_3104668/BraTS-MET-00679-000/BraTS-MET-00679-000-t2w.nii.gz,work_space/G2/results/synthetic_normalized/BraTS-MET-00679-000/BraTS-MET-00679-000-t2w.nii.gz,nnunet_raw/Dataset261_BraTS2026_MET_RealSynth/imagesTr/BraTSMET_000470_0002.nii.gz,native_2026,keep_native_2026_suffix,accepted_for_evaluation,False,True,False,False
BraTS-MET-00679-000,BraTS-MET-00679-000,BraTSMET_000470,BraTS-MET-00679-000,run_3104668,t2f,0003,/Users/hwaigc/比赛+课题/ECNU_EYU_data/work_space/G1/results/missing_t2w_completion/run_3104668/BraTS-MET-00679-000/BraTS-MET-00679-000-t2f.nii.gz,work_space/G2/results/synthetic_normalized/BraTS-MET-00679-000/BraTS-MET-00679-000-t2f.nii.gz,nnunet_raw/Dataset261_BraTS2026_MET_RealSynth/imagesTr/BraTSMET_000470_0003.nii.gz,native_2026,keep_native_2026_suffix,accepted_for_evaluation,False,True,False,False
BraTS-MET-00679-000,BraTS-MET-00679-000,BraTSMET_000470,BraTS-MET-00679-000,run_3104668,seg,label,/Users/hwaigc/比赛+课题/ECNU_EYU_data/work_space/G1/results/missing_t2w_completion/run_3104668/BraTS-MET-00679-000/BraTS-MET-00679-000-seg.nii.gz,work_space/G2/results/synthetic_normalized/BraTS-MET-00679-000/BraTS-MET-00679-000-seg.nii.gz,nnunet_raw/Dataset261_BraTS2026_MET_RealSynth/labelsTr/BraTSMET_000470.nii.gz,native_2026,keep_native_2026_suffix,accepted_for_evaluation,False,True,False,False
BraTS-MET-00680-000,BraTS-MET-00680-000,BraTSMET_000471,BraTS-MET-00680-000,run_3104668,t1n,0000,/Users/hwaigc/比赛+课题/ECNU_EYU_data/work_space/G1/results/missing_t2w_completion/run_3104668/BraTS-MET-00680-000/BraTS-MET-00680-000-t1n.nii.gz,work_space/G2/results/synthetic_normalized/BraTS-MET-00680-000/BraTS-MET-00680-000-t1n.nii.gz,nnunet_raw/Dataset261_BraTS2026_MET_RealSynth/imagesTr/BraTSMET_000471_0000.nii.gz,native_2026,keep_native_2026_suffix,accepted_for_training,True,False,False,False
BraTS-MET-00680-000,BraTS-MET-00680-000,BraTSMET_000471,BraTS-MET-00680-000,run_3104668,t1c,0001,/Users/hwaigc/比赛+课题/ECNU_EYU_data/work_space/G1/results/missing_t2w_completion/run_3104668/BraTS-MET-00680-000/BraTS-MET-00680-000-t1c.nii.gz,work_space/G2/results/synthetic_normalized/BraTS-MET-00680-000/BraTS-MET-00680-000-t1c.nii.gz,nnunet_raw/Dataset261_BraTS2026_MET_RealSynth/imagesTr/BraTSMET_000471_0001.nii.gz,native_2026,keep_native_2026_suffix,accepted_for_training,True,False,False,False
BraTS-MET-00680-000,BraTS-MET-00680-000,BraTSMET_000471,BraTS-MET-00680-000,run_3104668,t2w,0002,/Users/hwaigc/比赛+课题/ECNU_EYU_data/work_space/G1/results/missing_t2w_completion/run_3104668/BraTS-MET-00680-000/BraTS-MET-00680-000-t2w.nii.gz,work_space/G2/results/synthetic_normalized/BraTS-MET-00680-000/BraTS-MET-00680-000-t2w.nii.gz,nnunet_raw/Dataset261_BraTS2026_MET_RealSynth/imagesTr/BraTSMET_000471_0002.nii.gz,native_2026,keep_native_2026_suffix,accepted_for_training,True,False,False,False
BraTS-MET-00680-000,BraTS-MET-00680-000,BraTSMET_000471,BraTS-MET-00680-000,run_3104668,t2f,0003,/Users/hwaigc/比赛+课题/ECNU_EYU_data/work_space/G1/results/missing_t2w_completion/run_3104668/BraTS-MET-00680-000/BraTS-MET-00680-000-t2f.nii.gz,work_space/G2/results/synthetic_normalized/BraTS-MET-00680-000/BraTS-MET-00680-000-t2f.nii.gz,nnunet_raw/Dataset261_BraTS2026_MET_RealSynth/imagesTr/BraTSMET_000471_0003.nii.gz,native_2026,keep_native_2026_suffix,accepted_for_training,True,False,False,False
BraTS-MET-00680-000,BraTS-MET-00680-000,BraTSMET_000471,BraTS-MET-00680-000,run_3104668,seg,label,/Users/hwaigc/比赛+课题/ECNU_EYU_data/work_space/G1/results/missing_t2w_completion/run_3104668/BraTS-MET-00680-000/BraTS-MET-00680-000-seg.nii.gz,work_space/G2/results/synthetic_normalized/BraTS-MET-00680-000/BraTS-MET-00680-000-seg.nii.gz,nnunet_raw/Dataset261_BraTS2026_MET_RealSynth/labelsTr/BraTSMET_000471.nii.gz,native_2026,keep_native_2026_suffix,accepted_for_training,True,False,False,False
BraTS-MET-00681-000,BraTS-MET-00681-000,BraTSMET_000472,BraTS-MET-00681-000,run_3104668,t1n,0000,/Users/hwaigc/比赛+课题/ECNU_EYU_data/work_space/G1/results/missing_t2w_completion/run_3104668/BraTS-MET-00681-000/BraTS-MET-00681-000-t1n.nii.gz,work_space/G2/results/synthetic_normalized/BraTS-MET-00681-000/BraTS-MET-00681-000-t1n.nii.gz,nnunet_raw/Dataset261_BraTS2026_MET_RealSynth/imagesTr/BraTSMET_000472_0000.nii.gz,native_2026,keep_native_2026_suffix,accepted_for_training,True,False,False,False
BraTS-MET-00681-000,BraTS-MET-00681-000,BraTSMET_000472,BraTS-MET-00681-000,run_3104668,t1c,0001,/Users/hwaigc/比赛+课题/ECNU_EYU_data/work_space/G1/results/missing_t2w_completion/run_3104668/BraTS-MET-00681-000/BraTS-MET-00681-000-t1c.nii.gz,work_space/G2/results/synthetic_normalized/BraTS-MET-00681-000/BraTS-MET-00681-000-t1c.nii.gz,nnunet_raw/Dataset261_BraTS2026_MET_RealSynth/imagesTr/BraTSMET_000472_0001.nii.gz,native_2026,keep_native_2026_suffix,accepted_for_training,True,False,False,False
BraTS-MET-00681-000,BraTS-MET-00681-000,BraTSMET_000472,BraTS-MET-00681-000,run_3104668,t2w,0002,/Users/hwaigc/比赛+课题/ECNU_EYU_data/work_space/G1/results/missing_t2w_completion/run_3104668/BraTS-MET-00681-000/BraTS-MET-00681-000-t2w.nii.gz,work_space/G2/results/synthetic_normalized/BraTS-MET-00681-000/BraTS-MET-00681-000-t2w.nii.gz,nnunet_raw/Dataset261_BraTS2026_MET_RealSynth/imagesTr/BraTSMET_000472_0002.nii.gz,native_2026,keep_native_2026_suffix,accepted_for_training,True,False,False,False
BraTS-MET-00681-000,BraTS-MET-00681-000,BraTSMET_000472,BraTS-MET-00681-000,run_3104668,t2f,0003,/Users/hwaigc/比赛+课题/ECNU_EYU_data/work_space/G1/results/missing_t2w_completion/run_3104668/BraTS-MET-00681-000/BraTS-MET-00681-000-t2f.nii.gz,work_space/G2/results/synthetic_normalized/BraTS-MET-00681-000/BraTS-MET-00681-000-t2f.nii.gz,nnunet_raw/Dataset261_BraTS2026_MET_RealSynth/imagesTr/BraTSMET_000472_0003.nii.gz,native_2026,keep_native_2026_suffix,accepted_for_training,True,False,False,False
BraTS-MET-00681-000,BraTS-MET-00681-000,BraTSMET_000472,BraTS-MET-00681-000,run_3104668,seg,label,/Users/hwaigc/比赛+课题/ECNU_EYU_data/work_space/G1/results/missing_t2w_completion/run_3104668/BraTS-MET-00681-000/BraTS-MET-00681-000-seg.nii.gz,work_space/G2/results/synthetic_normalized/BraTS-MET-00681-000/BraTS-MET-00681-000-seg.nii.gz,nnunet_raw/Dataset261_BraTS2026_MET_RealSynth/labelsTr/BraTSMET_000472.nii.gz,native_2026,keep_native_2026_suffix,accepted_for_training,True,False,False,False
BraTS-MET-00682-001,BraTS-MET-00682-001,BraTSMET_000474,BraTS-MET-00682-001,run_3104668,t1n,0000,/Users/hwaigc/比赛+课题/ECNU_EYU_data/work_space/G1/results/missing_t2w_completion/run_3104668/BraTS-MET-00682-001/BraTS-MET-00682-001-t1n.nii.gz,work_space/G2/results/synthetic_normalized/BraTS-MET-00682-001/BraTS-MET-00682-001-t1n.nii.gz,nnunet_raw/Dataset261_BraTS2026_MET_RealSynth/imagesTr/BraTSMET_000474_0000.nii.gz,native_2026,keep_native_2026_suffix,accepted_for_evaluation,False,True,False,False
BraTS-MET-00682-001,BraTS-MET-00682-001,BraTSMET_000474,BraTS-MET-00682-001,run_3104668,t1c,0001,/Users/hwaigc/比赛+课题/ECNU_EYU_data/work_space/G1/results/missing_t2w_completion/run_3104668/BraTS-MET-00682-001/BraTS-MET-00682-001-t1c.nii.gz,work_space/G2/results/synthetic_normalized/BraTS-MET-00682-001/BraTS-MET-00682-001-t1c.nii.gz,nnunet_raw/Dataset261_BraTS2026_MET_RealSynth/imagesTr/BraTSMET_000474_0001.nii.gz,native_2026,keep_native_2026_suffix,accepted_for_evaluation,False,True,False,False
BraTS-MET-00682-001,BraTS-MET-00682-001,BraTSMET_000474,BraTS-MET-00682-001,run_3104668,t2w,0002,/Users/hwaigc/比赛+课题/ECNU_EYU_data/work_space/G1/results/missing_t2w_completion/run_3104668/BraTS-MET-00682-001/BraTS-MET-00682-001-t2w.nii.gz,work_space/G2/results/synthetic_normalized/BraTS-MET-00682-001/BraTS-MET-00682-001-t2w.nii.gz,nnunet_raw/Dataset261_BraTS2026_MET_RealSynth/imagesTr/BraTSMET_000474_0002.nii.gz,native_2026,keep_native_2026_suffix,accepted_for_evaluation,False,True,False,False
BraTS-MET-00682-001,BraTS-MET-00682-001,BraTSMET_000474,BraTS-MET-00682-001,run_3104668,t2f,0003,/Users/hwaigc/比赛+课题/ECNU_EYU_data/work_space/G1/results/missing_t2w_completion/run_3104668/BraTS-MET-00682-001/BraTS-MET-00682-001-t2f.nii.gz,work_space/G2/results/synthetic_normalized/BraTS-MET-00682-001/BraTS-MET-00682-001-t2f.nii.gz,nnunet_raw/Dataset261_BraTS2026_MET_RealSynth/imagesTr/BraTSMET_000474_0003.nii.gz,native_2026,keep_native_2026_suffix,accepted_for_evaluation,False,True,False,False
BraTS-MET-00682-001,BraTS-MET-00682-001,BraTSMET_000474,BraTS-MET-00682-001,run_3104668,seg,label,/Users/hwaigc/比赛+课题/ECNU_EYU_data/work_space/G1/results/missing_t2w_completion/run_3104668/BraTS-MET-00682-001/BraTS-MET-00682-001-seg.nii.gz,work_space/G2/results/synthetic_normalized/BraTS-MET-00682-001/BraTS-MET-00682-001-seg.nii.gz,nnunet_raw/Dataset261_BraTS2026_MET_RealSynth/labelsTr/BraTSMET_000474.nii.gz,native_2026,keep_native_2026_suffix,accepted_for_evaluation,False,True,False,False
BraTS-MET-00683-000,BraTS-MET-00683-000,BraTSMET_000475,BraTS-MET-00683-000,run_3104668,t1n,0000,/Users/hwaigc/比赛+课题/ECNU_EYU_data/work_space/G1/results/missing_t2w_completion/run_3104668/BraTS-MET-00683-000/BraTS-MET-00683-000-t1n.nii.gz,work_space/G2/results/synthetic_normalized/BraTS-MET-00683-000/BraTS-MET-00683-000-t1n.nii.gz,nnunet_raw/Dataset261_BraTS2026_MET_RealSynth/imagesTs/BraTSMET_000475_0000.nii.gz,native_2026,keep_native_2026_suffix,accepted_for_evaluation,False,True,False,False
BraTS-MET-00683-000,BraTS-MET-00683-000,BraTSMET_000475,BraTS-MET-00683-000,run_3104668,t1c,0001,/Users/hwaigc/比赛+课题/ECNU_EYU_data/work_space/G1/results/missing_t2w_completion/run_3104668/BraTS-MET-00683-000/BraTS-MET-00683-000-t1c.nii.gz,work_space/G2/results/synthetic_normalized/BraTS-MET-00683-000/BraTS-MET-00683-000-t1c.nii.gz,nnunet_raw/Dataset261_BraTS2026_MET_RealSynth/imagesTs/BraTSMET_000475_0001.nii.gz,native_2026,keep_native_2026_suffix,accepted_for_evaluation,False,True,False,False
BraTS-MET-00683-000,BraTS-MET-00683-000,BraTSMET_000475,BraTS-MET-00683-000,run_3104668,t2w,0002,/Users/hwaigc/比赛+课题/ECNU_EYU_data/work_space/G1/results/missing_t2w_completion/run_3104668/BraTS-MET-00683-000/BraTS-MET-00683-000-t2w.nii.gz,work_space/G2/results/synthetic_normalized/BraTS-MET-00683-000/BraTS-MET-00683-000-t2w.nii.gz,nnunet_raw/Dataset261_BraTS2026_MET_RealSynth/imagesTs/BraTSMET_000475_0002.nii.gz,native_2026,keep_native_2026_suffix,accepted_for_evaluation,False,True,False,False
BraTS-MET-00683-000,BraTS-MET-00683-000,BraTSMET_000475,BraTS-MET-00683-000,run_3104668,t2f,0003,/Users/hwaigc/比赛+课题/ECNU_EYU_data/work_space/G1/results/missing_t2w_completion/run_3104668/BraTS-MET-00683-000/BraTS-MET-00683-000-t2f.nii.gz,work_space/G2/results/synthetic_normalized/BraTS-MET-00683-000/BraTS-MET-00683-000-t2f.nii.gz,nnunet_raw/Dataset261_BraTS2026_MET_RealSynth/imagesTs/BraTSMET_000475_0003.nii.gz,native_2026,keep_native_2026_suffix,accepted_for_evaluation,False,True,False,False
BraTS-MET-00683-000,BraTS-MET-00683-000,BraTSMET_000475,BraTS-MET-00683-000,run_3104668,seg,label,/Users/hwaigc/比赛+课题/ECNU_EYU_data/work_space/G1/results/missing_t2w_completion/run_3104668/BraTS-MET-00683-000/BraTS-MET-00683-000-seg.nii.gz,work_space/G2/results/synthetic_normalized/BraTS-MET-00683-000/BraTS-MET-00683-000-seg.nii.gz,nnunet_raw/Dataset261_BraTS2026_MET_RealSynth/labelsTs/BraTSMET_000475.nii.gz,native_2026,keep_native_2026_suffix,accepted_for_evaluation,False,True,False,False
BraTS-MET-00684-000,BraTS-MET-00684-000,BraTSMET_000476,BraTS-MET-00684-000,run_3104668,t1n,0000,/Users/hwaigc/比赛+课题/ECNU_EYU_data/work_space/G1/results/missing_t2w_completion/run_3104668/BraTS-MET-00684-000/BraTS-MET-00684-000-t1n.nii.gz,work_space/G2/results/synthetic_normalized/BraTS-MET-00684-000/BraTS-MET-00684-000-t1n.nii.gz,nnunet_raw/Dataset261_BraTS2026_MET_RealSynth/imagesTr/BraTSMET_000476_0000.nii.gz,native_2026,keep_native_2026_suffix,accepted_for_training,True,False,False,False
BraTS-MET-00684-000,BraTS-MET-00684-000,BraTSMET_000476,BraTS-MET-00684-000,run_3104668,t1c,0001,/Users/hwaigc/比赛+课题/ECNU_EYU_data/work_space/G1/results/missing_t2w_completion/run_3104668/BraTS-MET-00684-000/BraTS-MET-00684-000-t1c.nii.gz,work_space/G2/results/synthetic_normalized/BraTS-MET-00684-000/BraTS-MET-00684-000-t1c.nii.gz,nnunet_raw/Dataset261_BraTS2026_MET_RealSynth/imagesTr/BraTSMET_000476_0001.nii.gz,native_2026,keep_native_2026_suffix,accepted_for_training,True,False,False,False
BraTS-MET-00684-000,BraTS-MET-00684-000,BraTSMET_000476,BraTS-MET-00684-000,run_3104668,t2w,0002,/Users/hwaigc/比赛+课题/ECNU_EYU_data/work_space/G1/results/missing_t2w_completion/run_3104668/BraTS-MET-00684-000/BraTS-MET-00684-000-t2w.nii.gz,work_space/G2/results/synthetic_normalized/BraTS-MET-00684-000/BraTS-MET-00684-000-t2w.nii.gz,nnunet_raw/Dataset261_BraTS2026_MET_RealSynth/imagesTr/BraTSMET_000476_0002.nii.gz,native_2026,keep_native_2026_suffix,accepted_for_training,True,False,False,False
BraTS-MET-00684-000,BraTS-MET-00684-000,BraTSMET_000476,BraTS-MET-00684-000,run_3104668,t2f,0003,/Users/hwaigc/比赛+课题/ECNU_EYU_data/work_space/G1/results/missing_t2w_completion/run_3104668/BraTS-MET-00684-000/BraTS-MET-00684-000-t2f.nii.gz,work_space/G2/results/synthetic_normalized/BraTS-MET-00684-000/BraTS-MET-00684-000-t2f.nii.gz,nnunet_raw/Dataset261_BraTS2026_MET_RealSynth/imagesTr/BraTSMET_000476_0003.nii.gz,native_2026,keep_native_2026_suffix,accepted_for_training,True,False,False,False
BraTS-MET-00684-000,BraTS-MET-00684-000,BraTSMET_000476,BraTS-MET-00684-000,run_3104668,seg,label,/Users/hwaigc/比赛+课题/ECNU_EYU_data/work_space/G1/results/missing_t2w_completion/run_3104668/BraTS-MET-00684-000/BraTS-MET-00684-000-seg.nii.gz,work_space/G2/results/synthetic_normalized/BraTS-MET-00684-000/BraTS-MET-00684-000-seg.nii.gz,nnunet_raw/Dataset261_BraTS2026_MET_RealSynth/labelsTr/BraTSMET_000476.nii.gz,native_2026,keep_native_2026_suffix,accepted_for_training,True,False,False,False
BraTS-MET-00684-001,BraTS-MET-00684-001,BraTSMET_000477,BraTS-MET-00684-001,run_3104668,t1n,0000,/Users/hwaigc/比赛+课题/ECNU_EYU_data/work_space/G1/results/missing_t2w_completion/run_3104668/BraTS-MET-00684-001/BraTS-MET-00684-001-t1n.nii.gz,work_space/G2/results/synthetic_normalized/BraTS-MET-00684-001/BraTS-MET-00684-001-t1n.nii.gz,nnunet_raw/Dataset261_BraTS2026_MET_RealSynth/imagesTr/BraTSMET_000477_0000.nii.gz,native_2026,keep_native_2026_suffix,accepted_for_training,True,False,False,False
BraTS-MET-00684-001,BraTS-MET-00684-001,BraTSMET_000477,BraTS-MET-00684-001,run_3104668,t1c,0001,/Users/hwaigc/比赛+课题/ECNU_EYU_data/work_space/G1/results/missing_t2w_completion/run_3104668/BraTS-MET-00684-001/BraTS-MET-00684-001-t1c.nii.gz,work_space/G2/results/synthetic_normalized/BraTS-MET-00684-001/BraTS-MET-00684-001-t1c.nii.gz,nnunet_raw/Dataset261_BraTS2026_MET_RealSynth/imagesTr/BraTSMET_000477_0001.nii.gz,native_2026,keep_native_2026_suffix,accepted_for_training,True,False,False,False
BraTS-MET-00684-001,BraTS-MET-00684-001,BraTSMET_000477,BraTS-MET-00684-001,run_3104668,t2w,0002,/Users/hwaigc/比赛+课题/ECNU_EYU_data/work_space/G1/results/missing_t2w_completion/run_3104668/BraTS-MET-00684-001/BraTS-MET-00684-001-t2w.nii.gz,work_space/G2/results/synthetic_normalized/BraTS-MET-00684-001/BraTS-MET-00684-001-t2w.nii.gz,nnunet_raw/Dataset261_BraTS2026_MET_RealSynth/imagesTr/BraTSMET_000477_0002.nii.gz,native_2026,keep_native_2026_suffix,accepted_for_training,True,False,False,False
BraTS-MET-00684-001,BraTS-MET-00684-001,BraTSMET_000477,BraTS-MET-00684-001,run_3104668,t2f,0003,/Users/hwaigc/比赛+课题/ECNU_EYU_data/work_space/G1/results/missing_t2w_completion/run_3104668/BraTS-MET-00684-001/BraTS-MET-00684-001-t2f.nii.gz,work_space/G2/results/synthetic_normalized/BraTS-MET-00684-001/BraTS-MET-00684-001-t2f.nii.gz,nnunet_raw/Dataset261_BraTS2026_MET_RealSynth/imagesTr/BraTSMET_000477_0003.nii.gz,native_2026,keep_native_2026_suffix,accepted_for_training,True,False,False,False
BraTS-MET-00684-001,BraTS-MET-00684-001,BraTSMET_000477,BraTS-MET-00684-001,run_3104668,seg,label,/Users/hwaigc/比赛+课题/ECNU_EYU_data/work_space/G1/results/missing_t2w_completion/run_3104668/BraTS-MET-00684-001/BraTS-MET-00684-001-seg.nii.gz,work_space/G2/results/synthetic_normalized/BraTS-MET-00684-001/BraTS-MET-00684-001-seg.nii.gz,nnunet_raw/Dataset261_BraTS2026_MET_RealSynth/labelsTr/BraTSMET_000477.nii.gz,native_2026,keep_native_2026_suffix,accepted_for_training,True,False,False,False
BraTS-MET-00686-000,BraTS-MET-00686-000,BraTSMET_000479,BraTS-MET-00686-000,run_3104668,t1n,0000,/Users/hwaigc/比赛+课题/ECNU_EYU_data/work_space/G1/results/missing_t2w_completion/run_3104668/BraTS-MET-00686-000/BraTS-MET-00686-000-t1n.nii.gz,work_space/G2/results/synthetic_normalized/BraTS-MET-00686-000/BraTS-MET-00686-000-t1n.nii.gz,nnunet_raw/Dataset261_BraTS2026_MET_RealSynth/imagesTr/BraTSMET_000479_0000.nii.gz,native_2026,keep_native_2026_suffix,accepted_for_training,True,False,False,False
BraTS-MET-00686-000,BraTS-MET-00686-000,BraTSMET_000479,BraTS-MET-00686-000,run_3104668,t1c,0001,/Users/hwaigc/比赛+课题/ECNU_EYU_data/work_space/G1/results/missing_t2w_completion/run_3104668/BraTS-MET-00686-000/BraTS-MET-00686-000-t1c.nii.gz,work_space/G2/results/synthetic_normalized/BraTS-MET-00686-000/BraTS-MET-00686-000-t1c.nii.gz,nnunet_raw/Dataset261_BraTS2026_MET_RealSynth/imagesTr/BraTSMET_000479_0001.nii.gz,native_2026,keep_native_2026_suffix,accepted_for_training,True,False,False,False
BraTS-MET-00686-000,BraTS-MET-00686-000,BraTSMET_000479,BraTS-MET-00686-000,run_3104668,t2w,0002,/Users/hwaigc/比赛+课题/ECNU_EYU_data/work_space/G1/results/missing_t2w_completion/run_3104668/BraTS-MET-00686-000/BraTS-MET-00686-000-t2w.nii.gz,work_space/G2/results/synthetic_normalized/BraTS-MET-00686-000/BraTS-MET-00686-000-t2w.nii.gz,nnunet_raw/Dataset261_BraTS2026_MET_RealSynth/imagesTr/BraTSMET_000479_0002.nii.gz,native_2026,keep_native_2026_suffix,accepted_for_training,True,False,False,False
BraTS-MET-00686-000,BraTS-MET-00686-000,BraTSMET_000479,BraTS-MET-00686-000,run_3104668,t2f,0003,/Users/hwaigc/比赛+课题/ECNU_EYU_data/work_space/G1/results/missing_t2w_completion/run_3104668/BraTS-MET-00686-000/BraTS-MET-00686-000-t2f.nii.gz,work_space/G2/results/synthetic_normalized/BraTS-MET-00686-000/BraTS-MET-00686-000-t2f.nii.gz,nnunet_raw/Dataset261_BraTS2026_MET_RealSynth/imagesTr/BraTSMET_000479_0003.nii.gz,native_2026,keep_native_2026_suffix,accepted_for_training,True,False,False,False
BraTS-MET-00686-000,BraTS-MET-00686-000,BraTSMET_000479,BraTS-MET-00686-000,run_3104668,seg,label,/Users/hwaigc/比赛+课题/ECNU_EYU_data/work_space/G1/results/missing_t2w_completion/run_3104668/BraTS-MET-00686-000/BraTS-MET-00686-000-seg.nii.gz,work_space/G2/results/synthetic_normalized/BraTS-MET-00686-000/BraTS-MET-00686-000-seg.nii.gz,nnunet_raw/Dataset261_BraTS2026_MET_RealSynth/labelsTr/BraTSMET_000479.nii.gz,native_2026,keep_native_2026_suffix,accepted_for_training,True,False,False,False
BraTS-MET-00687-000,BraTS-MET-00687-000,BraTSMET_000480,BraTS-MET-00687-000,run_3104668,t1n,0000,/Users/hwaigc/比赛+课题/ECNU_EYU_data/work_space/G1/results/missing_t2w_completion/run_3104668/BraTS-MET-00687-000/BraTS-MET-00687-000-t1n.nii.gz,work_space/G2/results/synthetic_normalized/BraTS-MET-00687-000/BraTS-MET-00687-000-t1n.nii.gz,nnunet_raw/Dataset261_BraTS2026_MET_RealSynth/imagesTr/BraTSMET_000480_0000.nii.gz,native_2026,keep_native_2026_suffix,accepted_for_training,True,False,False,False
BraTS-MET-00687-000,BraTS-MET-00687-000,BraTSMET_000480,BraTS-MET-00687-000,run_3104668,t1c,0001,/Users/hwaigc/比赛+课题/ECNU_EYU_data/work_space/G1/results/missing_t2w_completion/run_3104668/BraTS-MET-00687-000/BraTS-MET-00687-000-t1c.nii.gz,work_space/G2/results/synthetic_normalized/BraTS-MET-00687-000/BraTS-MET-00687-000-t1c.nii.gz,nnunet_raw/Dataset261_BraTS2026_MET_RealSynth/imagesTr/BraTSMET_000480_0001.nii.gz,native_2026,keep_native_2026_suffix,accepted_for_training,True,False,False,False
BraTS-MET-00687-000,BraTS-MET-00687-000,BraTSMET_000480,BraTS-MET-00687-000,run_3104668,t2w,0002,/Users/hwaigc/比赛+课题/ECNU_EYU_data/work_space/G1/results/missing_t2w_completion/run_3104668/BraTS-MET-00687-000/BraTS-MET-00687-000-t2w.nii.gz,work_space/G2/results/synthetic_normalized/BraTS-MET-00687-000/BraTS-MET-00687-000-t2w.nii.gz,nnunet_raw/Dataset261_BraTS2026_MET_RealSynth/imagesTr/BraTSMET_000480_0002.nii.gz,native_2026,keep_native_2026_suffix,accepted_for_training,True,False,False,False
BraTS-MET-00687-000,BraTS-MET-00687-000,BraTSMET_000480,BraTS-MET-00687-000,run_3104668,t2f,0003,/Users/hwaigc/比赛+课题/ECNU_EYU_data/work_space/G1/results/missing_t2w_completion/run_3104668/BraTS-MET-00687-000/BraTS-MET-00687-000-t2f.nii.gz,work_space/G2/results/synthetic_normalized/BraTS-MET-00687-000/BraTS-MET-00687-000-t2f.nii.gz,nnunet_raw/Dataset261_BraTS2026_MET_RealSynth/imagesTr/BraTSMET_000480_0003.nii.gz,native_2026,keep_native_2026_suffix,accepted_for_training,True,False,False,False
BraTS-MET-00687-000,BraTS-MET-00687-000,BraTSMET_000480,BraTS-MET-00687-000,run_3104668,seg,label,/Users/hwaigc/比赛+课题/ECNU_EYU_data/work_space/G1/results/missing_t2w_completion/run_3104668/BraTS-MET-00687-000/BraTS-MET-00687-000-seg.nii.gz,work_space/G2/results/synthetic_normalized/BraTS-MET-00687-000/BraTS-MET-00687-000-seg.nii.gz,nnunet_raw/Dataset261_BraTS2026_MET_RealSynth/labelsTr/BraTSMET_000480.nii.gz,native_2026,keep_native_2026_suffix,accepted_for_training,True,False,False,False
BraTS-MET-00688-000,BraTS-MET-00688-000,BraTSMET_000481,BraTS-MET-00688-000,run_3104668,t1n,0000,/Users/hwaigc/比赛+课题/ECNU_EYU_data/work_space/G1/results/missing_t2w_completion/run_3104668/BraTS-MET-00688-000/BraTS-MET-00688-000-t1n.nii.gz,work_space/G2/results/synthetic_normalized/BraTS-MET-00688-000/BraTS-MET-00688-000-t1n.nii.gz,nnunet_raw/Dataset261_BraTS2026_MET_RealSynth/imagesTr/BraTSMET_000481_0000.nii.gz,native_2026,keep_native_2026_suffix,accepted_for_training,True,False,False,False
BraTS-MET-00688-000,BraTS-MET-00688-000,BraTSMET_000481,BraTS-MET-00688-000,run_3104668,t1c,0001,/Users/hwaigc/比赛+课题/ECNU_EYU_data/work_space/G1/results/missing_t2w_completion/run_3104668/BraTS-MET-00688-000/BraTS-MET-00688-000-t1c.nii.gz,work_space/G2/results/synthetic_normalized/BraTS-MET-00688-000/BraTS-MET-00688-000-t1c.nii.gz,nnunet_raw/Dataset261_BraTS2026_MET_RealSynth/imagesTr/BraTSMET_000481_0001.nii.gz,native_2026,keep_native_2026_suffix,accepted_for_training,True,False,False,False
BraTS-MET-00688-000,BraTS-MET-00688-000,BraTSMET_000481,BraTS-MET-00688-000,run_3104668,t2w,0002,/Users/hwaigc/比赛+课题/ECNU_EYU_data/work_space/G1/results/missing_t2w_completion/run_3104668/BraTS-MET-00688-000/BraTS-MET-00688-000-t2w.nii.gz,work_space/G2/results/synthetic_normalized/BraTS-MET-00688-000/BraTS-MET-00688-000-t2w.nii.gz,nnunet_raw/Dataset261_BraTS2026_MET_RealSynth/imagesTr/BraTSMET_000481_0002.nii.gz,native_2026,keep_native_2026_suffix,accepted_for_training,True,False,False,False
BraTS-MET-00688-000,BraTS-MET-00688-000,BraTSMET_000481,BraTS-MET-00688-000,run_3104668,t2f,0003,/Users/hwaigc/比赛+课题/ECNU_EYU_data/work_space/G1/results/missing_t2w_completion/run_3104668/BraTS-MET-00688-000/BraTS-MET-00688-000-t2f.nii.gz,work_space/G2/results/synthetic_normalized/BraTS-MET-00688-000/BraTS-MET-00688-000-t2f.nii.gz,nnunet_raw/Dataset261_BraTS2026_MET_RealSynth/imagesTr/BraTSMET_000481_0003.nii.gz,native_2026,keep_native_2026_suffix,accepted_for_training,True,False,False,False
BraTS-MET-00688-000,BraTS-MET-00688-000,BraTSMET_000481,BraTS-MET-00688-000,run_3104668,seg,label,/Users/hwaigc/比赛+课题/ECNU_EYU_data/work_space/G1/results/missing_t2w_completion/run_3104668/BraTS-MET-00688-000/BraTS-MET-00688-000-seg.nii.gz,work_space/G2/results/synthetic_normalized/BraTS-MET-00688-000/BraTS-MET-00688-000-seg.nii.gz,nnunet_raw/Dataset261_BraTS2026_MET_RealSynth/labelsTr/BraTSMET_000481.nii.gz,native_2026,keep_native_2026_suffix,accepted_for_training,True,False,False,False
BraTS-MET-00689-000,BraTS-MET-00689-000,BraTSMET_000482,BraTS-MET-00689-000,run_3104668,t1n,0000,/Users/hwaigc/比赛+课题/ECNU_EYU_data/work_space/G1/results/missing_t2w_completion/run_3104668/BraTS-MET-00689-000/BraTS-MET-00689-000-t1n.nii.gz,work_space/G2/results/synthetic_normalized/BraTS-MET-00689-000/BraTS-MET-00689-000-t1n.nii.gz,nnunet_raw/Dataset261_BraTS2026_MET_RealSynth/imagesTr/BraTSMET_000482_0000.nii.gz,native_2026,keep_native_2026_suffix,accepted_for_training,True,False,False,False
BraTS-MET-00689-000,BraTS-MET-00689-000,BraTSMET_000482,BraTS-MET-00689-000,run_3104668,t1c,0001,/Users/hwaigc/比赛+课题/ECNU_EYU_data/work_space/G1/results/missing_t2w_completion/run_3104668/BraTS-MET-00689-000/BraTS-MET-00689-000-t1c.nii.gz,work_space/G2/results/synthetic_normalized/BraTS-MET-00689-000/BraTS-MET-00689-000-t1c.nii.gz,nnunet_raw/Dataset261_BraTS2026_MET_RealSynth/imagesTr/BraTSMET_000482_0001.nii.gz,native_2026,keep_native_2026_suffix,accepted_for_training,True,False,False,False
BraTS-MET-00689-000,BraTS-MET-00689-000,BraTSMET_000482,BraTS-MET-00689-000,run_3104668,t2w,0002,/Users/hwaigc/比赛+课题/ECNU_EYU_data/work_space/G1/results/missing_t2w_completion/run_3104668/BraTS-MET-00689-000/BraTS-MET-00689-000-t2w.nii.gz,work_space/G2/results/synthetic_normalized/BraTS-MET-00689-000/BraTS-MET-00689-000-t2w.nii.gz,nnunet_raw/Dataset261_BraTS2026_MET_RealSynth/imagesTr/BraTSMET_000482_0002.nii.gz,native_2026,keep_native_2026_suffix,accepted_for_training,True,False,False,False
BraTS-MET-00689-000,BraTS-MET-00689-000,BraTSMET_000482,BraTS-MET-00689-000,run_3104668,t2f,0003,/Users/hwaigc/比赛+课题/ECNU_EYU_data/work_space/G1/results/missing_t2w_completion/run_3104668/BraTS-MET-00689-000/BraTS-MET-00689-000-t2f.nii.gz,work_space/G2/results/synthetic_normalized/BraTS-MET-00689-000/BraTS-MET-00689-000-t2f.nii.gz,nnunet_raw/Dataset261_BraTS2026_MET_RealSynth/imagesTr/BraTSMET_000482_0003.nii.gz,native_2026,keep_native_2026_suffix,accepted_for_training,True,False,False,False
BraTS-MET-00689-000,BraTS-MET-00689-000,BraTSMET_000482,BraTS-MET-00689-000,run_3104668,seg,label,/Users/hwaigc/比赛+课题/ECNU_EYU_data/work_space/G1/results/missing_t2w_completion/run_3104668/BraTS-MET-00689-000/BraTS-MET-00689-000-seg.nii.gz,work_space/G2/results/synthetic_normalized/BraTS-MET-00689-000/BraTS-MET-00689-000-seg.nii.gz,nnunet_raw/Dataset261_BraTS2026_MET_RealSynth/labelsTr/BraTSMET_000482.nii.gz,native_2026,keep_native_2026_suffix,accepted_for_training,True,False,False,False
BraTS-MET-00689-001,BraTS-MET-00689-001,BraTSMET_000483,BraTS-MET-00689-001,run_3104668,t1n,0000,/Users/hwaigc/比赛+课题/ECNU_EYU_data/work_space/G1/results/missing_t2w_completion/run_3104668/BraTS-MET-00689-001/BraTS-MET-00689-001-t1n.nii.gz,work_space/G2/results/synthetic_normalized/BraTS-MET-00689-001/BraTS-MET-00689-001-t1n.nii.gz,nnunet_raw/Dataset261_BraTS2026_MET_RealSynth/imagesTr/BraTSMET_000483_0000.nii.gz,native_2026,keep_native_2026_suffix,accepted_for_training,True,False,False,False
BraTS-MET-00689-001,BraTS-MET-00689-001,BraTSMET_000483,BraTS-MET-00689-001,run_3104668,t1c,0001,/Users/hwaigc/比赛+课题/ECNU_EYU_data/work_space/G1/results/missing_t2w_completion/run_3104668/BraTS-MET-00689-001/BraTS-MET-00689-001-t1c.nii.gz,work_space/G2/results/synthetic_normalized/BraTS-MET-00689-001/BraTS-MET-00689-001-t1c.nii.gz,nnunet_raw/Dataset261_BraTS2026_MET_RealSynth/imagesTr/BraTSMET_000483_0001.nii.gz,native_2026,keep_native_2026_suffix,accepted_for_training,True,False,False,False
BraTS-MET-00689-001,BraTS-MET-00689-001,BraTSMET_000483,BraTS-MET-00689-001,run_3104668,t2w,0002,/Users/hwaigc/比赛+课题/ECNU_EYU_data/work_space/G1/results/missing_t2w_completion/run_3104668/BraTS-MET-00689-001/BraTS-MET-00689-001-t2w.nii.gz,work_space/G2/results/synthetic_normalized/BraTS-MET-00689-001/BraTS-MET-00689-001-t2w.nii.gz,nnunet_raw/Dataset261_BraTS2026_MET_RealSynth/imagesTr/BraTSMET_000483_0002.nii.gz,native_2026,keep_native_2026_suffix,accepted_for_training,True,False,False,False
BraTS-MET-00689-001,BraTS-MET-00689-001,BraTSMET_000483,BraTS-MET-00689-001,run_3104668,t2f,0003,/Users/hwaigc/比赛+课题/ECNU_EYU_data/work_space/G1/results/missing_t2w_completion/run_3104668/BraTS-MET-00689-001/BraTS-MET-00689-001-t2f.nii.gz,work_space/G2/results/synthetic_normalized/BraTS-MET-00689-001/BraTS-MET-00689-001-t2f.nii.gz,nnunet_raw/Dataset261_BraTS2026_MET_RealSynth/imagesTr/BraTSMET_000483_0003.nii.gz,native_2026,keep_native_2026_suffix,accepted_for_training,True,False,False,False
BraTS-MET-00689-001,BraTS-MET-00689-001,BraTSMET_000483,BraTS-MET-00689-001,run_3104668,seg,label,/Users/hwaigc/比赛+课题/ECNU_EYU_data/work_space/G1/results/missing_t2w_completion/run_3104668/BraTS-MET-00689-001/BraTS-MET-00689-001-seg.nii.gz,work_space/G2/results/synthetic_normalized/BraTS-MET-00689-001/BraTS-MET-00689-001-seg.nii.gz,nnunet_raw/Dataset261_BraTS2026_MET_RealSynth/labelsTr/BraTSMET_000483.nii.gz,native_2026,keep_native_2026_suffix,accepted_for_training,True,False,False,False
BraTS-MET-00690-000,BraTS-MET-00690-000,BraTSMET_000484,BraTS-MET-00690-000,run_3104668,t1n,0000,/Users/hwaigc/比赛+课题/ECNU_EYU_data/work_space/G1/results/missing_t2w_completion/run_3104668/BraTS-MET-00690-000/BraTS-MET-00690-000-t1n.nii.gz,work_space/G2/results/synthetic_normalized/BraTS-MET-00690-000/BraTS-MET-00690-000-t1n.nii.gz,nnunet_raw/Dataset261_BraTS2026_MET_RealSynth/imagesTr/BraTSMET_000484_0000.nii.gz,native_2026,keep_native_2026_suffix,accepted_for_training,True,False,False,False
BraTS-MET-00690-000,BraTS-MET-00690-000,BraTSMET_000484,BraTS-MET-00690-000,run_3104668,t1c,0001,/Users/hwaigc/比赛+课题/ECNU_EYU_data/work_space/G1/results/missing_t2w_completion/run_3104668/BraTS-MET-00690-000/BraTS-MET-00690-000-t1c.nii.gz,work_space/G2/results/synthetic_normalized/BraTS-MET-00690-000/BraTS-MET-00690-000-t1c.nii.gz,nnunet_raw/Dataset261_BraTS2026_MET_RealSynth/imagesTr/BraTSMET_000484_0001.nii.gz,native_2026,keep_native_2026_suffix,accepted_for_training,True,False,False,False
BraTS-MET-00690-000,BraTS-MET-00690-000,BraTSMET_000484,BraTS-MET-00690-000,run_3104668,t2w,0002,/Users/hwaigc/比赛+课题/ECNU_EYU_data/work_space/G1/results/missing_t2w_completion/run_3104668/BraTS-MET-00690-000/BraTS-MET-00690-000-t2w.nii.gz,work_space/G2/results/synthetic_normalized/BraTS-MET-00690-000/BraTS-MET-00690-000-t2w.nii.gz,nnunet_raw/Dataset261_BraTS2026_MET_RealSynth/imagesTr/BraTSMET_000484_0002.nii.gz,native_2026,keep_native_2026_suffix,accepted_for_training,True,False,False,False
BraTS-MET-00690-000,BraTS-MET-00690-000,BraTSMET_000484,BraTS-MET-00690-000,run_3104668,t2f,0003,/Users/hwaigc/比赛+课题/ECNU_EYU_data/work_space/G1/results/missing_t2w_completion/run_3104668/BraTS-MET-00690-000/BraTS-MET-00690-000-t2f.nii.gz,work_space/G2/results/synthetic_normalized/BraTS-MET-00690-000/BraTS-MET-00690-000-t2f.nii.gz,nnunet_raw/Dataset261_BraTS2026_MET_RealSynth/imagesTr/BraTSMET_000484_0003.nii.gz,native_2026,keep_native_2026_suffix,accepted_for_training,True,False,False,False
BraTS-MET-00690-000,BraTS-MET-00690-000,BraTSMET_000484,BraTS-MET-00690-000,run_3104668,seg,label,/Users/hwaigc/比赛+课题/ECNU_EYU_data/work_space/G1/results/missing_t2w_completion/run_3104668/BraTS-MET-00690-000/BraTS-MET-00690-000-seg.nii.gz,work_space/G2/results/synthetic_normalized/BraTS-MET-00690-000/BraTS-MET-00690-000-seg.nii.gz,nnunet_raw/Dataset261_BraTS2026_MET_RealSynth/labelsTr/BraTSMET_000484.nii.gz,native_2026,keep_native_2026_suffix,accepted_for_training,True,False,False,False
BraTS-MET-00691-000,BraTS-MET-00691-000,BraTSMET_000485,BraTS-MET-00691-000,run_3104668,t1n,0000,/Users/hwaigc/比赛+课题/ECNU_EYU_data/work_space/G1/results/missing_t2w_completion/run_3104668/BraTS-MET-00691-000/BraTS-MET-00691-000-t1n.nii.gz,work_space/G2/results/synthetic_normalized/BraTS-MET-00691-000/BraTS-MET-00691-000-t1n.nii.gz,nnunet_raw/Dataset261_BraTS2026_MET_RealSynth/imagesTr/BraTSMET_000485_0000.nii.gz,native_2026,keep_native_2026_suffix,accepted_for_training,True,False,False,False
BraTS-MET-00691-000,BraTS-MET-00691-000,BraTSMET_000485,BraTS-MET-00691-000,run_3104668,t1c,0001,/Users/hwaigc/比赛+课题/ECNU_EYU_data/work_space/G1/results/missing_t2w_completion/run_3104668/BraTS-MET-00691-000/BraTS-MET-00691-000-t1c.nii.gz,work_space/G2/results/synthetic_normalized/BraTS-MET-00691-000/BraTS-MET-00691-000-t1c.nii.gz,nnunet_raw/Dataset261_BraTS2026_MET_RealSynth/imagesTr/BraTSMET_000485_0001.nii.gz,native_2026,keep_native_2026_suffix,accepted_for_training,True,False,False,False
BraTS-MET-00691-000,BraTS-MET-00691-000,BraTSMET_000485,BraTS-MET-00691-000,run_3104668,t2w,0002,/Users/hwaigc/比赛+课题/ECNU_EYU_data/work_space/G1/results/missing_t2w_completion/run_3104668/BraTS-MET-00691-000/BraTS-MET-00691-000-t2w.nii.gz,work_space/G2/results/synthetic_normalized/BraTS-MET-00691-000/BraTS-MET-00691-000-t2w.nii.gz,nnunet_raw/Dataset261_BraTS2026_MET_RealSynth/imagesTr/BraTSMET_000485_0002.nii.gz,native_2026,keep_native_2026_suffix,accepted_for_training,True,False,False,False
BraTS-MET-00691-000,BraTS-MET-00691-000,BraTSMET_000485,BraTS-MET-00691-000,run_3104668,t2f,0003,/Users/hwaigc/比赛+课题/ECNU_EYU_data/work_space/G1/results/missing_t2w_completion/run_3104668/BraTS-MET-00691-000/BraTS-MET-00691-000-t2f.nii.gz,work_space/G2/results/synthetic_normalized/BraTS-MET-00691-000/BraTS-MET-00691-000-t2f.nii.gz,nnunet_raw/Dataset261_BraTS2026_MET_RealSynth/imagesTr/BraTSMET_000485_0003.nii.gz,native_2026,keep_native_2026_suffix,accepted_for_training,True,False,False,False
BraTS-MET-00691-000,BraTS-MET-00691-000,BraTSMET_000485,BraTS-MET-00691-000,run_3104668,seg,label,/Users/hwaigc/比赛+课题/ECNU_EYU_data/work_space/G1/results/missing_t2w_completion/run_3104668/BraTS-MET-00691-000/BraTS-MET-00691-000-seg.nii.gz,work_space/G2/results/synthetic_normalized/BraTS-MET-00691-000/BraTS-MET-00691-000-seg.nii.gz,nnunet_raw/Dataset261_BraTS2026_MET_RealSynth/labelsTr/BraTSMET_000485.nii.gz,native_2026,keep_native_2026_suffix,accepted_for_training,True,False,False,False
BraTS-MET-00691-001,BraTS-MET-00691-001,BraTSMET_000486,BraTS-MET-00691-001,run_3104668,t1n,0000,/Users/hwaigc/比赛+课题/ECNU_EYU_data/work_space/G1/results/missing_t2w_completion/run_3104668/BraTS-MET-00691-001/BraTS-MET-00691-001-t1n.nii.gz,work_space/G2/results/synthetic_normalized/BraTS-MET-00691-001/BraTS-MET-00691-001-t1n.nii.gz,nnunet_raw/Dataset261_BraTS2026_MET_RealSynth/imagesTr/BraTSMET_000486_0000.nii.gz,native_2026,keep_native_2026_suffix,accepted_for_training,True,False,False,False
BraTS-MET-00691-001,BraTS-MET-00691-001,BraTSMET_000486,BraTS-MET-00691-001,run_3104668,t1c,0001,/Users/hwaigc/比赛+课题/ECNU_EYU_data/work_space/G1/results/missing_t2w_completion/run_3104668/BraTS-MET-00691-001/BraTS-MET-00691-001-t1c.nii.gz,work_space/G2/results/synthetic_normalized/BraTS-MET-00691-001/BraTS-MET-00691-001-t1c.nii.gz,nnunet_raw/Dataset261_BraTS2026_MET_RealSynth/imagesTr/BraTSMET_000486_0001.nii.gz,native_2026,keep_native_2026_suffix,accepted_for_training,True,False,False,False
BraTS-MET-00691-001,BraTS-MET-00691-001,BraTSMET_000486,BraTS-MET-00691-001,run_3104668,t2w,0002,/Users/hwaigc/比赛+课题/ECNU_EYU_data/work_space/G1/results/missing_t2w_completion/run_3104668/BraTS-MET-00691-001/BraTS-MET-00691-001-t2w.nii.gz,work_space/G2/results/synthetic_normalized/BraTS-MET-00691-001/BraTS-MET-00691-001-t2w.nii.gz,nnunet_raw/Dataset261_BraTS2026_MET_RealSynth/imagesTr/BraTSMET_000486_0002.nii.gz,native_2026,keep_native_2026_suffix,accepted_for_training,True,False,False,False
BraTS-MET-00691-001,BraTS-MET-00691-001,BraTSMET_000486,BraTS-MET-00691-001,run_3104668,t2f,0003,/Users/hwaigc/比赛+课题/ECNU_EYU_data/work_space/G1/results/missing_t2w_completion/run_3104668/BraTS-MET-00691-001/BraTS-MET-00691-001-t2f.nii.gz,work_space/G2/results/synthetic_normalized/BraTS-MET-00691-001/BraTS-MET-00691-001-t2f.nii.gz,nnunet_raw/Dataset261_BraTS2026_MET_RealSynth/imagesTr/BraTSMET_000486_0003.nii.gz,native_2026,keep_native_2026_suffix,accepted_for_training,True,False,False,False
BraTS-MET-00691-001,BraTS-MET-00691-001,BraTSMET_000486,BraTS-MET-00691-001,run_3104668,seg,label,/Users/hwaigc/比赛+课题/ECNU_EYU_data/work_space/G1/results/missing_t2w_completion/run_3104668/BraTS-MET-00691-001/BraTS-MET-00691-001-seg.nii.gz,work_space/G2/results/synthetic_normalized/BraTS-MET-00691-001/BraTS-MET-00691-001-seg.nii.gz,nnunet_raw/Dataset261_BraTS2026_MET_RealSynth/labelsTr/BraTSMET_000486.nii.gz,native_2026,keep_native_2026_suffix,accepted_for_training,True,False,False,False
BraTS-MET-00692-000,BraTS-MET-00692-000,BraTSMET_000487,BraTS-MET-00692-000,run_3104668,t1n,0000,/Users/hwaigc/比赛+课题/ECNU_EYU_data/work_space/G1/results/missing_t2w_completion/run_3104668/BraTS-MET-00692-000/BraTS-MET-00692-000-t1n.nii.gz,work_space/G2/results/synthetic_normalized/BraTS-MET-00692-000/BraTS-MET-00692-000-t1n.nii.gz,nnunet_raw/Dataset261_BraTS2026_MET_RealSynth/imagesTr/BraTSMET_000487_0000.nii.gz,native_2026,keep_native_2026_suffix,accepted_for_training,True,False,False,False
BraTS-MET-00692-000,BraTS-MET-00692-000,BraTSMET_000487,BraTS-MET-00692-000,run_3104668,t1c,0001,/Users/hwaigc/比赛+课题/ECNU_EYU_data/work_space/G1/results/missing_t2w_completion/run_3104668/BraTS-MET-00692-000/BraTS-MET-00692-000-t1c.nii.gz,work_space/G2/results/synthetic_normalized/BraTS-MET-00692-000/BraTS-MET-00692-000-t1c.nii.gz,nnunet_raw/Dataset261_BraTS2026_MET_RealSynth/imagesTr/BraTSMET_000487_0001.nii.gz,native_2026,keep_native_2026_suffix,accepted_for_training,True,False,False,False
BraTS-MET-00692-000,BraTS-MET-00692-000,BraTSMET_000487,BraTS-MET-00692-000,run_3104668,t2w,0002,/Users/hwaigc/比赛+课题/ECNU_EYU_data/work_space/G1/results/missing_t2w_completion/run_3104668/BraTS-MET-00692-000/BraTS-MET-00692-000-t2w.nii.gz,work_space/G2/results/synthetic_normalized/BraTS-MET-00692-000/BraTS-MET-00692-000-t2w.nii.gz,nnunet_raw/Dataset261_BraTS2026_MET_RealSynth/imagesTr/BraTSMET_000487_0002.nii.gz,native_2026,keep_native_2026_suffix,accepted_for_training,True,False,False,False
BraTS-MET-00692-000,BraTS-MET-00692-000,BraTSMET_000487,BraTS-MET-00692-000,run_3104668,t2f,0003,/Users/hwaigc/比赛+课题/ECNU_EYU_data/work_space/G1/results/missing_t2w_completion/run_3104668/BraTS-MET-00692-000/BraTS-MET-00692-000-t2f.nii.gz,work_space/G2/results/synthetic_normalized/BraTS-MET-00692-000/BraTS-MET-00692-000-t2f.nii.gz,nnunet_raw/Dataset261_BraTS2026_MET_RealSynth/imagesTr/BraTSMET_000487_0003.nii.gz,native_2026,keep_native_2026_suffix,accepted_for_training,True,False,False,False
BraTS-MET-00692-000,BraTS-MET-00692-000,BraTSMET_000487,BraTS-MET-00692-000,run_3104668,seg,label,/Users/hwaigc/比赛+课题/ECNU_EYU_data/work_space/G1/results/missing_t2w_completion/run_3104668/BraTS-MET-00692-000/BraTS-MET-00692-000-seg.nii.gz,work_space/G2/results/synthetic_normalized/BraTS-MET-00692-000/BraTS-MET-00692-000-seg.nii.gz,nnunet_raw/Dataset261_BraTS2026_MET_RealSynth/labelsTr/BraTSMET_000487.nii.gz,native_2026,keep_native_2026_suffix,accepted_for_training,True,False,False,False
BraTS-MET-00694-001,BraTS-MET-00694-001,BraTSMET_000490,BraTS-MET-00694-001,run_3104668,t1n,0000,/Users/hwaigc/比赛+课题/ECNU_EYU_data/work_space/G1/results/missing_t2w_completion/run_3104668/BraTS-MET-00694-001/BraTS-MET-00694-001-t1n.nii.gz,work_space/G2/results/synthetic_normalized/BraTS-MET-00694-001/BraTS-MET-00694-001-t1n.nii.gz,nnunet_raw/Dataset261_BraTS2026_MET_RealSynth/imagesTr/BraTSMET_000490_0000.nii.gz,native_2026,keep_native_2026_suffix,accepted_for_training,True,False,False,False
BraTS-MET-00694-001,BraTS-MET-00694-001,BraTSMET_000490,BraTS-MET-00694-001,run_3104668,t1c,0001,/Users/hwaigc/比赛+课题/ECNU_EYU_data/work_space/G1/results/missing_t2w_completion/run_3104668/BraTS-MET-00694-001/BraTS-MET-00694-001-t1c.nii.gz,work_space/G2/results/synthetic_normalized/BraTS-MET-00694-001/BraTS-MET-00694-001-t1c.nii.gz,nnunet_raw/Dataset261_BraTS2026_MET_RealSynth/imagesTr/BraTSMET_000490_0001.nii.gz,native_2026,keep_native_2026_suffix,accepted_for_training,True,False,False,False
BraTS-MET-00694-001,BraTS-MET-00694-001,BraTSMET_000490,BraTS-MET-00694-001,run_3104668,t2w,0002,/Users/hwaigc/比赛+课题/ECNU_EYU_data/work_space/G1/results/missing_t2w_completion/run_3104668/BraTS-MET-00694-001/BraTS-MET-00694-001-t2w.nii.gz,work_space/G2/results/synthetic_normalized/BraTS-MET-00694-001/BraTS-MET-00694-001-t2w.nii.gz,nnunet_raw/Dataset261_BraTS2026_MET_RealSynth/imagesTr/BraTSMET_000490_0002.nii.gz,native_2026,keep_native_2026_suffix,accepted_for_training,True,False,False,False
BraTS-MET-00694-001,BraTS-MET-00694-001,BraTSMET_000490,BraTS-MET-00694-001,run_3104668,t2f,0003,/Users/hwaigc/比赛+课题/ECNU_EYU_data/work_space/G1/results/missing_t2w_completion/run_3104668/BraTS-MET-00694-001/BraTS-MET-00694-001-t2f.nii.gz,work_space/G2/results/synthetic_normalized/BraTS-MET-00694-001/BraTS-MET-00694-001-t2f.nii.gz,nnunet_raw/Dataset261_BraTS2026_MET_RealSynth/imagesTr/BraTSMET_000490_0003.nii.gz,native_2026,keep_native_2026_suffix,accepted_for_training,True,False,False,False
BraTS-MET-00694-001,BraTS-MET-00694-001,BraTSMET_000490,BraTS-MET-00694-001,run_3104668,seg,label,/Users/hwaigc/比赛+课题/ECNU_EYU_data/work_space/G1/results/missing_t2w_completion/run_3104668/BraTS-MET-00694-001/BraTS-MET-00694-001-seg.nii.gz,work_space/G2/results/synthetic_normalized/BraTS-MET-00694-001/BraTS-MET-00694-001-seg.nii.gz,nnunet_raw/Dataset261_BraTS2026_MET_RealSynth/labelsTr/BraTSMET_000490.nii.gz,native_2026,keep_native_2026_suffix,accepted_for_training,True,False,False,False
BraTS-MET-00694-002,BraTS-MET-00694-002,BraTSMET_000491,BraTS-MET-00694-002,run_3104668,t1n,0000,/Users/hwaigc/比赛+课题/ECNU_EYU_data/work_space/G1/results/missing_t2w_completion/run_3104668/BraTS-MET-00694-002/BraTS-MET-00694-002-t1n.nii.gz,work_space/G2/results/synthetic_normalized/BraTS-MET-00694-002/BraTS-MET-00694-002-t1n.nii.gz,nnunet_raw/Dataset261_BraTS2026_MET_RealSynth/imagesTr/BraTSMET_000491_0000.nii.gz,native_2026,keep_native_2026_suffix,accepted_for_training,True,False,False,False
BraTS-MET-00694-002,BraTS-MET-00694-002,BraTSMET_000491,BraTS-MET-00694-002,run_3104668,t1c,0001,/Users/hwaigc/比赛+课题/ECNU_EYU_data/work_space/G1/results/missing_t2w_completion/run_3104668/BraTS-MET-00694-002/BraTS-MET-00694-002-t1c.nii.gz,work_space/G2/results/synthetic_normalized/BraTS-MET-00694-002/BraTS-MET-00694-002-t1c.nii.gz,nnunet_raw/Dataset261_BraTS2026_MET_RealSynth/imagesTr/BraTSMET_000491_0001.nii.gz,native_2026,keep_native_2026_suffix,accepted_for_training,True,False,False,False
BraTS-MET-00694-002,BraTS-MET-00694-002,BraTSMET_000491,BraTS-MET-00694-002,run_3104668,t2w,0002,/Users/hwaigc/比赛+课题/ECNU_EYU_data/work_space/G1/results/missing_t2w_completion/run_3104668/BraTS-MET-00694-002/BraTS-MET-00694-002-t2w.nii.gz,work_space/G2/results/synthetic_normalized/BraTS-MET-00694-002/BraTS-MET-00694-002-t2w.nii.gz,nnunet_raw/Dataset261_BraTS2026_MET_RealSynth/imagesTr/BraTSMET_000491_0002.nii.gz,native_2026,keep_native_2026_suffix,accepted_for_training,True,False,False,False
BraTS-MET-00694-002,BraTS-MET-00694-002,BraTSMET_000491,BraTS-MET-00694-002,run_3104668,t2f,0003,/Users/hwaigc/比赛+课题/ECNU_EYU_data/work_space/G1/results/missing_t2w_completion/run_3104668/BraTS-MET-00694-002/BraTS-MET-00694-002-t2f.nii.gz,work_space/G2/results/synthetic_normalized/BraTS-MET-00694-002/BraTS-MET-00694-002-t2f.nii.gz,nnunet_raw/Dataset261_BraTS2026_MET_RealSynth/imagesTr/BraTSMET_000491_0003.nii.gz,native_2026,keep_native_2026_suffix,accepted_for_training,True,False,False,False
BraTS-MET-00694-002,BraTS-MET-00694-002,BraTSMET_000491,BraTS-MET-00694-002,run_3104668,seg,label,/Users/hwaigc/比赛+课题/ECNU_EYU_data/work_space/G1/results/missing_t2w_completion/run_3104668/BraTS-MET-00694-002/BraTS-MET-00694-002-seg.nii.gz,work_space/G2/results/synthetic_normalized/BraTS-MET-00694-002/BraTS-MET-00694-002-seg.nii.gz,nnunet_raw/Dataset261_BraTS2026_MET_RealSynth/labelsTr/BraTSMET_000491.nii.gz,native_2026,keep_native_2026_suffix,accepted_for_training,True,False,False,False
BraTS-MET-00695-001,BraTS-MET-00695-001,BraTSMET_000494,BraTS-MET-00695-001,run_3104668,t1n,0000,/Users/hwaigc/比赛+课题/ECNU_EYU_data/work_space/G1/results/missing_t2w_completion/run_3104668/BraTS-MET-00695-001/BraTS-MET-00695-001-t1n.nii.gz,work_space/G2/results/synthetic_normalized/BraTS-MET-00695-001/BraTS-MET-00695-001-t1n.nii.gz,nnunet_raw/Dataset261_BraTS2026_MET_RealSynth/imagesTr/BraTSMET_000494_0000.nii.gz,native_2026,keep_native_2026_suffix,accepted_for_training,True,False,False,False
BraTS-MET-00695-001,BraTS-MET-00695-001,BraTSMET_000494,BraTS-MET-00695-001,run_3104668,t1c,0001,/Users/hwaigc/比赛+课题/ECNU_EYU_data/work_space/G1/results/missing_t2w_completion/run_3104668/BraTS-MET-00695-001/BraTS-MET-00695-001-t1c.nii.gz,work_space/G2/results/synthetic_normalized/BraTS-MET-00695-001/BraTS-MET-00695-001-t1c.nii.gz,nnunet_raw/Dataset261_BraTS2026_MET_RealSynth/imagesTr/BraTSMET_000494_0001.nii.gz,native_2026,keep_native_2026_suffix,accepted_for_training,True,False,False,False
BraTS-MET-00695-001,BraTS-MET-00695-001,BraTSMET_000494,BraTS-MET-00695-001,run_3104668,t2w,0002,/Users/hwaigc/比赛+课题/ECNU_EYU_data/work_space/G1/results/missing_t2w_completion/run_3104668/BraTS-MET-00695-001/BraTS-MET-00695-001-t2w.nii.gz,work_space/G2/results/synthetic_normalized/BraTS-MET-00695-001/BraTS-MET-00695-001-t2w.nii.gz,nnunet_raw/Dataset261_BraTS2026_MET_RealSynth/imagesTr/BraTSMET_000494_0002.nii.gz,native_2026,keep_native_2026_suffix,accepted_for_training,True,False,False,False
BraTS-MET-00695-001,BraTS-MET-00695-001,BraTSMET_000494,BraTS-MET-00695-001,run_3104668,t2f,0003,/Users/hwaigc/比赛+课题/ECNU_EYU_data/work_space/G1/results/missing_t2w_completion/run_3104668/BraTS-MET-00695-001/BraTS-MET-00695-001-t2f.nii.gz,work_space/G2/results/synthetic_normalized/BraTS-MET-00695-001/BraTS-MET-00695-001-t2f.nii.gz,nnunet_raw/Dataset261_BraTS2026_MET_RealSynth/imagesTr/BraTSMET_000494_0003.nii.gz,native_2026,keep_native_2026_suffix,accepted_for_training,True,False,False,False
BraTS-MET-00695-001,BraTS-MET-00695-001,BraTSMET_000494,BraTS-MET-00695-001,run_3104668,seg,label,/Users/hwaigc/比赛+课题/ECNU_EYU_data/work_space/G1/results/missing_t2w_completion/run_3104668/BraTS-MET-00695-001/BraTS-MET-00695-001-seg.nii.gz,work_space/G2/results/synthetic_normalized/BraTS-MET-00695-001/BraTS-MET-00695-001-seg.nii.gz,nnunet_raw/Dataset261_BraTS2026_MET_RealSynth/labelsTr/BraTSMET_000494.nii.gz,native_2026,keep_native_2026_suffix,accepted_for_training,True,False,False,False
BraTS-MET-00696-000,BraTS-MET-00696-000,BraTSMET_000495,BraTS-MET-00696-000,run_3104668,t1n,0000,/Users/hwaigc/比赛+课题/ECNU_EYU_data/work_space/G1/results/missing_t2w_completion/run_3104668/BraTS-MET-00696-000/BraTS-MET-00696-000-t1n.nii.gz,work_space/G2/results/synthetic_normalized/BraTS-MET-00696-000/BraTS-MET-00696-000-t1n.nii.gz,nnunet_raw/Dataset261_BraTS2026_MET_RealSynth/imagesTr/BraTSMET_000495_0000.nii.gz,native_2026,keep_native_2026_suffix,accepted_for_training,True,False,False,False
BraTS-MET-00696-000,BraTS-MET-00696-000,BraTSMET_000495,BraTS-MET-00696-000,run_3104668,t1c,0001,/Users/hwaigc/比赛+课题/ECNU_EYU_data/work_space/G1/results/missing_t2w_completion/run_3104668/BraTS-MET-00696-000/BraTS-MET-00696-000-t1c.nii.gz,work_space/G2/results/synthetic_normalized/BraTS-MET-00696-000/BraTS-MET-00696-000-t1c.nii.gz,nnunet_raw/Dataset261_BraTS2026_MET_RealSynth/imagesTr/BraTSMET_000495_0001.nii.gz,native_2026,keep_native_2026_suffix,accepted_for_training,True,False,False,False
BraTS-MET-00696-000,BraTS-MET-00696-000,BraTSMET_000495,BraTS-MET-00696-000,run_3104668,t2w,0002,/Users/hwaigc/比赛+课题/ECNU_EYU_data/work_space/G1/results/missing_t2w_completion/run_3104668/BraTS-MET-00696-000/BraTS-MET-00696-000-t2w.nii.gz,work_space/G2/results/synthetic_normalized/BraTS-MET-00696-000/BraTS-MET-00696-000-t2w.nii.gz,nnunet_raw/Dataset261_BraTS2026_MET_RealSynth/imagesTr/BraTSMET_000495_0002.nii.gz,native_2026,keep_native_2026_suffix,accepted_for_training,True,False,False,False
BraTS-MET-00696-000,BraTS-MET-00696-000,BraTSMET_000495,BraTS-MET-00696-000,run_3104668,t2f,0003,/Users/hwaigc/比赛+课题/ECNU_EYU_data/work_space/G1/results/missing_t2w_completion/run_3104668/BraTS-MET-00696-000/BraTS-MET-00696-000-t2f.nii.gz,work_space/G2/results/synthetic_normalized/BraTS-MET-00696-000/BraTS-MET-00696-000-t2f.nii.gz,nnunet_raw/Dataset261_BraTS2026_MET_RealSynth/imagesTr/BraTSMET_000495_0003.nii.gz,native_2026,keep_native_2026_suffix,accepted_for_training,True,False,False,False
BraTS-MET-00696-000,BraTS-MET-00696-000,BraTSMET_000495,BraTS-MET-00696-000,run_3104668,seg,label,/Users/hwaigc/比赛+课题/ECNU_EYU_data/work_space/G1/results/missing_t2w_completion/run_3104668/BraTS-MET-00696-000/BraTS-MET-00696-000-seg.nii.gz,work_space/G2/results/synthetic_normalized/BraTS-MET-00696-000/BraTS-MET-00696-000-seg.nii.gz,nnunet_raw/Dataset261_BraTS2026_MET_RealSynth/labelsTr/BraTSMET_000495.nii.gz,native_2026,keep_native_2026_suffix,accepted_for_training,True,False,False,False
BraTS-MET-00697-000,BraTS-MET-00697-000,BraTSMET_000496,BraTS-MET-00697-000,run_3104668,t1n,0000,/Users/hwaigc/比赛+课题/ECNU_EYU_data/work_space/G1/results/missing_t2w_completion/run_3104668/BraTS-MET-00697-000/BraTS-MET-00697-000-t1n.nii.gz,work_space/G2/results/synthetic_normalized/BraTS-MET-00697-000/BraTS-MET-00697-000-t1n.nii.gz,nnunet_raw/Dataset261_BraTS2026_MET_RealSynth/imagesTr/BraTSMET_000496_0000.nii.gz,native_2026,keep_native_2026_suffix,accepted_for_training,True,False,False,False
BraTS-MET-00697-000,BraTS-MET-00697-000,BraTSMET_000496,BraTS-MET-00697-000,run_3104668,t1c,0001,/Users/hwaigc/比赛+课题/ECNU_EYU_data/work_space/G1/results/missing_t2w_completion/run_3104668/BraTS-MET-00697-000/BraTS-MET-00697-000-t1c.nii.gz,work_space/G2/results/synthetic_normalized/BraTS-MET-00697-000/BraTS-MET-00697-000-t1c.nii.gz,nnunet_raw/Dataset261_BraTS2026_MET_RealSynth/imagesTr/BraTSMET_000496_0001.nii.gz,native_2026,keep_native_2026_suffix,accepted_for_training,True,False,False,False
BraTS-MET-00697-000,BraTS-MET-00697-000,BraTSMET_000496,BraTS-MET-00697-000,run_3104668,t2w,0002,/Users/hwaigc/比赛+课题/ECNU_EYU_data/work_space/G1/results/missing_t2w_completion/run_3104668/BraTS-MET-00697-000/BraTS-MET-00697-000-t2w.nii.gz,work_space/G2/results/synthetic_normalized/BraTS-MET-00697-000/BraTS-MET-00697-000-t2w.nii.gz,nnunet_raw/Dataset261_BraTS2026_MET_RealSynth/imagesTr/BraTSMET_000496_0002.nii.gz,native_2026,keep_native_2026_suffix,accepted_for_training,True,False,False,False
BraTS-MET-00697-000,BraTS-MET-00697-000,BraTSMET_000496,BraTS-MET-00697-000,run_3104668,t2f,0003,/Users/hwaigc/比赛+课题/ECNU_EYU_data/work_space/G1/results/missing_t2w_completion/run_3104668/BraTS-MET-00697-000/BraTS-MET-00697-000-t2f.nii.gz,work_space/G2/results/synthetic_normalized/BraTS-MET-00697-000/BraTS-MET-00697-000-t2f.nii.gz,nnunet_raw/Dataset261_BraTS2026_MET_RealSynth/imagesTr/BraTSMET_000496_0003.nii.gz,native_2026,keep_native_2026_suffix,accepted_for_training,True,False,False,False
BraTS-MET-00697-000,BraTS-MET-00697-000,BraTSMET_000496,BraTS-MET-00697-000,run_3104668,seg,label,/Users/hwaigc/比赛+课题/ECNU_EYU_data/work_space/G1/results/missing_t2w_completion/run_3104668/BraTS-MET-00697-000/BraTS-MET-00697-000-seg.nii.gz,work_space/G2/results/synthetic_normalized/BraTS-MET-00697-000/BraTS-MET-00697-000-seg.nii.gz,nnunet_raw/Dataset261_BraTS2026_MET_RealSynth/labelsTr/BraTSMET_000496.nii.gz,native_2026,keep_native_2026_suffix,accepted_for_training,True,False,False,False
BraTS-MET-00698-000,BraTS-MET-00698-000,BraTSMET_000497,BraTS-MET-00698-000,run_3104668,t1n,0000,/Users/hwaigc/比赛+课题/ECNU_EYU_data/work_space/G1/results/missing_t2w_completion/run_3104668/BraTS-MET-00698-000/BraTS-MET-00698-000-t1n.nii.gz,work_space/G2/results/synthetic_normalized/BraTS-MET-00698-000/BraTS-MET-00698-000-t1n.nii.gz,nnunet_raw/Dataset261_BraTS2026_MET_RealSynth/imagesTr/BraTSMET_000497_0000.nii.gz,native_2026,keep_native_2026_suffix,accepted_for_evaluation,False,True,False,False
BraTS-MET-00698-000,BraTS-MET-00698-000,BraTSMET_000497,BraTS-MET-00698-000,run_3104668,t1c,0001,/Users/hwaigc/比赛+课题/ECNU_EYU_data/work_space/G1/results/missing_t2w_completion/run_3104668/BraTS-MET-00698-000/BraTS-MET-00698-000-t1c.nii.gz,work_space/G2/results/synthetic_normalized/BraTS-MET-00698-000/BraTS-MET-00698-000-t1c.nii.gz,nnunet_raw/Dataset261_BraTS2026_MET_RealSynth/imagesTr/BraTSMET_000497_0001.nii.gz,native_2026,keep_native_2026_suffix,accepted_for_evaluation,False,True,False,False
BraTS-MET-00698-000,BraTS-MET-00698-000,BraTSMET_000497,BraTS-MET-00698-000,run_3104668,t2w,0002,/Users/hwaigc/比赛+课题/ECNU_EYU_data/work_space/G1/results/missing_t2w_completion/run_3104668/BraTS-MET-00698-000/BraTS-MET-00698-000-t2w.nii.gz,work_space/G2/results/synthetic_normalized/BraTS-MET-00698-000/BraTS-MET-00698-000-t2w.nii.gz,nnunet_raw/Dataset261_BraTS2026_MET_RealSynth/imagesTr/BraTSMET_000497_0002.nii.gz,native_2026,keep_native_2026_suffix,accepted_for_evaluation,False,True,False,False
BraTS-MET-00698-000,BraTS-MET-00698-000,BraTSMET_000497,BraTS-MET-00698-000,run_3104668,t2f,0003,/Users/hwaigc/比赛+课题/ECNU_EYU_data/work_space/G1/results/missing_t2w_completion/run_3104668/BraTS-MET-00698-000/BraTS-MET-00698-000-t2f.nii.gz,work_space/G2/results/synthetic_normalized/BraTS-MET-00698-000/BraTS-MET-00698-000-t2f.nii.gz,nnunet_raw/Dataset261_BraTS2026_MET_RealSynth/imagesTr/BraTSMET_000497_0003.nii.gz,native_2026,keep_native_2026_suffix,accepted_for_evaluation,False,True,False,False
BraTS-MET-00698-000,BraTS-MET-00698-000,BraTSMET_000497,BraTS-MET-00698-000,run_3104668,seg,label,/Users/hwaigc/比赛+课题/ECNU_EYU_data/work_space/G1/results/missing_t2w_completion/run_3104668/BraTS-MET-00698-000/BraTS-MET-00698-000-seg.nii.gz,work_space/G2/results/synthetic_normalized/BraTS-MET-00698-000/BraTS-MET-00698-000-seg.nii.gz,nnunet_raw/Dataset261_BraTS2026_MET_RealSynth/labelsTr/BraTSMET_000497.nii.gz,native_2026,keep_native_2026_suffix,accepted_for_evaluation,False,True,False,False
BraTS-MET-00700-000,BraTS-MET-00700-000,BraTSMET_000499,BraTS-MET-00700-000,run_3104668,t1n,0000,/Users/hwaigc/比赛+课题/ECNU_EYU_data/work_space/G1/results/missing_t2w_completion/run_3104668/BraTS-MET-00700-000/BraTS-MET-00700-000-t1n.nii.gz,work_space/G2/results/synthetic_normalized/BraTS-MET-00700-000/BraTS-MET-00700-000-t1n.nii.gz,nnunet_raw/Dataset261_BraTS2026_MET_RealSynth/imagesTr/BraTSMET_000499_0000.nii.gz,native_2026,keep_native_2026_suffix,accepted_for_training,True,False,False,False
BraTS-MET-00700-000,BraTS-MET-00700-000,BraTSMET_000499,BraTS-MET-00700-000,run_3104668,t1c,0001,/Users/hwaigc/比赛+课题/ECNU_EYU_data/work_space/G1/results/missing_t2w_completion/run_3104668/BraTS-MET-00700-000/BraTS-MET-00700-000-t1c.nii.gz,work_space/G2/results/synthetic_normalized/BraTS-MET-00700-000/BraTS-MET-00700-000-t1c.nii.gz,nnunet_raw/Dataset261_BraTS2026_MET_RealSynth/imagesTr/BraTSMET_000499_0001.nii.gz,native_2026,keep_native_2026_suffix,accepted_for_training,True,False,False,False
BraTS-MET-00700-000,BraTS-MET-00700-000,BraTSMET_000499,BraTS-MET-00700-000,run_3104668,t2w,0002,/Users/hwaigc/比赛+课题/ECNU_EYU_data/work_space/G1/results/missing_t2w_completion/run_3104668/BraTS-MET-00700-000/BraTS-MET-00700-000-t2w.nii.gz,work_space/G2/results/synthetic_normalized/BraTS-MET-00700-000/BraTS-MET-00700-000-t2w.nii.gz,nnunet_raw/Dataset261_BraTS2026_MET_RealSynth/imagesTr/BraTSMET_000499_0002.nii.gz,native_2026,keep_native_2026_suffix,accepted_for_training,True,False,False,False
BraTS-MET-00700-000,BraTS-MET-00700-000,BraTSMET_000499,BraTS-MET-00700-000,run_3104668,t2f,0003,/Users/hwaigc/比赛+课题/ECNU_EYU_data/work_space/G1/results/missing_t2w_completion/run_3104668/BraTS-MET-00700-000/BraTS-MET-00700-000-t2f.nii.gz,work_space/G2/results/synthetic_normalized/BraTS-MET-00700-000/BraTS-MET-00700-000-t2f.nii.gz,nnunet_raw/Dataset261_BraTS2026_MET_RealSynth/imagesTr/BraTSMET_000499_0003.nii.gz,native_2026,keep_native_2026_suffix,accepted_for_training,True,False,False,False
BraTS-MET-00700-000,BraTS-MET-00700-000,BraTSMET_000499,BraTS-MET-00700-000,run_3104668,seg,label,/Users/hwaigc/比赛+课题/ECNU_EYU_data/work_space/G1/results/missing_t2w_completion/run_3104668/BraTS-MET-00700-000/BraTS-MET-00700-000-seg.nii.gz,work_space/G2/results/synthetic_normalized/BraTS-MET-00700-000/BraTS-MET-00700-000-seg.nii.gz,nnunet_raw/Dataset261_BraTS2026_MET_RealSynth/labelsTr/BraTSMET_000499.nii.gz,native_2026,keep_native_2026_suffix,accepted_for_training,True,False,False,False
BraTS-MET-00700-001,BraTS-MET-00700-001,BraTSMET_000500,BraTS-MET-00700-001,run_3104668,t1n,0000,/Users/hwaigc/比赛+课题/ECNU_EYU_data/work_space/G1/results/missing_t2w_completion/run_3104668/BraTS-MET-00700-001/BraTS-MET-00700-001-t1n.nii.gz,work_space/G2/results/synthetic_normalized/BraTS-MET-00700-001/BraTS-MET-00700-001-t1n.nii.gz,nnunet_raw/Dataset261_BraTS2026_MET_RealSynth/imagesTr/BraTSMET_000500_0000.nii.gz,native_2026,keep_native_2026_suffix,accepted_for_training,True,False,False,False
BraTS-MET-00700-001,BraTS-MET-00700-001,BraTSMET_000500,BraTS-MET-00700-001,run_3104668,t1c,0001,/Users/hwaigc/比赛+课题/ECNU_EYU_data/work_space/G1/results/missing_t2w_completion/run_3104668/BraTS-MET-00700-001/BraTS-MET-00700-001-t1c.nii.gz,work_space/G2/results/synthetic_normalized/BraTS-MET-00700-001/BraTS-MET-00700-001-t1c.nii.gz,nnunet_raw/Dataset261_BraTS2026_MET_RealSynth/imagesTr/BraTSMET_000500_0001.nii.gz,native_2026,keep_native_2026_suffix,accepted_for_training,True,False,False,False
BraTS-MET-00700-001,BraTS-MET-00700-001,BraTSMET_000500,BraTS-MET-00700-001,run_3104668,t2w,0002,/Users/hwaigc/比赛+课题/ECNU_EYU_data/work_space/G1/results/missing_t2w_completion/run_3104668/BraTS-MET-00700-001/BraTS-MET-00700-001-t2w.nii.gz,work_space/G2/results/synthetic_normalized/BraTS-MET-00700-001/BraTS-MET-00700-001-t2w.nii.gz,nnunet_raw/Dataset261_BraTS2026_MET_RealSynth/imagesTr/BraTSMET_000500_0002.nii.gz,native_2026,keep_native_2026_suffix,accepted_for_training,True,False,False,False
BraTS-MET-00700-001,BraTS-MET-00700-001,BraTSMET_000500,BraTS-MET-00700-001,run_3104668,t2f,0003,/Users/hwaigc/比赛+课题/ECNU_EYU_data/work_space/G1/results/missing_t2w_completion/run_3104668/BraTS-MET-00700-001/BraTS-MET-00700-001-t2f.nii.gz,work_space/G2/results/synthetic_normalized/BraTS-MET-00700-001/BraTS-MET-00700-001-t2f.nii.gz,nnunet_raw/Dataset261_BraTS2026_MET_RealSynth/imagesTr/BraTSMET_000500_0003.nii.gz,native_2026,keep_native_2026_suffix,accepted_for_training,True,False,False,False
BraTS-MET-00700-001,BraTS-MET-00700-001,BraTSMET_000500,BraTS-MET-00700-001,run_3104668,seg,label,/Users/hwaigc/比赛+课题/ECNU_EYU_data/work_space/G1/results/missing_t2w_completion/run_3104668/BraTS-MET-00700-001/BraTS-MET-00700-001-seg.nii.gz,work_space/G2/results/synthetic_normalized/BraTS-MET-00700-001/BraTS-MET-00700-001-seg.nii.gz,nnunet_raw/Dataset261_BraTS2026_MET_RealSynth/labelsTr/BraTSMET_000500.nii.gz,native_2026,keep_native_2026_suffix,accepted_for_training,True,False,False,False
BraTS-MET-00700-002,BraTS-MET-00700-002,BraTSMET_000501,BraTS-MET-00700-002,run_3104668,t1n,0000,/Users/hwaigc/比赛+课题/ECNU_EYU_data/work_space/G1/results/missing_t2w_completion/run_3104668/BraTS-MET-00700-002/BraTS-MET-00700-002-t1n.nii.gz,work_space/G2/results/synthetic_normalized/BraTS-MET-00700-002/BraTS-MET-00700-002-t1n.nii.gz,nnunet_raw/Dataset261_BraTS2026_MET_RealSynth/imagesTr/BraTSMET_000501_0000.nii.gz,native_2026,keep_native_2026_suffix,accepted_for_training,True,False,False,False
BraTS-MET-00700-002,BraTS-MET-00700-002,BraTSMET_000501,BraTS-MET-00700-002,run_3104668,t1c,0001,/Users/hwaigc/比赛+课题/ECNU_EYU_data/work_space/G1/results/missing_t2w_completion/run_3104668/BraTS-MET-00700-002/BraTS-MET-00700-002-t1c.nii.gz,work_space/G2/results/synthetic_normalized/BraTS-MET-00700-002/BraTS-MET-00700-002-t1c.nii.gz,nnunet_raw/Dataset261_BraTS2026_MET_RealSynth/imagesTr/BraTSMET_000501_0001.nii.gz,native_2026,keep_native_2026_suffix,accepted_for_training,True,False,False,False
BraTS-MET-00700-002,BraTS-MET-00700-002,BraTSMET_000501,BraTS-MET-00700-002,run_3104668,t2w,0002,/Users/hwaigc/比赛+课题/ECNU_EYU_data/work_space/G1/results/missing_t2w_completion/run_3104668/BraTS-MET-00700-002/BraTS-MET-00700-002-t2w.nii.gz,work_space/G2/results/synthetic_normalized/BraTS-MET-00700-002/BraTS-MET-00700-002-t2w.nii.gz,nnunet_raw/Dataset261_BraTS2026_MET_RealSynth/imagesTr/BraTSMET_000501_0002.nii.gz,native_2026,keep_native_2026_suffix,accepted_for_training,True,False,False,False
BraTS-MET-00700-002,BraTS-MET-00700-002,BraTSMET_000501,BraTS-MET-00700-002,run_3104668,t2f,0003,/Users/hwaigc/比赛+课题/ECNU_EYU_data/work_space/G1/results/missing_t2w_completion/run_3104668/BraTS-MET-00700-002/BraTS-MET-00700-002-t2f.nii.gz,work_space/G2/results/synthetic_normalized/BraTS-MET-00700-002/BraTS-MET-00700-002-t2f.nii.gz,nnunet_raw/Dataset261_BraTS2026_MET_RealSynth/imagesTr/BraTSMET_000501_0003.nii.gz,native_2026,keep_native_2026_suffix,accepted_for_training,True,False,False,False
BraTS-MET-00700-002,BraTS-MET-00700-002,BraTSMET_000501,BraTS-MET-00700-002,run_3104668,seg,label,/Users/hwaigc/比赛+课题/ECNU_EYU_data/work_space/G1/results/missing_t2w_completion/run_3104668/BraTS-MET-00700-002/BraTS-MET-00700-002-seg.nii.gz,work_space/G2/results/synthetic_normalized/BraTS-MET-00700-002/BraTS-MET-00700-002-seg.nii.gz,nnunet_raw/Dataset261_BraTS2026_MET_RealSynth/labelsTr/BraTSMET_000501.nii.gz,native_2026,keep_native_2026_suffix,accepted_for_training,True,False,False,False
BraTS-MET-00701-000,BraTS-MET-00701-000,BraTSMET_000502,BraTS-MET-00701-000,run_3104668,t1n,0000,/Users/hwaigc/比赛+课题/ECNU_EYU_data/work_space/G1/results/missing_t2w_completion/run_3104668/BraTS-MET-00701-000/BraTS-MET-00701-000-t1n.nii.gz,work_space/G2/results/synthetic_normalized/BraTS-MET-00701-000/BraTS-MET-00701-000-t1n.nii.gz,nnunet_raw/Dataset261_BraTS2026_MET_RealSynth/imagesTr/BraTSMET_000502_0000.nii.gz,native_2026,keep_native_2026_suffix,accepted_for_training,True,False,False,False
BraTS-MET-00701-000,BraTS-MET-00701-000,BraTSMET_000502,BraTS-MET-00701-000,run_3104668,t1c,0001,/Users/hwaigc/比赛+课题/ECNU_EYU_data/work_space/G1/results/missing_t2w_completion/run_3104668/BraTS-MET-00701-000/BraTS-MET-00701-000-t1c.nii.gz,work_space/G2/results/synthetic_normalized/BraTS-MET-00701-000/BraTS-MET-00701-000-t1c.nii.gz,nnunet_raw/Dataset261_BraTS2026_MET_RealSynth/imagesTr/BraTSMET_000502_0001.nii.gz,native_2026,keep_native_2026_suffix,accepted_for_training,True,False,False,False
BraTS-MET-00701-000,BraTS-MET-00701-000,BraTSMET_000502,BraTS-MET-00701-000,run_3104668,t2w,0002,/Users/hwaigc/比赛+课题/ECNU_EYU_data/work_space/G1/results/missing_t2w_completion/run_3104668/BraTS-MET-00701-000/BraTS-MET-00701-000-t2w.nii.gz,work_space/G2/results/synthetic_normalized/BraTS-MET-00701-000/BraTS-MET-00701-000-t2w.nii.gz,nnunet_raw/Dataset261_BraTS2026_MET_RealSynth/imagesTr/BraTSMET_000502_0002.nii.gz,native_2026,keep_native_2026_suffix,accepted_for_training,True,False,False,False
BraTS-MET-00701-000,BraTS-MET-00701-000,BraTSMET_000502,BraTS-MET-00701-000,run_3104668,t2f,0003,/Users/hwaigc/比赛+课题/ECNU_EYU_data/work_space/G1/results/missing_t2w_completion/run_3104668/BraTS-MET-00701-000/BraTS-MET-00701-000-t2f.nii.gz,work_space/G2/results/synthetic_normalized/BraTS-MET-00701-000/BraTS-MET-00701-000-t2f.nii.gz,nnunet_raw/Dataset261_BraTS2026_MET_RealSynth/imagesTr/BraTSMET_000502_0003.nii.gz,native_2026,keep_native_2026_suffix,accepted_for_training,True,False,False,False
BraTS-MET-00701-000,BraTS-MET-00701-000,BraTSMET_000502,BraTS-MET-00701-000,run_3104668,seg,label,/Users/hwaigc/比赛+课题/ECNU_EYU_data/work_space/G1/results/missing_t2w_completion/run_3104668/BraTS-MET-00701-000/BraTS-MET-00701-000-seg.nii.gz,work_space/G2/results/synthetic_normalized/BraTS-MET-00701-000/BraTS-MET-00701-000-seg.nii.gz,nnunet_raw/Dataset261_BraTS2026_MET_RealSynth/labelsTr/BraTSMET_000502.nii.gz,native_2026,keep_native_2026_suffix,accepted_for_training,True,False,False,False
BraTS-MET-00702-000,BraTS-MET-00702-000,BraTSMET_000503,BraTS-MET-00702-000,run_3104668,t1n,0000,/Users/hwaigc/比赛+课题/ECNU_EYU_data/work_space/G1/results/missing_t2w_completion/run_3104668/BraTS-MET-00702-000/BraTS-MET-00702-000-t1n.nii.gz,work_space/G2/results/synthetic_normalized/BraTS-MET-00702-000/BraTS-MET-00702-000-t1n.nii.gz,nnunet_raw/Dataset261_BraTS2026_MET_RealSynth/imagesTr/BraTSMET_000503_0000.nii.gz,native_2026,keep_native_2026_suffix,accepted_for_training,True,False,False,False
BraTS-MET-00702-000,BraTS-MET-00702-000,BraTSMET_000503,BraTS-MET-00702-000,run_3104668,t1c,0001,/Users/hwaigc/比赛+课题/ECNU_EYU_data/work_space/G1/results/missing_t2w_completion/run_3104668/BraTS-MET-00702-000/BraTS-MET-00702-000-t1c.nii.gz,work_space/G2/results/synthetic_normalized/BraTS-MET-00702-000/BraTS-MET-00702-000-t1c.nii.gz,nnunet_raw/Dataset261_BraTS2026_MET_RealSynth/imagesTr/BraTSMET_000503_0001.nii.gz,native_2026,keep_native_2026_suffix,accepted_for_training,True,False,False,False
BraTS-MET-00702-000,BraTS-MET-00702-000,BraTSMET_000503,BraTS-MET-00702-000,run_3104668,t2w,0002,/Users/hwaigc/比赛+课题/ECNU_EYU_data/work_space/G1/results/missing_t2w_completion/run_3104668/BraTS-MET-00702-000/BraTS-MET-00702-000-t2w.nii.gz,work_space/G2/results/synthetic_normalized/BraTS-MET-00702-000/BraTS-MET-00702-000-t2w.nii.gz,nnunet_raw/Dataset261_BraTS2026_MET_RealSynth/imagesTr/BraTSMET_000503_0002.nii.gz,native_2026,keep_native_2026_suffix,accepted_for_training,True,False,False,False
BraTS-MET-00702-000,BraTS-MET-00702-000,BraTSMET_000503,BraTS-MET-00702-000,run_3104668,t2f,0003,/Users/hwaigc/比赛+课题/ECNU_EYU_data/work_space/G1/results/missing_t2w_completion/run_3104668/BraTS-MET-00702-000/BraTS-MET-00702-000-t2f.nii.gz,work_space/G2/results/synthetic_normalized/BraTS-MET-00702-000/BraTS-MET-00702-000-t2f.nii.gz,nnunet_raw/Dataset261_BraTS2026_MET_RealSynth/imagesTr/BraTSMET_000503_0003.nii.gz,native_2026,keep_native_2026_suffix,accepted_for_training,True,False,False,False
BraTS-MET-00702-000,BraTS-MET-00702-000,BraTSMET_000503,BraTS-MET-00702-000,run_3104668,seg,label,/Users/hwaigc/比赛+课题/ECNU_EYU_data/work_space/G1/results/missing_t2w_completion/run_3104668/BraTS-MET-00702-000/BraTS-MET-00702-000-seg.nii.gz,work_space/G2/results/synthetic_normalized/BraTS-MET-00702-000/BraTS-MET-00702-000-seg.nii.gz,nnunet_raw/Dataset261_BraTS2026_MET_RealSynth/labelsTr/BraTSMET_000503.nii.gz,native_2026,keep_native_2026_suffix,accepted_for_training,True,False,False,False
BraTS-MET-00702-001,BraTS-MET-00702-001,BraTSMET_000504,BraTS-MET-00702-001,run_3104668,t1n,0000,/Users/hwaigc/比赛+课题/ECNU_EYU_data/work_space/G1/results/missing_t2w_completion/run_3104668/BraTS-MET-00702-001/BraTS-MET-00702-001-t1n.nii.gz,work_space/G2/results/synthetic_normalized/BraTS-MET-00702-001/BraTS-MET-00702-001-t1n.nii.gz,nnunet_raw/Dataset261_BraTS2026_MET_RealSynth/imagesTr/BraTSMET_000504_0000.nii.gz,native_2026,keep_native_2026_suffix,accepted_for_training,True,False,False,False
BraTS-MET-00702-001,BraTS-MET-00702-001,BraTSMET_000504,BraTS-MET-00702-001,run_3104668,t1c,0001,/Users/hwaigc/比赛+课题/ECNU_EYU_data/work_space/G1/results/missing_t2w_completion/run_3104668/BraTS-MET-00702-001/BraTS-MET-00702-001-t1c.nii.gz,work_space/G2/results/synthetic_normalized/BraTS-MET-00702-001/BraTS-MET-00702-001-t1c.nii.gz,nnunet_raw/Dataset261_BraTS2026_MET_RealSynth/imagesTr/BraTSMET_000504_0001.nii.gz,native_2026,keep_native_2026_suffix,accepted_for_training,True,False,False,False
BraTS-MET-00702-001,BraTS-MET-00702-001,BraTSMET_000504,BraTS-MET-00702-001,run_3104668,t2w,0002,/Users/hwaigc/比赛+课题/ECNU_EYU_data/work_space/G1/results/missing_t2w_completion/run_3104668/BraTS-MET-00702-001/BraTS-MET-00702-001-t2w.nii.gz,work_space/G2/results/synthetic_normalized/BraTS-MET-00702-001/BraTS-MET-00702-001-t2w.nii.gz,nnunet_raw/Dataset261_BraTS2026_MET_RealSynth/imagesTr/BraTSMET_000504_0002.nii.gz,native_2026,keep_native_2026_suffix,accepted_for_training,True,False,False,False
BraTS-MET-00702-001,BraTS-MET-00702-001,BraTSMET_000504,BraTS-MET-00702-001,run_3104668,t2f,0003,/Users/hwaigc/比赛+课题/ECNU_EYU_data/work_space/G1/results/missing_t2w_completion/run_3104668/BraTS-MET-00702-001/BraTS-MET-00702-001-t2f.nii.gz,work_space/G2/results/synthetic_normalized/BraTS-MET-00702-001/BraTS-MET-00702-001-t2f.nii.gz,nnunet_raw/Dataset261_BraTS2026_MET_RealSynth/imagesTr/BraTSMET_000504_0003.nii.gz,native_2026,keep_native_2026_suffix,accepted_for_training,True,False,False,False
BraTS-MET-00702-001,BraTS-MET-00702-001,BraTSMET_000504,BraTS-MET-00702-001,run_3104668,seg,label,/Users/hwaigc/比赛+课题/ECNU_EYU_data/work_space/G1/results/missing_t2w_completion/run_3104668/BraTS-MET-00702-001/BraTS-MET-00702-001-seg.nii.gz,work_space/G2/results/synthetic_normalized/BraTS-MET-00702-001/BraTS-MET-00702-001-seg.nii.gz,nnunet_raw/Dataset261_BraTS2026_MET_RealSynth/labelsTr/BraTSMET_000504.nii.gz,native_2026,keep_native_2026_suffix,accepted_for_training,True,False,False,False
BraTS-MET-00703-001,BraTS-MET-00703-001,BraTSMET_000507,BraTS-MET-00703-001,run_3104668,t1n,0000,/Users/hwaigc/比赛+课题/ECNU_EYU_data/work_space/G1/results/missing_t2w_completion/run_3104668/BraTS-MET-00703-001/BraTS-MET-00703-001-t1n.nii.gz,work_space/G2/results/synthetic_normalized/BraTS-MET-00703-001/BraTS-MET-00703-001-t1n.nii.gz,nnunet_raw/Dataset261_BraTS2026_MET_RealSynth/imagesTr/BraTSMET_000507_0000.nii.gz,native_2026,keep_native_2026_suffix,accepted_for_training,True,False,False,False
BraTS-MET-00703-001,BraTS-MET-00703-001,BraTSMET_000507,BraTS-MET-00703-001,run_3104668,t1c,0001,/Users/hwaigc/比赛+课题/ECNU_EYU_data/work_space/G1/results/missing_t2w_completion/run_3104668/BraTS-MET-00703-001/BraTS-MET-00703-001-t1c.nii.gz,work_space/G2/results/synthetic_normalized/BraTS-MET-00703-001/BraTS-MET-00703-001-t1c.nii.gz,nnunet_raw/Dataset261_BraTS2026_MET_RealSynth/imagesTr/BraTSMET_000507_0001.nii.gz,native_2026,keep_native_2026_suffix,accepted_for_training,True,False,False,False
BraTS-MET-00703-001,BraTS-MET-00703-001,BraTSMET_000507,BraTS-MET-00703-001,run_3104668,t2w,0002,/Users/hwaigc/比赛+课题/ECNU_EYU_data/work_space/G1/results/missing_t2w_completion/run_3104668/BraTS-MET-00703-001/BraTS-MET-00703-001-t2w.nii.gz,work_space/G2/results/synthetic_normalized/BraTS-MET-00703-001/BraTS-MET-00703-001-t2w.nii.gz,nnunet_raw/Dataset261_BraTS2026_MET_RealSynth/imagesTr/BraTSMET_000507_0002.nii.gz,native_2026,keep_native_2026_suffix,accepted_for_training,True,False,False,False
BraTS-MET-00703-001,BraTS-MET-00703-001,BraTSMET_000507,BraTS-MET-00703-001,run_3104668,t2f,0003,/Users/hwaigc/比赛+课题/ECNU_EYU_data/work_space/G1/results/missing_t2w_completion/run_3104668/BraTS-MET-00703-001/BraTS-MET-00703-001-t2f.nii.gz,work_space/G2/results/synthetic_normalized/BraTS-MET-00703-001/BraTS-MET-00703-001-t2f.nii.gz,nnunet_raw/Dataset261_BraTS2026_MET_RealSynth/imagesTr/BraTSMET_000507_0003.nii.gz,native_2026,keep_native_2026_suffix,accepted_for_training,True,False,False,False
BraTS-MET-00703-001,BraTS-MET-00703-001,BraTSMET_000507,BraTS-MET-00703-001,run_3104668,seg,label,/Users/hwaigc/比赛+课题/ECNU_EYU_data/work_space/G1/results/missing_t2w_completion/run_3104668/BraTS-MET-00703-001/BraTS-MET-00703-001-seg.nii.gz,work_space/G2/results/synthetic_normalized/BraTS-MET-00703-001/BraTS-MET-00703-001-seg.nii.gz,nnunet_raw/Dataset261_BraTS2026_MET_RealSynth/labelsTr/BraTSMET_000507.nii.gz,native_2026,keep_native_2026_suffix,accepted_for_training,True,False,False,False
BraTS-MET-00704-000,BraTS-MET-00704-000,BraTSMET_000508,BraTS-MET-00704-000,run_3104668,t1n,0000,/Users/hwaigc/比赛+课题/ECNU_EYU_data/work_space/G1/results/missing_t2w_completion/run_3104668/BraTS-MET-00704-000/BraTS-MET-00704-000-t1n.nii.gz,work_space/G2/results/synthetic_normalized/BraTS-MET-00704-000/BraTS-MET-00704-000-t1n.nii.gz,nnunet_raw/Dataset261_BraTS2026_MET_RealSynth/imagesTs/BraTSMET_000508_0000.nii.gz,native_2026,keep_native_2026_suffix,accepted_for_evaluation,False,True,False,False
BraTS-MET-00704-000,BraTS-MET-00704-000,BraTSMET_000508,BraTS-MET-00704-000,run_3104668,t1c,0001,/Users/hwaigc/比赛+课题/ECNU_EYU_data/work_space/G1/results/missing_t2w_completion/run_3104668/BraTS-MET-00704-000/BraTS-MET-00704-000-t1c.nii.gz,work_space/G2/results/synthetic_normalized/BraTS-MET-00704-000/BraTS-MET-00704-000-t1c.nii.gz,nnunet_raw/Dataset261_BraTS2026_MET_RealSynth/imagesTs/BraTSMET_000508_0001.nii.gz,native_2026,keep_native_2026_suffix,accepted_for_evaluation,False,True,False,False
BraTS-MET-00704-000,BraTS-MET-00704-000,BraTSMET_000508,BraTS-MET-00704-000,run_3104668,t2w,0002,/Users/hwaigc/比赛+课题/ECNU_EYU_data/work_space/G1/results/missing_t2w_completion/run_3104668/BraTS-MET-00704-000/BraTS-MET-00704-000-t2w.nii.gz,work_space/G2/results/synthetic_normalized/BraTS-MET-00704-000/BraTS-MET-00704-000-t2w.nii.gz,nnunet_raw/Dataset261_BraTS2026_MET_RealSynth/imagesTs/BraTSMET_000508_0002.nii.gz,native_2026,keep_native_2026_suffix,accepted_for_evaluation,False,True,False,False
BraTS-MET-00704-000,BraTS-MET-00704-000,BraTSMET_000508,BraTS-MET-00704-000,run_3104668,t2f,0003,/Users/hwaigc/比赛+课题/ECNU_EYU_data/work_space/G1/results/missing_t2w_completion/run_3104668/BraTS-MET-00704-000/BraTS-MET-00704-000-t2f.nii.gz,work_space/G2/results/synthetic_normalized/BraTS-MET-00704-000/BraTS-MET-00704-000-t2f.nii.gz,nnunet_raw/Dataset261_BraTS2026_MET_RealSynth/imagesTs/BraTSMET_000508_0003.nii.gz,native_2026,keep_native_2026_suffix,accepted_for_evaluation,False,True,False,False
BraTS-MET-00704-000,BraTS-MET-00704-000,BraTSMET_000508,BraTS-MET-00704-000,run_3104668,seg,label,/Users/hwaigc/比赛+课题/ECNU_EYU_data/work_space/G1/results/missing_t2w_completion/run_3104668/BraTS-MET-00704-000/BraTS-MET-00704-000-seg.nii.gz,work_space/G2/results/synthetic_normalized/BraTS-MET-00704-000/BraTS-MET-00704-000-seg.nii.gz,nnunet_raw/Dataset261_BraTS2026_MET_RealSynth/labelsTs/BraTSMET_000508.nii.gz,native_2026,keep_native_2026_suffix,accepted_for_evaluation,False,True,False,False
BraTS-MET-00707-000,BraTS-MET-00707-000,BraTSMET_000511,BraTS-MET-00707-000,run_3104668,t1n,0000,/Users/hwaigc/比赛+课题/ECNU_EYU_data/work_space/G1/results/missing_t2w_completion/run_3104668/BraTS-MET-00707-000/BraTS-MET-00707-000-t1n.nii.gz,work_space/G2/results/synthetic_normalized/BraTS-MET-00707-000/BraTS-MET-00707-000-t1n.nii.gz,nnunet_raw/Dataset261_BraTS2026_MET_RealSynth/imagesTr/BraTSMET_000511_0000.nii.gz,native_2026,keep_native_2026_suffix,accepted_for_training,True,False,False,False
BraTS-MET-00707-000,BraTS-MET-00707-000,BraTSMET_000511,BraTS-MET-00707-000,run_3104668,t1c,0001,/Users/hwaigc/比赛+课题/ECNU_EYU_data/work_space/G1/results/missing_t2w_completion/run_3104668/BraTS-MET-00707-000/BraTS-MET-00707-000-t1c.nii.gz,work_space/G2/results/synthetic_normalized/BraTS-MET-00707-000/BraTS-MET-00707-000-t1c.nii.gz,nnunet_raw/Dataset261_BraTS2026_MET_RealSynth/imagesTr/BraTSMET_000511_0001.nii.gz,native_2026,keep_native_2026_suffix,accepted_for_training,True,False,False,False
BraTS-MET-00707-000,BraTS-MET-00707-000,BraTSMET_000511,BraTS-MET-00707-000,run_3104668,t2w,0002,/Users/hwaigc/比赛+课题/ECNU_EYU_data/work_space/G1/results/missing_t2w_completion/run_3104668/BraTS-MET-00707-000/BraTS-MET-00707-000-t2w.nii.gz,work_space/G2/results/synthetic_normalized/BraTS-MET-00707-000/BraTS-MET-00707-000-t2w.nii.gz,nnunet_raw/Dataset261_BraTS2026_MET_RealSynth/imagesTr/BraTSMET_000511_0002.nii.gz,native_2026,keep_native_2026_suffix,accepted_for_training,True,False,False,False
BraTS-MET-00707-000,BraTS-MET-00707-000,BraTSMET_000511,BraTS-MET-00707-000,run_3104668,t2f,0003,/Users/hwaigc/比赛+课题/ECNU_EYU_data/work_space/G1/results/missing_t2w_completion/run_3104668/BraTS-MET-00707-000/BraTS-MET-00707-000-t2f.nii.gz,work_space/G2/results/synthetic_normalized/BraTS-MET-00707-000/BraTS-MET-00707-000-t2f.nii.gz,nnunet_raw/Dataset261_BraTS2026_MET_RealSynth/imagesTr/BraTSMET_000511_0003.nii.gz,native_2026,keep_native_2026_suffix,accepted_for_training,True,False,False,False
BraTS-MET-00707-000,BraTS-MET-00707-000,BraTSMET_000511,BraTS-MET-00707-000,run_3104668,seg,label,/Users/hwaigc/比赛+课题/ECNU_EYU_data/work_space/G1/results/missing_t2w_completion/run_3104668/BraTS-MET-00707-000/BraTS-MET-00707-000-seg.nii.gz,work_space/G2/results/synthetic_normalized/BraTS-MET-00707-000/BraTS-MET-00707-000-seg.nii.gz,nnunet_raw/Dataset261_BraTS2026_MET_RealSynth/labelsTr/BraTSMET_000511.nii.gz,native_2026,keep_native_2026_suffix,accepted_for_training,True,False,False,False
BraTS-MET-00708-000,BraTS-MET-00708-000,BraTSMET_000512,BraTS-MET-00708-000,run_3104668,t1n,0000,/Users/hwaigc/比赛+课题/ECNU_EYU_data/work_space/G1/results/missing_t2w_completion/run_3104668/BraTS-MET-00708-000/BraTS-MET-00708-000-t1n.nii.gz,work_space/G2/results/synthetic_normalized/BraTS-MET-00708-000/BraTS-MET-00708-000-t1n.nii.gz,nnunet_raw/Dataset261_BraTS2026_MET_RealSynth/imagesTr/BraTSMET_000512_0000.nii.gz,native_2026,keep_native_2026_suffix,accepted_for_training,True,False,False,False
BraTS-MET-00708-000,BraTS-MET-00708-000,BraTSMET_000512,BraTS-MET-00708-000,run_3104668,t1c,0001,/Users/hwaigc/比赛+课题/ECNU_EYU_data/work_space/G1/results/missing_t2w_completion/run_3104668/BraTS-MET-00708-000/BraTS-MET-00708-000-t1c.nii.gz,work_space/G2/results/synthetic_normalized/BraTS-MET-00708-000/BraTS-MET-00708-000-t1c.nii.gz,nnunet_raw/Dataset261_BraTS2026_MET_RealSynth/imagesTr/BraTSMET_000512_0001.nii.gz,native_2026,keep_native_2026_suffix,accepted_for_training,True,False,False,False
BraTS-MET-00708-000,BraTS-MET-00708-000,BraTSMET_000512,BraTS-MET-00708-000,run_3104668,t2w,0002,/Users/hwaigc/比赛+课题/ECNU_EYU_data/work_space/G1/results/missing_t2w_completion/run_3104668/BraTS-MET-00708-000/BraTS-MET-00708-000-t2w.nii.gz,work_space/G2/results/synthetic_normalized/BraTS-MET-00708-000/BraTS-MET-00708-000-t2w.nii.gz,nnunet_raw/Dataset261_BraTS2026_MET_RealSynth/imagesTr/BraTSMET_000512_0002.nii.gz,native_2026,keep_native_2026_suffix,accepted_for_training,True,False,False,False
BraTS-MET-00708-000,BraTS-MET-00708-000,BraTSMET_000512,BraTS-MET-00708-000,run_3104668,t2f,0003,/Users/hwaigc/比赛+课题/ECNU_EYU_data/work_space/G1/results/missing_t2w_completion/run_3104668/BraTS-MET-00708-000/BraTS-MET-00708-000-t2f.nii.gz,work_space/G2/results/synthetic_normalized/BraTS-MET-00708-000/BraTS-MET-00708-000-t2f.nii.gz,nnunet_raw/Dataset261_BraTS2026_MET_RealSynth/imagesTr/BraTSMET_000512_0003.nii.gz,native_2026,keep_native_2026_suffix,accepted_for_training,True,False,False,False
BraTS-MET-00708-000,BraTS-MET-00708-000,BraTSMET_000512,BraTS-MET-00708-000,run_3104668,seg,label,/Users/hwaigc/比赛+课题/ECNU_EYU_data/work_space/G1/results/missing_t2w_completion/run_3104668/BraTS-MET-00708-000/BraTS-MET-00708-000-seg.nii.gz,work_space/G2/results/synthetic_normalized/BraTS-MET-00708-000/BraTS-MET-00708-000-seg.nii.gz,nnunet_raw/Dataset261_BraTS2026_MET_RealSynth/labelsTr/BraTSMET_000512.nii.gz,native_2026,keep_native_2026_suffix,accepted_for_training,True,False,False,False
BraTS-MET-00708-001,BraTS-MET-00708-001,BraTSMET_000513,BraTS-MET-00708-001,run_3104668,t1n,0000,/Users/hwaigc/比赛+课题/ECNU_EYU_data/work_space/G1/results/missing_t2w_completion/run_3104668/BraTS-MET-00708-001/BraTS-MET-00708-001-t1n.nii.gz,work_space/G2/results/synthetic_normalized/BraTS-MET-00708-001/BraTS-MET-00708-001-t1n.nii.gz,nnunet_raw/Dataset261_BraTS2026_MET_RealSynth/imagesTr/BraTSMET_000513_0000.nii.gz,native_2026,keep_native_2026_suffix,accepted_for_training,True,False,False,False
BraTS-MET-00708-001,BraTS-MET-00708-001,BraTSMET_000513,BraTS-MET-00708-001,run_3104668,t1c,0001,/Users/hwaigc/比赛+课题/ECNU_EYU_data/work_space/G1/results/missing_t2w_completion/run_3104668/BraTS-MET-00708-001/BraTS-MET-00708-001-t1c.nii.gz,work_space/G2/results/synthetic_normalized/BraTS-MET-00708-001/BraTS-MET-00708-001-t1c.nii.gz,nnunet_raw/Dataset261_BraTS2026_MET_RealSynth/imagesTr/BraTSMET_000513_0001.nii.gz,native_2026,keep_native_2026_suffix,accepted_for_training,True,False,False,False
BraTS-MET-00708-001,BraTS-MET-00708-001,BraTSMET_000513,BraTS-MET-00708-001,run_3104668,t2w,0002,/Users/hwaigc/比赛+课题/ECNU_EYU_data/work_space/G1/results/missing_t2w_completion/run_3104668/BraTS-MET-00708-001/BraTS-MET-00708-001-t2w.nii.gz,work_space/G2/results/synthetic_normalized/BraTS-MET-00708-001/BraTS-MET-00708-001-t2w.nii.gz,nnunet_raw/Dataset261_BraTS2026_MET_RealSynth/imagesTr/BraTSMET_000513_0002.nii.gz,native_2026,keep_native_2026_suffix,accepted_for_training,True,False,False,False
BraTS-MET-00708-001,BraTS-MET-00708-001,BraTSMET_000513,BraTS-MET-00708-001,run_3104668,t2f,0003,/Users/hwaigc/比赛+课题/ECNU_EYU_data/work_space/G1/results/missing_t2w_completion/run_3104668/BraTS-MET-00708-001/BraTS-MET-00708-001-t2f.nii.gz,work_space/G2/results/synthetic_normalized/BraTS-MET-00708-001/BraTS-MET-00708-001-t2f.nii.gz,nnunet_raw/Dataset261_BraTS2026_MET_RealSynth/imagesTr/BraTSMET_000513_0003.nii.gz,native_2026,keep_native_2026_suffix,accepted_for_training,True,False,False,False
BraTS-MET-00708-001,BraTS-MET-00708-001,BraTSMET_000513,BraTS-MET-00708-001,run_3104668,seg,label,/Users/hwaigc/比赛+课题/ECNU_EYU_data/work_space/G1/results/missing_t2w_completion/run_3104668/BraTS-MET-00708-001/BraTS-MET-00708-001-seg.nii.gz,work_space/G2/results/synthetic_normalized/BraTS-MET-00708-001/BraTS-MET-00708-001-seg.nii.gz,nnunet_raw/Dataset261_BraTS2026_MET_RealSynth/labelsTr/BraTSMET_000513.nii.gz,native_2026,keep_native_2026_suffix,accepted_for_training,True,False,False,False
BraTS-MET-00709-001,BraTS-MET-00709-001,BraTSMET_000515,BraTS-MET-00709-001,run_3104668,t1n,0000,/Users/hwaigc/比赛+课题/ECNU_EYU_data/work_space/G1/results/missing_t2w_completion/run_3104668/BraTS-MET-00709-001/BraTS-MET-00709-001-t1n.nii.gz,work_space/G2/results/synthetic_normalized/BraTS-MET-00709-001/BraTS-MET-00709-001-t1n.nii.gz,nnunet_raw/Dataset261_BraTS2026_MET_RealSynth/imagesTs/BraTSMET_000515_0000.nii.gz,native_2026,keep_native_2026_suffix,accepted_for_evaluation,False,True,False,False
BraTS-MET-00709-001,BraTS-MET-00709-001,BraTSMET_000515,BraTS-MET-00709-001,run_3104668,t1c,0001,/Users/hwaigc/比赛+课题/ECNU_EYU_data/work_space/G1/results/missing_t2w_completion/run_3104668/BraTS-MET-00709-001/BraTS-MET-00709-001-t1c.nii.gz,work_space/G2/results/synthetic_normalized/BraTS-MET-00709-001/BraTS-MET-00709-001-t1c.nii.gz,nnunet_raw/Dataset261_BraTS2026_MET_RealSynth/imagesTs/BraTSMET_000515_0001.nii.gz,native_2026,keep_native_2026_suffix,accepted_for_evaluation,False,True,False,False
BraTS-MET-00709-001,BraTS-MET-00709-001,BraTSMET_000515,BraTS-MET-00709-001,run_3104668,t2w,0002,/Users/hwaigc/比赛+课题/ECNU_EYU_data/work_space/G1/results/missing_t2w_completion/run_3104668/BraTS-MET-00709-001/BraTS-MET-00709-001-t2w.nii.gz,work_space/G2/results/synthetic_normalized/BraTS-MET-00709-001/BraTS-MET-00709-001-t2w.nii.gz,nnunet_raw/Dataset261_BraTS2026_MET_RealSynth/imagesTs/BraTSMET_000515_0002.nii.gz,native_2026,keep_native_2026_suffix,accepted_for_evaluation,False,True,False,False
BraTS-MET-00709-001,BraTS-MET-00709-001,BraTSMET_000515,BraTS-MET-00709-001,run_3104668,t2f,0003,/Users/hwaigc/比赛+课题/ECNU_EYU_data/work_space/G1/results/missing_t2w_completion/run_3104668/BraTS-MET-00709-001/BraTS-MET-00709-001-t2f.nii.gz,work_space/G2/results/synthetic_normalized/BraTS-MET-00709-001/BraTS-MET-00709-001-t2f.nii.gz,nnunet_raw/Dataset261_BraTS2026_MET_RealSynth/imagesTs/BraTSMET_000515_0003.nii.gz,native_2026,keep_native_2026_suffix,accepted_for_evaluation,False,True,False,False
BraTS-MET-00709-001,BraTS-MET-00709-001,BraTSMET_000515,BraTS-MET-00709-001,run_3104668,seg,label,/Users/hwaigc/比赛+课题/ECNU_EYU_data/work_space/G1/results/missing_t2w_completion/run_3104668/BraTS-MET-00709-001/BraTS-MET-00709-001-seg.nii.gz,work_space/G2/results/synthetic_normalized/BraTS-MET-00709-001/BraTS-MET-00709-001-seg.nii.gz,nnunet_raw/Dataset261_BraTS2026_MET_RealSynth/labelsTs/BraTSMET_000515.nii.gz,native_2026,keep_native_2026_suffix,accepted_for_evaluation,False,True,False,False
BraTS-MET-00710-000,BraTS-MET-00710-000,BraTSMET_000516,BraTS-MET-00710-000,run_3104668,t1n,0000,/Users/hwaigc/比赛+课题/ECNU_EYU_data/work_space/G1/results/missing_t2w_completion/run_3104668/BraTS-MET-00710-000/BraTS-MET-00710-000-t1n.nii.gz,work_space/G2/results/synthetic_normalized/BraTS-MET-00710-000/BraTS-MET-00710-000-t1n.nii.gz,nnunet_raw/Dataset261_BraTS2026_MET_RealSynth/imagesTr/BraTSMET_000516_0000.nii.gz,native_2026,keep_native_2026_suffix,accepted_for_training,True,False,False,False
BraTS-MET-00710-000,BraTS-MET-00710-000,BraTSMET_000516,BraTS-MET-00710-000,run_3104668,t1c,0001,/Users/hwaigc/比赛+课题/ECNU_EYU_data/work_space/G1/results/missing_t2w_completion/run_3104668/BraTS-MET-00710-000/BraTS-MET-00710-000-t1c.nii.gz,work_space/G2/results/synthetic_normalized/BraTS-MET-00710-000/BraTS-MET-00710-000-t1c.nii.gz,nnunet_raw/Dataset261_BraTS2026_MET_RealSynth/imagesTr/BraTSMET_000516_0001.nii.gz,native_2026,keep_native_2026_suffix,accepted_for_training,True,False,False,False
BraTS-MET-00710-000,BraTS-MET-00710-000,BraTSMET_000516,BraTS-MET-00710-000,run_3104668,t2w,0002,/Users/hwaigc/比赛+课题/ECNU_EYU_data/work_space/G1/results/missing_t2w_completion/run_3104668/BraTS-MET-00710-000/BraTS-MET-00710-000-t2w.nii.gz,work_space/G2/results/synthetic_normalized/BraTS-MET-00710-000/BraTS-MET-00710-000-t2w.nii.gz,nnunet_raw/Dataset261_BraTS2026_MET_RealSynth/imagesTr/BraTSMET_000516_0002.nii.gz,native_2026,keep_native_2026_suffix,accepted_for_training,True,False,False,False
BraTS-MET-00710-000,BraTS-MET-00710-000,BraTSMET_000516,BraTS-MET-00710-000,run_3104668,t2f,0003,/Users/hwaigc/比赛+课题/ECNU_EYU_data/work_space/G1/results/missing_t2w_completion/run_3104668/BraTS-MET-00710-000/BraTS-MET-00710-000-t2f.nii.gz,work_space/G2/results/synthetic_normalized/BraTS-MET-00710-000/BraTS-MET-00710-000-t2f.nii.gz,nnunet_raw/Dataset261_BraTS2026_MET_RealSynth/imagesTr/BraTSMET_000516_0003.nii.gz,native_2026,keep_native_2026_suffix,accepted_for_training,True,False,False,False
BraTS-MET-00710-000,BraTS-MET-00710-000,BraTSMET_000516,BraTS-MET-00710-000,run_3104668,seg,label,/Users/hwaigc/比赛+课题/ECNU_EYU_data/work_space/G1/results/missing_t2w_completion/run_3104668/BraTS-MET-00710-000/BraTS-MET-00710-000-seg.nii.gz,work_space/G2/results/synthetic_normalized/BraTS-MET-00710-000/BraTS-MET-00710-000-seg.nii.gz,nnunet_raw/Dataset261_BraTS2026_MET_RealSynth/labelsTr/BraTSMET_000516.nii.gz,native_2026,keep_native_2026_suffix,accepted_for_training,True,False,False,False
BraTS-MET-00711-000,BraTS-MET-00711-000,BraTSMET_000517,BraTS-MET-00711-000,run_3104668,t1n,0000,/Users/hwaigc/比赛+课题/ECNU_EYU_data/work_space/G1/results/missing_t2w_completion/run_3104668/BraTS-MET-00711-000/BraTS-MET-00711-000-t1n.nii.gz,work_space/G2/results/synthetic_normalized/BraTS-MET-00711-000/BraTS-MET-00711-000-t1n.nii.gz,nnunet_raw/Dataset261_BraTS2026_MET_RealSynth/imagesTr/BraTSMET_000517_0000.nii.gz,native_2026,keep_native_2026_suffix,accepted_for_training,True,False,False,False
BraTS-MET-00711-000,BraTS-MET-00711-000,BraTSMET_000517,BraTS-MET-00711-000,run_3104668,t1c,0001,/Users/hwaigc/比赛+课题/ECNU_EYU_data/work_space/G1/results/missing_t2w_completion/run_3104668/BraTS-MET-00711-000/BraTS-MET-00711-000-t1c.nii.gz,work_space/G2/results/synthetic_normalized/BraTS-MET-00711-000/BraTS-MET-00711-000-t1c.nii.gz,nnunet_raw/Dataset261_BraTS2026_MET_RealSynth/imagesTr/BraTSMET_000517_0001.nii.gz,native_2026,keep_native_2026_suffix,accepted_for_training,True,False,False,False
BraTS-MET-00711-000,BraTS-MET-00711-000,BraTSMET_000517,BraTS-MET-00711-000,run_3104668,t2w,0002,/Users/hwaigc/比赛+课题/ECNU_EYU_data/work_space/G1/results/missing_t2w_completion/run_3104668/BraTS-MET-00711-000/BraTS-MET-00711-000-t2w.nii.gz,work_space/G2/results/synthetic_normalized/BraTS-MET-00711-000/BraTS-MET-00711-000-t2w.nii.gz,nnunet_raw/Dataset261_BraTS2026_MET_RealSynth/imagesTr/BraTSMET_000517_0002.nii.gz,native_2026,keep_native_2026_suffix,accepted_for_training,True,False,False,False
BraTS-MET-00711-000,BraTS-MET-00711-000,BraTSMET_000517,BraTS-MET-00711-000,run_3104668,t2f,0003,/Users/hwaigc/比赛+课题/ECNU_EYU_data/work_space/G1/results/missing_t2w_completion/run_3104668/BraTS-MET-00711-000/BraTS-MET-00711-000-t2f.nii.gz,work_space/G2/results/synthetic_normalized/BraTS-MET-00711-000/BraTS-MET-00711-000-t2f.nii.gz,nnunet_raw/Dataset261_BraTS2026_MET_RealSynth/imagesTr/BraTSMET_000517_0003.nii.gz,native_2026,keep_native_2026_suffix,accepted_for_training,True,False,False,False
BraTS-MET-00711-000,BraTS-MET-00711-000,BraTSMET_000517,BraTS-MET-00711-000,run_3104668,seg,label,/Users/hwaigc/比赛+课题/ECNU_EYU_data/work_space/G1/results/missing_t2w_completion/run_3104668/BraTS-MET-00711-000/BraTS-MET-00711-000-seg.nii.gz,work_space/G2/results/synthetic_normalized/BraTS-MET-00711-000/BraTS-MET-00711-000-seg.nii.gz,nnunet_raw/Dataset261_BraTS2026_MET_RealSynth/labelsTr/BraTSMET_000517.nii.gz,native_2026,keep_native_2026_suffix,accepted_for_training,True,False,False,False
BraTS-MET-00711-001,BraTS-MET-00711-001,BraTSMET_000518,BraTS-MET-00711-001,run_3104668,t1n,0000,/Users/hwaigc/比赛+课题/ECNU_EYU_data/work_space/G1/results/missing_t2w_completion/run_3104668/BraTS-MET-00711-001/BraTS-MET-00711-001-t1n.nii.gz,work_space/G2/results/synthetic_normalized/BraTS-MET-00711-001/BraTS-MET-00711-001-t1n.nii.gz,nnunet_raw/Dataset261_BraTS2026_MET_RealSynth/imagesTr/BraTSMET_000518_0000.nii.gz,native_2026,keep_native_2026_suffix,accepted_for_training,True,False,False,False
BraTS-MET-00711-001,BraTS-MET-00711-001,BraTSMET_000518,BraTS-MET-00711-001,run_3104668,t1c,0001,/Users/hwaigc/比赛+课题/ECNU_EYU_data/work_space/G1/results/missing_t2w_completion/run_3104668/BraTS-MET-00711-001/BraTS-MET-00711-001-t1c.nii.gz,work_space/G2/results/synthetic_normalized/BraTS-MET-00711-001/BraTS-MET-00711-001-t1c.nii.gz,nnunet_raw/Dataset261_BraTS2026_MET_RealSynth/imagesTr/BraTSMET_000518_0001.nii.gz,native_2026,keep_native_2026_suffix,accepted_for_training,True,False,False,False
BraTS-MET-00711-001,BraTS-MET-00711-001,BraTSMET_000518,BraTS-MET-00711-001,run_3104668,t2w,0002,/Users/hwaigc/比赛+课题/ECNU_EYU_data/work_space/G1/results/missing_t2w_completion/run_3104668/BraTS-MET-00711-001/BraTS-MET-00711-001-t2w.nii.gz,work_space/G2/results/synthetic_normalized/BraTS-MET-00711-001/BraTS-MET-00711-001-t2w.nii.gz,nnunet_raw/Dataset261_BraTS2026_MET_RealSynth/imagesTr/BraTSMET_000518_0002.nii.gz,native_2026,keep_native_2026_suffix,accepted_for_training,True,False,False,False
BraTS-MET-00711-001,BraTS-MET-00711-001,BraTSMET_000518,BraTS-MET-00711-001,run_3104668,t2f,0003,/Users/hwaigc/比赛+课题/ECNU_EYU_data/work_space/G1/results/missing_t2w_completion/run_3104668/BraTS-MET-00711-001/BraTS-MET-00711-001-t2f.nii.gz,work_space/G2/results/synthetic_normalized/BraTS-MET-00711-001/BraTS-MET-00711-001-t2f.nii.gz,nnunet_raw/Dataset261_BraTS2026_MET_RealSynth/imagesTr/BraTSMET_000518_0003.nii.gz,native_2026,keep_native_2026_suffix,accepted_for_training,True,False,False,False
BraTS-MET-00711-001,BraTS-MET-00711-001,BraTSMET_000518,BraTS-MET-00711-001,run_3104668,seg,label,/Users/hwaigc/比赛+课题/ECNU_EYU_data/work_space/G1/results/missing_t2w_completion/run_3104668/BraTS-MET-00711-001/BraTS-MET-00711-001-seg.nii.gz,work_space/G2/results/synthetic_normalized/BraTS-MET-00711-001/BraTS-MET-00711-001-seg.nii.gz,nnunet_raw/Dataset261_BraTS2026_MET_RealSynth/labelsTr/BraTSMET_000518.nii.gz,native_2026,keep_native_2026_suffix,accepted_for_training,True,False,False,False
BraTS-MET-00712-000,BraTS-MET-00712-000,BraTSMET_000519,BraTS-MET-00712-000,run_3104668,t1n,0000,/Users/hwaigc/比赛+课题/ECNU_EYU_data/work_space/G1/results/missing_t2w_completion/run_3104668/BraTS-MET-00712-000/BraTS-MET-00712-000-t1n.nii.gz,work_space/G2/results/synthetic_normalized/BraTS-MET-00712-000/BraTS-MET-00712-000-t1n.nii.gz,nnunet_raw/Dataset261_BraTS2026_MET_RealSynth/imagesTr/BraTSMET_000519_0000.nii.gz,native_2026,keep_native_2026_suffix,accepted_for_training,True,False,False,False
BraTS-MET-00712-000,BraTS-MET-00712-000,BraTSMET_000519,BraTS-MET-00712-000,run_3104668,t1c,0001,/Users/hwaigc/比赛+课题/ECNU_EYU_data/work_space/G1/results/missing_t2w_completion/run_3104668/BraTS-MET-00712-000/BraTS-MET-00712-000-t1c.nii.gz,work_space/G2/results/synthetic_normalized/BraTS-MET-00712-000/BraTS-MET-00712-000-t1c.nii.gz,nnunet_raw/Dataset261_BraTS2026_MET_RealSynth/imagesTr/BraTSMET_000519_0001.nii.gz,native_2026,keep_native_2026_suffix,accepted_for_training,True,False,False,False
BraTS-MET-00712-000,BraTS-MET-00712-000,BraTSMET_000519,BraTS-MET-00712-000,run_3104668,t2w,0002,/Users/hwaigc/比赛+课题/ECNU_EYU_data/work_space/G1/results/missing_t2w_completion/run_3104668/BraTS-MET-00712-000/BraTS-MET-00712-000-t2w.nii.gz,work_space/G2/results/synthetic_normalized/BraTS-MET-00712-000/BraTS-MET-00712-000-t2w.nii.gz,nnunet_raw/Dataset261_BraTS2026_MET_RealSynth/imagesTr/BraTSMET_000519_0002.nii.gz,native_2026,keep_native_2026_suffix,accepted_for_training,True,False,False,False
BraTS-MET-00712-000,BraTS-MET-00712-000,BraTSMET_000519,BraTS-MET-00712-000,run_3104668,t2f,0003,/Users/hwaigc/比赛+课题/ECNU_EYU_data/work_space/G1/results/missing_t2w_completion/run_3104668/BraTS-MET-00712-000/BraTS-MET-00712-000-t2f.nii.gz,work_space/G2/results/synthetic_normalized/BraTS-MET-00712-000/BraTS-MET-00712-000-t2f.nii.gz,nnunet_raw/Dataset261_BraTS2026_MET_RealSynth/imagesTr/BraTSMET_000519_0003.nii.gz,native_2026,keep_native_2026_suffix,accepted_for_training,True,False,False,False
BraTS-MET-00712-000,BraTS-MET-00712-000,BraTSMET_000519,BraTS-MET-00712-000,run_3104668,seg,label,/Users/hwaigc/比赛+课题/ECNU_EYU_data/work_space/G1/results/missing_t2w_completion/run_3104668/BraTS-MET-00712-000/BraTS-MET-00712-000-seg.nii.gz,work_space/G2/results/synthetic_normalized/BraTS-MET-00712-000/BraTS-MET-00712-000-seg.nii.gz,nnunet_raw/Dataset261_BraTS2026_MET_RealSynth/labelsTr/BraTSMET_000519.nii.gz,native_2026,keep_native_2026_suffix,accepted_for_training,True,False,False,False
BraTS-MET-00712-001,BraTS-MET-00712-001,BraTSMET_000520,BraTS-MET-00712-001,run_3104668,t1n,0000,/Users/hwaigc/比赛+课题/ECNU_EYU_data/work_space/G1/results/missing_t2w_completion/run_3104668/BraTS-MET-00712-001/BraTS-MET-00712-001-t1n.nii.gz,work_space/G2/results/synthetic_normalized/BraTS-MET-00712-001/BraTS-MET-00712-001-t1n.nii.gz,nnunet_raw/Dataset261_BraTS2026_MET_RealSynth/imagesTr/BraTSMET_000520_0000.nii.gz,native_2026,keep_native_2026_suffix,accepted_for_training,True,False,False,False
BraTS-MET-00712-001,BraTS-MET-00712-001,BraTSMET_000520,BraTS-MET-00712-001,run_3104668,t1c,0001,/Users/hwaigc/比赛+课题/ECNU_EYU_data/work_space/G1/results/missing_t2w_completion/run_3104668/BraTS-MET-00712-001/BraTS-MET-00712-001-t1c.nii.gz,work_space/G2/results/synthetic_normalized/BraTS-MET-00712-001/BraTS-MET-00712-001-t1c.nii.gz,nnunet_raw/Dataset261_BraTS2026_MET_RealSynth/imagesTr/BraTSMET_000520_0001.nii.gz,native_2026,keep_native_2026_suffix,accepted_for_training,True,False,False,False
BraTS-MET-00712-001,BraTS-MET-00712-001,BraTSMET_000520,BraTS-MET-00712-001,run_3104668,t2w,0002,/Users/hwaigc/比赛+课题/ECNU_EYU_data/work_space/G1/results/missing_t2w_completion/run_3104668/BraTS-MET-00712-001/BraTS-MET-00712-001-t2w.nii.gz,work_space/G2/results/synthetic_normalized/BraTS-MET-00712-001/BraTS-MET-00712-001-t2w.nii.gz,nnunet_raw/Dataset261_BraTS2026_MET_RealSynth/imagesTr/BraTSMET_000520_0002.nii.gz,native_2026,keep_native_2026_suffix,accepted_for_training,True,False,False,False
BraTS-MET-00712-001,BraTS-MET-00712-001,BraTSMET_000520,BraTS-MET-00712-001,run_3104668,t2f,0003,/Users/hwaigc/比赛+课题/ECNU_EYU_data/work_space/G1/results/missing_t2w_completion/run_3104668/BraTS-MET-00712-001/BraTS-MET-00712-001-t2f.nii.gz,work_space/G2/results/synthetic_normalized/BraTS-MET-00712-001/BraTS-MET-00712-001-t2f.nii.gz,nnunet_raw/Dataset261_BraTS2026_MET_RealSynth/imagesTr/BraTSMET_000520_0003.nii.gz,native_2026,keep_native_2026_suffix,accepted_for_training,True,False,False,False
BraTS-MET-00712-001,BraTS-MET-00712-001,BraTSMET_000520,BraTS-MET-00712-001,run_3104668,seg,label,/Users/hwaigc/比赛+课题/ECNU_EYU_data/work_space/G1/results/missing_t2w_completion/run_3104668/BraTS-MET-00712-001/BraTS-MET-00712-001-seg.nii.gz,work_space/G2/results/synthetic_normalized/BraTS-MET-00712-001/BraTS-MET-00712-001-seg.nii.gz,nnunet_raw/Dataset261_BraTS2026_MET_RealSynth/labelsTr/BraTSMET_000520.nii.gz,native_2026,keep_native_2026_suffix,accepted_for_training,True,False,False,False
BraTS-MET-00713-000,BraTS-MET-00713-000,BraTSMET_000521,BraTS-MET-00713-000,run_3104668,t1n,0000,/Users/hwaigc/比赛+课题/ECNU_EYU_data/work_space/G1/results/missing_t2w_completion/run_3104668/BraTS-MET-00713-000/BraTS-MET-00713-000-t1n.nii.gz,work_space/G2/results/synthetic_normalized/BraTS-MET-00713-000/BraTS-MET-00713-000-t1n.nii.gz,nnunet_raw/Dataset261_BraTS2026_MET_RealSynth/imagesTr/BraTSMET_000521_0000.nii.gz,native_2026,keep_native_2026_suffix,accepted_for_training,True,False,False,False
BraTS-MET-00713-000,BraTS-MET-00713-000,BraTSMET_000521,BraTS-MET-00713-000,run_3104668,t1c,0001,/Users/hwaigc/比赛+课题/ECNU_EYU_data/work_space/G1/results/missing_t2w_completion/run_3104668/BraTS-MET-00713-000/BraTS-MET-00713-000-t1c.nii.gz,work_space/G2/results/synthetic_normalized/BraTS-MET-00713-000/BraTS-MET-00713-000-t1c.nii.gz,nnunet_raw/Dataset261_BraTS2026_MET_RealSynth/imagesTr/BraTSMET_000521_0001.nii.gz,native_2026,keep_native_2026_suffix,accepted_for_training,True,False,False,False
BraTS-MET-00713-000,BraTS-MET-00713-000,BraTSMET_000521,BraTS-MET-00713-000,run_3104668,t2w,0002,/Users/hwaigc/比赛+课题/ECNU_EYU_data/work_space/G1/results/missing_t2w_completion/run_3104668/BraTS-MET-00713-000/BraTS-MET-00713-000-t2w.nii.gz,work_space/G2/results/synthetic_normalized/BraTS-MET-00713-000/BraTS-MET-00713-000-t2w.nii.gz,nnunet_raw/Dataset261_BraTS2026_MET_RealSynth/imagesTr/BraTSMET_000521_0002.nii.gz,native_2026,keep_native_2026_suffix,accepted_for_training,True,False,False,False
BraTS-MET-00713-000,BraTS-MET-00713-000,BraTSMET_000521,BraTS-MET-00713-000,run_3104668,t2f,0003,/Users/hwaigc/比赛+课题/ECNU_EYU_data/work_space/G1/results/missing_t2w_completion/run_3104668/BraTS-MET-00713-000/BraTS-MET-00713-000-t2f.nii.gz,work_space/G2/results/synthetic_normalized/BraTS-MET-00713-000/BraTS-MET-00713-000-t2f.nii.gz,nnunet_raw/Dataset261_BraTS2026_MET_RealSynth/imagesTr/BraTSMET_000521_0003.nii.gz,native_2026,keep_native_2026_suffix,accepted_for_training,True,False,False,False
BraTS-MET-00713-000,BraTS-MET-00713-000,BraTSMET_000521,BraTS-MET-00713-000,run_3104668,seg,label,/Users/hwaigc/比赛+课题/ECNU_EYU_data/work_space/G1/results/missing_t2w_completion/run_3104668/BraTS-MET-00713-000/BraTS-MET-00713-000-seg.nii.gz,work_space/G2/results/synthetic_normalized/BraTS-MET-00713-000/BraTS-MET-00713-000-seg.nii.gz,nnunet_raw/Dataset261_BraTS2026_MET_RealSynth/labelsTr/BraTSMET_000521.nii.gz,native_2026,keep_native_2026_suffix,accepted_for_training,True,False,False,False
BraTS-MET-00714-000,BraTS-MET-00714-000,BraTSMET_000522,BraTS-MET-00714-000,run_3104668,t1n,0000,/Users/hwaigc/比赛+课题/ECNU_EYU_data/work_space/G1/results/missing_t2w_completion/run_3104668/BraTS-MET-00714-000/BraTS-MET-00714-000-t1n.nii.gz,work_space/G2/results/synthetic_normalized/BraTS-MET-00714-000/BraTS-MET-00714-000-t1n.nii.gz,nnunet_raw/Dataset261_BraTS2026_MET_RealSynth/imagesTr/BraTSMET_000522_0000.nii.gz,native_2026,keep_native_2026_suffix,accepted_for_training,True,False,False,False
BraTS-MET-00714-000,BraTS-MET-00714-000,BraTSMET_000522,BraTS-MET-00714-000,run_3104668,t1c,0001,/Users/hwaigc/比赛+课题/ECNU_EYU_data/work_space/G1/results/missing_t2w_completion/run_3104668/BraTS-MET-00714-000/BraTS-MET-00714-000-t1c.nii.gz,work_space/G2/results/synthetic_normalized/BraTS-MET-00714-000/BraTS-MET-00714-000-t1c.nii.gz,nnunet_raw/Dataset261_BraTS2026_MET_RealSynth/imagesTr/BraTSMET_000522_0001.nii.gz,native_2026,keep_native_2026_suffix,accepted_for_training,True,False,False,False
BraTS-MET-00714-000,BraTS-MET-00714-000,BraTSMET_000522,BraTS-MET-00714-000,run_3104668,t2w,0002,/Users/hwaigc/比赛+课题/ECNU_EYU_data/work_space/G1/results/missing_t2w_completion/run_3104668/BraTS-MET-00714-000/BraTS-MET-00714-000-t2w.nii.gz,work_space/G2/results/synthetic_normalized/BraTS-MET-00714-000/BraTS-MET-00714-000-t2w.nii.gz,nnunet_raw/Dataset261_BraTS2026_MET_RealSynth/imagesTr/BraTSMET_000522_0002.nii.gz,native_2026,keep_native_2026_suffix,accepted_for_training,True,False,False,False
BraTS-MET-00714-000,BraTS-MET-00714-000,BraTSMET_000522,BraTS-MET-00714-000,run_3104668,t2f,0003,/Users/hwaigc/比赛+课题/ECNU_EYU_data/work_space/G1/results/missing_t2w_completion/run_3104668/BraTS-MET-00714-000/BraTS-MET-00714-000-t2f.nii.gz,work_space/G2/results/synthetic_normalized/BraTS-MET-00714-000/BraTS-MET-00714-000-t2f.nii.gz,nnunet_raw/Dataset261_BraTS2026_MET_RealSynth/imagesTr/BraTSMET_000522_0003.nii.gz,native_2026,keep_native_2026_suffix,accepted_for_training,True,False,False,False
BraTS-MET-00714-000,BraTS-MET-00714-000,BraTSMET_000522,BraTS-MET-00714-000,run_3104668,seg,label,/Users/hwaigc/比赛+课题/ECNU_EYU_data/work_space/G1/results/missing_t2w_completion/run_3104668/BraTS-MET-00714-000/BraTS-MET-00714-000-seg.nii.gz,work_space/G2/results/synthetic_normalized/BraTS-MET-00714-000/BraTS-MET-00714-000-seg.nii.gz,nnunet_raw/Dataset261_BraTS2026_MET_RealSynth/labelsTr/BraTSMET_000522.nii.gz,native_2026,keep_native_2026_suffix,accepted_for_training,True,False,False,False
BraTS-MET-00714-001,BraTS-MET-00714-001,BraTSMET_000523,BraTS-MET-00714-001,run_3104668,t1n,0000,/Users/hwaigc/比赛+课题/ECNU_EYU_data/work_space/G1/results/missing_t2w_completion/run_3104668/BraTS-MET-00714-001/BraTS-MET-00714-001-t1n.nii.gz,work_space/G2/results/synthetic_normalized/BraTS-MET-00714-001/BraTS-MET-00714-001-t1n.nii.gz,nnunet_raw/Dataset261_BraTS2026_MET_RealSynth/imagesTr/BraTSMET_000523_0000.nii.gz,native_2026,keep_native_2026_suffix,accepted_for_training,True,False,False,False
BraTS-MET-00714-001,BraTS-MET-00714-001,BraTSMET_000523,BraTS-MET-00714-001,run_3104668,t1c,0001,/Users/hwaigc/比赛+课题/ECNU_EYU_data/work_space/G1/results/missing_t2w_completion/run_3104668/BraTS-MET-00714-001/BraTS-MET-00714-001-t1c.nii.gz,work_space/G2/results/synthetic_normalized/BraTS-MET-00714-001/BraTS-MET-00714-001-t1c.nii.gz,nnunet_raw/Dataset261_BraTS2026_MET_RealSynth/imagesTr/BraTSMET_000523_0001.nii.gz,native_2026,keep_native_2026_suffix,accepted_for_training,True,False,False,False
BraTS-MET-00714-001,BraTS-MET-00714-001,BraTSMET_000523,BraTS-MET-00714-001,run_3104668,t2w,0002,/Users/hwaigc/比赛+课题/ECNU_EYU_data/work_space/G1/results/missing_t2w_completion/run_3104668/BraTS-MET-00714-001/BraTS-MET-00714-001-t2w.nii.gz,work_space/G2/results/synthetic_normalized/BraTS-MET-00714-001/BraTS-MET-00714-001-t2w.nii.gz,nnunet_raw/Dataset261_BraTS2026_MET_RealSynth/imagesTr/BraTSMET_000523_0002.nii.gz,native_2026,keep_native_2026_suffix,accepted_for_training,True,False,False,False
BraTS-MET-00714-001,BraTS-MET-00714-001,BraTSMET_000523,BraTS-MET-00714-001,run_3104668,t2f,0003,/Users/hwaigc/比赛+课题/ECNU_EYU_data/work_space/G1/results/missing_t2w_completion/run_3104668/BraTS-MET-00714-001/BraTS-MET-00714-001-t2f.nii.gz,work_space/G2/results/synthetic_normalized/BraTS-MET-00714-001/BraTS-MET-00714-001-t2f.nii.gz,nnunet_raw/Dataset261_BraTS2026_MET_RealSynth/imagesTr/BraTSMET_000523_0003.nii.gz,native_2026,keep_native_2026_suffix,accepted_for_training,True,False,False,False
BraTS-MET-00714-001,BraTS-MET-00714-001,BraTSMET_000523,BraTS-MET-00714-001,run_3104668,seg,label,/Users/hwaigc/比赛+课题/ECNU_EYU_data/work_space/G1/results/missing_t2w_completion/run_3104668/BraTS-MET-00714-001/BraTS-MET-00714-001-seg.nii.gz,work_space/G2/results/synthetic_normalized/BraTS-MET-00714-001/BraTS-MET-00714-001-seg.nii.gz,nnunet_raw/Dataset261_BraTS2026_MET_RealSynth/labelsTr/BraTSMET_000523.nii.gz,native_2026,keep_native_2026_suffix,accepted_for_training,True,False,False,False
BraTS-MET-00716-000,BraTS-MET-00716-000,BraTSMET_000525,BraTS-MET-00716-000,run_3104668,t1n,0000,/Users/hwaigc/比赛+课题/ECNU_EYU_data/work_space/G1/results/missing_t2w_completion/run_3104668/BraTS-MET-00716-000/BraTS-MET-00716-000-t1n.nii.gz,work_space/G2/results/synthetic_normalized/BraTS-MET-00716-000/BraTS-MET-00716-000-t1n.nii.gz,nnunet_raw/Dataset261_BraTS2026_MET_RealSynth/imagesTr/BraTSMET_000525_0000.nii.gz,native_2026,keep_native_2026_suffix,accepted_for_training,True,False,False,False
BraTS-MET-00716-000,BraTS-MET-00716-000,BraTSMET_000525,BraTS-MET-00716-000,run_3104668,t1c,0001,/Users/hwaigc/比赛+课题/ECNU_EYU_data/work_space/G1/results/missing_t2w_completion/run_3104668/BraTS-MET-00716-000/BraTS-MET-00716-000-t1c.nii.gz,work_space/G2/results/synthetic_normalized/BraTS-MET-00716-000/BraTS-MET-00716-000-t1c.nii.gz,nnunet_raw/Dataset261_BraTS2026_MET_RealSynth/imagesTr/BraTSMET_000525_0001.nii.gz,native_2026,keep_native_2026_suffix,accepted_for_training,True,False,False,False
BraTS-MET-00716-000,BraTS-MET-00716-000,BraTSMET_000525,BraTS-MET-00716-000,run_3104668,t2w,0002,/Users/hwaigc/比赛+课题/ECNU_EYU_data/work_space/G1/results/missing_t2w_completion/run_3104668/BraTS-MET-00716-000/BraTS-MET-00716-000-t2w.nii.gz,work_space/G2/results/synthetic_normalized/BraTS-MET-00716-000/BraTS-MET-00716-000-t2w.nii.gz,nnunet_raw/Dataset261_BraTS2026_MET_RealSynth/imagesTr/BraTSMET_000525_0002.nii.gz,native_2026,keep_native_2026_suffix,accepted_for_training,True,False,False,False
BraTS-MET-00716-000,BraTS-MET-00716-000,BraTSMET_000525,BraTS-MET-00716-000,run_3104668,t2f,0003,/Users/hwaigc/比赛+课题/ECNU_EYU_data/work_space/G1/results/missing_t2w_completion/run_3104668/BraTS-MET-00716-000/BraTS-MET-00716-000-t2f.nii.gz,work_space/G2/results/synthetic_normalized/BraTS-MET-00716-000/BraTS-MET-00716-000-t2f.nii.gz,nnunet_raw/Dataset261_BraTS2026_MET_RealSynth/imagesTr/BraTSMET_000525_0003.nii.gz,native_2026,keep_native_2026_suffix,accepted_for_training,True,False,False,False
BraTS-MET-00716-000,BraTS-MET-00716-000,BraTSMET_000525,BraTS-MET-00716-000,run_3104668,seg,label,/Users/hwaigc/比赛+课题/ECNU_EYU_data/work_space/G1/results/missing_t2w_completion/run_3104668/BraTS-MET-00716-000/BraTS-MET-00716-000-seg.nii.gz,work_space/G2/results/synthetic_normalized/BraTS-MET-00716-000/BraTS-MET-00716-000-seg.nii.gz,nnunet_raw/Dataset261_BraTS2026_MET_RealSynth/labelsTr/BraTSMET_000525.nii.gz,native_2026,keep_native_2026_suffix,accepted_for_training,True,False,False,False
BraTS-MET-00717-000,BraTS-MET-00717-000,BraTSMET_000526,BraTS-MET-00717-000,run_3104668,t1n,0000,/Users/hwaigc/比赛+课题/ECNU_EYU_data/work_space/G1/results/missing_t2w_completion/run_3104668/BraTS-MET-00717-000/BraTS-MET-00717-000-t1n.nii.gz,work_space/G2/results/synthetic_normalized/BraTS-MET-00717-000/BraTS-MET-00717-000-t1n.nii.gz,nnunet_raw/Dataset261_BraTS2026_MET_RealSynth/imagesTr/BraTSMET_000526_0000.nii.gz,native_2026,keep_native_2026_suffix,accepted_for_training,True,False,False,False
BraTS-MET-00717-000,BraTS-MET-00717-000,BraTSMET_000526,BraTS-MET-00717-000,run_3104668,t1c,0001,/Users/hwaigc/比赛+课题/ECNU_EYU_data/work_space/G1/results/missing_t2w_completion/run_3104668/BraTS-MET-00717-000/BraTS-MET-00717-000-t1c.nii.gz,work_space/G2/results/synthetic_normalized/BraTS-MET-00717-000/BraTS-MET-00717-000-t1c.nii.gz,nnunet_raw/Dataset261_BraTS2026_MET_RealSynth/imagesTr/BraTSMET_000526_0001.nii.gz,native_2026,keep_native_2026_suffix,accepted_for_training,True,False,False,False
BraTS-MET-00717-000,BraTS-MET-00717-000,BraTSMET_000526,BraTS-MET-00717-000,run_3104668,t2w,0002,/Users/hwaigc/比赛+课题/ECNU_EYU_data/work_space/G1/results/missing_t2w_completion/run_3104668/BraTS-MET-00717-000/BraTS-MET-00717-000-t2w.nii.gz,work_space/G2/results/synthetic_normalized/BraTS-MET-00717-000/BraTS-MET-00717-000-t2w.nii.gz,nnunet_raw/Dataset261_BraTS2026_MET_RealSynth/imagesTr/BraTSMET_000526_0002.nii.gz,native_2026,keep_native_2026_suffix,accepted_for_training,True,False,False,False
BraTS-MET-00717-000,BraTS-MET-00717-000,BraTSMET_000526,BraTS-MET-00717-000,run_3104668,t2f,0003,/Users/hwaigc/比赛+课题/ECNU_EYU_data/work_space/G1/results/missing_t2w_completion/run_3104668/BraTS-MET-00717-000/BraTS-MET-00717-000-t2f.nii.gz,work_space/G2/results/synthetic_normalized/BraTS-MET-00717-000/BraTS-MET-00717-000-t2f.nii.gz,nnunet_raw/Dataset261_BraTS2026_MET_RealSynth/imagesTr/BraTSMET_000526_0003.nii.gz,native_2026,keep_native_2026_suffix,accepted_for_training,True,False,False,False
BraTS-MET-00717-000,BraTS-MET-00717-000,BraTSMET_000526,BraTS-MET-00717-000,run_3104668,seg,label,/Users/hwaigc/比赛+课题/ECNU_EYU_data/work_space/G1/results/missing_t2w_completion/run_3104668/BraTS-MET-00717-000/BraTS-MET-00717-000-seg.nii.gz,work_space/G2/results/synthetic_normalized/BraTS-MET-00717-000/BraTS-MET-00717-000-seg.nii.gz,nnunet_raw/Dataset261_BraTS2026_MET_RealSynth/labelsTr/BraTSMET_000526.nii.gz,native_2026,keep_native_2026_suffix,accepted_for_training,True,False,False,False
BraTS-MET-00719-000,BraTS-MET-00719-000,BraTSMET_000528,BraTS-MET-00719-000,run_3104668,t1n,0000,/Users/hwaigc/比赛+课题/ECNU_EYU_data/work_space/G1/results/missing_t2w_completion/run_3104668/BraTS-MET-00719-000/BraTS-MET-00719-000-t1n.nii.gz,work_space/G2/results/synthetic_normalized/BraTS-MET-00719-000/BraTS-MET-00719-000-t1n.nii.gz,nnunet_raw/Dataset261_BraTS2026_MET_RealSynth/imagesTr/BraTSMET_000528_0000.nii.gz,native_2026,keep_native_2026_suffix,accepted_for_training,True,False,False,False
BraTS-MET-00719-000,BraTS-MET-00719-000,BraTSMET_000528,BraTS-MET-00719-000,run_3104668,t1c,0001,/Users/hwaigc/比赛+课题/ECNU_EYU_data/work_space/G1/results/missing_t2w_completion/run_3104668/BraTS-MET-00719-000/BraTS-MET-00719-000-t1c.nii.gz,work_space/G2/results/synthetic_normalized/BraTS-MET-00719-000/BraTS-MET-00719-000-t1c.nii.gz,nnunet_raw/Dataset261_BraTS2026_MET_RealSynth/imagesTr/BraTSMET_000528_0001.nii.gz,native_2026,keep_native_2026_suffix,accepted_for_training,True,False,False,False
BraTS-MET-00719-000,BraTS-MET-00719-000,BraTSMET_000528,BraTS-MET-00719-000,run_3104668,t2w,0002,/Users/hwaigc/比赛+课题/ECNU_EYU_data/work_space/G1/results/missing_t2w_completion/run_3104668/BraTS-MET-00719-000/BraTS-MET-00719-000-t2w.nii.gz,work_space/G2/results/synthetic_normalized/BraTS-MET-00719-000/BraTS-MET-00719-000-t2w.nii.gz,nnunet_raw/Dataset261_BraTS2026_MET_RealSynth/imagesTr/BraTSMET_000528_0002.nii.gz,native_2026,keep_native_2026_suffix,accepted_for_training,True,False,False,False
BraTS-MET-00719-000,BraTS-MET-00719-000,BraTSMET_000528,BraTS-MET-00719-000,run_3104668,t2f,0003,/Users/hwaigc/比赛+课题/ECNU_EYU_data/work_space/G1/results/missing_t2w_completion/run_3104668/BraTS-MET-00719-000/BraTS-MET-00719-000-t2f.nii.gz,work_space/G2/results/synthetic_normalized/BraTS-MET-00719-000/BraTS-MET-00719-000-t2f.nii.gz,nnunet_raw/Dataset261_BraTS2026_MET_RealSynth/imagesTr/BraTSMET_000528_0003.nii.gz,native_2026,keep_native_2026_suffix,accepted_for_training,True,False,False,False
BraTS-MET-00719-000,BraTS-MET-00719-000,BraTSMET_000528,BraTS-MET-00719-000,run_3104668,seg,label,/Users/hwaigc/比赛+课题/ECNU_EYU_data/work_space/G1/results/missing_t2w_completion/run_3104668/BraTS-MET-00719-000/BraTS-MET-00719-000-seg.nii.gz,work_space/G2/results/synthetic_normalized/BraTS-MET-00719-000/BraTS-MET-00719-000-seg.nii.gz,nnunet_raw/Dataset261_BraTS2026_MET_RealSynth/labelsTr/BraTSMET_000528.nii.gz,native_2026,keep_native_2026_suffix,accepted_for_training,True,False,False,False
BraTS-MET-00721-000,BraTS-MET-00721-000,BraTSMET_000530,BraTS-MET-00721-000,run_3104668,t1n,0000,/Users/hwaigc/比赛+课题/ECNU_EYU_data/work_space/G1/results/missing_t2w_completion/run_3104668/BraTS-MET-00721-000/BraTS-MET-00721-000-t1n.nii.gz,work_space/G2/results/synthetic_normalized/BraTS-MET-00721-000/BraTS-MET-00721-000-t1n.nii.gz,nnunet_raw/Dataset261_BraTS2026_MET_RealSynth/imagesTs/BraTSMET_000530_0000.nii.gz,native_2026,keep_native_2026_suffix,accepted_for_evaluation,False,True,False,False
BraTS-MET-00721-000,BraTS-MET-00721-000,BraTSMET_000530,BraTS-MET-00721-000,run_3104668,t1c,0001,/Users/hwaigc/比赛+课题/ECNU_EYU_data/work_space/G1/results/missing_t2w_completion/run_3104668/BraTS-MET-00721-000/BraTS-MET-00721-000-t1c.nii.gz,work_space/G2/results/synthetic_normalized/BraTS-MET-00721-000/BraTS-MET-00721-000-t1c.nii.gz,nnunet_raw/Dataset261_BraTS2026_MET_RealSynth/imagesTs/BraTSMET_000530_0001.nii.gz,native_2026,keep_native_2026_suffix,accepted_for_evaluation,False,True,False,False
BraTS-MET-00721-000,BraTS-MET-00721-000,BraTSMET_000530,BraTS-MET-00721-000,run_3104668,t2w,0002,/Users/hwaigc/比赛+课题/ECNU_EYU_data/work_space/G1/results/missing_t2w_completion/run_3104668/BraTS-MET-00721-000/BraTS-MET-00721-000-t2w.nii.gz,work_space/G2/results/synthetic_normalized/BraTS-MET-00721-000/BraTS-MET-00721-000-t2w.nii.gz,nnunet_raw/Dataset261_BraTS2026_MET_RealSynth/imagesTs/BraTSMET_000530_0002.nii.gz,native_2026,keep_native_2026_suffix,accepted_for_evaluation,False,True,False,False
BraTS-MET-00721-000,BraTS-MET-00721-000,BraTSMET_000530,BraTS-MET-00721-000,run_3104668,t2f,0003,/Users/hwaigc/比赛+课题/ECNU_EYU_data/work_space/G1/results/missing_t2w_completion/run_3104668/BraTS-MET-00721-000/BraTS-MET-00721-000-t2f.nii.gz,work_space/G2/results/synthetic_normalized/BraTS-MET-00721-000/BraTS-MET-00721-000-t2f.nii.gz,nnunet_raw/Dataset261_BraTS2026_MET_RealSynth/imagesTs/BraTSMET_000530_0003.nii.gz,native_2026,keep_native_2026_suffix,accepted_for_evaluation,False,True,False,False
BraTS-MET-00721-000,BraTS-MET-00721-000,BraTSMET_000530,BraTS-MET-00721-000,run_3104668,seg,label,/Users/hwaigc/比赛+课题/ECNU_EYU_data/work_space/G1/results/missing_t2w_completion/run_3104668/BraTS-MET-00721-000/BraTS-MET-00721-000-seg.nii.gz,work_space/G2/results/synthetic_normalized/BraTS-MET-00721-000/BraTS-MET-00721-000-seg.nii.gz,nnunet_raw/Dataset261_BraTS2026_MET_RealSynth/labelsTs/BraTSMET_000530.nii.gz,native_2026,keep_native_2026_suffix,accepted_for_evaluation,False,True,False,False
BraTS-MET-00721-001,BraTS-MET-00721-001,BraTSMET_000531,BraTS-MET-00721-001,run_3104668,t1n,0000,/Users/hwaigc/比赛+课题/ECNU_EYU_data/work_space/G1/results/missing_t2w_completion/run_3104668/BraTS-MET-00721-001/BraTS-MET-00721-001-t1n.nii.gz,work_space/G2/results/synthetic_normalized/BraTS-MET-00721-001/BraTS-MET-00721-001-t1n.nii.gz,nnunet_raw/Dataset261_BraTS2026_MET_RealSynth/imagesTs/BraTSMET_000531_0000.nii.gz,native_2026,keep_native_2026_suffix,accepted_for_evaluation,False,True,False,False
BraTS-MET-00721-001,BraTS-MET-00721-001,BraTSMET_000531,BraTS-MET-00721-001,run_3104668,t1c,0001,/Users/hwaigc/比赛+课题/ECNU_EYU_data/work_space/G1/results/missing_t2w_completion/run_3104668/BraTS-MET-00721-001/BraTS-MET-00721-001-t1c.nii.gz,work_space/G2/results/synthetic_normalized/BraTS-MET-00721-001/BraTS-MET-00721-001-t1c.nii.gz,nnunet_raw/Dataset261_BraTS2026_MET_RealSynth/imagesTs/BraTSMET_000531_0001.nii.gz,native_2026,keep_native_2026_suffix,accepted_for_evaluation,False,True,False,False
BraTS-MET-00721-001,BraTS-MET-00721-001,BraTSMET_000531,BraTS-MET-00721-001,run_3104668,t2w,0002,/Users/hwaigc/比赛+课题/ECNU_EYU_data/work_space/G1/results/missing_t2w_completion/run_3104668/BraTS-MET-00721-001/BraTS-MET-00721-001-t2w.nii.gz,work_space/G2/results/synthetic_normalized/BraTS-MET-00721-001/BraTS-MET-00721-001-t2w.nii.gz,nnunet_raw/Dataset261_BraTS2026_MET_RealSynth/imagesTs/BraTSMET_000531_0002.nii.gz,native_2026,keep_native_2026_suffix,accepted_for_evaluation,False,True,False,False
BraTS-MET-00721-001,BraTS-MET-00721-001,BraTSMET_000531,BraTS-MET-00721-001,run_3104668,t2f,0003,/Users/hwaigc/比赛+课题/ECNU_EYU_data/work_space/G1/results/missing_t2w_completion/run_3104668/BraTS-MET-00721-001/BraTS-MET-00721-001-t2f.nii.gz,work_space/G2/results/synthetic_normalized/BraTS-MET-00721-001/BraTS-MET-00721-001-t2f.nii.gz,nnunet_raw/Dataset261_BraTS2026_MET_RealSynth/imagesTs/BraTSMET_000531_0003.nii.gz,native_2026,keep_native_2026_suffix,accepted_for_evaluation,False,True,False,False
BraTS-MET-00721-001,BraTS-MET-00721-001,BraTSMET_000531,BraTS-MET-00721-001,run_3104668,seg,label,/Users/hwaigc/比赛+课题/ECNU_EYU_data/work_space/G1/results/missing_t2w_completion/run_3104668/BraTS-MET-00721-001/BraTS-MET-00721-001-seg.nii.gz,work_space/G2/results/synthetic_normalized/BraTS-MET-00721-001/BraTS-MET-00721-001-seg.nii.gz,nnunet_raw/Dataset261_BraTS2026_MET_RealSynth/labelsTs/BraTSMET_000531.nii.gz,native_2026,keep_native_2026_suffix,accepted_for_evaluation,False,True,False,False
BraTS-MET-00722-000,BraTS-MET-00722-000,BraTSMET_000533,BraTS-MET-00722-000,run_3104668,t1n,0000,/Users/hwaigc/比赛+课题/ECNU_EYU_data/work_space/G1/results/missing_t2w_completion/run_3104668/BraTS-MET-00722-000/BraTS-MET-00722-000-t1n.nii.gz,work_space/G2/results/synthetic_normalized/BraTS-MET-00722-000/BraTS-MET-00722-000-t1n.nii.gz,nnunet_raw/Dataset261_BraTS2026_MET_RealSynth/imagesTr/BraTSMET_000533_0000.nii.gz,native_2026,keep_native_2026_suffix,accepted_for_training,True,False,False,False
BraTS-MET-00722-000,BraTS-MET-00722-000,BraTSMET_000533,BraTS-MET-00722-000,run_3104668,t1c,0001,/Users/hwaigc/比赛+课题/ECNU_EYU_data/work_space/G1/results/missing_t2w_completion/run_3104668/BraTS-MET-00722-000/BraTS-MET-00722-000-t1c.nii.gz,work_space/G2/results/synthetic_normalized/BraTS-MET-00722-000/BraTS-MET-00722-000-t1c.nii.gz,nnunet_raw/Dataset261_BraTS2026_MET_RealSynth/imagesTr/BraTSMET_000533_0001.nii.gz,native_2026,keep_native_2026_suffix,accepted_for_training,True,False,False,False
BraTS-MET-00722-000,BraTS-MET-00722-000,BraTSMET_000533,BraTS-MET-00722-000,run_3104668,t2w,0002,/Users/hwaigc/比赛+课题/ECNU_EYU_data/work_space/G1/results/missing_t2w_completion/run_3104668/BraTS-MET-00722-000/BraTS-MET-00722-000-t2w.nii.gz,work_space/G2/results/synthetic_normalized/BraTS-MET-00722-000/BraTS-MET-00722-000-t2w.nii.gz,nnunet_raw/Dataset261_BraTS2026_MET_RealSynth/imagesTr/BraTSMET_000533_0002.nii.gz,native_2026,keep_native_2026_suffix,accepted_for_training,True,False,False,False
BraTS-MET-00722-000,BraTS-MET-00722-000,BraTSMET_000533,BraTS-MET-00722-000,run_3104668,t2f,0003,/Users/hwaigc/比赛+课题/ECNU_EYU_data/work_space/G1/results/missing_t2w_completion/run_3104668/BraTS-MET-00722-000/BraTS-MET-00722-000-t2f.nii.gz,work_space/G2/results/synthetic_normalized/BraTS-MET-00722-000/BraTS-MET-00722-000-t2f.nii.gz,nnunet_raw/Dataset261_BraTS2026_MET_RealSynth/imagesTr/BraTSMET_000533_0003.nii.gz,native_2026,keep_native_2026_suffix,accepted_for_training,True,False,False,False
BraTS-MET-00722-000,BraTS-MET-00722-000,BraTSMET_000533,BraTS-MET-00722-000,run_3104668,seg,label,/Users/hwaigc/比赛+课题/ECNU_EYU_data/work_space/G1/results/missing_t2w_completion/run_3104668/BraTS-MET-00722-000/BraTS-MET-00722-000-seg.nii.gz,work_space/G2/results/synthetic_normalized/BraTS-MET-00722-000/BraTS-MET-00722-000-seg.nii.gz,nnunet_raw/Dataset261_BraTS2026_MET_RealSynth/labelsTr/BraTSMET_000533.nii.gz,native_2026,keep_native_2026_suffix,accepted_for_training,True,False,False,False
BraTS-MET-00723-000,BraTS-MET-00723-000,BraTSMET_000534,BraTS-MET-00723-000,run_3104668,t1n,0000,/Users/hwaigc/比赛+课题/ECNU_EYU_data/work_space/G1/results/missing_t2w_completion/run_3104668/BraTS-MET-00723-000/BraTS-MET-00723-000-t1n.nii.gz,work_space/G2/results/synthetic_normalized/BraTS-MET-00723-000/BraTS-MET-00723-000-t1n.nii.gz,nnunet_raw/Dataset261_BraTS2026_MET_RealSynth/imagesTr/BraTSMET_000534_0000.nii.gz,native_2026,keep_native_2026_suffix,accepted_for_training,True,False,False,False
BraTS-MET-00723-000,BraTS-MET-00723-000,BraTSMET_000534,BraTS-MET-00723-000,run_3104668,t1c,0001,/Users/hwaigc/比赛+课题/ECNU_EYU_data/work_space/G1/results/missing_t2w_completion/run_3104668/BraTS-MET-00723-000/BraTS-MET-00723-000-t1c.nii.gz,work_space/G2/results/synthetic_normalized/BraTS-MET-00723-000/BraTS-MET-00723-000-t1c.nii.gz,nnunet_raw/Dataset261_BraTS2026_MET_RealSynth/imagesTr/BraTSMET_000534_0001.nii.gz,native_2026,keep_native_2026_suffix,accepted_for_training,True,False,False,False
BraTS-MET-00723-000,BraTS-MET-00723-000,BraTSMET_000534,BraTS-MET-00723-000,run_3104668,t2w,0002,/Users/hwaigc/比赛+课题/ECNU_EYU_data/work_space/G1/results/missing_t2w_completion/run_3104668/BraTS-MET-00723-000/BraTS-MET-00723-000-t2w.nii.gz,work_space/G2/results/synthetic_normalized/BraTS-MET-00723-000/BraTS-MET-00723-000-t2w.nii.gz,nnunet_raw/Dataset261_BraTS2026_MET_RealSynth/imagesTr/BraTSMET_000534_0002.nii.gz,native_2026,keep_native_2026_suffix,accepted_for_training,True,False,False,False
BraTS-MET-00723-000,BraTS-MET-00723-000,BraTSMET_000534,BraTS-MET-00723-000,run_3104668,t2f,0003,/Users/hwaigc/比赛+课题/ECNU_EYU_data/work_space/G1/results/missing_t2w_completion/run_3104668/BraTS-MET-00723-000/BraTS-MET-00723-000-t2f.nii.gz,work_space/G2/results/synthetic_normalized/BraTS-MET-00723-000/BraTS-MET-00723-000-t2f.nii.gz,nnunet_raw/Dataset261_BraTS2026_MET_RealSynth/imagesTr/BraTSMET_000534_0003.nii.gz,native_2026,keep_native_2026_suffix,accepted_for_training,True,False,False,False
BraTS-MET-00723-000,BraTS-MET-00723-000,BraTSMET_000534,BraTS-MET-00723-000,run_3104668,seg,label,/Users/hwaigc/比赛+课题/ECNU_EYU_data/work_space/G1/results/missing_t2w_completion/run_3104668/BraTS-MET-00723-000/BraTS-MET-00723-000-seg.nii.gz,work_space/G2/results/synthetic_normalized/BraTS-MET-00723-000/BraTS-MET-00723-000-seg.nii.gz,nnunet_raw/Dataset261_BraTS2026_MET_RealSynth/labelsTr/BraTSMET_000534.nii.gz,native_2026,keep_native_2026_suffix,accepted_for_training,True,False,False,False
BraTS-MET-00723-001,BraTS-MET-00723-001,BraTSMET_000535,BraTS-MET-00723-001,run_3104668,t1n,0000,/Users/hwaigc/比赛+课题/ECNU_EYU_data/work_space/G1/results/missing_t2w_completion/run_3104668/BraTS-MET-00723-001/BraTS-MET-00723-001-t1n.nii.gz,work_space/G2/results/synthetic_normalized/BraTS-MET-00723-001/BraTS-MET-00723-001-t1n.nii.gz,nnunet_raw/Dataset261_BraTS2026_MET_RealSynth/imagesTr/BraTSMET_000535_0000.nii.gz,native_2026,keep_native_2026_suffix,accepted_for_training,True,False,False,False
BraTS-MET-00723-001,BraTS-MET-00723-001,BraTSMET_000535,BraTS-MET-00723-001,run_3104668,t1c,0001,/Users/hwaigc/比赛+课题/ECNU_EYU_data/work_space/G1/results/missing_t2w_completion/run_3104668/BraTS-MET-00723-001/BraTS-MET-00723-001-t1c.nii.gz,work_space/G2/results/synthetic_normalized/BraTS-MET-00723-001/BraTS-MET-00723-001-t1c.nii.gz,nnunet_raw/Dataset261_BraTS2026_MET_RealSynth/imagesTr/BraTSMET_000535_0001.nii.gz,native_2026,keep_native_2026_suffix,accepted_for_training,True,False,False,False
BraTS-MET-00723-001,BraTS-MET-00723-001,BraTSMET_000535,BraTS-MET-00723-001,run_3104668,t2w,0002,/Users/hwaigc/比赛+课题/ECNU_EYU_data/work_space/G1/results/missing_t2w_completion/run_3104668/BraTS-MET-00723-001/BraTS-MET-00723-001-t2w.nii.gz,work_space/G2/results/synthetic_normalized/BraTS-MET-00723-001/BraTS-MET-00723-001-t2w.nii.gz,nnunet_raw/Dataset261_BraTS2026_MET_RealSynth/imagesTr/BraTSMET_000535_0002.nii.gz,native_2026,keep_native_2026_suffix,accepted_for_training,True,False,False,False
BraTS-MET-00723-001,BraTS-MET-00723-001,BraTSMET_000535,BraTS-MET-00723-001,run_3104668,t2f,0003,/Users/hwaigc/比赛+课题/ECNU_EYU_data/work_space/G1/results/missing_t2w_completion/run_3104668/BraTS-MET-00723-001/BraTS-MET-00723-001-t2f.nii.gz,work_space/G2/results/synthetic_normalized/BraTS-MET-00723-001/BraTS-MET-00723-001-t2f.nii.gz,nnunet_raw/Dataset261_BraTS2026_MET_RealSynth/imagesTr/BraTSMET_000535_0003.nii.gz,native_2026,keep_native_2026_suffix,accepted_for_training,True,False,False,False
BraTS-MET-00723-001,BraTS-MET-00723-001,BraTSMET_000535,BraTS-MET-00723-001,run_3104668,seg,label,/Users/hwaigc/比赛+课题/ECNU_EYU_data/work_space/G1/results/missing_t2w_completion/run_3104668/BraTS-MET-00723-001/BraTS-MET-00723-001-seg.nii.gz,work_space/G2/results/synthetic_normalized/BraTS-MET-00723-001/BraTS-MET-00723-001-seg.nii.gz,nnunet_raw/Dataset261_BraTS2026_MET_RealSynth/labelsTr/BraTSMET_000535.nii.gz,native_2026,keep_native_2026_suffix,accepted_for_training,True,False,False,False
BraTS-MET-00723-002,BraTS-MET-00723-002,BraTSMET_000536,BraTS-MET-00723-002,run_3104668,t1n,0000,/Users/hwaigc/比赛+课题/ECNU_EYU_data/work_space/G1/results/missing_t2w_completion/run_3104668/BraTS-MET-00723-002/BraTS-MET-00723-002-t1n.nii.gz,work_space/G2/results/synthetic_normalized/BraTS-MET-00723-002/BraTS-MET-00723-002-t1n.nii.gz,nnunet_raw/Dataset261_BraTS2026_MET_RealSynth/imagesTr/BraTSMET_000536_0000.nii.gz,native_2026,keep_native_2026_suffix,accepted_for_training,True,False,False,False
BraTS-MET-00723-002,BraTS-MET-00723-002,BraTSMET_000536,BraTS-MET-00723-002,run_3104668,t1c,0001,/Users/hwaigc/比赛+课题/ECNU_EYU_data/work_space/G1/results/missing_t2w_completion/run_3104668/BraTS-MET-00723-002/BraTS-MET-00723-002-t1c.nii.gz,work_space/G2/results/synthetic_normalized/BraTS-MET-00723-002/BraTS-MET-00723-002-t1c.nii.gz,nnunet_raw/Dataset261_BraTS2026_MET_RealSynth/imagesTr/BraTSMET_000536_0001.nii.gz,native_2026,keep_native_2026_suffix,accepted_for_training,True,False,False,False
BraTS-MET-00723-002,BraTS-MET-00723-002,BraTSMET_000536,BraTS-MET-00723-002,run_3104668,t2w,0002,/Users/hwaigc/比赛+课题/ECNU_EYU_data/work_space/G1/results/missing_t2w_completion/run_3104668/BraTS-MET-00723-002/BraTS-MET-00723-002-t2w.nii.gz,work_space/G2/results/synthetic_normalized/BraTS-MET-00723-002/BraTS-MET-00723-002-t2w.nii.gz,nnunet_raw/Dataset261_BraTS2026_MET_RealSynth/imagesTr/BraTSMET_000536_0002.nii.gz,native_2026,keep_native_2026_suffix,accepted_for_training,True,False,False,False
BraTS-MET-00723-002,BraTS-MET-00723-002,BraTSMET_000536,BraTS-MET-00723-002,run_3104668,t2f,0003,/Users/hwaigc/比赛+课题/ECNU_EYU_data/work_space/G1/results/missing_t2w_completion/run_3104668/BraTS-MET-00723-002/BraTS-MET-00723-002-t2f.nii.gz,work_space/G2/results/synthetic_normalized/BraTS-MET-00723-002/BraTS-MET-00723-002-t2f.nii.gz,nnunet_raw/Dataset261_BraTS2026_MET_RealSynth/imagesTr/BraTSMET_000536_0003.nii.gz,native_2026,keep_native_2026_suffix,accepted_for_training,True,False,False,False
BraTS-MET-00723-002,BraTS-MET-00723-002,BraTSMET_000536,BraTS-MET-00723-002,run_3104668,seg,label,/Users/hwaigc/比赛+课题/ECNU_EYU_data/work_space/G1/results/missing_t2w_completion/run_3104668/BraTS-MET-00723-002/BraTS-MET-00723-002-seg.nii.gz,work_space/G2/results/synthetic_normalized/BraTS-MET-00723-002/BraTS-MET-00723-002-seg.nii.gz,nnunet_raw/Dataset261_BraTS2026_MET_RealSynth/labelsTr/BraTSMET_000536.nii.gz,native_2026,keep_native_2026_suffix,accepted_for_training,True,False,False,False
BraTS-MET-00725-000,BraTS-MET-00725-000,BraTSMET_000538,BraTS-MET-00725-000,run_3104668,t1n,0000,/Users/hwaigc/比赛+课题/ECNU_EYU_data/work_space/G1/results/missing_t2w_completion/run_3104668/BraTS-MET-00725-000/BraTS-MET-00725-000-t1n.nii.gz,work_space/G2/results/synthetic_normalized/BraTS-MET-00725-000/BraTS-MET-00725-000-t1n.nii.gz,nnunet_raw/Dataset261_BraTS2026_MET_RealSynth/imagesTr/BraTSMET_000538_0000.nii.gz,native_2026,keep_native_2026_suffix,accepted_for_training,True,False,False,False
BraTS-MET-00725-000,BraTS-MET-00725-000,BraTSMET_000538,BraTS-MET-00725-000,run_3104668,t1c,0001,/Users/hwaigc/比赛+课题/ECNU_EYU_data/work_space/G1/results/missing_t2w_completion/run_3104668/BraTS-MET-00725-000/BraTS-MET-00725-000-t1c.nii.gz,work_space/G2/results/synthetic_normalized/BraTS-MET-00725-000/BraTS-MET-00725-000-t1c.nii.gz,nnunet_raw/Dataset261_BraTS2026_MET_RealSynth/imagesTr/BraTSMET_000538_0001.nii.gz,native_2026,keep_native_2026_suffix,accepted_for_training,True,False,False,False
BraTS-MET-00725-000,BraTS-MET-00725-000,BraTSMET_000538,BraTS-MET-00725-000,run_3104668,t2w,0002,/Users/hwaigc/比赛+课题/ECNU_EYU_data/work_space/G1/results/missing_t2w_completion/run_3104668/BraTS-MET-00725-000/BraTS-MET-00725-000-t2w.nii.gz,work_space/G2/results/synthetic_normalized/BraTS-MET-00725-000/BraTS-MET-00725-000-t2w.nii.gz,nnunet_raw/Dataset261_BraTS2026_MET_RealSynth/imagesTr/BraTSMET_000538_0002.nii.gz,native_2026,keep_native_2026_suffix,accepted_for_training,True,False,False,False
BraTS-MET-00725-000,BraTS-MET-00725-000,BraTSMET_000538,BraTS-MET-00725-000,run_3104668,t2f,0003,/Users/hwaigc/比赛+课题/ECNU_EYU_data/work_space/G1/results/missing_t2w_completion/run_3104668/BraTS-MET-00725-000/BraTS-MET-00725-000-t2f.nii.gz,work_space/G2/results/synthetic_normalized/BraTS-MET-00725-000/BraTS-MET-00725-000-t2f.nii.gz,nnunet_raw/Dataset261_BraTS2026_MET_RealSynth/imagesTr/BraTSMET_000538_0003.nii.gz,native_2026,keep_native_2026_suffix,accepted_for_training,True,False,False,False
BraTS-MET-00725-000,BraTS-MET-00725-000,BraTSMET_000538,BraTS-MET-00725-000,run_3104668,seg,label,/Users/hwaigc/比赛+课题/ECNU_EYU_data/work_space/G1/results/missing_t2w_completion/run_3104668/BraTS-MET-00725-000/BraTS-MET-00725-000-seg.nii.gz,work_space/G2/results/synthetic_normalized/BraTS-MET-00725-000/BraTS-MET-00725-000-seg.nii.gz,nnunet_raw/Dataset261_BraTS2026_MET_RealSynth/labelsTr/BraTSMET_000538.nii.gz,native_2026,keep_native_2026_suffix,accepted_for_training,True,False,False,False
BraTS-MET-00726-000,BraTS-MET-00726-000,BraTSMET_000539,BraTS-MET-00726-000,run_3104668,t1n,0000,/Users/hwaigc/比赛+课题/ECNU_EYU_data/work_space/G1/results/missing_t2w_completion/run_3104668/BraTS-MET-00726-000/BraTS-MET-00726-000-t1n.nii.gz,work_space/G2/results/synthetic_normalized/BraTS-MET-00726-000/BraTS-MET-00726-000-t1n.nii.gz,nnunet_raw/Dataset261_BraTS2026_MET_RealSynth/imagesTs/BraTSMET_000539_0000.nii.gz,native_2026,keep_native_2026_suffix,accepted_for_evaluation,False,True,False,False
BraTS-MET-00726-000,BraTS-MET-00726-000,BraTSMET_000539,BraTS-MET-00726-000,run_3104668,t1c,0001,/Users/hwaigc/比赛+课题/ECNU_EYU_data/work_space/G1/results/missing_t2w_completion/run_3104668/BraTS-MET-00726-000/BraTS-MET-00726-000-t1c.nii.gz,work_space/G2/results/synthetic_normalized/BraTS-MET-00726-000/BraTS-MET-00726-000-t1c.nii.gz,nnunet_raw/Dataset261_BraTS2026_MET_RealSynth/imagesTs/BraTSMET_000539_0001.nii.gz,native_2026,keep_native_2026_suffix,accepted_for_evaluation,False,True,False,False
BraTS-MET-00726-000,BraTS-MET-00726-000,BraTSMET_000539,BraTS-MET-00726-000,run_3104668,t2w,0002,/Users/hwaigc/比赛+课题/ECNU_EYU_data/work_space/G1/results/missing_t2w_completion/run_3104668/BraTS-MET-00726-000/BraTS-MET-00726-000-t2w.nii.gz,work_space/G2/results/synthetic_normalized/BraTS-MET-00726-000/BraTS-MET-00726-000-t2w.nii.gz,nnunet_raw/Dataset261_BraTS2026_MET_RealSynth/imagesTs/BraTSMET_000539_0002.nii.gz,native_2026,keep_native_2026_suffix,accepted_for_evaluation,False,True,False,False
BraTS-MET-00726-000,BraTS-MET-00726-000,BraTSMET_000539,BraTS-MET-00726-000,run_3104668,t2f,0003,/Users/hwaigc/比赛+课题/ECNU_EYU_data/work_space/G1/results/missing_t2w_completion/run_3104668/BraTS-MET-00726-000/BraTS-MET-00726-000-t2f.nii.gz,work_space/G2/results/synthetic_normalized/BraTS-MET-00726-000/BraTS-MET-00726-000-t2f.nii.gz,nnunet_raw/Dataset261_BraTS2026_MET_RealSynth/imagesTs/BraTSMET_000539_0003.nii.gz,native_2026,keep_native_2026_suffix,accepted_for_evaluation,False,True,False,False
BraTS-MET-00726-000,BraTS-MET-00726-000,BraTSMET_000539,BraTS-MET-00726-000,run_3104668,seg,label,/Users/hwaigc/比赛+课题/ECNU_EYU_data/work_space/G1/results/missing_t2w_completion/run_3104668/BraTS-MET-00726-000/BraTS-MET-00726-000-seg.nii.gz,work_space/G2/results/synthetic_normalized/BraTS-MET-00726-000/BraTS-MET-00726-000-seg.nii.gz,nnunet_raw/Dataset261_BraTS2026_MET_RealSynth/labelsTs/BraTSMET_000539.nii.gz,native_2026,keep_native_2026_suffix,accepted_for_evaluation,False,True,False,False
BraTS-MET-00727-000,BraTS-MET-00727-000,BraTSMET_000540,BraTS-MET-00727-000,run_3104668,t1n,0000,/Users/hwaigc/比赛+课题/ECNU_EYU_data/work_space/G1/results/missing_t2w_completion/run_3104668/BraTS-MET-00727-000/BraTS-MET-00727-000-t1n.nii.gz,work_space/G2/results/synthetic_normalized/BraTS-MET-00727-000/BraTS-MET-00727-000-t1n.nii.gz,nnunet_raw/Dataset261_BraTS2026_MET_RealSynth/imagesTr/BraTSMET_000540_0000.nii.gz,native_2026,keep_native_2026_suffix,accepted_for_training,True,False,False,False
BraTS-MET-00727-000,BraTS-MET-00727-000,BraTSMET_000540,BraTS-MET-00727-000,run_3104668,t1c,0001,/Users/hwaigc/比赛+课题/ECNU_EYU_data/work_space/G1/results/missing_t2w_completion/run_3104668/BraTS-MET-00727-000/BraTS-MET-00727-000-t1c.nii.gz,work_space/G2/results/synthetic_normalized/BraTS-MET-00727-000/BraTS-MET-00727-000-t1c.nii.gz,nnunet_raw/Dataset261_BraTS2026_MET_RealSynth/imagesTr/BraTSMET_000540_0001.nii.gz,native_2026,keep_native_2026_suffix,accepted_for_training,True,False,False,False
BraTS-MET-00727-000,BraTS-MET-00727-000,BraTSMET_000540,BraTS-MET-00727-000,run_3104668,t2w,0002,/Users/hwaigc/比赛+课题/ECNU_EYU_data/work_space/G1/results/missing_t2w_completion/run_3104668/BraTS-MET-00727-000/BraTS-MET-00727-000-t2w.nii.gz,work_space/G2/results/synthetic_normalized/BraTS-MET-00727-000/BraTS-MET-00727-000-t2w.nii.gz,nnunet_raw/Dataset261_BraTS2026_MET_RealSynth/imagesTr/BraTSMET_000540_0002.nii.gz,native_2026,keep_native_2026_suffix,accepted_for_training,True,False,False,False
BraTS-MET-00727-000,BraTS-MET-00727-000,BraTSMET_000540,BraTS-MET-00727-000,run_3104668,t2f,0003,/Users/hwaigc/比赛+课题/ECNU_EYU_data/work_space/G1/results/missing_t2w_completion/run_3104668/BraTS-MET-00727-000/BraTS-MET-00727-000-t2f.nii.gz,work_space/G2/results/synthetic_normalized/BraTS-MET-00727-000/BraTS-MET-00727-000-t2f.nii.gz,nnunet_raw/Dataset261_BraTS2026_MET_RealSynth/imagesTr/BraTSMET_000540_0003.nii.gz,native_2026,keep_native_2026_suffix,accepted_for_training,True,False,False,False
BraTS-MET-00727-000,BraTS-MET-00727-000,BraTSMET_000540,BraTS-MET-00727-000,run_3104668,seg,label,/Users/hwaigc/比赛+课题/ECNU_EYU_data/work_space/G1/results/missing_t2w_completion/run_3104668/BraTS-MET-00727-000/BraTS-MET-00727-000-seg.nii.gz,work_space/G2/results/synthetic_normalized/BraTS-MET-00727-000/BraTS-MET-00727-000-seg.nii.gz,nnunet_raw/Dataset261_BraTS2026_MET_RealSynth/labelsTr/BraTSMET_000540.nii.gz,native_2026,keep_native_2026_suffix,accepted_for_training,True,False,False,False
BraTS-MET-00728-000,BraTS-MET-00728-000,BraTSMET_000541,BraTS-MET-00728-000,run_3104668,t1n,0000,/Users/hwaigc/比赛+课题/ECNU_EYU_data/work_space/G1/results/missing_t2w_completion/run_3104668/BraTS-MET-00728-000/BraTS-MET-00728-000-t1n.nii.gz,work_space/G2/results/synthetic_normalized/BraTS-MET-00728-000/BraTS-MET-00728-000-t1n.nii.gz,nnunet_raw/Dataset261_BraTS2026_MET_RealSynth/imagesTs/BraTSMET_000541_0000.nii.gz,native_2026,keep_native_2026_suffix,accepted_for_evaluation,False,True,False,False
BraTS-MET-00728-000,BraTS-MET-00728-000,BraTSMET_000541,BraTS-MET-00728-000,run_3104668,t1c,0001,/Users/hwaigc/比赛+课题/ECNU_EYU_data/work_space/G1/results/missing_t2w_completion/run_3104668/BraTS-MET-00728-000/BraTS-MET-00728-000-t1c.nii.gz,work_space/G2/results/synthetic_normalized/BraTS-MET-00728-000/BraTS-MET-00728-000-t1c.nii.gz,nnunet_raw/Dataset261_BraTS2026_MET_RealSynth/imagesTs/BraTSMET_000541_0001.nii.gz,native_2026,keep_native_2026_suffix,accepted_for_evaluation,False,True,False,False
BraTS-MET-00728-000,BraTS-MET-00728-000,BraTSMET_000541,BraTS-MET-00728-000,run_3104668,t2w,0002,/Users/hwaigc/比赛+课题/ECNU_EYU_data/work_space/G1/results/missing_t2w_completion/run_3104668/BraTS-MET-00728-000/BraTS-MET-00728-000-t2w.nii.gz,work_space/G2/results/synthetic_normalized/BraTS-MET-00728-000/BraTS-MET-00728-000-t2w.nii.gz,nnunet_raw/Dataset261_BraTS2026_MET_RealSynth/imagesTs/BraTSMET_000541_0002.nii.gz,native_2026,keep_native_2026_suffix,accepted_for_evaluation,False,True,False,False
BraTS-MET-00728-000,BraTS-MET-00728-000,BraTSMET_000541,BraTS-MET-00728-000,run_3104668,t2f,0003,/Users/hwaigc/比赛+课题/ECNU_EYU_data/work_space/G1/results/missing_t2w_completion/run_3104668/BraTS-MET-00728-000/BraTS-MET-00728-000-t2f.nii.gz,work_space/G2/results/synthetic_normalized/BraTS-MET-00728-000/BraTS-MET-00728-000-t2f.nii.gz,nnunet_raw/Dataset261_BraTS2026_MET_RealSynth/imagesTs/BraTSMET_000541_0003.nii.gz,native_2026,keep_native_2026_suffix,accepted_for_evaluation,False,True,False,False
BraTS-MET-00728-000,BraTS-MET-00728-000,BraTSMET_000541,BraTS-MET-00728-000,run_3104668,seg,label,/Users/hwaigc/比赛+课题/ECNU_EYU_data/work_space/G1/results/missing_t2w_completion/run_3104668/BraTS-MET-00728-000/BraTS-MET-00728-000-seg.nii.gz,work_space/G2/results/synthetic_normalized/BraTS-MET-00728-000/BraTS-MET-00728-000-seg.nii.gz,nnunet_raw/Dataset261_BraTS2026_MET_RealSynth/labelsTs/BraTSMET_000541.nii.gz,native_2026,keep_native_2026_suffix,accepted_for_evaluation,False,True,False,False
BraTS-MET-00730-000,BraTS-MET-00730-000,BraTSMET_000543,BraTS-MET-00730-000,run_3104668,t1n,0000,/Users/hwaigc/比赛+课题/ECNU_EYU_data/work_space/G1/results/missing_t2w_completion/run_3104668/BraTS-MET-00730-000/BraTS-MET-00730-000-t1n.nii.gz,work_space/G2/results/synthetic_normalized/BraTS-MET-00730-000/BraTS-MET-00730-000-t1n.nii.gz,nnunet_raw/Dataset261_BraTS2026_MET_RealSynth/imagesTr/BraTSMET_000543_0000.nii.gz,native_2026,keep_native_2026_suffix,accepted_for_training,True,False,False,False
BraTS-MET-00730-000,BraTS-MET-00730-000,BraTSMET_000543,BraTS-MET-00730-000,run_3104668,t1c,0001,/Users/hwaigc/比赛+课题/ECNU_EYU_data/work_space/G1/results/missing_t2w_completion/run_3104668/BraTS-MET-00730-000/BraTS-MET-00730-000-t1c.nii.gz,work_space/G2/results/synthetic_normalized/BraTS-MET-00730-000/BraTS-MET-00730-000-t1c.nii.gz,nnunet_raw/Dataset261_BraTS2026_MET_RealSynth/imagesTr/BraTSMET_000543_0001.nii.gz,native_2026,keep_native_2026_suffix,accepted_for_training,True,False,False,False
BraTS-MET-00730-000,BraTS-MET-00730-000,BraTSMET_000543,BraTS-MET-00730-000,run_3104668,t2w,0002,/Users/hwaigc/比赛+课题/ECNU_EYU_data/work_space/G1/results/missing_t2w_completion/run_3104668/BraTS-MET-00730-000/BraTS-MET-00730-000-t2w.nii.gz,work_space/G2/results/synthetic_normalized/BraTS-MET-00730-000/BraTS-MET-00730-000-t2w.nii.gz,nnunet_raw/Dataset261_BraTS2026_MET_RealSynth/imagesTr/BraTSMET_000543_0002.nii.gz,native_2026,keep_native_2026_suffix,accepted_for_training,True,False,False,False
BraTS-MET-00730-000,BraTS-MET-00730-000,BraTSMET_000543,BraTS-MET-00730-000,run_3104668,t2f,0003,/Users/hwaigc/比赛+课题/ECNU_EYU_data/work_space/G1/results/missing_t2w_completion/run_3104668/BraTS-MET-00730-000/BraTS-MET-00730-000-t2f.nii.gz,work_space/G2/results/synthetic_normalized/BraTS-MET-00730-000/BraTS-MET-00730-000-t2f.nii.gz,nnunet_raw/Dataset261_BraTS2026_MET_RealSynth/imagesTr/BraTSMET_000543_0003.nii.gz,native_2026,keep_native_2026_suffix,accepted_for_training,True,False,False,False
BraTS-MET-00730-000,BraTS-MET-00730-000,BraTSMET_000543,BraTS-MET-00730-000,run_3104668,seg,label,/Users/hwaigc/比赛+课题/ECNU_EYU_data/work_space/G1/results/missing_t2w_completion/run_3104668/BraTS-MET-00730-000/BraTS-MET-00730-000-seg.nii.gz,work_space/G2/results/synthetic_normalized/BraTS-MET-00730-000/BraTS-MET-00730-000-seg.nii.gz,nnunet_raw/Dataset261_BraTS2026_MET_RealSynth/labelsTr/BraTSMET_000543.nii.gz,native_2026,keep_native_2026_suffix,accepted_for_training,True,False,False,False
BraTS-MET-00730-001,BraTS-MET-00730-001,BraTSMET_000544,BraTS-MET-00730-001,run_3104668,t1n,0000,/Users/hwaigc/比赛+课题/ECNU_EYU_data/work_space/G1/results/missing_t2w_completion/run_3104668/BraTS-MET-00730-001/BraTS-MET-00730-001-t1n.nii.gz,work_space/G2/results/synthetic_normalized/BraTS-MET-00730-001/BraTS-MET-00730-001-t1n.nii.gz,nnunet_raw/Dataset261_BraTS2026_MET_RealSynth/imagesTr/BraTSMET_000544_0000.nii.gz,native_2026,keep_native_2026_suffix,accepted_for_training,True,False,False,False
BraTS-MET-00730-001,BraTS-MET-00730-001,BraTSMET_000544,BraTS-MET-00730-001,run_3104668,t1c,0001,/Users/hwaigc/比赛+课题/ECNU_EYU_data/work_space/G1/results/missing_t2w_completion/run_3104668/BraTS-MET-00730-001/BraTS-MET-00730-001-t1c.nii.gz,work_space/G2/results/synthetic_normalized/BraTS-MET-00730-001/BraTS-MET-00730-001-t1c.nii.gz,nnunet_raw/Dataset261_BraTS2026_MET_RealSynth/imagesTr/BraTSMET_000544_0001.nii.gz,native_2026,keep_native_2026_suffix,accepted_for_training,True,False,False,False
BraTS-MET-00730-001,BraTS-MET-00730-001,BraTSMET_000544,BraTS-MET-00730-001,run_3104668,t2w,0002,/Users/hwaigc/比赛+课题/ECNU_EYU_data/work_space/G1/results/missing_t2w_completion/run_3104668/BraTS-MET-00730-001/BraTS-MET-00730-001-t2w.nii.gz,work_space/G2/results/synthetic_normalized/BraTS-MET-00730-001/BraTS-MET-00730-001-t2w.nii.gz,nnunet_raw/Dataset261_BraTS2026_MET_RealSynth/imagesTr/BraTSMET_000544_0002.nii.gz,native_2026,keep_native_2026_suffix,accepted_for_training,True,False,False,False
BraTS-MET-00730-001,BraTS-MET-00730-001,BraTSMET_000544,BraTS-MET-00730-001,run_3104668,t2f,0003,/Users/hwaigc/比赛+课题/ECNU_EYU_data/work_space/G1/results/missing_t2w_completion/run_3104668/BraTS-MET-00730-001/BraTS-MET-00730-001-t2f.nii.gz,work_space/G2/results/synthetic_normalized/BraTS-MET-00730-001/BraTS-MET-00730-001-t2f.nii.gz,nnunet_raw/Dataset261_BraTS2026_MET_RealSynth/imagesTr/BraTSMET_000544_0003.nii.gz,native_2026,keep_native_2026_suffix,accepted_for_training,True,False,False,False
BraTS-MET-00730-001,BraTS-MET-00730-001,BraTSMET_000544,BraTS-MET-00730-001,run_3104668,seg,label,/Users/hwaigc/比赛+课题/ECNU_EYU_data/work_space/G1/results/missing_t2w_completion/run_3104668/BraTS-MET-00730-001/BraTS-MET-00730-001-seg.nii.gz,work_space/G2/results/synthetic_normalized/BraTS-MET-00730-001/BraTS-MET-00730-001-seg.nii.gz,nnunet_raw/Dataset261_BraTS2026_MET_RealSynth/labelsTr/BraTSMET_000544.nii.gz,native_2026,keep_native_2026_suffix,accepted_for_training,True,False,False,False
BraTS-MET-00732-000,BraTS-MET-00732-000,BraTSMET_000546,BraTS-MET-00732-000,run_3104668,t1n,0000,/Users/hwaigc/比赛+课题/ECNU_EYU_data/work_space/G1/results/missing_t2w_completion/run_3104668/BraTS-MET-00732-000/BraTS-MET-00732-000-t1n.nii.gz,work_space/G2/results/synthetic_normalized/BraTS-MET-00732-000/BraTS-MET-00732-000-t1n.nii.gz,nnunet_raw/Dataset261_BraTS2026_MET_RealSynth/imagesTs/BraTSMET_000546_0000.nii.gz,native_2026,keep_native_2026_suffix,accepted_for_evaluation,False,True,False,False
BraTS-MET-00732-000,BraTS-MET-00732-000,BraTSMET_000546,BraTS-MET-00732-000,run_3104668,t1c,0001,/Users/hwaigc/比赛+课题/ECNU_EYU_data/work_space/G1/results/missing_t2w_completion/run_3104668/BraTS-MET-00732-000/BraTS-MET-00732-000-t1c.nii.gz,work_space/G2/results/synthetic_normalized/BraTS-MET-00732-000/BraTS-MET-00732-000-t1c.nii.gz,nnunet_raw/Dataset261_BraTS2026_MET_RealSynth/imagesTs/BraTSMET_000546_0001.nii.gz,native_2026,keep_native_2026_suffix,accepted_for_evaluation,False,True,False,False
BraTS-MET-00732-000,BraTS-MET-00732-000,BraTSMET_000546,BraTS-MET-00732-000,run_3104668,t2w,0002,/Users/hwaigc/比赛+课题/ECNU_EYU_data/work_space/G1/results/missing_t2w_completion/run_3104668/BraTS-MET-00732-000/BraTS-MET-00732-000-t2w.nii.gz,work_space/G2/results/synthetic_normalized/BraTS-MET-00732-000/BraTS-MET-00732-000-t2w.nii.gz,nnunet_raw/Dataset261_BraTS2026_MET_RealSynth/imagesTs/BraTSMET_000546_0002.nii.gz,native_2026,keep_native_2026_suffix,accepted_for_evaluation,False,True,False,False
BraTS-MET-00732-000,BraTS-MET-00732-000,BraTSMET_000546,BraTS-MET-00732-000,run_3104668,t2f,0003,/Users/hwaigc/比赛+课题/ECNU_EYU_data/work_space/G1/results/missing_t2w_completion/run_3104668/BraTS-MET-00732-000/BraTS-MET-00732-000-t2f.nii.gz,work_space/G2/results/synthetic_normalized/BraTS-MET-00732-000/BraTS-MET-00732-000-t2f.nii.gz,nnunet_raw/Dataset261_BraTS2026_MET_RealSynth/imagesTs/BraTSMET_000546_0003.nii.gz,native_2026,keep_native_2026_suffix,accepted_for_evaluation,False,True,False,False
BraTS-MET-00732-000,BraTS-MET-00732-000,BraTSMET_000546,BraTS-MET-00732-000,run_3104668,seg,label,/Users/hwaigc/比赛+课题/ECNU_EYU_data/work_space/G1/results/missing_t2w_completion/run_3104668/BraTS-MET-00732-000/BraTS-MET-00732-000-seg.nii.gz,work_space/G2/results/synthetic_normalized/BraTS-MET-00732-000/BraTS-MET-00732-000-seg.nii.gz,nnunet_raw/Dataset261_BraTS2026_MET_RealSynth/labelsTs/BraTSMET_000546.nii.gz,native_2026,keep_native_2026_suffix,accepted_for_evaluation,False,True,False,False
BraTS-MET-00732-001,BraTS-MET-00732-001,BraTSMET_000547,BraTS-MET-00732-001,run_3104668,t1n,0000,/Users/hwaigc/比赛+课题/ECNU_EYU_data/work_space/G1/results/missing_t2w_completion/run_3104668/BraTS-MET-00732-001/BraTS-MET-00732-001-t1n.nii.gz,work_space/G2/results/synthetic_normalized/BraTS-MET-00732-001/BraTS-MET-00732-001-t1n.nii.gz,nnunet_raw/Dataset261_BraTS2026_MET_RealSynth/imagesTs/BraTSMET_000547_0000.nii.gz,native_2026,keep_native_2026_suffix,accepted_for_evaluation,False,True,False,False
BraTS-MET-00732-001,BraTS-MET-00732-001,BraTSMET_000547,BraTS-MET-00732-001,run_3104668,t1c,0001,/Users/hwaigc/比赛+课题/ECNU_EYU_data/work_space/G1/results/missing_t2w_completion/run_3104668/BraTS-MET-00732-001/BraTS-MET-00732-001-t1c.nii.gz,work_space/G2/results/synthetic_normalized/BraTS-MET-00732-001/BraTS-MET-00732-001-t1c.nii.gz,nnunet_raw/Dataset261_BraTS2026_MET_RealSynth/imagesTs/BraTSMET_000547_0001.nii.gz,native_2026,keep_native_2026_suffix,accepted_for_evaluation,False,True,False,False
BraTS-MET-00732-001,BraTS-MET-00732-001,BraTSMET_000547,BraTS-MET-00732-001,run_3104668,t2w,0002,/Users/hwaigc/比赛+课题/ECNU_EYU_data/work_space/G1/results/missing_t2w_completion/run_3104668/BraTS-MET-00732-001/BraTS-MET-00732-001-t2w.nii.gz,work_space/G2/results/synthetic_normalized/BraTS-MET-00732-001/BraTS-MET-00732-001-t2w.nii.gz,nnunet_raw/Dataset261_BraTS2026_MET_RealSynth/imagesTs/BraTSMET_000547_0002.nii.gz,native_2026,keep_native_2026_suffix,accepted_for_evaluation,False,True,False,False
BraTS-MET-00732-001,BraTS-MET-00732-001,BraTSMET_000547,BraTS-MET-00732-001,run_3104668,t2f,0003,/Users/hwaigc/比赛+课题/ECNU_EYU_data/work_space/G1/results/missing_t2w_completion/run_3104668/BraTS-MET-00732-001/BraTS-MET-00732-001-t2f.nii.gz,work_space/G2/results/synthetic_normalized/BraTS-MET-00732-001/BraTS-MET-00732-001-t2f.nii.gz,nnunet_raw/Dataset261_BraTS2026_MET_RealSynth/imagesTs/BraTSMET_000547_0003.nii.gz,native_2026,keep_native_2026_suffix,accepted_for_evaluation,False,True,False,False
BraTS-MET-00732-001,BraTS-MET-00732-001,BraTSMET_000547,BraTS-MET-00732-001,run_3104668,seg,label,/Users/hwaigc/比赛+课题/ECNU_EYU_data/work_space/G1/results/missing_t2w_completion/run_3104668/BraTS-MET-00732-001/BraTS-MET-00732-001-seg.nii.gz,work_space/G2/results/synthetic_normalized/BraTS-MET-00732-001/BraTS-MET-00732-001-seg.nii.gz,nnunet_raw/Dataset261_BraTS2026_MET_RealSynth/labelsTs/BraTSMET_000547.nii.gz,native_2026,keep_native_2026_suffix,accepted_for_evaluation,False,True,False,False
BraTS-MET-00733-000,BraTS-MET-00733-000,BraTSMET_000548,BraTS-MET-00733-000,run_3104668,t1n,0000,/Users/hwaigc/比赛+课题/ECNU_EYU_data/work_space/G1/results/missing_t2w_completion/run_3104668/BraTS-MET-00733-000/BraTS-MET-00733-000-t1n.nii.gz,work_space/G2/results/synthetic_normalized/BraTS-MET-00733-000/BraTS-MET-00733-000-t1n.nii.gz,nnunet_raw/Dataset261_BraTS2026_MET_RealSynth/imagesTr/BraTSMET_000548_0000.nii.gz,native_2026,keep_native_2026_suffix,accepted_for_evaluation,False,True,False,False
BraTS-MET-00733-000,BraTS-MET-00733-000,BraTSMET_000548,BraTS-MET-00733-000,run_3104668,t1c,0001,/Users/hwaigc/比赛+课题/ECNU_EYU_data/work_space/G1/results/missing_t2w_completion/run_3104668/BraTS-MET-00733-000/BraTS-MET-00733-000-t1c.nii.gz,work_space/G2/results/synthetic_normalized/BraTS-MET-00733-000/BraTS-MET-00733-000-t1c.nii.gz,nnunet_raw/Dataset261_BraTS2026_MET_RealSynth/imagesTr/BraTSMET_000548_0001.nii.gz,native_2026,keep_native_2026_suffix,accepted_for_evaluation,False,True,False,False
BraTS-MET-00733-000,BraTS-MET-00733-000,BraTSMET_000548,BraTS-MET-00733-000,run_3104668,t2w,0002,/Users/hwaigc/比赛+课题/ECNU_EYU_data/work_space/G1/results/missing_t2w_completion/run_3104668/BraTS-MET-00733-000/BraTS-MET-00733-000-t2w.nii.gz,work_space/G2/results/synthetic_normalized/BraTS-MET-00733-000/BraTS-MET-00733-000-t2w.nii.gz,nnunet_raw/Dataset261_BraTS2026_MET_RealSynth/imagesTr/BraTSMET_000548_0002.nii.gz,native_2026,keep_native_2026_suffix,accepted_for_evaluation,False,True,False,False
BraTS-MET-00733-000,BraTS-MET-00733-000,BraTSMET_000548,BraTS-MET-00733-000,run_3104668,t2f,0003,/Users/hwaigc/比赛+课题/ECNU_EYU_data/work_space/G1/results/missing_t2w_completion/run_3104668/BraTS-MET-00733-000/BraTS-MET-00733-000-t2f.nii.gz,work_space/G2/results/synthetic_normalized/BraTS-MET-00733-000/BraTS-MET-00733-000-t2f.nii.gz,nnunet_raw/Dataset261_BraTS2026_MET_RealSynth/imagesTr/BraTSMET_000548_0003.nii.gz,native_2026,keep_native_2026_suffix,accepted_for_evaluation,False,True,False,False
BraTS-MET-00733-000,BraTS-MET-00733-000,BraTSMET_000548,BraTS-MET-00733-000,run_3104668,seg,label,/Users/hwaigc/比赛+课题/ECNU_EYU_data/work_space/G1/results/missing_t2w_completion/run_3104668/BraTS-MET-00733-000/BraTS-MET-00733-000-seg.nii.gz,work_space/G2/results/synthetic_normalized/BraTS-MET-00733-000/BraTS-MET-00733-000-seg.nii.gz,nnunet_raw/Dataset261_BraTS2026_MET_RealSynth/labelsTr/BraTSMET_000548.nii.gz,native_2026,keep_native_2026_suffix,accepted_for_evaluation,False,True,False,False
BraTS-MET-00734-000,BraTS-MET-00734-000,BraTSMET_000549,BraTS-MET-00734-000,run_3104668,t1n,0000,/Users/hwaigc/比赛+课题/ECNU_EYU_data/work_space/G1/results/missing_t2w_completion/run_3104668/BraTS-MET-00734-000/BraTS-MET-00734-000-t1n.nii.gz,work_space/G2/results/synthetic_normalized/BraTS-MET-00734-000/BraTS-MET-00734-000-t1n.nii.gz,nnunet_raw/Dataset261_BraTS2026_MET_RealSynth/imagesTr/BraTSMET_000549_0000.nii.gz,native_2026,keep_native_2026_suffix,accepted_for_training,True,False,False,False
BraTS-MET-00734-000,BraTS-MET-00734-000,BraTSMET_000549,BraTS-MET-00734-000,run_3104668,t1c,0001,/Users/hwaigc/比赛+课题/ECNU_EYU_data/work_space/G1/results/missing_t2w_completion/run_3104668/BraTS-MET-00734-000/BraTS-MET-00734-000-t1c.nii.gz,work_space/G2/results/synthetic_normalized/BraTS-MET-00734-000/BraTS-MET-00734-000-t1c.nii.gz,nnunet_raw/Dataset261_BraTS2026_MET_RealSynth/imagesTr/BraTSMET_000549_0001.nii.gz,native_2026,keep_native_2026_suffix,accepted_for_training,True,False,False,False
BraTS-MET-00734-000,BraTS-MET-00734-000,BraTSMET_000549,BraTS-MET-00734-000,run_3104668,t2w,0002,/Users/hwaigc/比赛+课题/ECNU_EYU_data/work_space/G1/results/missing_t2w_completion/run_3104668/BraTS-MET-00734-000/BraTS-MET-00734-000-t2w.nii.gz,work_space/G2/results/synthetic_normalized/BraTS-MET-00734-000/BraTS-MET-00734-000-t2w.nii.gz,nnunet_raw/Dataset261_BraTS2026_MET_RealSynth/imagesTr/BraTSMET_000549_0002.nii.gz,native_2026,keep_native_2026_suffix,accepted_for_training,True,False,False,False
BraTS-MET-00734-000,BraTS-MET-00734-000,BraTSMET_000549,BraTS-MET-00734-000,run_3104668,t2f,0003,/Users/hwaigc/比赛+课题/ECNU_EYU_data/work_space/G1/results/missing_t2w_completion/run_3104668/BraTS-MET-00734-000/BraTS-MET-00734-000-t2f.nii.gz,work_space/G2/results/synthetic_normalized/BraTS-MET-00734-000/BraTS-MET-00734-000-t2f.nii.gz,nnunet_raw/Dataset261_BraTS2026_MET_RealSynth/imagesTr/BraTSMET_000549_0003.nii.gz,native_2026,keep_native_2026_suffix,accepted_for_training,True,False,False,False
BraTS-MET-00734-000,BraTS-MET-00734-000,BraTSMET_000549,BraTS-MET-00734-000,run_3104668,seg,label,/Users/hwaigc/比赛+课题/ECNU_EYU_data/work_space/G1/results/missing_t2w_completion/run_3104668/BraTS-MET-00734-000/BraTS-MET-00734-000-seg.nii.gz,work_space/G2/results/synthetic_normalized/BraTS-MET-00734-000/BraTS-MET-00734-000-seg.nii.gz,nnunet_raw/Dataset261_BraTS2026_MET_RealSynth/labelsTr/BraTSMET_000549.nii.gz,native_2026,keep_native_2026_suffix,accepted_for_training,True,False,False,False
BraTS-MET-00737-000,BraTS-MET-00737-000,BraTSMET_000552,BraTS-MET-00737-000,run_3104668,t1n,0000,/Users/hwaigc/比赛+课题/ECNU_EYU_data/work_space/G1/results/missing_t2w_completion/run_3104668/BraTS-MET-00737-000/BraTS-MET-00737-000-t1n.nii.gz,work_space/G2/results/synthetic_normalized/BraTS-MET-00737-000/BraTS-MET-00737-000-t1n.nii.gz,nnunet_raw/Dataset261_BraTS2026_MET_RealSynth/imagesTs/BraTSMET_000552_0000.nii.gz,native_2026,keep_native_2026_suffix,accepted_for_evaluation,False,True,False,False
BraTS-MET-00737-000,BraTS-MET-00737-000,BraTSMET_000552,BraTS-MET-00737-000,run_3104668,t1c,0001,/Users/hwaigc/比赛+课题/ECNU_EYU_data/work_space/G1/results/missing_t2w_completion/run_3104668/BraTS-MET-00737-000/BraTS-MET-00737-000-t1c.nii.gz,work_space/G2/results/synthetic_normalized/BraTS-MET-00737-000/BraTS-MET-00737-000-t1c.nii.gz,nnunet_raw/Dataset261_BraTS2026_MET_RealSynth/imagesTs/BraTSMET_000552_0001.nii.gz,native_2026,keep_native_2026_suffix,accepted_for_evaluation,False,True,False,False
BraTS-MET-00737-000,BraTS-MET-00737-000,BraTSMET_000552,BraTS-MET-00737-000,run_3104668,t2w,0002,/Users/hwaigc/比赛+课题/ECNU_EYU_data/work_space/G1/results/missing_t2w_completion/run_3104668/BraTS-MET-00737-000/BraTS-MET-00737-000-t2w.nii.gz,work_space/G2/results/synthetic_normalized/BraTS-MET-00737-000/BraTS-MET-00737-000-t2w.nii.gz,nnunet_raw/Dataset261_BraTS2026_MET_RealSynth/imagesTs/BraTSMET_000552_0002.nii.gz,native_2026,keep_native_2026_suffix,accepted_for_evaluation,False,True,False,False
BraTS-MET-00737-000,BraTS-MET-00737-000,BraTSMET_000552,BraTS-MET-00737-000,run_3104668,t2f,0003,/Users/hwaigc/比赛+课题/ECNU_EYU_data/work_space/G1/results/missing_t2w_completion/run_3104668/BraTS-MET-00737-000/BraTS-MET-00737-000-t2f.nii.gz,work_space/G2/results/synthetic_normalized/BraTS-MET-00737-000/BraTS-MET-00737-000-t2f.nii.gz,nnunet_raw/Dataset261_BraTS2026_MET_RealSynth/imagesTs/BraTSMET_000552_0003.nii.gz,native_2026,keep_native_2026_suffix,accepted_for_evaluation,False,True,False,False
BraTS-MET-00737-000,BraTS-MET-00737-000,BraTSMET_000552,BraTS-MET-00737-000,run_3104668,seg,label,/Users/hwaigc/比赛+课题/ECNU_EYU_data/work_space/G1/results/missing_t2w_completion/run_3104668/BraTS-MET-00737-000/BraTS-MET-00737-000-seg.nii.gz,work_space/G2/results/synthetic_normalized/BraTS-MET-00737-000/BraTS-MET-00737-000-seg.nii.gz,nnunet_raw/Dataset261_BraTS2026_MET_RealSynth/labelsTs/BraTSMET_000552.nii.gz,native_2026,keep_native_2026_suffix,accepted_for_evaluation,False,True,False,False
BraTS-MET-00738-000,BraTS-MET-00738-000,BraTSMET_000553,BraTS-MET-00738-000,run_3104668,t1n,0000,/Users/hwaigc/比赛+课题/ECNU_EYU_data/work_space/G1/results/missing_t2w_completion/run_3104668/BraTS-MET-00738-000/BraTS-MET-00738-000-t1n.nii.gz,work_space/G2/results/synthetic_normalized/BraTS-MET-00738-000/BraTS-MET-00738-000-t1n.nii.gz,nnunet_raw/Dataset261_BraTS2026_MET_RealSynth/imagesTr/BraTSMET_000553_0000.nii.gz,native_2026,keep_native_2026_suffix,accepted_for_training,True,False,False,False
BraTS-MET-00738-000,BraTS-MET-00738-000,BraTSMET_000553,BraTS-MET-00738-000,run_3104668,t1c,0001,/Users/hwaigc/比赛+课题/ECNU_EYU_data/work_space/G1/results/missing_t2w_completion/run_3104668/BraTS-MET-00738-000/BraTS-MET-00738-000-t1c.nii.gz,work_space/G2/results/synthetic_normalized/BraTS-MET-00738-000/BraTS-MET-00738-000-t1c.nii.gz,nnunet_raw/Dataset261_BraTS2026_MET_RealSynth/imagesTr/BraTSMET_000553_0001.nii.gz,native_2026,keep_native_2026_suffix,accepted_for_training,True,False,False,False
BraTS-MET-00738-000,BraTS-MET-00738-000,BraTSMET_000553,BraTS-MET-00738-000,run_3104668,t2w,0002,/Users/hwaigc/比赛+课题/ECNU_EYU_data/work_space/G1/results/missing_t2w_completion/run_3104668/BraTS-MET-00738-000/BraTS-MET-00738-000-t2w.nii.gz,work_space/G2/results/synthetic_normalized/BraTS-MET-00738-000/BraTS-MET-00738-000-t2w.nii.gz,nnunet_raw/Dataset261_BraTS2026_MET_RealSynth/imagesTr/BraTSMET_000553_0002.nii.gz,native_2026,keep_native_2026_suffix,accepted_for_training,True,False,False,False
BraTS-MET-00738-000,BraTS-MET-00738-000,BraTSMET_000553,BraTS-MET-00738-000,run_3104668,t2f,0003,/Users/hwaigc/比赛+课题/ECNU_EYU_data/work_space/G1/results/missing_t2w_completion/run_3104668/BraTS-MET-00738-000/BraTS-MET-00738-000-t2f.nii.gz,work_space/G2/results/synthetic_normalized/BraTS-MET-00738-000/BraTS-MET-00738-000-t2f.nii.gz,nnunet_raw/Dataset261_BraTS2026_MET_RealSynth/imagesTr/BraTSMET_000553_0003.nii.gz,native_2026,keep_native_2026_suffix,accepted_for_training,True,False,False,False
BraTS-MET-00738-000,BraTS-MET-00738-000,BraTSMET_000553,BraTS-MET-00738-000,run_3104668,seg,label,/Users/hwaigc/比赛+课题/ECNU_EYU_data/work_space/G1/results/missing_t2w_completion/run_3104668/BraTS-MET-00738-000/BraTS-MET-00738-000-seg.nii.gz,work_space/G2/results/synthetic_normalized/BraTS-MET-00738-000/BraTS-MET-00738-000-seg.nii.gz,nnunet_raw/Dataset261_BraTS2026_MET_RealSynth/labelsTr/BraTSMET_000553.nii.gz,native_2026,keep_native_2026_suffix,accepted_for_training,True,False,False,False
BraTS-MET-00738-001,BraTS-MET-00738-001,BraTSMET_000554,BraTS-MET-00738-001,run_3104668,t1n,0000,/Users/hwaigc/比赛+课题/ECNU_EYU_data/work_space/G1/results/missing_t2w_completion/run_3104668/BraTS-MET-00738-001/BraTS-MET-00738-001-t1n.nii.gz,work_space/G2/results/synthetic_normalized/BraTS-MET-00738-001/BraTS-MET-00738-001-t1n.nii.gz,nnunet_raw/Dataset261_BraTS2026_MET_RealSynth/imagesTr/BraTSMET_000554_0000.nii.gz,native_2026,keep_native_2026_suffix,accepted_for_training,True,False,False,False
BraTS-MET-00738-001,BraTS-MET-00738-001,BraTSMET_000554,BraTS-MET-00738-001,run_3104668,t1c,0001,/Users/hwaigc/比赛+课题/ECNU_EYU_data/work_space/G1/results/missing_t2w_completion/run_3104668/BraTS-MET-00738-001/BraTS-MET-00738-001-t1c.nii.gz,work_space/G2/results/synthetic_normalized/BraTS-MET-00738-001/BraTS-MET-00738-001-t1c.nii.gz,nnunet_raw/Dataset261_BraTS2026_MET_RealSynth/imagesTr/BraTSMET_000554_0001.nii.gz,native_2026,keep_native_2026_suffix,accepted_for_training,True,False,False,False
BraTS-MET-00738-001,BraTS-MET-00738-001,BraTSMET_000554,BraTS-MET-00738-001,run_3104668,t2w,0002,/Users/hwaigc/比赛+课题/ECNU_EYU_data/work_space/G1/results/missing_t2w_completion/run_3104668/BraTS-MET-00738-001/BraTS-MET-00738-001-t2w.nii.gz,work_space/G2/results/synthetic_normalized/BraTS-MET-00738-001/BraTS-MET-00738-001-t2w.nii.gz,nnunet_raw/Dataset261_BraTS2026_MET_RealSynth/imagesTr/BraTSMET_000554_0002.nii.gz,native_2026,keep_native_2026_suffix,accepted_for_training,True,False,False,False
BraTS-MET-00738-001,BraTS-MET-00738-001,BraTSMET_000554,BraTS-MET-00738-001,run_3104668,t2f,0003,/Users/hwaigc/比赛+课题/ECNU_EYU_data/work_space/G1/results/missing_t2w_completion/run_3104668/BraTS-MET-00738-001/BraTS-MET-00738-001-t2f.nii.gz,work_space/G2/results/synthetic_normalized/BraTS-MET-00738-001/BraTS-MET-00738-001-t2f.nii.gz,nnunet_raw/Dataset261_BraTS2026_MET_RealSynth/imagesTr/BraTSMET_000554_0003.nii.gz,native_2026,keep_native_2026_suffix,accepted_for_training,True,False,False,False
BraTS-MET-00738-001,BraTS-MET-00738-001,BraTSMET_000554,BraTS-MET-00738-001,run_3104668,seg,label,/Users/hwaigc/比赛+课题/ECNU_EYU_data/work_space/G1/results/missing_t2w_completion/run_3104668/BraTS-MET-00738-001/BraTS-MET-00738-001-seg.nii.gz,work_space/G2/results/synthetic_normalized/BraTS-MET-00738-001/BraTS-MET-00738-001-seg.nii.gz,nnunet_raw/Dataset261_BraTS2026_MET_RealSynth/labelsTr/BraTSMET_000554.nii.gz,native_2026,keep_native_2026_suffix,accepted_for_training,True,False,False,False
BraTS-MET-00739-000,BraTS-MET-00739-000,BraTSMET_000555,BraTS-MET-00739-000,run_3104668,t1n,0000,/Users/hwaigc/比赛+课题/ECNU_EYU_data/work_space/G1/results/missing_t2w_completion/run_3104668/BraTS-MET-00739-000/BraTS-MET-00739-000-t1n.nii.gz,work_space/G2/results/synthetic_normalized/BraTS-MET-00739-000/BraTS-MET-00739-000-t1n.nii.gz,nnunet_raw/Dataset261_BraTS2026_MET_RealSynth/imagesTr/BraTSMET_000555_0000.nii.gz,native_2026,keep_native_2026_suffix,accepted_for_training,True,False,False,False
BraTS-MET-00739-000,BraTS-MET-00739-000,BraTSMET_000555,BraTS-MET-00739-000,run_3104668,t1c,0001,/Users/hwaigc/比赛+课题/ECNU_EYU_data/work_space/G1/results/missing_t2w_completion/run_3104668/BraTS-MET-00739-000/BraTS-MET-00739-000-t1c.nii.gz,work_space/G2/results/synthetic_normalized/BraTS-MET-00739-000/BraTS-MET-00739-000-t1c.nii.gz,nnunet_raw/Dataset261_BraTS2026_MET_RealSynth/imagesTr/BraTSMET_000555_0001.nii.gz,native_2026,keep_native_2026_suffix,accepted_for_training,True,False,False,False
BraTS-MET-00739-000,BraTS-MET-00739-000,BraTSMET_000555,BraTS-MET-00739-000,run_3104668,t2w,0002,/Users/hwaigc/比赛+课题/ECNU_EYU_data/work_space/G1/results/missing_t2w_completion/run_3104668/BraTS-MET-00739-000/BraTS-MET-00739-000-t2w.nii.gz,work_space/G2/results/synthetic_normalized/BraTS-MET-00739-000/BraTS-MET-00739-000-t2w.nii.gz,nnunet_raw/Dataset261_BraTS2026_MET_RealSynth/imagesTr/BraTSMET_000555_0002.nii.gz,native_2026,keep_native_2026_suffix,accepted_for_training,True,False,False,False
BraTS-MET-00739-000,BraTS-MET-00739-000,BraTSMET_000555,BraTS-MET-00739-000,run_3104668,t2f,0003,/Users/hwaigc/比赛+课题/ECNU_EYU_data/work_space/G1/results/missing_t2w_completion/run_3104668/BraTS-MET-00739-000/BraTS-MET-00739-000-t2f.nii.gz,work_space/G2/results/synthetic_normalized/BraTS-MET-00739-000/BraTS-MET-00739-000-t2f.nii.gz,nnunet_raw/Dataset261_BraTS2026_MET_RealSynth/imagesTr/BraTSMET_000555_0003.nii.gz,native_2026,keep_native_2026_suffix,accepted_for_training,True,False,False,False
BraTS-MET-00739-000,BraTS-MET-00739-000,BraTSMET_000555,BraTS-MET-00739-000,run_3104668,seg,label,/Users/hwaigc/比赛+课题/ECNU_EYU_data/work_space/G1/results/missing_t2w_completion/run_3104668/BraTS-MET-00739-000/BraTS-MET-00739-000-seg.nii.gz,work_space/G2/results/synthetic_normalized/BraTS-MET-00739-000/BraTS-MET-00739-000-seg.nii.gz,nnunet_raw/Dataset261_BraTS2026_MET_RealSynth/labelsTr/BraTSMET_000555.nii.gz,native_2026,keep_native_2026_suffix,accepted_for_training,True,False,False,False
BraTS-MET-00739-001,BraTS-MET-00739-001,BraTSMET_000556,BraTS-MET-00739-001,run_3104668,t1n,0000,/Users/hwaigc/比赛+课题/ECNU_EYU_data/work_space/G1/results/missing_t2w_completion/run_3104668/BraTS-MET-00739-001/BraTS-MET-00739-001-t1n.nii.gz,work_space/G2/results/synthetic_normalized/BraTS-MET-00739-001/BraTS-MET-00739-001-t1n.nii.gz,nnunet_raw/Dataset261_BraTS2026_MET_RealSynth/imagesTr/BraTSMET_000556_0000.nii.gz,native_2026,keep_native_2026_suffix,accepted_for_training,True,False,False,False
BraTS-MET-00739-001,BraTS-MET-00739-001,BraTSMET_000556,BraTS-MET-00739-001,run_3104668,t1c,0001,/Users/hwaigc/比赛+课题/ECNU_EYU_data/work_space/G1/results/missing_t2w_completion/run_3104668/BraTS-MET-00739-001/BraTS-MET-00739-001-t1c.nii.gz,work_space/G2/results/synthetic_normalized/BraTS-MET-00739-001/BraTS-MET-00739-001-t1c.nii.gz,nnunet_raw/Dataset261_BraTS2026_MET_RealSynth/imagesTr/BraTSMET_000556_0001.nii.gz,native_2026,keep_native_2026_suffix,accepted_for_training,True,False,False,False
BraTS-MET-00739-001,BraTS-MET-00739-001,BraTSMET_000556,BraTS-MET-00739-001,run_3104668,t2w,0002,/Users/hwaigc/比赛+课题/ECNU_EYU_data/work_space/G1/results/missing_t2w_completion/run_3104668/BraTS-MET-00739-001/BraTS-MET-00739-001-t2w.nii.gz,work_space/G2/results/synthetic_normalized/BraTS-MET-00739-001/BraTS-MET-00739-001-t2w.nii.gz,nnunet_raw/Dataset261_BraTS2026_MET_RealSynth/imagesTr/BraTSMET_000556_0002.nii.gz,native_2026,keep_native_2026_suffix,accepted_for_training,True,False,False,False
BraTS-MET-00739-001,BraTS-MET-00739-001,BraTSMET_000556,BraTS-MET-00739-001,run_3104668,t2f,0003,/Users/hwaigc/比赛+课题/ECNU_EYU_data/work_space/G1/results/missing_t2w_completion/run_3104668/BraTS-MET-00739-001/BraTS-MET-00739-001-t2f.nii.gz,work_space/G2/results/synthetic_normalized/BraTS-MET-00739-001/BraTS-MET-00739-001-t2f.nii.gz,nnunet_raw/Dataset261_BraTS2026_MET_RealSynth/imagesTr/BraTSMET_000556_0003.nii.gz,native_2026,keep_native_2026_suffix,accepted_for_training,True,False,False,False
BraTS-MET-00739-001,BraTS-MET-00739-001,BraTSMET_000556,BraTS-MET-00739-001,run_3104668,seg,label,/Users/hwaigc/比赛+课题/ECNU_EYU_data/work_space/G1/results/missing_t2w_completion/run_3104668/BraTS-MET-00739-001/BraTS-MET-00739-001-seg.nii.gz,work_space/G2/results/synthetic_normalized/BraTS-MET-00739-001/BraTS-MET-00739-001-seg.nii.gz,nnunet_raw/Dataset261_BraTS2026_MET_RealSynth/labelsTr/BraTSMET_000556.nii.gz,native_2026,keep_native_2026_suffix,accepted_for_training,True,False,False,False
BraTS-MET-00740-000,BraTS-MET-00740-000,BraTSMET_000557,BraTS-MET-00740-000,run_3104668,t1n,0000,/Users/hwaigc/比赛+课题/ECNU_EYU_data/work_space/G1/results/missing_t2w_completion/run_3104668/BraTS-MET-00740-000/BraTS-MET-00740-000-t1n.nii.gz,work_space/G2/results/synthetic_normalized/BraTS-MET-00740-000/BraTS-MET-00740-000-t1n.nii.gz,nnunet_raw/Dataset261_BraTS2026_MET_RealSynth/imagesTr/BraTSMET_000557_0000.nii.gz,native_2026,keep_native_2026_suffix,accepted_for_training,True,False,False,False
BraTS-MET-00740-000,BraTS-MET-00740-000,BraTSMET_000557,BraTS-MET-00740-000,run_3104668,t1c,0001,/Users/hwaigc/比赛+课题/ECNU_EYU_data/work_space/G1/results/missing_t2w_completion/run_3104668/BraTS-MET-00740-000/BraTS-MET-00740-000-t1c.nii.gz,work_space/G2/results/synthetic_normalized/BraTS-MET-00740-000/BraTS-MET-00740-000-t1c.nii.gz,nnunet_raw/Dataset261_BraTS2026_MET_RealSynth/imagesTr/BraTSMET_000557_0001.nii.gz,native_2026,keep_native_2026_suffix,accepted_for_training,True,False,False,False
BraTS-MET-00740-000,BraTS-MET-00740-000,BraTSMET_000557,BraTS-MET-00740-000,run_3104668,t2w,0002,/Users/hwaigc/比赛+课题/ECNU_EYU_data/work_space/G1/results/missing_t2w_completion/run_3104668/BraTS-MET-00740-000/BraTS-MET-00740-000-t2w.nii.gz,work_space/G2/results/synthetic_normalized/BraTS-MET-00740-000/BraTS-MET-00740-000-t2w.nii.gz,nnunet_raw/Dataset261_BraTS2026_MET_RealSynth/imagesTr/BraTSMET_000557_0002.nii.gz,native_2026,keep_native_2026_suffix,accepted_for_training,True,False,False,False
BraTS-MET-00740-000,BraTS-MET-00740-000,BraTSMET_000557,BraTS-MET-00740-000,run_3104668,t2f,0003,/Users/hwaigc/比赛+课题/ECNU_EYU_data/work_space/G1/results/missing_t2w_completion/run_3104668/BraTS-MET-00740-000/BraTS-MET-00740-000-t2f.nii.gz,work_space/G2/results/synthetic_normalized/BraTS-MET-00740-000/BraTS-MET-00740-000-t2f.nii.gz,nnunet_raw/Dataset261_BraTS2026_MET_RealSynth/imagesTr/BraTSMET_000557_0003.nii.gz,native_2026,keep_native_2026_suffix,accepted_for_training,True,False,False,False
BraTS-MET-00740-000,BraTS-MET-00740-000,BraTSMET_000557,BraTS-MET-00740-000,run_3104668,seg,label,/Users/hwaigc/比赛+课题/ECNU_EYU_data/work_space/G1/results/missing_t2w_completion/run_3104668/BraTS-MET-00740-000/BraTS-MET-00740-000-seg.nii.gz,work_space/G2/results/synthetic_normalized/BraTS-MET-00740-000/BraTS-MET-00740-000-seg.nii.gz,nnunet_raw/Dataset261_BraTS2026_MET_RealSynth/labelsTr/BraTSMET_000557.nii.gz,native_2026,keep_native_2026_suffix,accepted_for_training,True,False,False,False
BraTS-MET-00740-001,BraTS-MET-00740-001,BraTSMET_000558,BraTS-MET-00740-001,run_3104668,t1n,0000,/Users/hwaigc/比赛+课题/ECNU_EYU_data/work_space/G1/results/missing_t2w_completion/run_3104668/BraTS-MET-00740-001/BraTS-MET-00740-001-t1n.nii.gz,work_space/G2/results/synthetic_normalized/BraTS-MET-00740-001/BraTS-MET-00740-001-t1n.nii.gz,nnunet_raw/Dataset261_BraTS2026_MET_RealSynth/imagesTr/BraTSMET_000558_0000.nii.gz,native_2026,keep_native_2026_suffix,accepted_for_training,True,False,False,False
BraTS-MET-00740-001,BraTS-MET-00740-001,BraTSMET_000558,BraTS-MET-00740-001,run_3104668,t1c,0001,/Users/hwaigc/比赛+课题/ECNU_EYU_data/work_space/G1/results/missing_t2w_completion/run_3104668/BraTS-MET-00740-001/BraTS-MET-00740-001-t1c.nii.gz,work_space/G2/results/synthetic_normalized/BraTS-MET-00740-001/BraTS-MET-00740-001-t1c.nii.gz,nnunet_raw/Dataset261_BraTS2026_MET_RealSynth/imagesTr/BraTSMET_000558_0001.nii.gz,native_2026,keep_native_2026_suffix,accepted_for_training,True,False,False,False
BraTS-MET-00740-001,BraTS-MET-00740-001,BraTSMET_000558,BraTS-MET-00740-001,run_3104668,t2w,0002,/Users/hwaigc/比赛+课题/ECNU_EYU_data/work_space/G1/results/missing_t2w_completion/run_3104668/BraTS-MET-00740-001/BraTS-MET-00740-001-t2w.nii.gz,work_space/G2/results/synthetic_normalized/BraTS-MET-00740-001/BraTS-MET-00740-001-t2w.nii.gz,nnunet_raw/Dataset261_BraTS2026_MET_RealSynth/imagesTr/BraTSMET_000558_0002.nii.gz,native_2026,keep_native_2026_suffix,accepted_for_training,True,False,False,False
BraTS-MET-00740-001,BraTS-MET-00740-001,BraTSMET_000558,BraTS-MET-00740-001,run_3104668,t2f,0003,/Users/hwaigc/比赛+课题/ECNU_EYU_data/work_space/G1/results/missing_t2w_completion/run_3104668/BraTS-MET-00740-001/BraTS-MET-00740-001-t2f.nii.gz,work_space/G2/results/synthetic_normalized/BraTS-MET-00740-001/BraTS-MET-00740-001-t2f.nii.gz,nnunet_raw/Dataset261_BraTS2026_MET_RealSynth/imagesTr/BraTSMET_000558_0003.nii.gz,native_2026,keep_native_2026_suffix,accepted_for_training,True,False,False,False
BraTS-MET-00740-001,BraTS-MET-00740-001,BraTSMET_000558,BraTS-MET-00740-001,run_3104668,seg,label,/Users/hwaigc/比赛+课题/ECNU_EYU_data/work_space/G1/results/missing_t2w_completion/run_3104668/BraTS-MET-00740-001/BraTS-MET-00740-001-seg.nii.gz,work_space/G2/results/synthetic_normalized/BraTS-MET-00740-001/BraTS-MET-00740-001-seg.nii.gz,nnunet_raw/Dataset261_BraTS2026_MET_RealSynth/labelsTr/BraTSMET_000558.nii.gz,native_2026,keep_native_2026_suffix,accepted_for_training,True,False,False,False
BraTS-MET-00740-002,BraTS-MET-00740-002,BraTSMET_000559,BraTS-MET-00740-002,run_3104668,t1n,0000,/Users/hwaigc/比赛+课题/ECNU_EYU_data/work_space/G1/results/missing_t2w_completion/run_3104668/BraTS-MET-00740-002/BraTS-MET-00740-002-t1n.nii.gz,work_space/G2/results/synthetic_normalized/BraTS-MET-00740-002/BraTS-MET-00740-002-t1n.nii.gz,nnunet_raw/Dataset261_BraTS2026_MET_RealSynth/imagesTr/BraTSMET_000559_0000.nii.gz,native_2026,keep_native_2026_suffix,accepted_for_training,True,False,False,False
BraTS-MET-00740-002,BraTS-MET-00740-002,BraTSMET_000559,BraTS-MET-00740-002,run_3104668,t1c,0001,/Users/hwaigc/比赛+课题/ECNU_EYU_data/work_space/G1/results/missing_t2w_completion/run_3104668/BraTS-MET-00740-002/BraTS-MET-00740-002-t1c.nii.gz,work_space/G2/results/synthetic_normalized/BraTS-MET-00740-002/BraTS-MET-00740-002-t1c.nii.gz,nnunet_raw/Dataset261_BraTS2026_MET_RealSynth/imagesTr/BraTSMET_000559_0001.nii.gz,native_2026,keep_native_2026_suffix,accepted_for_training,True,False,False,False
BraTS-MET-00740-002,BraTS-MET-00740-002,BraTSMET_000559,BraTS-MET-00740-002,run_3104668,t2w,0002,/Users/hwaigc/比赛+课题/ECNU_EYU_data/work_space/G1/results/missing_t2w_completion/run_3104668/BraTS-MET-00740-002/BraTS-MET-00740-002-t2w.nii.gz,work_space/G2/results/synthetic_normalized/BraTS-MET-00740-002/BraTS-MET-00740-002-t2w.nii.gz,nnunet_raw/Dataset261_BraTS2026_MET_RealSynth/imagesTr/BraTSMET_000559_0002.nii.gz,native_2026,keep_native_2026_suffix,accepted_for_training,True,False,False,False
BraTS-MET-00740-002,BraTS-MET-00740-002,BraTSMET_000559,BraTS-MET-00740-002,run_3104668,t2f,0003,/Users/hwaigc/比赛+课题/ECNU_EYU_data/work_space/G1/results/missing_t2w_completion/run_3104668/BraTS-MET-00740-002/BraTS-MET-00740-002-t2f.nii.gz,work_space/G2/results/synthetic_normalized/BraTS-MET-00740-002/BraTS-MET-00740-002-t2f.nii.gz,nnunet_raw/Dataset261_BraTS2026_MET_RealSynth/imagesTr/BraTSMET_000559_0003.nii.gz,native_2026,keep_native_2026_suffix,accepted_for_training,True,False,False,False
BraTS-MET-00740-002,BraTS-MET-00740-002,BraTSMET_000559,BraTS-MET-00740-002,run_3104668,seg,label,/Users/hwaigc/比赛+课题/ECNU_EYU_data/work_space/G1/results/missing_t2w_completion/run_3104668/BraTS-MET-00740-002/BraTS-MET-00740-002-seg.nii.gz,work_space/G2/results/synthetic_normalized/BraTS-MET-00740-002/BraTS-MET-00740-002-seg.nii.gz,nnunet_raw/Dataset261_BraTS2026_MET_RealSynth/labelsTr/BraTSMET_000559.nii.gz,native_2026,keep_native_2026_suffix,accepted_for_training,True,False,False,False
BraTS-MET-00741-000,BraTS-MET-00741-000,BraTSMET_000560,BraTS-MET-00741-000,run_3104668,t1n,0000,/Users/hwaigc/比赛+课题/ECNU_EYU_data/work_space/G1/results/missing_t2w_completion/run_3104668/BraTS-MET-00741-000/BraTS-MET-00741-000-t1n.nii.gz,work_space/G2/results/synthetic_normalized/BraTS-MET-00741-000/BraTS-MET-00741-000-t1n.nii.gz,nnunet_raw/Dataset261_BraTS2026_MET_RealSynth/imagesTr/BraTSMET_000560_0000.nii.gz,native_2026,keep_native_2026_suffix,accepted_for_training,True,False,False,False
BraTS-MET-00741-000,BraTS-MET-00741-000,BraTSMET_000560,BraTS-MET-00741-000,run_3104668,t1c,0001,/Users/hwaigc/比赛+课题/ECNU_EYU_data/work_space/G1/results/missing_t2w_completion/run_3104668/BraTS-MET-00741-000/BraTS-MET-00741-000-t1c.nii.gz,work_space/G2/results/synthetic_normalized/BraTS-MET-00741-000/BraTS-MET-00741-000-t1c.nii.gz,nnunet_raw/Dataset261_BraTS2026_MET_RealSynth/imagesTr/BraTSMET_000560_0001.nii.gz,native_2026,keep_native_2026_suffix,accepted_for_training,True,False,False,False
BraTS-MET-00741-000,BraTS-MET-00741-000,BraTSMET_000560,BraTS-MET-00741-000,run_3104668,t2w,0002,/Users/hwaigc/比赛+课题/ECNU_EYU_data/work_space/G1/results/missing_t2w_completion/run_3104668/BraTS-MET-00741-000/BraTS-MET-00741-000-t2w.nii.gz,work_space/G2/results/synthetic_normalized/BraTS-MET-00741-000/BraTS-MET-00741-000-t2w.nii.gz,nnunet_raw/Dataset261_BraTS2026_MET_RealSynth/imagesTr/BraTSMET_000560_0002.nii.gz,native_2026,keep_native_2026_suffix,accepted_for_training,True,False,False,False
BraTS-MET-00741-000,BraTS-MET-00741-000,BraTSMET_000560,BraTS-MET-00741-000,run_3104668,t2f,0003,/Users/hwaigc/比赛+课题/ECNU_EYU_data/work_space/G1/results/missing_t2w_completion/run_3104668/BraTS-MET-00741-000/BraTS-MET-00741-000-t2f.nii.gz,work_space/G2/results/synthetic_normalized/BraTS-MET-00741-000/BraTS-MET-00741-000-t2f.nii.gz,nnunet_raw/Dataset261_BraTS2026_MET_RealSynth/imagesTr/BraTSMET_000560_0003.nii.gz,native_2026,keep_native_2026_suffix,accepted_for_training,True,False,False,False
BraTS-MET-00741-000,BraTS-MET-00741-000,BraTSMET_000560,BraTS-MET-00741-000,run_3104668,seg,label,/Users/hwaigc/比赛+课题/ECNU_EYU_data/work_space/G1/results/missing_t2w_completion/run_3104668/BraTS-MET-00741-000/BraTS-MET-00741-000-seg.nii.gz,work_space/G2/results/synthetic_normalized/BraTS-MET-00741-000/BraTS-MET-00741-000-seg.nii.gz,nnunet_raw/Dataset261_BraTS2026_MET_RealSynth/labelsTr/BraTSMET_000560.nii.gz,native_2026,keep_native_2026_suffix,accepted_for_training,True,False,False,False
BraTS-MET-00742-000,BraTS-MET-00742-000,BraTSMET_000561,BraTS-MET-00742-000,run_3104668,t1n,0000,/Users/hwaigc/比赛+课题/ECNU_EYU_data/work_space/G1/results/missing_t2w_completion/run_3104668/BraTS-MET-00742-000/BraTS-MET-00742-000-t1n.nii.gz,work_space/G2/results/synthetic_normalized/BraTS-MET-00742-000/BraTS-MET-00742-000-t1n.nii.gz,nnunet_raw/Dataset261_BraTS2026_MET_RealSynth/imagesTr/BraTSMET_000561_0000.nii.gz,native_2026,keep_native_2026_suffix,accepted_for_training,True,False,False,False
BraTS-MET-00742-000,BraTS-MET-00742-000,BraTSMET_000561,BraTS-MET-00742-000,run_3104668,t1c,0001,/Users/hwaigc/比赛+课题/ECNU_EYU_data/work_space/G1/results/missing_t2w_completion/run_3104668/BraTS-MET-00742-000/BraTS-MET-00742-000-t1c.nii.gz,work_space/G2/results/synthetic_normalized/BraTS-MET-00742-000/BraTS-MET-00742-000-t1c.nii.gz,nnunet_raw/Dataset261_BraTS2026_MET_RealSynth/imagesTr/BraTSMET_000561_0001.nii.gz,native_2026,keep_native_2026_suffix,accepted_for_training,True,False,False,False
BraTS-MET-00742-000,BraTS-MET-00742-000,BraTSMET_000561,BraTS-MET-00742-000,run_3104668,t2w,0002,/Users/hwaigc/比赛+课题/ECNU_EYU_data/work_space/G1/results/missing_t2w_completion/run_3104668/BraTS-MET-00742-000/BraTS-MET-00742-000-t2w.nii.gz,work_space/G2/results/synthetic_normalized/BraTS-MET-00742-000/BraTS-MET-00742-000-t2w.nii.gz,nnunet_raw/Dataset261_BraTS2026_MET_RealSynth/imagesTr/BraTSMET_000561_0002.nii.gz,native_2026,keep_native_2026_suffix,accepted_for_training,True,False,False,False
BraTS-MET-00742-000,BraTS-MET-00742-000,BraTSMET_000561,BraTS-MET-00742-000,run_3104668,t2f,0003,/Users/hwaigc/比赛+课题/ECNU_EYU_data/work_space/G1/results/missing_t2w_completion/run_3104668/BraTS-MET-00742-000/BraTS-MET-00742-000-t2f.nii.gz,work_space/G2/results/synthetic_normalized/BraTS-MET-00742-000/BraTS-MET-00742-000-t2f.nii.gz,nnunet_raw/Dataset261_BraTS2026_MET_RealSynth/imagesTr/BraTSMET_000561_0003.nii.gz,native_2026,keep_native_2026_suffix,accepted_for_training,True,False,False,False
BraTS-MET-00742-000,BraTS-MET-00742-000,BraTSMET_000561,BraTS-MET-00742-000,run_3104668,seg,label,/Users/hwaigc/比赛+课题/ECNU_EYU_data/work_space/G1/results/missing_t2w_completion/run_3104668/BraTS-MET-00742-000/BraTS-MET-00742-000-seg.nii.gz,work_space/G2/results/synthetic_normalized/BraTS-MET-00742-000/BraTS-MET-00742-000-seg.nii.gz,nnunet_raw/Dataset261_BraTS2026_MET_RealSynth/labelsTr/BraTSMET_000561.nii.gz,native_2026,keep_native_2026_suffix,accepted_for_training,True,False,False,False
BraTS-MET-00743-000,BraTS-MET-00743-000,BraTSMET_000562,BraTS-MET-00743-000,run_3104668,t1n,0000,/Users/hwaigc/比赛+课题/ECNU_EYU_data/work_space/G1/results/missing_t2w_completion/run_3104668/BraTS-MET-00743-000/BraTS-MET-00743-000-t1n.nii.gz,work_space/G2/results/synthetic_normalized/BraTS-MET-00743-000/BraTS-MET-00743-000-t1n.nii.gz,nnunet_raw/Dataset261_BraTS2026_MET_RealSynth/imagesTs/BraTSMET_000562_0000.nii.gz,native_2026,keep_native_2026_suffix,accepted_for_evaluation,False,True,False,False
BraTS-MET-00743-000,BraTS-MET-00743-000,BraTSMET_000562,BraTS-MET-00743-000,run_3104668,t1c,0001,/Users/hwaigc/比赛+课题/ECNU_EYU_data/work_space/G1/results/missing_t2w_completion/run_3104668/BraTS-MET-00743-000/BraTS-MET-00743-000-t1c.nii.gz,work_space/G2/results/synthetic_normalized/BraTS-MET-00743-000/BraTS-MET-00743-000-t1c.nii.gz,nnunet_raw/Dataset261_BraTS2026_MET_RealSynth/imagesTs/BraTSMET_000562_0001.nii.gz,native_2026,keep_native_2026_suffix,accepted_for_evaluation,False,True,False,False
BraTS-MET-00743-000,BraTS-MET-00743-000,BraTSMET_000562,BraTS-MET-00743-000,run_3104668,t2w,0002,/Users/hwaigc/比赛+课题/ECNU_EYU_data/work_space/G1/results/missing_t2w_completion/run_3104668/BraTS-MET-00743-000/BraTS-MET-00743-000-t2w.nii.gz,work_space/G2/results/synthetic_normalized/BraTS-MET-00743-000/BraTS-MET-00743-000-t2w.nii.gz,nnunet_raw/Dataset261_BraTS2026_MET_RealSynth/imagesTs/BraTSMET_000562_0002.nii.gz,native_2026,keep_native_2026_suffix,accepted_for_evaluation,False,True,False,False
BraTS-MET-00743-000,BraTS-MET-00743-000,BraTSMET_000562,BraTS-MET-00743-000,run_3104668,t2f,0003,/Users/hwaigc/比赛+课题/ECNU_EYU_data/work_space/G1/results/missing_t2w_completion/run_3104668/BraTS-MET-00743-000/BraTS-MET-00743-000-t2f.nii.gz,work_space/G2/results/synthetic_normalized/BraTS-MET-00743-000/BraTS-MET-00743-000-t2f.nii.gz,nnunet_raw/Dataset261_BraTS2026_MET_RealSynth/imagesTs/BraTSMET_000562_0003.nii.gz,native_2026,keep_native_2026_suffix,accepted_for_evaluation,False,True,False,False
BraTS-MET-00743-000,BraTS-MET-00743-000,BraTSMET_000562,BraTS-MET-00743-000,run_3104668,seg,label,/Users/hwaigc/比赛+课题/ECNU_EYU_data/work_space/G1/results/missing_t2w_completion/run_3104668/BraTS-MET-00743-000/BraTS-MET-00743-000-seg.nii.gz,work_space/G2/results/synthetic_normalized/BraTS-MET-00743-000/BraTS-MET-00743-000-seg.nii.gz,nnunet_raw/Dataset261_BraTS2026_MET_RealSynth/labelsTs/BraTSMET_000562.nii.gz,native_2026,keep_native_2026_suffix,accepted_for_evaluation,False,True,False,False
BraTS-MET-00744-000,BraTS-MET-00744-000,BraTSMET_000563,BraTS-MET-00744-000,run_3104668,t1n,0000,/Users/hwaigc/比赛+课题/ECNU_EYU_data/work_space/G1/results/missing_t2w_completion/run_3104668/BraTS-MET-00744-000/BraTS-MET-00744-000-t1n.nii.gz,work_space/G2/results/synthetic_normalized/BraTS-MET-00744-000/BraTS-MET-00744-000-t1n.nii.gz,nnunet_raw/Dataset261_BraTS2026_MET_RealSynth/imagesTr/BraTSMET_000563_0000.nii.gz,native_2026,keep_native_2026_suffix,accepted_for_training,True,False,False,False
BraTS-MET-00744-000,BraTS-MET-00744-000,BraTSMET_000563,BraTS-MET-00744-000,run_3104668,t1c,0001,/Users/hwaigc/比赛+课题/ECNU_EYU_data/work_space/G1/results/missing_t2w_completion/run_3104668/BraTS-MET-00744-000/BraTS-MET-00744-000-t1c.nii.gz,work_space/G2/results/synthetic_normalized/BraTS-MET-00744-000/BraTS-MET-00744-000-t1c.nii.gz,nnunet_raw/Dataset261_BraTS2026_MET_RealSynth/imagesTr/BraTSMET_000563_0001.nii.gz,native_2026,keep_native_2026_suffix,accepted_for_training,True,False,False,False
BraTS-MET-00744-000,BraTS-MET-00744-000,BraTSMET_000563,BraTS-MET-00744-000,run_3104668,t2w,0002,/Users/hwaigc/比赛+课题/ECNU_EYU_data/work_space/G1/results/missing_t2w_completion/run_3104668/BraTS-MET-00744-000/BraTS-MET-00744-000-t2w.nii.gz,work_space/G2/results/synthetic_normalized/BraTS-MET-00744-000/BraTS-MET-00744-000-t2w.nii.gz,nnunet_raw/Dataset261_BraTS2026_MET_RealSynth/imagesTr/BraTSMET_000563_0002.nii.gz,native_2026,keep_native_2026_suffix,accepted_for_training,True,False,False,False
BraTS-MET-00744-000,BraTS-MET-00744-000,BraTSMET_000563,BraTS-MET-00744-000,run_3104668,t2f,0003,/Users/hwaigc/比赛+课题/ECNU_EYU_data/work_space/G1/results/missing_t2w_completion/run_3104668/BraTS-MET-00744-000/BraTS-MET-00744-000-t2f.nii.gz,work_space/G2/results/synthetic_normalized/BraTS-MET-00744-000/BraTS-MET-00744-000-t2f.nii.gz,nnunet_raw/Dataset261_BraTS2026_MET_RealSynth/imagesTr/BraTSMET_000563_0003.nii.gz,native_2026,keep_native_2026_suffix,accepted_for_training,True,False,False,False
BraTS-MET-00744-000,BraTS-MET-00744-000,BraTSMET_000563,BraTS-MET-00744-000,run_3104668,seg,label,/Users/hwaigc/比赛+课题/ECNU_EYU_data/work_space/G1/results/missing_t2w_completion/run_3104668/BraTS-MET-00744-000/BraTS-MET-00744-000-seg.nii.gz,work_space/G2/results/synthetic_normalized/BraTS-MET-00744-000/BraTS-MET-00744-000-seg.nii.gz,nnunet_raw/Dataset261_BraTS2026_MET_RealSynth/labelsTr/BraTSMET_000563.nii.gz,native_2026,keep_native_2026_suffix,accepted_for_training,True,False,False,False
BraTS-MET-00745-000,BraTS-MET-00745-000,BraTSMET_000564,BraTS-MET-00745-000,run_3104668,t1n,0000,/Users/hwaigc/比赛+课题/ECNU_EYU_data/work_space/G1/results/missing_t2w_completion/run_3104668/BraTS-MET-00745-000/BraTS-MET-00745-000-t1n.nii.gz,work_space/G2/results/synthetic_normalized/BraTS-MET-00745-000/BraTS-MET-00745-000-t1n.nii.gz,nnunet_raw/Dataset261_BraTS2026_MET_RealSynth/imagesTr/BraTSMET_000564_0000.nii.gz,native_2026,keep_native_2026_suffix,accepted_for_training,True,False,False,False
BraTS-MET-00745-000,BraTS-MET-00745-000,BraTSMET_000564,BraTS-MET-00745-000,run_3104668,t1c,0001,/Users/hwaigc/比赛+课题/ECNU_EYU_data/work_space/G1/results/missing_t2w_completion/run_3104668/BraTS-MET-00745-000/BraTS-MET-00745-000-t1c.nii.gz,work_space/G2/results/synthetic_normalized/BraTS-MET-00745-000/BraTS-MET-00745-000-t1c.nii.gz,nnunet_raw/Dataset261_BraTS2026_MET_RealSynth/imagesTr/BraTSMET_000564_0001.nii.gz,native_2026,keep_native_2026_suffix,accepted_for_training,True,False,False,False
BraTS-MET-00745-000,BraTS-MET-00745-000,BraTSMET_000564,BraTS-MET-00745-000,run_3104668,t2w,0002,/Users/hwaigc/比赛+课题/ECNU_EYU_data/work_space/G1/results/missing_t2w_completion/run_3104668/BraTS-MET-00745-000/BraTS-MET-00745-000-t2w.nii.gz,work_space/G2/results/synthetic_normalized/BraTS-MET-00745-000/BraTS-MET-00745-000-t2w.nii.gz,nnunet_raw/Dataset261_BraTS2026_MET_RealSynth/imagesTr/BraTSMET_000564_0002.nii.gz,native_2026,keep_native_2026_suffix,accepted_for_training,True,False,False,False
BraTS-MET-00745-000,BraTS-MET-00745-000,BraTSMET_000564,BraTS-MET-00745-000,run_3104668,t2f,0003,/Users/hwaigc/比赛+课题/ECNU_EYU_data/work_space/G1/results/missing_t2w_completion/run_3104668/BraTS-MET-00745-000/BraTS-MET-00745-000-t2f.nii.gz,work_space/G2/results/synthetic_normalized/BraTS-MET-00745-000/BraTS-MET-00745-000-t2f.nii.gz,nnunet_raw/Dataset261_BraTS2026_MET_RealSynth/imagesTr/BraTSMET_000564_0003.nii.gz,native_2026,keep_native_2026_suffix,accepted_for_training,True,False,False,False
BraTS-MET-00745-000,BraTS-MET-00745-000,BraTSMET_000564,BraTS-MET-00745-000,run_3104668,seg,label,/Users/hwaigc/比赛+课题/ECNU_EYU_data/work_space/G1/results/missing_t2w_completion/run_3104668/BraTS-MET-00745-000/BraTS-MET-00745-000-seg.nii.gz,work_space/G2/results/synthetic_normalized/BraTS-MET-00745-000/BraTS-MET-00745-000-seg.nii.gz,nnunet_raw/Dataset261_BraTS2026_MET_RealSynth/labelsTr/BraTSMET_000564.nii.gz,native_2026,keep_native_2026_suffix,accepted_for_training,True,False,False,False
BraTS-MET-00745-001,BraTS-MET-00745-001,BraTSMET_000565,BraTS-MET-00745-001,run_3104668,t1n,0000,/Users/hwaigc/比赛+课题/ECNU_EYU_data/work_space/G1/results/missing_t2w_completion/run_3104668/BraTS-MET-00745-001/BraTS-MET-00745-001-t1n.nii.gz,work_space/G2/results/synthetic_normalized/BraTS-MET-00745-001/BraTS-MET-00745-001-t1n.nii.gz,nnunet_raw/Dataset261_BraTS2026_MET_RealSynth/imagesTr/BraTSMET_000565_0000.nii.gz,native_2026,keep_native_2026_suffix,accepted_for_training,True,False,False,False
BraTS-MET-00745-001,BraTS-MET-00745-001,BraTSMET_000565,BraTS-MET-00745-001,run_3104668,t1c,0001,/Users/hwaigc/比赛+课题/ECNU_EYU_data/work_space/G1/results/missing_t2w_completion/run_3104668/BraTS-MET-00745-001/BraTS-MET-00745-001-t1c.nii.gz,work_space/G2/results/synthetic_normalized/BraTS-MET-00745-001/BraTS-MET-00745-001-t1c.nii.gz,nnunet_raw/Dataset261_BraTS2026_MET_RealSynth/imagesTr/BraTSMET_000565_0001.nii.gz,native_2026,keep_native_2026_suffix,accepted_for_training,True,False,False,False
BraTS-MET-00745-001,BraTS-MET-00745-001,BraTSMET_000565,BraTS-MET-00745-001,run_3104668,t2w,0002,/Users/hwaigc/比赛+课题/ECNU_EYU_data/work_space/G1/results/missing_t2w_completion/run_3104668/BraTS-MET-00745-001/BraTS-MET-00745-001-t2w.nii.gz,work_space/G2/results/synthetic_normalized/BraTS-MET-00745-001/BraTS-MET-00745-001-t2w.nii.gz,nnunet_raw/Dataset261_BraTS2026_MET_RealSynth/imagesTr/BraTSMET_000565_0002.nii.gz,native_2026,keep_native_2026_suffix,accepted_for_training,True,False,False,False
BraTS-MET-00745-001,BraTS-MET-00745-001,BraTSMET_000565,BraTS-MET-00745-001,run_3104668,t2f,0003,/Users/hwaigc/比赛+课题/ECNU_EYU_data/work_space/G1/results/missing_t2w_completion/run_3104668/BraTS-MET-00745-001/BraTS-MET-00745-001-t2f.nii.gz,work_space/G2/results/synthetic_normalized/BraTS-MET-00745-001/BraTS-MET-00745-001-t2f.nii.gz,nnunet_raw/Dataset261_BraTS2026_MET_RealSynth/imagesTr/BraTSMET_000565_0003.nii.gz,native_2026,keep_native_2026_suffix,accepted_for_training,True,False,False,False
BraTS-MET-00745-001,BraTS-MET-00745-001,BraTSMET_000565,BraTS-MET-00745-001,run_3104668,seg,label,/Users/hwaigc/比赛+课题/ECNU_EYU_data/work_space/G1/results/missing_t2w_completion/run_3104668/BraTS-MET-00745-001/BraTS-MET-00745-001-seg.nii.gz,work_space/G2/results/synthetic_normalized/BraTS-MET-00745-001/BraTS-MET-00745-001-seg.nii.gz,nnunet_raw/Dataset261_BraTS2026_MET_RealSynth/labelsTr/BraTSMET_000565.nii.gz,native_2026,keep_native_2026_suffix,accepted_for_training,True,False,False,False
BraTS-MET-00746-000,BraTS-MET-00746-000,BraTSMET_000566,BraTS-MET-00746-000,run_3104668,t1n,0000,/Users/hwaigc/比赛+课题/ECNU_EYU_data/work_space/G1/results/missing_t2w_completion/run_3104668/BraTS-MET-00746-000/BraTS-MET-00746-000-t1n.nii.gz,work_space/G2/results/synthetic_normalized/BraTS-MET-00746-000/BraTS-MET-00746-000-t1n.nii.gz,nnunet_raw/Dataset261_BraTS2026_MET_RealSynth/imagesTr/BraTSMET_000566_0000.nii.gz,native_2026,keep_native_2026_suffix,accepted_for_training,True,False,False,False
BraTS-MET-00746-000,BraTS-MET-00746-000,BraTSMET_000566,BraTS-MET-00746-000,run_3104668,t1c,0001,/Users/hwaigc/比赛+课题/ECNU_EYU_data/work_space/G1/results/missing_t2w_completion/run_3104668/BraTS-MET-00746-000/BraTS-MET-00746-000-t1c.nii.gz,work_space/G2/results/synthetic_normalized/BraTS-MET-00746-000/BraTS-MET-00746-000-t1c.nii.gz,nnunet_raw/Dataset261_BraTS2026_MET_RealSynth/imagesTr/BraTSMET_000566_0001.nii.gz,native_2026,keep_native_2026_suffix,accepted_for_training,True,False,False,False
BraTS-MET-00746-000,BraTS-MET-00746-000,BraTSMET_000566,BraTS-MET-00746-000,run_3104668,t2w,0002,/Users/hwaigc/比赛+课题/ECNU_EYU_data/work_space/G1/results/missing_t2w_completion/run_3104668/BraTS-MET-00746-000/BraTS-MET-00746-000-t2w.nii.gz,work_space/G2/results/synthetic_normalized/BraTS-MET-00746-000/BraTS-MET-00746-000-t2w.nii.gz,nnunet_raw/Dataset261_BraTS2026_MET_RealSynth/imagesTr/BraTSMET_000566_0002.nii.gz,native_2026,keep_native_2026_suffix,accepted_for_training,True,False,False,False
BraTS-MET-00746-000,BraTS-MET-00746-000,BraTSMET_000566,BraTS-MET-00746-000,run_3104668,t2f,0003,/Users/hwaigc/比赛+课题/ECNU_EYU_data/work_space/G1/results/missing_t2w_completion/run_3104668/BraTS-MET-00746-000/BraTS-MET-00746-000-t2f.nii.gz,work_space/G2/results/synthetic_normalized/BraTS-MET-00746-000/BraTS-MET-00746-000-t2f.nii.gz,nnunet_raw/Dataset261_BraTS2026_MET_RealSynth/imagesTr/BraTSMET_000566_0003.nii.gz,native_2026,keep_native_2026_suffix,accepted_for_training,True,False,False,False
BraTS-MET-00746-000,BraTS-MET-00746-000,BraTSMET_000566,BraTS-MET-00746-000,run_3104668,seg,label,/Users/hwaigc/比赛+课题/ECNU_EYU_data/work_space/G1/results/missing_t2w_completion/run_3104668/BraTS-MET-00746-000/BraTS-MET-00746-000-seg.nii.gz,work_space/G2/results/synthetic_normalized/BraTS-MET-00746-000/BraTS-MET-00746-000-seg.nii.gz,nnunet_raw/Dataset261_BraTS2026_MET_RealSynth/labelsTr/BraTSMET_000566.nii.gz,native_2026,keep_native_2026_suffix,accepted_for_training,True,False,False,False
BraTS-MET-00747-000,BraTS-MET-00747-000,BraTSMET_000567,BraTS-MET-00747-000,run_3104668,t1n,0000,/Users/hwaigc/比赛+课题/ECNU_EYU_data/work_space/G1/results/missing_t2w_completion/run_3104668/BraTS-MET-00747-000/BraTS-MET-00747-000-t1n.nii.gz,work_space/G2/results/synthetic_normalized/BraTS-MET-00747-000/BraTS-MET-00747-000-t1n.nii.gz,nnunet_raw/Dataset261_BraTS2026_MET_RealSynth/imagesTr/BraTSMET_000567_0000.nii.gz,native_2026,keep_native_2026_suffix,accepted_for_training,True,False,False,False
BraTS-MET-00747-000,BraTS-MET-00747-000,BraTSMET_000567,BraTS-MET-00747-000,run_3104668,t1c,0001,/Users/hwaigc/比赛+课题/ECNU_EYU_data/work_space/G1/results/missing_t2w_completion/run_3104668/BraTS-MET-00747-000/BraTS-MET-00747-000-t1c.nii.gz,work_space/G2/results/synthetic_normalized/BraTS-MET-00747-000/BraTS-MET-00747-000-t1c.nii.gz,nnunet_raw/Dataset261_BraTS2026_MET_RealSynth/imagesTr/BraTSMET_000567_0001.nii.gz,native_2026,keep_native_2026_suffix,accepted_for_training,True,False,False,False
BraTS-MET-00747-000,BraTS-MET-00747-000,BraTSMET_000567,BraTS-MET-00747-000,run_3104668,t2w,0002,/Users/hwaigc/比赛+课题/ECNU_EYU_data/work_space/G1/results/missing_t2w_completion/run_3104668/BraTS-MET-00747-000/BraTS-MET-00747-000-t2w.nii.gz,work_space/G2/results/synthetic_normalized/BraTS-MET-00747-000/BraTS-MET-00747-000-t2w.nii.gz,nnunet_raw/Dataset261_BraTS2026_MET_RealSynth/imagesTr/BraTSMET_000567_0002.nii.gz,native_2026,keep_native_2026_suffix,accepted_for_training,True,False,False,False
BraTS-MET-00747-000,BraTS-MET-00747-000,BraTSMET_000567,BraTS-MET-00747-000,run_3104668,t2f,0003,/Users/hwaigc/比赛+课题/ECNU_EYU_data/work_space/G1/results/missing_t2w_completion/run_3104668/BraTS-MET-00747-000/BraTS-MET-00747-000-t2f.nii.gz,work_space/G2/results/synthetic_normalized/BraTS-MET-00747-000/BraTS-MET-00747-000-t2f.nii.gz,nnunet_raw/Dataset261_BraTS2026_MET_RealSynth/imagesTr/BraTSMET_000567_0003.nii.gz,native_2026,keep_native_2026_suffix,accepted_for_training,True,False,False,False
BraTS-MET-00747-000,BraTS-MET-00747-000,BraTSMET_000567,BraTS-MET-00747-000,run_3104668,seg,label,/Users/hwaigc/比赛+课题/ECNU_EYU_data/work_space/G1/results/missing_t2w_completion/run_3104668/BraTS-MET-00747-000/BraTS-MET-00747-000-seg.nii.gz,work_space/G2/results/synthetic_normalized/BraTS-MET-00747-000/BraTS-MET-00747-000-seg.nii.gz,nnunet_raw/Dataset261_BraTS2026_MET_RealSynth/labelsTr/BraTSMET_000567.nii.gz,native_2026,keep_native_2026_suffix,accepted_for_training,True,False,False,False
BraTS-MET-00747-001,BraTS-MET-00747-001,BraTSMET_000568,BraTS-MET-00747-001,run_3104668,t1n,0000,/Users/hwaigc/比赛+课题/ECNU_EYU_data/work_space/G1/results/missing_t2w_completion/run_3104668/BraTS-MET-00747-001/BraTS-MET-00747-001-t1n.nii.gz,work_space/G2/results/synthetic_normalized/BraTS-MET-00747-001/BraTS-MET-00747-001-t1n.nii.gz,nnunet_raw/Dataset261_BraTS2026_MET_RealSynth/imagesTr/BraTSMET_000568_0000.nii.gz,native_2026,keep_native_2026_suffix,accepted_for_training,True,False,False,False
BraTS-MET-00747-001,BraTS-MET-00747-001,BraTSMET_000568,BraTS-MET-00747-001,run_3104668,t1c,0001,/Users/hwaigc/比赛+课题/ECNU_EYU_data/work_space/G1/results/missing_t2w_completion/run_3104668/BraTS-MET-00747-001/BraTS-MET-00747-001-t1c.nii.gz,work_space/G2/results/synthetic_normalized/BraTS-MET-00747-001/BraTS-MET-00747-001-t1c.nii.gz,nnunet_raw/Dataset261_BraTS2026_MET_RealSynth/imagesTr/BraTSMET_000568_0001.nii.gz,native_2026,keep_native_2026_suffix,accepted_for_training,True,False,False,False
BraTS-MET-00747-001,BraTS-MET-00747-001,BraTSMET_000568,BraTS-MET-00747-001,run_3104668,t2w,0002,/Users/hwaigc/比赛+课题/ECNU_EYU_data/work_space/G1/results/missing_t2w_completion/run_3104668/BraTS-MET-00747-001/BraTS-MET-00747-001-t2w.nii.gz,work_space/G2/results/synthetic_normalized/BraTS-MET-00747-001/BraTS-MET-00747-001-t2w.nii.gz,nnunet_raw/Dataset261_BraTS2026_MET_RealSynth/imagesTr/BraTSMET_000568_0002.nii.gz,native_2026,keep_native_2026_suffix,accepted_for_training,True,False,False,False
BraTS-MET-00747-001,BraTS-MET-00747-001,BraTSMET_000568,BraTS-MET-00747-001,run_3104668,t2f,0003,/Users/hwaigc/比赛+课题/ECNU_EYU_data/work_space/G1/results/missing_t2w_completion/run_3104668/BraTS-MET-00747-001/BraTS-MET-00747-001-t2f.nii.gz,work_space/G2/results/synthetic_normalized/BraTS-MET-00747-001/BraTS-MET-00747-001-t2f.nii.gz,nnunet_raw/Dataset261_BraTS2026_MET_RealSynth/imagesTr/BraTSMET_000568_0003.nii.gz,native_2026,keep_native_2026_suffix,accepted_for_training,True,False,False,False
BraTS-MET-00747-001,BraTS-MET-00747-001,BraTSMET_000568,BraTS-MET-00747-001,run_3104668,seg,label,/Users/hwaigc/比赛+课题/ECNU_EYU_data/work_space/G1/results/missing_t2w_completion/run_3104668/BraTS-MET-00747-001/BraTS-MET-00747-001-seg.nii.gz,work_space/G2/results/synthetic_normalized/BraTS-MET-00747-001/BraTS-MET-00747-001-seg.nii.gz,nnunet_raw/Dataset261_BraTS2026_MET_RealSynth/labelsTr/BraTSMET_000568.nii.gz,native_2026,keep_native_2026_suffix,accepted_for_training,True,False,False,False
BraTS-MET-00749-002,BraTS-MET-00749-002,BraTSMET_000572,BraTS-MET-00749-002,run_3104668,t1n,0000,/Users/hwaigc/比赛+课题/ECNU_EYU_data/work_space/G1/results/missing_t2w_completion/run_3104668/BraTS-MET-00749-002/BraTS-MET-00749-002-t1n.nii.gz,work_space/G2/results/synthetic_normalized/BraTS-MET-00749-002/BraTS-MET-00749-002-t1n.nii.gz,nnunet_raw/Dataset261_BraTS2026_MET_RealSynth/imagesTr/BraTSMET_000572_0000.nii.gz,native_2026,keep_native_2026_suffix,accepted_for_training,True,False,False,False
BraTS-MET-00749-002,BraTS-MET-00749-002,BraTSMET_000572,BraTS-MET-00749-002,run_3104668,t1c,0001,/Users/hwaigc/比赛+课题/ECNU_EYU_data/work_space/G1/results/missing_t2w_completion/run_3104668/BraTS-MET-00749-002/BraTS-MET-00749-002-t1c.nii.gz,work_space/G2/results/synthetic_normalized/BraTS-MET-00749-002/BraTS-MET-00749-002-t1c.nii.gz,nnunet_raw/Dataset261_BraTS2026_MET_RealSynth/imagesTr/BraTSMET_000572_0001.nii.gz,native_2026,keep_native_2026_suffix,accepted_for_training,True,False,False,False
BraTS-MET-00749-002,BraTS-MET-00749-002,BraTSMET_000572,BraTS-MET-00749-002,run_3104668,t2w,0002,/Users/hwaigc/比赛+课题/ECNU_EYU_data/work_space/G1/results/missing_t2w_completion/run_3104668/BraTS-MET-00749-002/BraTS-MET-00749-002-t2w.nii.gz,work_space/G2/results/synthetic_normalized/BraTS-MET-00749-002/BraTS-MET-00749-002-t2w.nii.gz,nnunet_raw/Dataset261_BraTS2026_MET_RealSynth/imagesTr/BraTSMET_000572_0002.nii.gz,native_2026,keep_native_2026_suffix,accepted_for_training,True,False,False,False
BraTS-MET-00749-002,BraTS-MET-00749-002,BraTSMET_000572,BraTS-MET-00749-002,run_3104668,t2f,0003,/Users/hwaigc/比赛+课题/ECNU_EYU_data/work_space/G1/results/missing_t2w_completion/run_3104668/BraTS-MET-00749-002/BraTS-MET-00749-002-t2f.nii.gz,work_space/G2/results/synthetic_normalized/BraTS-MET-00749-002/BraTS-MET-00749-002-t2f.nii.gz,nnunet_raw/Dataset261_BraTS2026_MET_RealSynth/imagesTr/BraTSMET_000572_0003.nii.gz,native_2026,keep_native_2026_suffix,accepted_for_training,True,False,False,False
BraTS-MET-00749-002,BraTS-MET-00749-002,BraTSMET_000572,BraTS-MET-00749-002,run_3104668,seg,label,/Users/hwaigc/比赛+课题/ECNU_EYU_data/work_space/G1/results/missing_t2w_completion/run_3104668/BraTS-MET-00749-002/BraTS-MET-00749-002-seg.nii.gz,work_space/G2/results/synthetic_normalized/BraTS-MET-00749-002/BraTS-MET-00749-002-seg.nii.gz,nnunet_raw/Dataset261_BraTS2026_MET_RealSynth/labelsTr/BraTSMET_000572.nii.gz,native_2026,keep_native_2026_suffix,accepted_for_training,True,False,False,False
BraTS-MET-00750-000,BraTS-MET-00750-000,BraTSMET_000573,BraTS-MET-00750-000,run_3104668,t1n,0000,/Users/hwaigc/比赛+课题/ECNU_EYU_data/work_space/G1/results/missing_t2w_completion/run_3104668/BraTS-MET-00750-000/BraTS-MET-00750-000-t1n.nii.gz,work_space/G2/results/synthetic_normalized/BraTS-MET-00750-000/BraTS-MET-00750-000-t1n.nii.gz,nnunet_raw/Dataset261_BraTS2026_MET_RealSynth/imagesTr/BraTSMET_000573_0000.nii.gz,native_2026,keep_native_2026_suffix,accepted_for_training,True,False,False,False
BraTS-MET-00750-000,BraTS-MET-00750-000,BraTSMET_000573,BraTS-MET-00750-000,run_3104668,t1c,0001,/Users/hwaigc/比赛+课题/ECNU_EYU_data/work_space/G1/results/missing_t2w_completion/run_3104668/BraTS-MET-00750-000/BraTS-MET-00750-000-t1c.nii.gz,work_space/G2/results/synthetic_normalized/BraTS-MET-00750-000/BraTS-MET-00750-000-t1c.nii.gz,nnunet_raw/Dataset261_BraTS2026_MET_RealSynth/imagesTr/BraTSMET_000573_0001.nii.gz,native_2026,keep_native_2026_suffix,accepted_for_training,True,False,False,False
BraTS-MET-00750-000,BraTS-MET-00750-000,BraTSMET_000573,BraTS-MET-00750-000,run_3104668,t2w,0002,/Users/hwaigc/比赛+课题/ECNU_EYU_data/work_space/G1/results/missing_t2w_completion/run_3104668/BraTS-MET-00750-000/BraTS-MET-00750-000-t2w.nii.gz,work_space/G2/results/synthetic_normalized/BraTS-MET-00750-000/BraTS-MET-00750-000-t2w.nii.gz,nnunet_raw/Dataset261_BraTS2026_MET_RealSynth/imagesTr/BraTSMET_000573_0002.nii.gz,native_2026,keep_native_2026_suffix,accepted_for_training,True,False,False,False
BraTS-MET-00750-000,BraTS-MET-00750-000,BraTSMET_000573,BraTS-MET-00750-000,run_3104668,t2f,0003,/Users/hwaigc/比赛+课题/ECNU_EYU_data/work_space/G1/results/missing_t2w_completion/run_3104668/BraTS-MET-00750-000/BraTS-MET-00750-000-t2f.nii.gz,work_space/G2/results/synthetic_normalized/BraTS-MET-00750-000/BraTS-MET-00750-000-t2f.nii.gz,nnunet_raw/Dataset261_BraTS2026_MET_RealSynth/imagesTr/BraTSMET_000573_0003.nii.gz,native_2026,keep_native_2026_suffix,accepted_for_training,True,False,False,False
BraTS-MET-00750-000,BraTS-MET-00750-000,BraTSMET_000573,BraTS-MET-00750-000,run_3104668,seg,label,/Users/hwaigc/比赛+课题/ECNU_EYU_data/work_space/G1/results/missing_t2w_completion/run_3104668/BraTS-MET-00750-000/BraTS-MET-00750-000-seg.nii.gz,work_space/G2/results/synthetic_normalized/BraTS-MET-00750-000/BraTS-MET-00750-000-seg.nii.gz,nnunet_raw/Dataset261_BraTS2026_MET_RealSynth/labelsTr/BraTSMET_000573.nii.gz,native_2026,keep_native_2026_suffix,accepted_for_training,True,False,False,False
BraTS-MET-00751-000,BraTS-MET-00751-000,BraTSMET_000574,BraTS-MET-00751-000,run_3104668,t1n,0000,/Users/hwaigc/比赛+课题/ECNU_EYU_data/work_space/G1/results/missing_t2w_completion/run_3104668/BraTS-MET-00751-000/BraTS-MET-00751-000-t1n.nii.gz,work_space/G2/results/synthetic_normalized/BraTS-MET-00751-000/BraTS-MET-00751-000-t1n.nii.gz,nnunet_raw/Dataset261_BraTS2026_MET_RealSynth/imagesTr/BraTSMET_000574_0000.nii.gz,native_2026,keep_native_2026_suffix,accepted_for_training,True,False,False,False
BraTS-MET-00751-000,BraTS-MET-00751-000,BraTSMET_000574,BraTS-MET-00751-000,run_3104668,t1c,0001,/Users/hwaigc/比赛+课题/ECNU_EYU_data/work_space/G1/results/missing_t2w_completion/run_3104668/BraTS-MET-00751-000/BraTS-MET-00751-000-t1c.nii.gz,work_space/G2/results/synthetic_normalized/BraTS-MET-00751-000/BraTS-MET-00751-000-t1c.nii.gz,nnunet_raw/Dataset261_BraTS2026_MET_RealSynth/imagesTr/BraTSMET_000574_0001.nii.gz,native_2026,keep_native_2026_suffix,accepted_for_training,True,False,False,False
BraTS-MET-00751-000,BraTS-MET-00751-000,BraTSMET_000574,BraTS-MET-00751-000,run_3104668,t2w,0002,/Users/hwaigc/比赛+课题/ECNU_EYU_data/work_space/G1/results/missing_t2w_completion/run_3104668/BraTS-MET-00751-000/BraTS-MET-00751-000-t2w.nii.gz,work_space/G2/results/synthetic_normalized/BraTS-MET-00751-000/BraTS-MET-00751-000-t2w.nii.gz,nnunet_raw/Dataset261_BraTS2026_MET_RealSynth/imagesTr/BraTSMET_000574_0002.nii.gz,native_2026,keep_native_2026_suffix,accepted_for_training,True,False,False,False
BraTS-MET-00751-000,BraTS-MET-00751-000,BraTSMET_000574,BraTS-MET-00751-000,run_3104668,t2f,0003,/Users/hwaigc/比赛+课题/ECNU_EYU_data/work_space/G1/results/missing_t2w_completion/run_3104668/BraTS-MET-00751-000/BraTS-MET-00751-000-t2f.nii.gz,work_space/G2/results/synthetic_normalized/BraTS-MET-00751-000/BraTS-MET-00751-000-t2f.nii.gz,nnunet_raw/Dataset261_BraTS2026_MET_RealSynth/imagesTr/BraTSMET_000574_0003.nii.gz,native_2026,keep_native_2026_suffix,accepted_for_training,True,False,False,False
BraTS-MET-00751-000,BraTS-MET-00751-000,BraTSMET_000574,BraTS-MET-00751-000,run_3104668,seg,label,/Users/hwaigc/比赛+课题/ECNU_EYU_data/work_space/G1/results/missing_t2w_completion/run_3104668/BraTS-MET-00751-000/BraTS-MET-00751-000-seg.nii.gz,work_space/G2/results/synthetic_normalized/BraTS-MET-00751-000/BraTS-MET-00751-000-seg.nii.gz,nnunet_raw/Dataset261_BraTS2026_MET_RealSynth/labelsTr/BraTSMET_000574.nii.gz,native_2026,keep_native_2026_suffix,accepted_for_training,True,False,False,False
BraTS-MET-00752-000,BraTS-MET-00752-000,BraTSMET_000575,BraTS-MET-00752-000,run_3104668,t1n,0000,/Users/hwaigc/比赛+课题/ECNU_EYU_data/work_space/G1/results/missing_t2w_completion/run_3104668/BraTS-MET-00752-000/BraTS-MET-00752-000-t1n.nii.gz,work_space/G2/results/synthetic_normalized/BraTS-MET-00752-000/BraTS-MET-00752-000-t1n.nii.gz,nnunet_raw/Dataset261_BraTS2026_MET_RealSynth/imagesTr/BraTSMET_000575_0000.nii.gz,native_2026,keep_native_2026_suffix,accepted_for_training,True,False,False,False
BraTS-MET-00752-000,BraTS-MET-00752-000,BraTSMET_000575,BraTS-MET-00752-000,run_3104668,t1c,0001,/Users/hwaigc/比赛+课题/ECNU_EYU_data/work_space/G1/results/missing_t2w_completion/run_3104668/BraTS-MET-00752-000/BraTS-MET-00752-000-t1c.nii.gz,work_space/G2/results/synthetic_normalized/BraTS-MET-00752-000/BraTS-MET-00752-000-t1c.nii.gz,nnunet_raw/Dataset261_BraTS2026_MET_RealSynth/imagesTr/BraTSMET_000575_0001.nii.gz,native_2026,keep_native_2026_suffix,accepted_for_training,True,False,False,False
BraTS-MET-00752-000,BraTS-MET-00752-000,BraTSMET_000575,BraTS-MET-00752-000,run_3104668,t2w,0002,/Users/hwaigc/比赛+课题/ECNU_EYU_data/work_space/G1/results/missing_t2w_completion/run_3104668/BraTS-MET-00752-000/BraTS-MET-00752-000-t2w.nii.gz,work_space/G2/results/synthetic_normalized/BraTS-MET-00752-000/BraTS-MET-00752-000-t2w.nii.gz,nnunet_raw/Dataset261_BraTS2026_MET_RealSynth/imagesTr/BraTSMET_000575_0002.nii.gz,native_2026,keep_native_2026_suffix,accepted_for_training,True,False,False,False
BraTS-MET-00752-000,BraTS-MET-00752-000,BraTSMET_000575,BraTS-MET-00752-000,run_3104668,t2f,0003,/Users/hwaigc/比赛+课题/ECNU_EYU_data/work_space/G1/results/missing_t2w_completion/run_3104668/BraTS-MET-00752-000/BraTS-MET-00752-000-t2f.nii.gz,work_space/G2/results/synthetic_normalized/BraTS-MET-00752-000/BraTS-MET-00752-000-t2f.nii.gz,nnunet_raw/Dataset261_BraTS2026_MET_RealSynth/imagesTr/BraTSMET_000575_0003.nii.gz,native_2026,keep_native_2026_suffix,accepted_for_training,True,False,False,False
BraTS-MET-00752-000,BraTS-MET-00752-000,BraTSMET_000575,BraTS-MET-00752-000,run_3104668,seg,label,/Users/hwaigc/比赛+课题/ECNU_EYU_data/work_space/G1/results/missing_t2w_completion/run_3104668/BraTS-MET-00752-000/BraTS-MET-00752-000-seg.nii.gz,work_space/G2/results/synthetic_normalized/BraTS-MET-00752-000/BraTS-MET-00752-000-seg.nii.gz,nnunet_raw/Dataset261_BraTS2026_MET_RealSynth/labelsTr/BraTSMET_000575.nii.gz,native_2026,keep_native_2026_suffix,accepted_for_training,True,False,False,False
BraTS-MET-00753-000,BraTS-MET-00753-000,BraTSMET_000576,BraTS-MET-00753-000,run_3104668,t1n,0000,/Users/hwaigc/比赛+课题/ECNU_EYU_data/work_space/G1/results/missing_t2w_completion/run_3104668/BraTS-MET-00753-000/BraTS-MET-00753-000-t1n.nii.gz,work_space/G2/results/synthetic_normalized/BraTS-MET-00753-000/BraTS-MET-00753-000-t1n.nii.gz,nnunet_raw/Dataset261_BraTS2026_MET_RealSynth/imagesTr/BraTSMET_000576_0000.nii.gz,native_2026,keep_native_2026_suffix,accepted_for_training,True,False,False,False
BraTS-MET-00753-000,BraTS-MET-00753-000,BraTSMET_000576,BraTS-MET-00753-000,run_3104668,t1c,0001,/Users/hwaigc/比赛+课题/ECNU_EYU_data/work_space/G1/results/missing_t2w_completion/run_3104668/BraTS-MET-00753-000/BraTS-MET-00753-000-t1c.nii.gz,work_space/G2/results/synthetic_normalized/BraTS-MET-00753-000/BraTS-MET-00753-000-t1c.nii.gz,nnunet_raw/Dataset261_BraTS2026_MET_RealSynth/imagesTr/BraTSMET_000576_0001.nii.gz,native_2026,keep_native_2026_suffix,accepted_for_training,True,False,False,False
BraTS-MET-00753-000,BraTS-MET-00753-000,BraTSMET_000576,BraTS-MET-00753-000,run_3104668,t2w,0002,/Users/hwaigc/比赛+课题/ECNU_EYU_data/work_space/G1/results/missing_t2w_completion/run_3104668/BraTS-MET-00753-000/BraTS-MET-00753-000-t2w.nii.gz,work_space/G2/results/synthetic_normalized/BraTS-MET-00753-000/BraTS-MET-00753-000-t2w.nii.gz,nnunet_raw/Dataset261_BraTS2026_MET_RealSynth/imagesTr/BraTSMET_000576_0002.nii.gz,native_2026,keep_native_2026_suffix,accepted_for_training,True,False,False,False
BraTS-MET-00753-000,BraTS-MET-00753-000,BraTSMET_000576,BraTS-MET-00753-000,run_3104668,t2f,0003,/Users/hwaigc/比赛+课题/ECNU_EYU_data/work_space/G1/results/missing_t2w_completion/run_3104668/BraTS-MET-00753-000/BraTS-MET-00753-000-t2f.nii.gz,work_space/G2/results/synthetic_normalized/BraTS-MET-00753-000/BraTS-MET-00753-000-t2f.nii.gz,nnunet_raw/Dataset261_BraTS2026_MET_RealSynth/imagesTr/BraTSMET_000576_0003.nii.gz,native_2026,keep_native_2026_suffix,accepted_for_training,True,False,False,False
BraTS-MET-00753-000,BraTS-MET-00753-000,BraTSMET_000576,BraTS-MET-00753-000,run_3104668,seg,label,/Users/hwaigc/比赛+课题/ECNU_EYU_data/work_space/G1/results/missing_t2w_completion/run_3104668/BraTS-MET-00753-000/BraTS-MET-00753-000-seg.nii.gz,work_space/G2/results/synthetic_normalized/BraTS-MET-00753-000/BraTS-MET-00753-000-seg.nii.gz,nnunet_raw/Dataset261_BraTS2026_MET_RealSynth/labelsTr/BraTSMET_000576.nii.gz,native_2026,keep_native_2026_suffix,accepted_for_training,True,False,False,False
BraTS-MET-00754-000,BraTS-MET-00754-000,BraTSMET_000577,BraTS-MET-00754-000,run_3104668,t1n,0000,/Users/hwaigc/比赛+课题/ECNU_EYU_data/work_space/G1/results/missing_t2w_completion/run_3104668/BraTS-MET-00754-000/BraTS-MET-00754-000-t1n.nii.gz,work_space/G2/results/synthetic_normalized/BraTS-MET-00754-000/BraTS-MET-00754-000-t1n.nii.gz,nnunet_raw/Dataset261_BraTS2026_MET_RealSynth/imagesTr/BraTSMET_000577_0000.nii.gz,native_2026,keep_native_2026_suffix,accepted_for_training,True,False,False,False
BraTS-MET-00754-000,BraTS-MET-00754-000,BraTSMET_000577,BraTS-MET-00754-000,run_3104668,t1c,0001,/Users/hwaigc/比赛+课题/ECNU_EYU_data/work_space/G1/results/missing_t2w_completion/run_3104668/BraTS-MET-00754-000/BraTS-MET-00754-000-t1c.nii.gz,work_space/G2/results/synthetic_normalized/BraTS-MET-00754-000/BraTS-MET-00754-000-t1c.nii.gz,nnunet_raw/Dataset261_BraTS2026_MET_RealSynth/imagesTr/BraTSMET_000577_0001.nii.gz,native_2026,keep_native_2026_suffix,accepted_for_training,True,False,False,False
BraTS-MET-00754-000,BraTS-MET-00754-000,BraTSMET_000577,BraTS-MET-00754-000,run_3104668,t2w,0002,/Users/hwaigc/比赛+课题/ECNU_EYU_data/work_space/G1/results/missing_t2w_completion/run_3104668/BraTS-MET-00754-000/BraTS-MET-00754-000-t2w.nii.gz,work_space/G2/results/synthetic_normalized/BraTS-MET-00754-000/BraTS-MET-00754-000-t2w.nii.gz,nnunet_raw/Dataset261_BraTS2026_MET_RealSynth/imagesTr/BraTSMET_000577_0002.nii.gz,native_2026,keep_native_2026_suffix,accepted_for_training,True,False,False,False
BraTS-MET-00754-000,BraTS-MET-00754-000,BraTSMET_000577,BraTS-MET-00754-000,run_3104668,t2f,0003,/Users/hwaigc/比赛+课题/ECNU_EYU_data/work_space/G1/results/missing_t2w_completion/run_3104668/BraTS-MET-00754-000/BraTS-MET-00754-000-t2f.nii.gz,work_space/G2/results/synthetic_normalized/BraTS-MET-00754-000/BraTS-MET-00754-000-t2f.nii.gz,nnunet_raw/Dataset261_BraTS2026_MET_RealSynth/imagesTr/BraTSMET_000577_0003.nii.gz,native_2026,keep_native_2026_suffix,accepted_for_training,True,False,False,False
BraTS-MET-00754-000,BraTS-MET-00754-000,BraTSMET_000577,BraTS-MET-00754-000,run_3104668,seg,label,/Users/hwaigc/比赛+课题/ECNU_EYU_data/work_space/G1/results/missing_t2w_completion/run_3104668/BraTS-MET-00754-000/BraTS-MET-00754-000-seg.nii.gz,work_space/G2/results/synthetic_normalized/BraTS-MET-00754-000/BraTS-MET-00754-000-seg.nii.gz,nnunet_raw/Dataset261_BraTS2026_MET_RealSynth/labelsTr/BraTSMET_000577.nii.gz,native_2026,keep_native_2026_suffix,accepted_for_training,True,False,False,False
BraTS-MET-00755-000,BraTS-MET-00755-000,BraTSMET_000578,BraTS-MET-00755-000,run_3104668,t1n,0000,/Users/hwaigc/比赛+课题/ECNU_EYU_data/work_space/G1/results/missing_t2w_completion/run_3104668/BraTS-MET-00755-000/BraTS-MET-00755-000-t1n.nii.gz,work_space/G2/results/synthetic_normalized/BraTS-MET-00755-000/BraTS-MET-00755-000-t1n.nii.gz,nnunet_raw/Dataset261_BraTS2026_MET_RealSynth/imagesTr/BraTSMET_000578_0000.nii.gz,native_2026,keep_native_2026_suffix,accepted_for_training,True,False,False,False
BraTS-MET-00755-000,BraTS-MET-00755-000,BraTSMET_000578,BraTS-MET-00755-000,run_3104668,t1c,0001,/Users/hwaigc/比赛+课题/ECNU_EYU_data/work_space/G1/results/missing_t2w_completion/run_3104668/BraTS-MET-00755-000/BraTS-MET-00755-000-t1c.nii.gz,work_space/G2/results/synthetic_normalized/BraTS-MET-00755-000/BraTS-MET-00755-000-t1c.nii.gz,nnunet_raw/Dataset261_BraTS2026_MET_RealSynth/imagesTr/BraTSMET_000578_0001.nii.gz,native_2026,keep_native_2026_suffix,accepted_for_training,True,False,False,False
BraTS-MET-00755-000,BraTS-MET-00755-000,BraTSMET_000578,BraTS-MET-00755-000,run_3104668,t2w,0002,/Users/hwaigc/比赛+课题/ECNU_EYU_data/work_space/G1/results/missing_t2w_completion/run_3104668/BraTS-MET-00755-000/BraTS-MET-00755-000-t2w.nii.gz,work_space/G2/results/synthetic_normalized/BraTS-MET-00755-000/BraTS-MET-00755-000-t2w.nii.gz,nnunet_raw/Dataset261_BraTS2026_MET_RealSynth/imagesTr/BraTSMET_000578_0002.nii.gz,native_2026,keep_native_2026_suffix,accepted_for_training,True,False,False,False
BraTS-MET-00755-000,BraTS-MET-00755-000,BraTSMET_000578,BraTS-MET-00755-000,run_3104668,t2f,0003,/Users/hwaigc/比赛+课题/ECNU_EYU_data/work_space/G1/results/missing_t2w_completion/run_3104668/BraTS-MET-00755-000/BraTS-MET-00755-000-t2f.nii.gz,work_space/G2/results/synthetic_normalized/BraTS-MET-00755-000/BraTS-MET-00755-000-t2f.nii.gz,nnunet_raw/Dataset261_BraTS2026_MET_RealSynth/imagesTr/BraTSMET_000578_0003.nii.gz,native_2026,keep_native_2026_suffix,accepted_for_training,True,False,False,False
BraTS-MET-00755-000,BraTS-MET-00755-000,BraTSMET_000578,BraTS-MET-00755-000,run_3104668,seg,label,/Users/hwaigc/比赛+课题/ECNU_EYU_data/work_space/G1/results/missing_t2w_completion/run_3104668/BraTS-MET-00755-000/BraTS-MET-00755-000-seg.nii.gz,work_space/G2/results/synthetic_normalized/BraTS-MET-00755-000/BraTS-MET-00755-000-seg.nii.gz,nnunet_raw/Dataset261_BraTS2026_MET_RealSynth/labelsTr/BraTSMET_000578.nii.gz,native_2026,keep_native_2026_suffix,accepted_for_training,True,False,False,False
BraTS-MET-00756-000,BraTS-MET-00756-000,BraTSMET_000579,BraTS-MET-00756-000,run_3104668,t1n,0000,/Users/hwaigc/比赛+课题/ECNU_EYU_data/work_space/G1/results/missing_t2w_completion/run_3104668/BraTS-MET-00756-000/BraTS-MET-00756-000-t1n.nii.gz,work_space/G2/results/synthetic_normalized/BraTS-MET-00756-000/BraTS-MET-00756-000-t1n.nii.gz,nnunet_raw/Dataset261_BraTS2026_MET_RealSynth/imagesTr/BraTSMET_000579_0000.nii.gz,native_2026,keep_native_2026_suffix,accepted_for_training,True,False,False,False
BraTS-MET-00756-000,BraTS-MET-00756-000,BraTSMET_000579,BraTS-MET-00756-000,run_3104668,t1c,0001,/Users/hwaigc/比赛+课题/ECNU_EYU_data/work_space/G1/results/missing_t2w_completion/run_3104668/BraTS-MET-00756-000/BraTS-MET-00756-000-t1c.nii.gz,work_space/G2/results/synthetic_normalized/BraTS-MET-00756-000/BraTS-MET-00756-000-t1c.nii.gz,nnunet_raw/Dataset261_BraTS2026_MET_RealSynth/imagesTr/BraTSMET_000579_0001.nii.gz,native_2026,keep_native_2026_suffix,accepted_for_training,True,False,False,False
BraTS-MET-00756-000,BraTS-MET-00756-000,BraTSMET_000579,BraTS-MET-00756-000,run_3104668,t2w,0002,/Users/hwaigc/比赛+课题/ECNU_EYU_data/work_space/G1/results/missing_t2w_completion/run_3104668/BraTS-MET-00756-000/BraTS-MET-00756-000-t2w.nii.gz,work_space/G2/results/synthetic_normalized/BraTS-MET-00756-000/BraTS-MET-00756-000-t2w.nii.gz,nnunet_raw/Dataset261_BraTS2026_MET_RealSynth/imagesTr/BraTSMET_000579_0002.nii.gz,native_2026,keep_native_2026_suffix,accepted_for_training,True,False,False,False
BraTS-MET-00756-000,BraTS-MET-00756-000,BraTSMET_000579,BraTS-MET-00756-000,run_3104668,t2f,0003,/Users/hwaigc/比赛+课题/ECNU_EYU_data/work_space/G1/results/missing_t2w_completion/run_3104668/BraTS-MET-00756-000/BraTS-MET-00756-000-t2f.nii.gz,work_space/G2/results/synthetic_normalized/BraTS-MET-00756-000/BraTS-MET-00756-000-t2f.nii.gz,nnunet_raw/Dataset261_BraTS2026_MET_RealSynth/imagesTr/BraTSMET_000579_0003.nii.gz,native_2026,keep_native_2026_suffix,accepted_for_training,True,False,False,False
BraTS-MET-00756-000,BraTS-MET-00756-000,BraTSMET_000579,BraTS-MET-00756-000,run_3104668,seg,label,/Users/hwaigc/比赛+课题/ECNU_EYU_data/work_space/G1/results/missing_t2w_completion/run_3104668/BraTS-MET-00756-000/BraTS-MET-00756-000-seg.nii.gz,work_space/G2/results/synthetic_normalized/BraTS-MET-00756-000/BraTS-MET-00756-000-seg.nii.gz,nnunet_raw/Dataset261_BraTS2026_MET_RealSynth/labelsTr/BraTSMET_000579.nii.gz,native_2026,keep_native_2026_suffix,accepted_for_training,True,False,False,False
BraTS-MET-00756-001,BraTS-MET-00756-001,BraTSMET_000580,BraTS-MET-00756-001,run_3104668,t1n,0000,/Users/hwaigc/比赛+课题/ECNU_EYU_data/work_space/G1/results/missing_t2w_completion/run_3104668/BraTS-MET-00756-001/BraTS-MET-00756-001-t1n.nii.gz,work_space/G2/results/synthetic_normalized/BraTS-MET-00756-001/BraTS-MET-00756-001-t1n.nii.gz,nnunet_raw/Dataset261_BraTS2026_MET_RealSynth/imagesTr/BraTSMET_000580_0000.nii.gz,native_2026,keep_native_2026_suffix,accepted_for_training,True,False,False,False
BraTS-MET-00756-001,BraTS-MET-00756-001,BraTSMET_000580,BraTS-MET-00756-001,run_3104668,t1c,0001,/Users/hwaigc/比赛+课题/ECNU_EYU_data/work_space/G1/results/missing_t2w_completion/run_3104668/BraTS-MET-00756-001/BraTS-MET-00756-001-t1c.nii.gz,work_space/G2/results/synthetic_normalized/BraTS-MET-00756-001/BraTS-MET-00756-001-t1c.nii.gz,nnunet_raw/Dataset261_BraTS2026_MET_RealSynth/imagesTr/BraTSMET_000580_0001.nii.gz,native_2026,keep_native_2026_suffix,accepted_for_training,True,False,False,False
BraTS-MET-00756-001,BraTS-MET-00756-001,BraTSMET_000580,BraTS-MET-00756-001,run_3104668,t2w,0002,/Users/hwaigc/比赛+课题/ECNU_EYU_data/work_space/G1/results/missing_t2w_completion/run_3104668/BraTS-MET-00756-001/BraTS-MET-00756-001-t2w.nii.gz,work_space/G2/results/synthetic_normalized/BraTS-MET-00756-001/BraTS-MET-00756-001-t2w.nii.gz,nnunet_raw/Dataset261_BraTS2026_MET_RealSynth/imagesTr/BraTSMET_000580_0002.nii.gz,native_2026,keep_native_2026_suffix,accepted_for_training,True,False,False,False
BraTS-MET-00756-001,BraTS-MET-00756-001,BraTSMET_000580,BraTS-MET-00756-001,run_3104668,t2f,0003,/Users/hwaigc/比赛+课题/ECNU_EYU_data/work_space/G1/results/missing_t2w_completion/run_3104668/BraTS-MET-00756-001/BraTS-MET-00756-001-t2f.nii.gz,work_space/G2/results/synthetic_normalized/BraTS-MET-00756-001/BraTS-MET-00756-001-t2f.nii.gz,nnunet_raw/Dataset261_BraTS2026_MET_RealSynth/imagesTr/BraTSMET_000580_0003.nii.gz,native_2026,keep_native_2026_suffix,accepted_for_training,True,False,False,False
BraTS-MET-00756-001,BraTS-MET-00756-001,BraTSMET_000580,BraTS-MET-00756-001,run_3104668,seg,label,/Users/hwaigc/比赛+课题/ECNU_EYU_data/work_space/G1/results/missing_t2w_completion/run_3104668/BraTS-MET-00756-001/BraTS-MET-00756-001-seg.nii.gz,work_space/G2/results/synthetic_normalized/BraTS-MET-00756-001/BraTS-MET-00756-001-seg.nii.gz,nnunet_raw/Dataset261_BraTS2026_MET_RealSynth/labelsTr/BraTSMET_000580.nii.gz,native_2026,keep_native_2026_suffix,accepted_for_training,True,False,False,False
BraTS-MET-00757-000,BraTS-MET-00757-000,BraTSMET_000581,BraTS-MET-00757-000,run_3104668,t1n,0000,/Users/hwaigc/比赛+课题/ECNU_EYU_data/work_space/G1/results/missing_t2w_completion/run_3104668/BraTS-MET-00757-000/BraTS-MET-00757-000-t1n.nii.gz,work_space/G2/results/synthetic_normalized/BraTS-MET-00757-000/BraTS-MET-00757-000-t1n.nii.gz,nnunet_raw/Dataset261_BraTS2026_MET_RealSynth/imagesTr/BraTSMET_000581_0000.nii.gz,native_2026,keep_native_2026_suffix,accepted_for_evaluation,False,True,False,False
BraTS-MET-00757-000,BraTS-MET-00757-000,BraTSMET_000581,BraTS-MET-00757-000,run_3104668,t1c,0001,/Users/hwaigc/比赛+课题/ECNU_EYU_data/work_space/G1/results/missing_t2w_completion/run_3104668/BraTS-MET-00757-000/BraTS-MET-00757-000-t1c.nii.gz,work_space/G2/results/synthetic_normalized/BraTS-MET-00757-000/BraTS-MET-00757-000-t1c.nii.gz,nnunet_raw/Dataset261_BraTS2026_MET_RealSynth/imagesTr/BraTSMET_000581_0001.nii.gz,native_2026,keep_native_2026_suffix,accepted_for_evaluation,False,True,False,False
BraTS-MET-00757-000,BraTS-MET-00757-000,BraTSMET_000581,BraTS-MET-00757-000,run_3104668,t2w,0002,/Users/hwaigc/比赛+课题/ECNU_EYU_data/work_space/G1/results/missing_t2w_completion/run_3104668/BraTS-MET-00757-000/BraTS-MET-00757-000-t2w.nii.gz,work_space/G2/results/synthetic_normalized/BraTS-MET-00757-000/BraTS-MET-00757-000-t2w.nii.gz,nnunet_raw/Dataset261_BraTS2026_MET_RealSynth/imagesTr/BraTSMET_000581_0002.nii.gz,native_2026,keep_native_2026_suffix,accepted_for_evaluation,False,True,False,False
BraTS-MET-00757-000,BraTS-MET-00757-000,BraTSMET_000581,BraTS-MET-00757-000,run_3104668,t2f,0003,/Users/hwaigc/比赛+课题/ECNU_EYU_data/work_space/G1/results/missing_t2w_completion/run_3104668/BraTS-MET-00757-000/BraTS-MET-00757-000-t2f.nii.gz,work_space/G2/results/synthetic_normalized/BraTS-MET-00757-000/BraTS-MET-00757-000-t2f.nii.gz,nnunet_raw/Dataset261_BraTS2026_MET_RealSynth/imagesTr/BraTSMET_000581_0003.nii.gz,native_2026,keep_native_2026_suffix,accepted_for_evaluation,False,True,False,False
BraTS-MET-00757-000,BraTS-MET-00757-000,BraTSMET_000581,BraTS-MET-00757-000,run_3104668,seg,label,/Users/hwaigc/比赛+课题/ECNU_EYU_data/work_space/G1/results/missing_t2w_completion/run_3104668/BraTS-MET-00757-000/BraTS-MET-00757-000-seg.nii.gz,work_space/G2/results/synthetic_normalized/BraTS-MET-00757-000/BraTS-MET-00757-000-seg.nii.gz,nnunet_raw/Dataset261_BraTS2026_MET_RealSynth/labelsTr/BraTSMET_000581.nii.gz,native_2026,keep_native_2026_suffix,accepted_for_evaluation,False,True,False,False
BraTS-MET-00758-000,BraTS-MET-00758-000,BraTSMET_000582,BraTS-MET-00758-000,run_3104668,t1n,0000,/Users/hwaigc/比赛+课题/ECNU_EYU_data/work_space/G1/results/missing_t2w_completion/run_3104668/BraTS-MET-00758-000/BraTS-MET-00758-000-t1n.nii.gz,work_space/G2/results/synthetic_normalized/BraTS-MET-00758-000/BraTS-MET-00758-000-t1n.nii.gz,nnunet_raw/Dataset261_BraTS2026_MET_RealSynth/imagesTr/BraTSMET_000582_0000.nii.gz,native_2026,keep_native_2026_suffix,accepted_for_training,True,False,False,False
BraTS-MET-00758-000,BraTS-MET-00758-000,BraTSMET_000582,BraTS-MET-00758-000,run_3104668,t1c,0001,/Users/hwaigc/比赛+课题/ECNU_EYU_data/work_space/G1/results/missing_t2w_completion/run_3104668/BraTS-MET-00758-000/BraTS-MET-00758-000-t1c.nii.gz,work_space/G2/results/synthetic_normalized/BraTS-MET-00758-000/BraTS-MET-00758-000-t1c.nii.gz,nnunet_raw/Dataset261_BraTS2026_MET_RealSynth/imagesTr/BraTSMET_000582_0001.nii.gz,native_2026,keep_native_2026_suffix,accepted_for_training,True,False,False,False
BraTS-MET-00758-000,BraTS-MET-00758-000,BraTSMET_000582,BraTS-MET-00758-000,run_3104668,t2w,0002,/Users/hwaigc/比赛+课题/ECNU_EYU_data/work_space/G1/results/missing_t2w_completion/run_3104668/BraTS-MET-00758-000/BraTS-MET-00758-000-t2w.nii.gz,work_space/G2/results/synthetic_normalized/BraTS-MET-00758-000/BraTS-MET-00758-000-t2w.nii.gz,nnunet_raw/Dataset261_BraTS2026_MET_RealSynth/imagesTr/BraTSMET_000582_0002.nii.gz,native_2026,keep_native_2026_suffix,accepted_for_training,True,False,False,False
BraTS-MET-00758-000,BraTS-MET-00758-000,BraTSMET_000582,BraTS-MET-00758-000,run_3104668,t2f,0003,/Users/hwaigc/比赛+课题/ECNU_EYU_data/work_space/G1/results/missing_t2w_completion/run_3104668/BraTS-MET-00758-000/BraTS-MET-00758-000-t2f.nii.gz,work_space/G2/results/synthetic_normalized/BraTS-MET-00758-000/BraTS-MET-00758-000-t2f.nii.gz,nnunet_raw/Dataset261_BraTS2026_MET_RealSynth/imagesTr/BraTSMET_000582_0003.nii.gz,native_2026,keep_native_2026_suffix,accepted_for_training,True,False,False,False
BraTS-MET-00758-000,BraTS-MET-00758-000,BraTSMET_000582,BraTS-MET-00758-000,run_3104668,seg,label,/Users/hwaigc/比赛+课题/ECNU_EYU_data/work_space/G1/results/missing_t2w_completion/run_3104668/BraTS-MET-00758-000/BraTS-MET-00758-000-seg.nii.gz,work_space/G2/results/synthetic_normalized/BraTS-MET-00758-000/BraTS-MET-00758-000-seg.nii.gz,nnunet_raw/Dataset261_BraTS2026_MET_RealSynth/labelsTr/BraTSMET_000582.nii.gz,native_2026,keep_native_2026_suffix,accepted_for_training,True,False,False,False
BraTS-MET-00759-000,BraTS-MET-00759-000,BraTSMET_000583,BraTS-MET-00759-000,run_3104668,t1n,0000,/Users/hwaigc/比赛+课题/ECNU_EYU_data/work_space/G1/results/missing_t2w_completion/run_3104668/BraTS-MET-00759-000/BraTS-MET-00759-000-t1n.nii.gz,work_space/G2/results/synthetic_normalized/BraTS-MET-00759-000/BraTS-MET-00759-000-t1n.nii.gz,nnunet_raw/Dataset261_BraTS2026_MET_RealSynth/imagesTr/BraTSMET_000583_0000.nii.gz,native_2026,keep_native_2026_suffix,accepted_for_training,True,False,False,False
BraTS-MET-00759-000,BraTS-MET-00759-000,BraTSMET_000583,BraTS-MET-00759-000,run_3104668,t1c,0001,/Users/hwaigc/比赛+课题/ECNU_EYU_data/work_space/G1/results/missing_t2w_completion/run_3104668/BraTS-MET-00759-000/BraTS-MET-00759-000-t1c.nii.gz,work_space/G2/results/synthetic_normalized/BraTS-MET-00759-000/BraTS-MET-00759-000-t1c.nii.gz,nnunet_raw/Dataset261_BraTS2026_MET_RealSynth/imagesTr/BraTSMET_000583_0001.nii.gz,native_2026,keep_native_2026_suffix,accepted_for_training,True,False,False,False
BraTS-MET-00759-000,BraTS-MET-00759-000,BraTSMET_000583,BraTS-MET-00759-000,run_3104668,t2w,0002,/Users/hwaigc/比赛+课题/ECNU_EYU_data/work_space/G1/results/missing_t2w_completion/run_3104668/BraTS-MET-00759-000/BraTS-MET-00759-000-t2w.nii.gz,work_space/G2/results/synthetic_normalized/BraTS-MET-00759-000/BraTS-MET-00759-000-t2w.nii.gz,nnunet_raw/Dataset261_BraTS2026_MET_RealSynth/imagesTr/BraTSMET_000583_0002.nii.gz,native_2026,keep_native_2026_suffix,accepted_for_training,True,False,False,False
BraTS-MET-00759-000,BraTS-MET-00759-000,BraTSMET_000583,BraTS-MET-00759-000,run_3104668,t2f,0003,/Users/hwaigc/比赛+课题/ECNU_EYU_data/work_space/G1/results/missing_t2w_completion/run_3104668/BraTS-MET-00759-000/BraTS-MET-00759-000-t2f.nii.gz,work_space/G2/results/synthetic_normalized/BraTS-MET-00759-000/BraTS-MET-00759-000-t2f.nii.gz,nnunet_raw/Dataset261_BraTS2026_MET_RealSynth/imagesTr/BraTSMET_000583_0003.nii.gz,native_2026,keep_native_2026_suffix,accepted_for_training,True,False,False,False
BraTS-MET-00759-000,BraTS-MET-00759-000,BraTSMET_000583,BraTS-MET-00759-000,run_3104668,seg,label,/Users/hwaigc/比赛+课题/ECNU_EYU_data/work_space/G1/results/missing_t2w_completion/run_3104668/BraTS-MET-00759-000/BraTS-MET-00759-000-seg.nii.gz,work_space/G2/results/synthetic_normalized/BraTS-MET-00759-000/BraTS-MET-00759-000-seg.nii.gz,nnunet_raw/Dataset261_BraTS2026_MET_RealSynth/labelsTr/BraTSMET_000583.nii.gz,native_2026,keep_native_2026_suffix,accepted_for_training,True,False,False,False
BraTS-MET-00760-000,BraTS-MET-00760-000,BraTSMET_000585,BraTS-MET-00760-000,run_3104668,t1n,0000,/Users/hwaigc/比赛+课题/ECNU_EYU_data/work_space/G1/results/missing_t2w_completion/run_3104668/BraTS-MET-00760-000/BraTS-MET-00760-000-t1n.nii.gz,work_space/G2/results/synthetic_normalized/BraTS-MET-00760-000/BraTS-MET-00760-000-t1n.nii.gz,nnunet_raw/Dataset261_BraTS2026_MET_RealSynth/imagesTr/BraTSMET_000585_0000.nii.gz,native_2026,keep_native_2026_suffix,accepted_for_training,True,False,False,False
BraTS-MET-00760-000,BraTS-MET-00760-000,BraTSMET_000585,BraTS-MET-00760-000,run_3104668,t1c,0001,/Users/hwaigc/比赛+课题/ECNU_EYU_data/work_space/G1/results/missing_t2w_completion/run_3104668/BraTS-MET-00760-000/BraTS-MET-00760-000-t1c.nii.gz,work_space/G2/results/synthetic_normalized/BraTS-MET-00760-000/BraTS-MET-00760-000-t1c.nii.gz,nnunet_raw/Dataset261_BraTS2026_MET_RealSynth/imagesTr/BraTSMET_000585_0001.nii.gz,native_2026,keep_native_2026_suffix,accepted_for_training,True,False,False,False
BraTS-MET-00760-000,BraTS-MET-00760-000,BraTSMET_000585,BraTS-MET-00760-000,run_3104668,t2w,0002,/Users/hwaigc/比赛+课题/ECNU_EYU_data/work_space/G1/results/missing_t2w_completion/run_3104668/BraTS-MET-00760-000/BraTS-MET-00760-000-t2w.nii.gz,work_space/G2/results/synthetic_normalized/BraTS-MET-00760-000/BraTS-MET-00760-000-t2w.nii.gz,nnunet_raw/Dataset261_BraTS2026_MET_RealSynth/imagesTr/BraTSMET_000585_0002.nii.gz,native_2026,keep_native_2026_suffix,accepted_for_training,True,False,False,False
BraTS-MET-00760-000,BraTS-MET-00760-000,BraTSMET_000585,BraTS-MET-00760-000,run_3104668,t2f,0003,/Users/hwaigc/比赛+课题/ECNU_EYU_data/work_space/G1/results/missing_t2w_completion/run_3104668/BraTS-MET-00760-000/BraTS-MET-00760-000-t2f.nii.gz,work_space/G2/results/synthetic_normalized/BraTS-MET-00760-000/BraTS-MET-00760-000-t2f.nii.gz,nnunet_raw/Dataset261_BraTS2026_MET_RealSynth/imagesTr/BraTSMET_000585_0003.nii.gz,native_2026,keep_native_2026_suffix,accepted_for_training,True,False,False,False
BraTS-MET-00760-000,BraTS-MET-00760-000,BraTSMET_000585,BraTS-MET-00760-000,run_3104668,seg,label,/Users/hwaigc/比赛+课题/ECNU_EYU_data/work_space/G1/results/missing_t2w_completion/run_3104668/BraTS-MET-00760-000/BraTS-MET-00760-000-seg.nii.gz,work_space/G2/results/synthetic_normalized/BraTS-MET-00760-000/BraTS-MET-00760-000-seg.nii.gz,nnunet_raw/Dataset261_BraTS2026_MET_RealSynth/labelsTr/BraTSMET_000585.nii.gz,native_2026,keep_native_2026_suffix,accepted_for_training,True,False,False,False
BraTS-MET-00761-000,BraTS-MET-00761-000,BraTSMET_000586,BraTS-MET-00761-000,run_3104668,t1n,0000,/Users/hwaigc/比赛+课题/ECNU_EYU_data/work_space/G1/results/missing_t2w_completion/run_3104668/BraTS-MET-00761-000/BraTS-MET-00761-000-t1n.nii.gz,work_space/G2/results/synthetic_normalized/BraTS-MET-00761-000/BraTS-MET-00761-000-t1n.nii.gz,nnunet_raw/Dataset261_BraTS2026_MET_RealSynth/imagesTr/BraTSMET_000586_0000.nii.gz,native_2026,keep_native_2026_suffix,accepted_for_training,True,False,False,False
BraTS-MET-00761-000,BraTS-MET-00761-000,BraTSMET_000586,BraTS-MET-00761-000,run_3104668,t1c,0001,/Users/hwaigc/比赛+课题/ECNU_EYU_data/work_space/G1/results/missing_t2w_completion/run_3104668/BraTS-MET-00761-000/BraTS-MET-00761-000-t1c.nii.gz,work_space/G2/results/synthetic_normalized/BraTS-MET-00761-000/BraTS-MET-00761-000-t1c.nii.gz,nnunet_raw/Dataset261_BraTS2026_MET_RealSynth/imagesTr/BraTSMET_000586_0001.nii.gz,native_2026,keep_native_2026_suffix,accepted_for_training,True,False,False,False
BraTS-MET-00761-000,BraTS-MET-00761-000,BraTSMET_000586,BraTS-MET-00761-000,run_3104668,t2w,0002,/Users/hwaigc/比赛+课题/ECNU_EYU_data/work_space/G1/results/missing_t2w_completion/run_3104668/BraTS-MET-00761-000/BraTS-MET-00761-000-t2w.nii.gz,work_space/G2/results/synthetic_normalized/BraTS-MET-00761-000/BraTS-MET-00761-000-t2w.nii.gz,nnunet_raw/Dataset261_BraTS2026_MET_RealSynth/imagesTr/BraTSMET_000586_0002.nii.gz,native_2026,keep_native_2026_suffix,accepted_for_training,True,False,False,False
BraTS-MET-00761-000,BraTS-MET-00761-000,BraTSMET_000586,BraTS-MET-00761-000,run_3104668,t2f,0003,/Users/hwaigc/比赛+课题/ECNU_EYU_data/work_space/G1/results/missing_t2w_completion/run_3104668/BraTS-MET-00761-000/BraTS-MET-00761-000-t2f.nii.gz,work_space/G2/results/synthetic_normalized/BraTS-MET-00761-000/BraTS-MET-00761-000-t2f.nii.gz,nnunet_raw/Dataset261_BraTS2026_MET_RealSynth/imagesTr/BraTSMET_000586_0003.nii.gz,native_2026,keep_native_2026_suffix,accepted_for_training,True,False,False,False
BraTS-MET-00761-000,BraTS-MET-00761-000,BraTSMET_000586,BraTS-MET-00761-000,run_3104668,seg,label,/Users/hwaigc/比赛+课题/ECNU_EYU_data/work_space/G1/results/missing_t2w_completion/run_3104668/BraTS-MET-00761-000/BraTS-MET-00761-000-seg.nii.gz,work_space/G2/results/synthetic_normalized/BraTS-MET-00761-000/BraTS-MET-00761-000-seg.nii.gz,nnunet_raw/Dataset261_BraTS2026_MET_RealSynth/labelsTr/BraTSMET_000586.nii.gz,native_2026,keep_native_2026_suffix,accepted_for_training,True,False,False,False
BraTS-MET-00761-001,BraTS-MET-00761-001,BraTSMET_000587,BraTS-MET-00761-001,run_3104668,t1n,0000,/Users/hwaigc/比赛+课题/ECNU_EYU_data/work_space/G1/results/missing_t2w_completion/run_3104668/BraTS-MET-00761-001/BraTS-MET-00761-001-t1n.nii.gz,work_space/G2/results/synthetic_normalized/BraTS-MET-00761-001/BraTS-MET-00761-001-t1n.nii.gz,nnunet_raw/Dataset261_BraTS2026_MET_RealSynth/imagesTr/BraTSMET_000587_0000.nii.gz,native_2026,keep_native_2026_suffix,accepted_for_training,True,False,False,False
BraTS-MET-00761-001,BraTS-MET-00761-001,BraTSMET_000587,BraTS-MET-00761-001,run_3104668,t1c,0001,/Users/hwaigc/比赛+课题/ECNU_EYU_data/work_space/G1/results/missing_t2w_completion/run_3104668/BraTS-MET-00761-001/BraTS-MET-00761-001-t1c.nii.gz,work_space/G2/results/synthetic_normalized/BraTS-MET-00761-001/BraTS-MET-00761-001-t1c.nii.gz,nnunet_raw/Dataset261_BraTS2026_MET_RealSynth/imagesTr/BraTSMET_000587_0001.nii.gz,native_2026,keep_native_2026_suffix,accepted_for_training,True,False,False,False
BraTS-MET-00761-001,BraTS-MET-00761-001,BraTSMET_000587,BraTS-MET-00761-001,run_3104668,t2w,0002,/Users/hwaigc/比赛+课题/ECNU_EYU_data/work_space/G1/results/missing_t2w_completion/run_3104668/BraTS-MET-00761-001/BraTS-MET-00761-001-t2w.nii.gz,work_space/G2/results/synthetic_normalized/BraTS-MET-00761-001/BraTS-MET-00761-001-t2w.nii.gz,nnunet_raw/Dataset261_BraTS2026_MET_RealSynth/imagesTr/BraTSMET_000587_0002.nii.gz,native_2026,keep_native_2026_suffix,accepted_for_training,True,False,False,False
BraTS-MET-00761-001,BraTS-MET-00761-001,BraTSMET_000587,BraTS-MET-00761-001,run_3104668,t2f,0003,/Users/hwaigc/比赛+课题/ECNU_EYU_data/work_space/G1/results/missing_t2w_completion/run_3104668/BraTS-MET-00761-001/BraTS-MET-00761-001-t2f.nii.gz,work_space/G2/results/synthetic_normalized/BraTS-MET-00761-001/BraTS-MET-00761-001-t2f.nii.gz,nnunet_raw/Dataset261_BraTS2026_MET_RealSynth/imagesTr/BraTSMET_000587_0003.nii.gz,native_2026,keep_native_2026_suffix,accepted_for_training,True,False,False,False
BraTS-MET-00761-001,BraTS-MET-00761-001,BraTSMET_000587,BraTS-MET-00761-001,run_3104668,seg,label,/Users/hwaigc/比赛+课题/ECNU_EYU_data/work_space/G1/results/missing_t2w_completion/run_3104668/BraTS-MET-00761-001/BraTS-MET-00761-001-seg.nii.gz,work_space/G2/results/synthetic_normalized/BraTS-MET-00761-001/BraTS-MET-00761-001-seg.nii.gz,nnunet_raw/Dataset261_BraTS2026_MET_RealSynth/labelsTr/BraTSMET_000587.nii.gz,native_2026,keep_native_2026_suffix,accepted_for_training,True,False,False,False
BraTS-MET-00761-002,BraTS-MET-00761-002,BraTSMET_000588,BraTS-MET-00761-002,run_3104668,t1n,0000,/Users/hwaigc/比赛+课题/ECNU_EYU_data/work_space/G1/results/missing_t2w_completion/run_3104668/BraTS-MET-00761-002/BraTS-MET-00761-002-t1n.nii.gz,work_space/G2/results/synthetic_normalized/BraTS-MET-00761-002/BraTS-MET-00761-002-t1n.nii.gz,nnunet_raw/Dataset261_BraTS2026_MET_RealSynth/imagesTr/BraTSMET_000588_0000.nii.gz,native_2026,keep_native_2026_suffix,accepted_for_training,True,False,False,False
BraTS-MET-00761-002,BraTS-MET-00761-002,BraTSMET_000588,BraTS-MET-00761-002,run_3104668,t1c,0001,/Users/hwaigc/比赛+课题/ECNU_EYU_data/work_space/G1/results/missing_t2w_completion/run_3104668/BraTS-MET-00761-002/BraTS-MET-00761-002-t1c.nii.gz,work_space/G2/results/synthetic_normalized/BraTS-MET-00761-002/BraTS-MET-00761-002-t1c.nii.gz,nnunet_raw/Dataset261_BraTS2026_MET_RealSynth/imagesTr/BraTSMET_000588_0001.nii.gz,native_2026,keep_native_2026_suffix,accepted_for_training,True,False,False,False
BraTS-MET-00761-002,BraTS-MET-00761-002,BraTSMET_000588,BraTS-MET-00761-002,run_3104668,t2w,0002,/Users/hwaigc/比赛+课题/ECNU_EYU_data/work_space/G1/results/missing_t2w_completion/run_3104668/BraTS-MET-00761-002/BraTS-MET-00761-002-t2w.nii.gz,work_space/G2/results/synthetic_normalized/BraTS-MET-00761-002/BraTS-MET-00761-002-t2w.nii.gz,nnunet_raw/Dataset261_BraTS2026_MET_RealSynth/imagesTr/BraTSMET_000588_0002.nii.gz,native_2026,keep_native_2026_suffix,accepted_for_training,True,False,False,False
BraTS-MET-00761-002,BraTS-MET-00761-002,BraTSMET_000588,BraTS-MET-00761-002,run_3104668,t2f,0003,/Users/hwaigc/比赛+课题/ECNU_EYU_data/work_space/G1/results/missing_t2w_completion/run_3104668/BraTS-MET-00761-002/BraTS-MET-00761-002-t2f.nii.gz,work_space/G2/results/synthetic_normalized/BraTS-MET-00761-002/BraTS-MET-00761-002-t2f.nii.gz,nnunet_raw/Dataset261_BraTS2026_MET_RealSynth/imagesTr/BraTSMET_000588_0003.nii.gz,native_2026,keep_native_2026_suffix,accepted_for_training,True,False,False,False
BraTS-MET-00761-002,BraTS-MET-00761-002,BraTSMET_000588,BraTS-MET-00761-002,run_3104668,seg,label,/Users/hwaigc/比赛+课题/ECNU_EYU_data/work_space/G1/results/missing_t2w_completion/run_3104668/BraTS-MET-00761-002/BraTS-MET-00761-002-seg.nii.gz,work_space/G2/results/synthetic_normalized/BraTS-MET-00761-002/BraTS-MET-00761-002-seg.nii.gz,nnunet_raw/Dataset261_BraTS2026_MET_RealSynth/labelsTr/BraTSMET_000588.nii.gz,native_2026,keep_native_2026_suffix,accepted_for_training,True,False,False,False
BraTS-MET-00761-003,BraTS-MET-00761-003,BraTSMET_000589,BraTS-MET-00761-003,run_3104668,t1n,0000,/Users/hwaigc/比赛+课题/ECNU_EYU_data/work_space/G1/results/missing_t2w_completion/run_3104668/BraTS-MET-00761-003/BraTS-MET-00761-003-t1n.nii.gz,work_space/G2/results/synthetic_normalized/BraTS-MET-00761-003/BraTS-MET-00761-003-t1n.nii.gz,nnunet_raw/Dataset261_BraTS2026_MET_RealSynth/imagesTr/BraTSMET_000589_0000.nii.gz,native_2026,keep_native_2026_suffix,accepted_for_training,True,False,False,False
BraTS-MET-00761-003,BraTS-MET-00761-003,BraTSMET_000589,BraTS-MET-00761-003,run_3104668,t1c,0001,/Users/hwaigc/比赛+课题/ECNU_EYU_data/work_space/G1/results/missing_t2w_completion/run_3104668/BraTS-MET-00761-003/BraTS-MET-00761-003-t1c.nii.gz,work_space/G2/results/synthetic_normalized/BraTS-MET-00761-003/BraTS-MET-00761-003-t1c.nii.gz,nnunet_raw/Dataset261_BraTS2026_MET_RealSynth/imagesTr/BraTSMET_000589_0001.nii.gz,native_2026,keep_native_2026_suffix,accepted_for_training,True,False,False,False
BraTS-MET-00761-003,BraTS-MET-00761-003,BraTSMET_000589,BraTS-MET-00761-003,run_3104668,t2w,0002,/Users/hwaigc/比赛+课题/ECNU_EYU_data/work_space/G1/results/missing_t2w_completion/run_3104668/BraTS-MET-00761-003/BraTS-MET-00761-003-t2w.nii.gz,work_space/G2/results/synthetic_normalized/BraTS-MET-00761-003/BraTS-MET-00761-003-t2w.nii.gz,nnunet_raw/Dataset261_BraTS2026_MET_RealSynth/imagesTr/BraTSMET_000589_0002.nii.gz,native_2026,keep_native_2026_suffix,accepted_for_training,True,False,False,False
BraTS-MET-00761-003,BraTS-MET-00761-003,BraTSMET_000589,BraTS-MET-00761-003,run_3104668,t2f,0003,/Users/hwaigc/比赛+课题/ECNU_EYU_data/work_space/G1/results/missing_t2w_completion/run_3104668/BraTS-MET-00761-003/BraTS-MET-00761-003-t2f.nii.gz,work_space/G2/results/synthetic_normalized/BraTS-MET-00761-003/BraTS-MET-00761-003-t2f.nii.gz,nnunet_raw/Dataset261_BraTS2026_MET_RealSynth/imagesTr/BraTSMET_000589_0003.nii.gz,native_2026,keep_native_2026_suffix,accepted_for_training,True,False,False,False
BraTS-MET-00761-003,BraTS-MET-00761-003,BraTSMET_000589,BraTS-MET-00761-003,run_3104668,seg,label,/Users/hwaigc/比赛+课题/ECNU_EYU_data/work_space/G1/results/missing_t2w_completion/run_3104668/BraTS-MET-00761-003/BraTS-MET-00761-003-seg.nii.gz,work_space/G2/results/synthetic_normalized/BraTS-MET-00761-003/BraTS-MET-00761-003-seg.nii.gz,nnunet_raw/Dataset261_BraTS2026_MET_RealSynth/labelsTr/BraTSMET_000589.nii.gz,native_2026,keep_native_2026_suffix,accepted_for_training,True,False,False,False
BraTS-MET-00762-000,BraTS-MET-00762-000,BraTSMET_000590,BraTS-MET-00762-000,run_3104668,t1n,0000,/Users/hwaigc/比赛+课题/ECNU_EYU_data/work_space/G1/results/missing_t2w_completion/run_3104668/BraTS-MET-00762-000/BraTS-MET-00762-000-t1n.nii.gz,work_space/G2/results/synthetic_normalized/BraTS-MET-00762-000/BraTS-MET-00762-000-t1n.nii.gz,nnunet_raw/Dataset261_BraTS2026_MET_RealSynth/imagesTr/BraTSMET_000590_0000.nii.gz,native_2026,keep_native_2026_suffix,accepted_for_training,True,False,False,False
BraTS-MET-00762-000,BraTS-MET-00762-000,BraTSMET_000590,BraTS-MET-00762-000,run_3104668,t1c,0001,/Users/hwaigc/比赛+课题/ECNU_EYU_data/work_space/G1/results/missing_t2w_completion/run_3104668/BraTS-MET-00762-000/BraTS-MET-00762-000-t1c.nii.gz,work_space/G2/results/synthetic_normalized/BraTS-MET-00762-000/BraTS-MET-00762-000-t1c.nii.gz,nnunet_raw/Dataset261_BraTS2026_MET_RealSynth/imagesTr/BraTSMET_000590_0001.nii.gz,native_2026,keep_native_2026_suffix,accepted_for_training,True,False,False,False
BraTS-MET-00762-000,BraTS-MET-00762-000,BraTSMET_000590,BraTS-MET-00762-000,run_3104668,t2w,0002,/Users/hwaigc/比赛+课题/ECNU_EYU_data/work_space/G1/results/missing_t2w_completion/run_3104668/BraTS-MET-00762-000/BraTS-MET-00762-000-t2w.nii.gz,work_space/G2/results/synthetic_normalized/BraTS-MET-00762-000/BraTS-MET-00762-000-t2w.nii.gz,nnunet_raw/Dataset261_BraTS2026_MET_RealSynth/imagesTr/BraTSMET_000590_0002.nii.gz,native_2026,keep_native_2026_suffix,accepted_for_training,True,False,False,False
BraTS-MET-00762-000,BraTS-MET-00762-000,BraTSMET_000590,BraTS-MET-00762-000,run_3104668,t2f,0003,/Users/hwaigc/比赛+课题/ECNU_EYU_data/work_space/G1/results/missing_t2w_completion/run_3104668/BraTS-MET-00762-000/BraTS-MET-00762-000-t2f.nii.gz,work_space/G2/results/synthetic_normalized/BraTS-MET-00762-000/BraTS-MET-00762-000-t2f.nii.gz,nnunet_raw/Dataset261_BraTS2026_MET_RealSynth/imagesTr/BraTSMET_000590_0003.nii.gz,native_2026,keep_native_2026_suffix,accepted_for_training,True,False,False,False
BraTS-MET-00762-000,BraTS-MET-00762-000,BraTSMET_000590,BraTS-MET-00762-000,run_3104668,seg,label,/Users/hwaigc/比赛+课题/ECNU_EYU_data/work_space/G1/results/missing_t2w_completion/run_3104668/BraTS-MET-00762-000/BraTS-MET-00762-000-seg.nii.gz,work_space/G2/results/synthetic_normalized/BraTS-MET-00762-000/BraTS-MET-00762-000-seg.nii.gz,nnunet_raw/Dataset261_BraTS2026_MET_RealSynth/labelsTr/BraTSMET_000590.nii.gz,native_2026,keep_native_2026_suffix,accepted_for_training,True,False,False,False
BraTS-MET-00763-000,BraTS-MET-00763-000,BraTSMET_000591,BraTS-MET-00763-000,run_3104668,t1n,0000,/Users/hwaigc/比赛+课题/ECNU_EYU_data/work_space/G1/results/missing_t2w_completion/run_3104668/BraTS-MET-00763-000/BraTS-MET-00763-000-t1n.nii.gz,work_space/G2/results/synthetic_normalized/BraTS-MET-00763-000/BraTS-MET-00763-000-t1n.nii.gz,nnunet_raw/Dataset261_BraTS2026_MET_RealSynth/imagesTr/BraTSMET_000591_0000.nii.gz,native_2026,keep_native_2026_suffix,accepted_for_training,True,False,False,False
BraTS-MET-00763-000,BraTS-MET-00763-000,BraTSMET_000591,BraTS-MET-00763-000,run_3104668,t1c,0001,/Users/hwaigc/比赛+课题/ECNU_EYU_data/work_space/G1/results/missing_t2w_completion/run_3104668/BraTS-MET-00763-000/BraTS-MET-00763-000-t1c.nii.gz,work_space/G2/results/synthetic_normalized/BraTS-MET-00763-000/BraTS-MET-00763-000-t1c.nii.gz,nnunet_raw/Dataset261_BraTS2026_MET_RealSynth/imagesTr/BraTSMET_000591_0001.nii.gz,native_2026,keep_native_2026_suffix,accepted_for_training,True,False,False,False
BraTS-MET-00763-000,BraTS-MET-00763-000,BraTSMET_000591,BraTS-MET-00763-000,run_3104668,t2w,0002,/Users/hwaigc/比赛+课题/ECNU_EYU_data/work_space/G1/results/missing_t2w_completion/run_3104668/BraTS-MET-00763-000/BraTS-MET-00763-000-t2w.nii.gz,work_space/G2/results/synthetic_normalized/BraTS-MET-00763-000/BraTS-MET-00763-000-t2w.nii.gz,nnunet_raw/Dataset261_BraTS2026_MET_RealSynth/imagesTr/BraTSMET_000591_0002.nii.gz,native_2026,keep_native_2026_suffix,accepted_for_training,True,False,False,False
BraTS-MET-00763-000,BraTS-MET-00763-000,BraTSMET_000591,BraTS-MET-00763-000,run_3104668,t2f,0003,/Users/hwaigc/比赛+课题/ECNU_EYU_data/work_space/G1/results/missing_t2w_completion/run_3104668/BraTS-MET-00763-000/BraTS-MET-00763-000-t2f.nii.gz,work_space/G2/results/synthetic_normalized/BraTS-MET-00763-000/BraTS-MET-00763-000-t2f.nii.gz,nnunet_raw/Dataset261_BraTS2026_MET_RealSynth/imagesTr/BraTSMET_000591_0003.nii.gz,native_2026,keep_native_2026_suffix,accepted_for_training,True,False,False,False
BraTS-MET-00763-000,BraTS-MET-00763-000,BraTSMET_000591,BraTS-MET-00763-000,run_3104668,seg,label,/Users/hwaigc/比赛+课题/ECNU_EYU_data/work_space/G1/results/missing_t2w_completion/run_3104668/BraTS-MET-00763-000/BraTS-MET-00763-000-seg.nii.gz,work_space/G2/results/synthetic_normalized/BraTS-MET-00763-000/BraTS-MET-00763-000-seg.nii.gz,nnunet_raw/Dataset261_BraTS2026_MET_RealSynth/labelsTr/BraTSMET_000591.nii.gz,native_2026,keep_native_2026_suffix,accepted_for_training,True,False,False,False
BraTS-MET-00764-000,BraTS-MET-00764-000,BraTSMET_000592,BraTS-MET-00764-000,run_3104668,t1n,0000,/Users/hwaigc/比赛+课题/ECNU_EYU_data/work_space/G1/results/missing_t2w_completion/run_3104668/BraTS-MET-00764-000/BraTS-MET-00764-000-t1n.nii.gz,work_space/G2/results/synthetic_normalized/BraTS-MET-00764-000/BraTS-MET-00764-000-t1n.nii.gz,nnunet_raw/Dataset261_BraTS2026_MET_RealSynth/imagesTr/BraTSMET_000592_0000.nii.gz,native_2026,keep_native_2026_suffix,accepted_for_evaluation,False,True,False,False
BraTS-MET-00764-000,BraTS-MET-00764-000,BraTSMET_000592,BraTS-MET-00764-000,run_3104668,t1c,0001,/Users/hwaigc/比赛+课题/ECNU_EYU_data/work_space/G1/results/missing_t2w_completion/run_3104668/BraTS-MET-00764-000/BraTS-MET-00764-000-t1c.nii.gz,work_space/G2/results/synthetic_normalized/BraTS-MET-00764-000/BraTS-MET-00764-000-t1c.nii.gz,nnunet_raw/Dataset261_BraTS2026_MET_RealSynth/imagesTr/BraTSMET_000592_0001.nii.gz,native_2026,keep_native_2026_suffix,accepted_for_evaluation,False,True,False,False
BraTS-MET-00764-000,BraTS-MET-00764-000,BraTSMET_000592,BraTS-MET-00764-000,run_3104668,t2w,0002,/Users/hwaigc/比赛+课题/ECNU_EYU_data/work_space/G1/results/missing_t2w_completion/run_3104668/BraTS-MET-00764-000/BraTS-MET-00764-000-t2w.nii.gz,work_space/G2/results/synthetic_normalized/BraTS-MET-00764-000/BraTS-MET-00764-000-t2w.nii.gz,nnunet_raw/Dataset261_BraTS2026_MET_RealSynth/imagesTr/BraTSMET_000592_0002.nii.gz,native_2026,keep_native_2026_suffix,accepted_for_evaluation,False,True,False,False
BraTS-MET-00764-000,BraTS-MET-00764-000,BraTSMET_000592,BraTS-MET-00764-000,run_3104668,t2f,0003,/Users/hwaigc/比赛+课题/ECNU_EYU_data/work_space/G1/results/missing_t2w_completion/run_3104668/BraTS-MET-00764-000/BraTS-MET-00764-000-t2f.nii.gz,work_space/G2/results/synthetic_normalized/BraTS-MET-00764-000/BraTS-MET-00764-000-t2f.nii.gz,nnunet_raw/Dataset261_BraTS2026_MET_RealSynth/imagesTr/BraTSMET_000592_0003.nii.gz,native_2026,keep_native_2026_suffix,accepted_for_evaluation,False,True,False,False
BraTS-MET-00764-000,BraTS-MET-00764-000,BraTSMET_000592,BraTS-MET-00764-000,run_3104668,seg,label,/Users/hwaigc/比赛+课题/ECNU_EYU_data/work_space/G1/results/missing_t2w_completion/run_3104668/BraTS-MET-00764-000/BraTS-MET-00764-000-seg.nii.gz,work_space/G2/results/synthetic_normalized/BraTS-MET-00764-000/BraTS-MET-00764-000-seg.nii.gz,nnunet_raw/Dataset261_BraTS2026_MET_RealSynth/labelsTr/BraTSMET_000592.nii.gz,native_2026,keep_native_2026_suffix,accepted_for_evaluation,False,True,False,False
BraTS-MET-00765-000,BraTS-MET-00765-000,BraTSMET_000593,BraTS-MET-00765-000,run_3104668,t1n,0000,/Users/hwaigc/比赛+课题/ECNU_EYU_data/work_space/G1/results/missing_t2w_completion/run_3104668/BraTS-MET-00765-000/BraTS-MET-00765-000-t1n.nii.gz,work_space/G2/results/synthetic_normalized/BraTS-MET-00765-000/BraTS-MET-00765-000-t1n.nii.gz,nnunet_raw/Dataset261_BraTS2026_MET_RealSynth/imagesTr/BraTSMET_000593_0000.nii.gz,native_2026,keep_native_2026_suffix,accepted_for_training,True,False,False,False
BraTS-MET-00765-000,BraTS-MET-00765-000,BraTSMET_000593,BraTS-MET-00765-000,run_3104668,t1c,0001,/Users/hwaigc/比赛+课题/ECNU_EYU_data/work_space/G1/results/missing_t2w_completion/run_3104668/BraTS-MET-00765-000/BraTS-MET-00765-000-t1c.nii.gz,work_space/G2/results/synthetic_normalized/BraTS-MET-00765-000/BraTS-MET-00765-000-t1c.nii.gz,nnunet_raw/Dataset261_BraTS2026_MET_RealSynth/imagesTr/BraTSMET_000593_0001.nii.gz,native_2026,keep_native_2026_suffix,accepted_for_training,True,False,False,False
BraTS-MET-00765-000,BraTS-MET-00765-000,BraTSMET_000593,BraTS-MET-00765-000,run_3104668,t2w,0002,/Users/hwaigc/比赛+课题/ECNU_EYU_data/work_space/G1/results/missing_t2w_completion/run_3104668/BraTS-MET-00765-000/BraTS-MET-00765-000-t2w.nii.gz,work_space/G2/results/synthetic_normalized/BraTS-MET-00765-000/BraTS-MET-00765-000-t2w.nii.gz,nnunet_raw/Dataset261_BraTS2026_MET_RealSynth/imagesTr/BraTSMET_000593_0002.nii.gz,native_2026,keep_native_2026_suffix,accepted_for_training,True,False,False,False
BraTS-MET-00765-000,BraTS-MET-00765-000,BraTSMET_000593,BraTS-MET-00765-000,run_3104668,t2f,0003,/Users/hwaigc/比赛+课题/ECNU_EYU_data/work_space/G1/results/missing_t2w_completion/run_3104668/BraTS-MET-00765-000/BraTS-MET-00765-000-t2f.nii.gz,work_space/G2/results/synthetic_normalized/BraTS-MET-00765-000/BraTS-MET-00765-000-t2f.nii.gz,nnunet_raw/Dataset261_BraTS2026_MET_RealSynth/imagesTr/BraTSMET_000593_0003.nii.gz,native_2026,keep_native_2026_suffix,accepted_for_training,True,False,False,False
BraTS-MET-00765-000,BraTS-MET-00765-000,BraTSMET_000593,BraTS-MET-00765-000,run_3104668,seg,label,/Users/hwaigc/比赛+课题/ECNU_EYU_data/work_space/G1/results/missing_t2w_completion/run_3104668/BraTS-MET-00765-000/BraTS-MET-00765-000-seg.nii.gz,work_space/G2/results/synthetic_normalized/BraTS-MET-00765-000/BraTS-MET-00765-000-seg.nii.gz,nnunet_raw/Dataset261_BraTS2026_MET_RealSynth/labelsTr/BraTSMET_000593.nii.gz,native_2026,keep_native_2026_suffix,accepted_for_training,True,False,False,False
BraTS-MET-00766-000,BraTS-MET-00766-000,BraTSMET_000594,BraTS-MET-00766-000,run_3104668,t1n,0000,/Users/hwaigc/比赛+课题/ECNU_EYU_data/work_space/G1/results/missing_t2w_completion/run_3104668/BraTS-MET-00766-000/BraTS-MET-00766-000-t1n.nii.gz,work_space/G2/results/synthetic_normalized/BraTS-MET-00766-000/BraTS-MET-00766-000-t1n.nii.gz,nnunet_raw/Dataset261_BraTS2026_MET_RealSynth/imagesTs/BraTSMET_000594_0000.nii.gz,native_2026,keep_native_2026_suffix,accepted_for_evaluation,False,True,False,False
BraTS-MET-00766-000,BraTS-MET-00766-000,BraTSMET_000594,BraTS-MET-00766-000,run_3104668,t1c,0001,/Users/hwaigc/比赛+课题/ECNU_EYU_data/work_space/G1/results/missing_t2w_completion/run_3104668/BraTS-MET-00766-000/BraTS-MET-00766-000-t1c.nii.gz,work_space/G2/results/synthetic_normalized/BraTS-MET-00766-000/BraTS-MET-00766-000-t1c.nii.gz,nnunet_raw/Dataset261_BraTS2026_MET_RealSynth/imagesTs/BraTSMET_000594_0001.nii.gz,native_2026,keep_native_2026_suffix,accepted_for_evaluation,False,True,False,False
BraTS-MET-00766-000,BraTS-MET-00766-000,BraTSMET_000594,BraTS-MET-00766-000,run_3104668,t2w,0002,/Users/hwaigc/比赛+课题/ECNU_EYU_data/work_space/G1/results/missing_t2w_completion/run_3104668/BraTS-MET-00766-000/BraTS-MET-00766-000-t2w.nii.gz,work_space/G2/results/synthetic_normalized/BraTS-MET-00766-000/BraTS-MET-00766-000-t2w.nii.gz,nnunet_raw/Dataset261_BraTS2026_MET_RealSynth/imagesTs/BraTSMET_000594_0002.nii.gz,native_2026,keep_native_2026_suffix,accepted_for_evaluation,False,True,False,False
BraTS-MET-00766-000,BraTS-MET-00766-000,BraTSMET_000594,BraTS-MET-00766-000,run_3104668,t2f,0003,/Users/hwaigc/比赛+课题/ECNU_EYU_data/work_space/G1/results/missing_t2w_completion/run_3104668/BraTS-MET-00766-000/BraTS-MET-00766-000-t2f.nii.gz,work_space/G2/results/synthetic_normalized/BraTS-MET-00766-000/BraTS-MET-00766-000-t2f.nii.gz,nnunet_raw/Dataset261_BraTS2026_MET_RealSynth/imagesTs/BraTSMET_000594_0003.nii.gz,native_2026,keep_native_2026_suffix,accepted_for_evaluation,False,True,False,False
BraTS-MET-00766-000,BraTS-MET-00766-000,BraTSMET_000594,BraTS-MET-00766-000,run_3104668,seg,label,/Users/hwaigc/比赛+课题/ECNU_EYU_data/work_space/G1/results/missing_t2w_completion/run_3104668/BraTS-MET-00766-000/BraTS-MET-00766-000-seg.nii.gz,work_space/G2/results/synthetic_normalized/BraTS-MET-00766-000/BraTS-MET-00766-000-seg.nii.gz,nnunet_raw/Dataset261_BraTS2026_MET_RealSynth/labelsTs/BraTSMET_000594.nii.gz,native_2026,keep_native_2026_suffix,accepted_for_evaluation,False,True,False,False
BraTS-MET-00767-000,BraTS-MET-00767-000,BraTSMET_000595,BraTS-MET-00767-000,run_3104668,t1n,0000,/Users/hwaigc/比赛+课题/ECNU_EYU_data/work_space/G1/results/missing_t2w_completion/run_3104668/BraTS-MET-00767-000/BraTS-MET-00767-000-t1n.nii.gz,work_space/G2/results/synthetic_normalized/BraTS-MET-00767-000/BraTS-MET-00767-000-t1n.nii.gz,nnunet_raw/Dataset261_BraTS2026_MET_RealSynth/imagesTr/BraTSMET_000595_0000.nii.gz,native_2026,keep_native_2026_suffix,accepted_for_training,True,False,False,False
BraTS-MET-00767-000,BraTS-MET-00767-000,BraTSMET_000595,BraTS-MET-00767-000,run_3104668,t1c,0001,/Users/hwaigc/比赛+课题/ECNU_EYU_data/work_space/G1/results/missing_t2w_completion/run_3104668/BraTS-MET-00767-000/BraTS-MET-00767-000-t1c.nii.gz,work_space/G2/results/synthetic_normalized/BraTS-MET-00767-000/BraTS-MET-00767-000-t1c.nii.gz,nnunet_raw/Dataset261_BraTS2026_MET_RealSynth/imagesTr/BraTSMET_000595_0001.nii.gz,native_2026,keep_native_2026_suffix,accepted_for_training,True,False,False,False
BraTS-MET-00767-000,BraTS-MET-00767-000,BraTSMET_000595,BraTS-MET-00767-000,run_3104668,t2w,0002,/Users/hwaigc/比赛+课题/ECNU_EYU_data/work_space/G1/results/missing_t2w_completion/run_3104668/BraTS-MET-00767-000/BraTS-MET-00767-000-t2w.nii.gz,work_space/G2/results/synthetic_normalized/BraTS-MET-00767-000/BraTS-MET-00767-000-t2w.nii.gz,nnunet_raw/Dataset261_BraTS2026_MET_RealSynth/imagesTr/BraTSMET_000595_0002.nii.gz,native_2026,keep_native_2026_suffix,accepted_for_training,True,False,False,False
BraTS-MET-00767-000,BraTS-MET-00767-000,BraTSMET_000595,BraTS-MET-00767-000,run_3104668,t2f,0003,/Users/hwaigc/比赛+课题/ECNU_EYU_data/work_space/G1/results/missing_t2w_completion/run_3104668/BraTS-MET-00767-000/BraTS-MET-00767-000-t2f.nii.gz,work_space/G2/results/synthetic_normalized/BraTS-MET-00767-000/BraTS-MET-00767-000-t2f.nii.gz,nnunet_raw/Dataset261_BraTS2026_MET_RealSynth/imagesTr/BraTSMET_000595_0003.nii.gz,native_2026,keep_native_2026_suffix,accepted_for_training,True,False,False,False
BraTS-MET-00767-000,BraTS-MET-00767-000,BraTSMET_000595,BraTS-MET-00767-000,run_3104668,seg,label,/Users/hwaigc/比赛+课题/ECNU_EYU_data/work_space/G1/results/missing_t2w_completion/run_3104668/BraTS-MET-00767-000/BraTS-MET-00767-000-seg.nii.gz,work_space/G2/results/synthetic_normalized/BraTS-MET-00767-000/BraTS-MET-00767-000-seg.nii.gz,nnunet_raw/Dataset261_BraTS2026_MET_RealSynth/labelsTr/BraTSMET_000595.nii.gz,native_2026,keep_native_2026_suffix,accepted_for_training,True,False,False,False
BraTS-MET-00768-000,BraTS-MET-00768-000,BraTSMET_000596,BraTS-MET-00768-000,run_3104668,t1n,0000,/Users/hwaigc/比赛+课题/ECNU_EYU_data/work_space/G1/results/missing_t2w_completion/run_3104668/BraTS-MET-00768-000/BraTS-MET-00768-000-t1n.nii.gz,work_space/G2/results/synthetic_normalized/BraTS-MET-00768-000/BraTS-MET-00768-000-t1n.nii.gz,nnunet_raw/Dataset261_BraTS2026_MET_RealSynth/imagesTr/BraTSMET_000596_0000.nii.gz,native_2026,keep_native_2026_suffix,accepted_for_training,True,False,False,False
BraTS-MET-00768-000,BraTS-MET-00768-000,BraTSMET_000596,BraTS-MET-00768-000,run_3104668,t1c,0001,/Users/hwaigc/比赛+课题/ECNU_EYU_data/work_space/G1/results/missing_t2w_completion/run_3104668/BraTS-MET-00768-000/BraTS-MET-00768-000-t1c.nii.gz,work_space/G2/results/synthetic_normalized/BraTS-MET-00768-000/BraTS-MET-00768-000-t1c.nii.gz,nnunet_raw/Dataset261_BraTS2026_MET_RealSynth/imagesTr/BraTSMET_000596_0001.nii.gz,native_2026,keep_native_2026_suffix,accepted_for_training,True,False,False,False
BraTS-MET-00768-000,BraTS-MET-00768-000,BraTSMET_000596,BraTS-MET-00768-000,run_3104668,t2w,0002,/Users/hwaigc/比赛+课题/ECNU_EYU_data/work_space/G1/results/missing_t2w_completion/run_3104668/BraTS-MET-00768-000/BraTS-MET-00768-000-t2w.nii.gz,work_space/G2/results/synthetic_normalized/BraTS-MET-00768-000/BraTS-MET-00768-000-t2w.nii.gz,nnunet_raw/Dataset261_BraTS2026_MET_RealSynth/imagesTr/BraTSMET_000596_0002.nii.gz,native_2026,keep_native_2026_suffix,accepted_for_training,True,False,False,False
BraTS-MET-00768-000,BraTS-MET-00768-000,BraTSMET_000596,BraTS-MET-00768-000,run_3104668,t2f,0003,/Users/hwaigc/比赛+课题/ECNU_EYU_data/work_space/G1/results/missing_t2w_completion/run_3104668/BraTS-MET-00768-000/BraTS-MET-00768-000-t2f.nii.gz,work_space/G2/results/synthetic_normalized/BraTS-MET-00768-000/BraTS-MET-00768-000-t2f.nii.gz,nnunet_raw/Dataset261_BraTS2026_MET_RealSynth/imagesTr/BraTSMET_000596_0003.nii.gz,native_2026,keep_native_2026_suffix,accepted_for_training,True,False,False,False
BraTS-MET-00768-000,BraTS-MET-00768-000,BraTSMET_000596,BraTS-MET-00768-000,run_3104668,seg,label,/Users/hwaigc/比赛+课题/ECNU_EYU_data/work_space/G1/results/missing_t2w_completion/run_3104668/BraTS-MET-00768-000/BraTS-MET-00768-000-seg.nii.gz,work_space/G2/results/synthetic_normalized/BraTS-MET-00768-000/BraTS-MET-00768-000-seg.nii.gz,nnunet_raw/Dataset261_BraTS2026_MET_RealSynth/labelsTr/BraTSMET_000596.nii.gz,native_2026,keep_native_2026_suffix,accepted_for_training,True,False,False,False
BraTS-MET-00769-000,BraTS-MET-00769-000,BraTSMET_000597,BraTS-MET-00769-000,run_3104668,t1n,0000,/Users/hwaigc/比赛+课题/ECNU_EYU_data/work_space/G1/results/missing_t2w_completion/run_3104668/BraTS-MET-00769-000/BraTS-MET-00769-000-t1n.nii.gz,work_space/G2/results/synthetic_normalized/BraTS-MET-00769-000/BraTS-MET-00769-000-t1n.nii.gz,nnunet_raw/Dataset261_BraTS2026_MET_RealSynth/imagesTr/BraTSMET_000597_0000.nii.gz,native_2026,keep_native_2026_suffix,accepted_for_training,True,False,False,False
BraTS-MET-00769-000,BraTS-MET-00769-000,BraTSMET_000597,BraTS-MET-00769-000,run_3104668,t1c,0001,/Users/hwaigc/比赛+课题/ECNU_EYU_data/work_space/G1/results/missing_t2w_completion/run_3104668/BraTS-MET-00769-000/BraTS-MET-00769-000-t1c.nii.gz,work_space/G2/results/synthetic_normalized/BraTS-MET-00769-000/BraTS-MET-00769-000-t1c.nii.gz,nnunet_raw/Dataset261_BraTS2026_MET_RealSynth/imagesTr/BraTSMET_000597_0001.nii.gz,native_2026,keep_native_2026_suffix,accepted_for_training,True,False,False,False
BraTS-MET-00769-000,BraTS-MET-00769-000,BraTSMET_000597,BraTS-MET-00769-000,run_3104668,t2w,0002,/Users/hwaigc/比赛+课题/ECNU_EYU_data/work_space/G1/results/missing_t2w_completion/run_3104668/BraTS-MET-00769-000/BraTS-MET-00769-000-t2w.nii.gz,work_space/G2/results/synthetic_normalized/BraTS-MET-00769-000/BraTS-MET-00769-000-t2w.nii.gz,nnunet_raw/Dataset261_BraTS2026_MET_RealSynth/imagesTr/BraTSMET_000597_0002.nii.gz,native_2026,keep_native_2026_suffix,accepted_for_training,True,False,False,False
BraTS-MET-00769-000,BraTS-MET-00769-000,BraTSMET_000597,BraTS-MET-00769-000,run_3104668,t2f,0003,/Users/hwaigc/比赛+课题/ECNU_EYU_data/work_space/G1/results/missing_t2w_completion/run_3104668/BraTS-MET-00769-000/BraTS-MET-00769-000-t2f.nii.gz,work_space/G2/results/synthetic_normalized/BraTS-MET-00769-000/BraTS-MET-00769-000-t2f.nii.gz,nnunet_raw/Dataset261_BraTS2026_MET_RealSynth/imagesTr/BraTSMET_000597_0003.nii.gz,native_2026,keep_native_2026_suffix,accepted_for_training,True,False,False,False
BraTS-MET-00769-000,BraTS-MET-00769-000,BraTSMET_000597,BraTS-MET-00769-000,run_3104668,seg,label,/Users/hwaigc/比赛+课题/ECNU_EYU_data/work_space/G1/results/missing_t2w_completion/run_3104668/BraTS-MET-00769-000/BraTS-MET-00769-000-seg.nii.gz,work_space/G2/results/synthetic_normalized/BraTS-MET-00769-000/BraTS-MET-00769-000-seg.nii.gz,nnunet_raw/Dataset261_BraTS2026_MET_RealSynth/labelsTr/BraTSMET_000597.nii.gz,native_2026,keep_native_2026_suffix,accepted_for_training,True,False,False,False
BraTS-MET-00770-000,BraTS-MET-00770-000,BraTSMET_000598,BraTS-MET-00770-000,run_3104668,t1n,0000,/Users/hwaigc/比赛+课题/ECNU_EYU_data/work_space/G1/results/missing_t2w_completion/run_3104668/BraTS-MET-00770-000/BraTS-MET-00770-000-t1n.nii.gz,work_space/G2/results/synthetic_normalized/BraTS-MET-00770-000/BraTS-MET-00770-000-t1n.nii.gz,nnunet_raw/Dataset261_BraTS2026_MET_RealSynth/imagesTr/BraTSMET_000598_0000.nii.gz,native_2026,keep_native_2026_suffix,accepted_for_training,True,False,False,False
BraTS-MET-00770-000,BraTS-MET-00770-000,BraTSMET_000598,BraTS-MET-00770-000,run_3104668,t1c,0001,/Users/hwaigc/比赛+课题/ECNU_EYU_data/work_space/G1/results/missing_t2w_completion/run_3104668/BraTS-MET-00770-000/BraTS-MET-00770-000-t1c.nii.gz,work_space/G2/results/synthetic_normalized/BraTS-MET-00770-000/BraTS-MET-00770-000-t1c.nii.gz,nnunet_raw/Dataset261_BraTS2026_MET_RealSynth/imagesTr/BraTSMET_000598_0001.nii.gz,native_2026,keep_native_2026_suffix,accepted_for_training,True,False,False,False
BraTS-MET-00770-000,BraTS-MET-00770-000,BraTSMET_000598,BraTS-MET-00770-000,run_3104668,t2w,0002,/Users/hwaigc/比赛+课题/ECNU_EYU_data/work_space/G1/results/missing_t2w_completion/run_3104668/BraTS-MET-00770-000/BraTS-MET-00770-000-t2w.nii.gz,work_space/G2/results/synthetic_normalized/BraTS-MET-00770-000/BraTS-MET-00770-000-t2w.nii.gz,nnunet_raw/Dataset261_BraTS2026_MET_RealSynth/imagesTr/BraTSMET_000598_0002.nii.gz,native_2026,keep_native_2026_suffix,accepted_for_training,True,False,False,False
BraTS-MET-00770-000,BraTS-MET-00770-000,BraTSMET_000598,BraTS-MET-00770-000,run_3104668,t2f,0003,/Users/hwaigc/比赛+课题/ECNU_EYU_data/work_space/G1/results/missing_t2w_completion/run_3104668/BraTS-MET-00770-000/BraTS-MET-00770-000-t2f.nii.gz,work_space/G2/results/synthetic_normalized/BraTS-MET-00770-000/BraTS-MET-00770-000-t2f.nii.gz,nnunet_raw/Dataset261_BraTS2026_MET_RealSynth/imagesTr/BraTSMET_000598_0003.nii.gz,native_2026,keep_native_2026_suffix,accepted_for_training,True,False,False,False
BraTS-MET-00770-000,BraTS-MET-00770-000,BraTSMET_000598,BraTS-MET-00770-000,run_3104668,seg,label,/Users/hwaigc/比赛+课题/ECNU_EYU_data/work_space/G1/results/missing_t2w_completion/run_3104668/BraTS-MET-00770-000/BraTS-MET-00770-000-seg.nii.gz,work_space/G2/results/synthetic_normalized/BraTS-MET-00770-000/BraTS-MET-00770-000-seg.nii.gz,nnunet_raw/Dataset261_BraTS2026_MET_RealSynth/labelsTr/BraTSMET_000598.nii.gz,native_2026,keep_native_2026_suffix,accepted_for_training,True,False,False,False
BraTS-MET-00771-000,BraTS-MET-00771-000,BraTSMET_000599,BraTS-MET-00771-000,run_3104668,t1n,0000,/Users/hwaigc/比赛+课题/ECNU_EYU_data/work_space/G1/results/missing_t2w_completion/run_3104668/BraTS-MET-00771-000/BraTS-MET-00771-000-t1n.nii.gz,work_space/G2/results/synthetic_normalized/BraTS-MET-00771-000/BraTS-MET-00771-000-t1n.nii.gz,nnunet_raw/Dataset261_BraTS2026_MET_RealSynth/imagesTr/BraTSMET_000599_0000.nii.gz,native_2026,keep_native_2026_suffix,accepted_for_training,True,False,False,False
BraTS-MET-00771-000,BraTS-MET-00771-000,BraTSMET_000599,BraTS-MET-00771-000,run_3104668,t1c,0001,/Users/hwaigc/比赛+课题/ECNU_EYU_data/work_space/G1/results/missing_t2w_completion/run_3104668/BraTS-MET-00771-000/BraTS-MET-00771-000-t1c.nii.gz,work_space/G2/results/synthetic_normalized/BraTS-MET-00771-000/BraTS-MET-00771-000-t1c.nii.gz,nnunet_raw/Dataset261_BraTS2026_MET_RealSynth/imagesTr/BraTSMET_000599_0001.nii.gz,native_2026,keep_native_2026_suffix,accepted_for_training,True,False,False,False
BraTS-MET-00771-000,BraTS-MET-00771-000,BraTSMET_000599,BraTS-MET-00771-000,run_3104668,t2w,0002,/Users/hwaigc/比赛+课题/ECNU_EYU_data/work_space/G1/results/missing_t2w_completion/run_3104668/BraTS-MET-00771-000/BraTS-MET-00771-000-t2w.nii.gz,work_space/G2/results/synthetic_normalized/BraTS-MET-00771-000/BraTS-MET-00771-000-t2w.nii.gz,nnunet_raw/Dataset261_BraTS2026_MET_RealSynth/imagesTr/BraTSMET_000599_0002.nii.gz,native_2026,keep_native_2026_suffix,accepted_for_training,True,False,False,False
BraTS-MET-00771-000,BraTS-MET-00771-000,BraTSMET_000599,BraTS-MET-00771-000,run_3104668,t2f,0003,/Users/hwaigc/比赛+课题/ECNU_EYU_data/work_space/G1/results/missing_t2w_completion/run_3104668/BraTS-MET-00771-000/BraTS-MET-00771-000-t2f.nii.gz,work_space/G2/results/synthetic_normalized/BraTS-MET-00771-000/BraTS-MET-00771-000-t2f.nii.gz,nnunet_raw/Dataset261_BraTS2026_MET_RealSynth/imagesTr/BraTSMET_000599_0003.nii.gz,native_2026,keep_native_2026_suffix,accepted_for_training,True,False,False,False
BraTS-MET-00771-000,BraTS-MET-00771-000,BraTSMET_000599,BraTS-MET-00771-000,run_3104668,seg,label,/Users/hwaigc/比赛+课题/ECNU_EYU_data/work_space/G1/results/missing_t2w_completion/run_3104668/BraTS-MET-00771-000/BraTS-MET-00771-000-seg.nii.gz,work_space/G2/results/synthetic_normalized/BraTS-MET-00771-000/BraTS-MET-00771-000-seg.nii.gz,nnunet_raw/Dataset261_BraTS2026_MET_RealSynth/labelsTr/BraTSMET_000599.nii.gz,native_2026,keep_native_2026_suffix,accepted_for_training,True,False,False,False
BraTS-MET-00772-000,BraTS-MET-00772-000,BraTSMET_000600,BraTS-MET-00772-000,run_3104668,t1n,0000,/Users/hwaigc/比赛+课题/ECNU_EYU_data/work_space/G1/results/missing_t2w_completion/run_3104668/BraTS-MET-00772-000/BraTS-MET-00772-000-t1n.nii.gz,work_space/G2/results/synthetic_normalized/BraTS-MET-00772-000/BraTS-MET-00772-000-t1n.nii.gz,nnunet_raw/Dataset261_BraTS2026_MET_RealSynth/imagesTr/BraTSMET_000600_0000.nii.gz,native_2026,keep_native_2026_suffix,accepted_for_training,True,False,False,False
BraTS-MET-00772-000,BraTS-MET-00772-000,BraTSMET_000600,BraTS-MET-00772-000,run_3104668,t1c,0001,/Users/hwaigc/比赛+课题/ECNU_EYU_data/work_space/G1/results/missing_t2w_completion/run_3104668/BraTS-MET-00772-000/BraTS-MET-00772-000-t1c.nii.gz,work_space/G2/results/synthetic_normalized/BraTS-MET-00772-000/BraTS-MET-00772-000-t1c.nii.gz,nnunet_raw/Dataset261_BraTS2026_MET_RealSynth/imagesTr/BraTSMET_000600_0001.nii.gz,native_2026,keep_native_2026_suffix,accepted_for_training,True,False,False,False
BraTS-MET-00772-000,BraTS-MET-00772-000,BraTSMET_000600,BraTS-MET-00772-000,run_3104668,t2w,0002,/Users/hwaigc/比赛+课题/ECNU_EYU_data/work_space/G1/results/missing_t2w_completion/run_3104668/BraTS-MET-00772-000/BraTS-MET-00772-000-t2w.nii.gz,work_space/G2/results/synthetic_normalized/BraTS-MET-00772-000/BraTS-MET-00772-000-t2w.nii.gz,nnunet_raw/Dataset261_BraTS2026_MET_RealSynth/imagesTr/BraTSMET_000600_0002.nii.gz,native_2026,keep_native_2026_suffix,accepted_for_training,True,False,False,False
BraTS-MET-00772-000,BraTS-MET-00772-000,BraTSMET_000600,BraTS-MET-00772-000,run_3104668,t2f,0003,/Users/hwaigc/比赛+课题/ECNU_EYU_data/work_space/G1/results/missing_t2w_completion/run_3104668/BraTS-MET-00772-000/BraTS-MET-00772-000-t2f.nii.gz,work_space/G2/results/synthetic_normalized/BraTS-MET-00772-000/BraTS-MET-00772-000-t2f.nii.gz,nnunet_raw/Dataset261_BraTS2026_MET_RealSynth/imagesTr/BraTSMET_000600_0003.nii.gz,native_2026,keep_native_2026_suffix,accepted_for_training,True,False,False,False
BraTS-MET-00772-000,BraTS-MET-00772-000,BraTSMET_000600,BraTS-MET-00772-000,run_3104668,seg,label,/Users/hwaigc/比赛+课题/ECNU_EYU_data/work_space/G1/results/missing_t2w_completion/run_3104668/BraTS-MET-00772-000/BraTS-MET-00772-000-seg.nii.gz,work_space/G2/results/synthetic_normalized/BraTS-MET-00772-000/BraTS-MET-00772-000-seg.nii.gz,nnunet_raw/Dataset261_BraTS2026_MET_RealSynth/labelsTr/BraTSMET_000600.nii.gz,native_2026,keep_native_2026_suffix,accepted_for_training,True,False,False,False
BraTS-MET-00773-000,BraTS-MET-00773-000,BraTSMET_000601,BraTS-MET-00773-000,run_3104668,t1n,0000,/Users/hwaigc/比赛+课题/ECNU_EYU_data/work_space/G1/results/missing_t2w_completion/run_3104668/BraTS-MET-00773-000/BraTS-MET-00773-000-t1n.nii.gz,work_space/G2/results/synthetic_normalized/BraTS-MET-00773-000/BraTS-MET-00773-000-t1n.nii.gz,nnunet_raw/Dataset261_BraTS2026_MET_RealSynth/imagesTr/BraTSMET_000601_0000.nii.gz,native_2026,keep_native_2026_suffix,accepted_for_training,True,False,False,False
BraTS-MET-00773-000,BraTS-MET-00773-000,BraTSMET_000601,BraTS-MET-00773-000,run_3104668,t1c,0001,/Users/hwaigc/比赛+课题/ECNU_EYU_data/work_space/G1/results/missing_t2w_completion/run_3104668/BraTS-MET-00773-000/BraTS-MET-00773-000-t1c.nii.gz,work_space/G2/results/synthetic_normalized/BraTS-MET-00773-000/BraTS-MET-00773-000-t1c.nii.gz,nnunet_raw/Dataset261_BraTS2026_MET_RealSynth/imagesTr/BraTSMET_000601_0001.nii.gz,native_2026,keep_native_2026_suffix,accepted_for_training,True,False,False,False
BraTS-MET-00773-000,BraTS-MET-00773-000,BraTSMET_000601,BraTS-MET-00773-000,run_3104668,t2w,0002,/Users/hwaigc/比赛+课题/ECNU_EYU_data/work_space/G1/results/missing_t2w_completion/run_3104668/BraTS-MET-00773-000/BraTS-MET-00773-000-t2w.nii.gz,work_space/G2/results/synthetic_normalized/BraTS-MET-00773-000/BraTS-MET-00773-000-t2w.nii.gz,nnunet_raw/Dataset261_BraTS2026_MET_RealSynth/imagesTr/BraTSMET_000601_0002.nii.gz,native_2026,keep_native_2026_suffix,accepted_for_training,True,False,False,False
BraTS-MET-00773-000,BraTS-MET-00773-000,BraTSMET_000601,BraTS-MET-00773-000,run_3104668,t2f,0003,/Users/hwaigc/比赛+课题/ECNU_EYU_data/work_space/G1/results/missing_t2w_completion/run_3104668/BraTS-MET-00773-000/BraTS-MET-00773-000-t2f.nii.gz,work_space/G2/results/synthetic_normalized/BraTS-MET-00773-000/BraTS-MET-00773-000-t2f.nii.gz,nnunet_raw/Dataset261_BraTS2026_MET_RealSynth/imagesTr/BraTSMET_000601_0003.nii.gz,native_2026,keep_native_2026_suffix,accepted_for_training,True,False,False,False
BraTS-MET-00773-000,BraTS-MET-00773-000,BraTSMET_000601,BraTS-MET-00773-000,run_3104668,seg,label,/Users/hwaigc/比赛+课题/ECNU_EYU_data/work_space/G1/results/missing_t2w_completion/run_3104668/BraTS-MET-00773-000/BraTS-MET-00773-000-seg.nii.gz,work_space/G2/results/synthetic_normalized/BraTS-MET-00773-000/BraTS-MET-00773-000-seg.nii.gz,nnunet_raw/Dataset261_BraTS2026_MET_RealSynth/labelsTr/BraTSMET_000601.nii.gz,native_2026,keep_native_2026_suffix,accepted_for_training,True,False,False,False
BraTS-MET-00773-001,BraTS-MET-00773-001,BraTSMET_000602,BraTS-MET-00773-001,run_3104668,t1n,0000,/Users/hwaigc/比赛+课题/ECNU_EYU_data/work_space/G1/results/missing_t2w_completion/run_3104668/BraTS-MET-00773-001/BraTS-MET-00773-001-t1n.nii.gz,work_space/G2/results/synthetic_normalized/BraTS-MET-00773-001/BraTS-MET-00773-001-t1n.nii.gz,nnunet_raw/Dataset261_BraTS2026_MET_RealSynth/imagesTr/BraTSMET_000602_0000.nii.gz,native_2026,keep_native_2026_suffix,accepted_for_training,True,False,False,False
BraTS-MET-00773-001,BraTS-MET-00773-001,BraTSMET_000602,BraTS-MET-00773-001,run_3104668,t1c,0001,/Users/hwaigc/比赛+课题/ECNU_EYU_data/work_space/G1/results/missing_t2w_completion/run_3104668/BraTS-MET-00773-001/BraTS-MET-00773-001-t1c.nii.gz,work_space/G2/results/synthetic_normalized/BraTS-MET-00773-001/BraTS-MET-00773-001-t1c.nii.gz,nnunet_raw/Dataset261_BraTS2026_MET_RealSynth/imagesTr/BraTSMET_000602_0001.nii.gz,native_2026,keep_native_2026_suffix,accepted_for_training,True,False,False,False
BraTS-MET-00773-001,BraTS-MET-00773-001,BraTSMET_000602,BraTS-MET-00773-001,run_3104668,t2w,0002,/Users/hwaigc/比赛+课题/ECNU_EYU_data/work_space/G1/results/missing_t2w_completion/run_3104668/BraTS-MET-00773-001/BraTS-MET-00773-001-t2w.nii.gz,work_space/G2/results/synthetic_normalized/BraTS-MET-00773-001/BraTS-MET-00773-001-t2w.nii.gz,nnunet_raw/Dataset261_BraTS2026_MET_RealSynth/imagesTr/BraTSMET_000602_0002.nii.gz,native_2026,keep_native_2026_suffix,accepted_for_training,True,False,False,False
BraTS-MET-00773-001,BraTS-MET-00773-001,BraTSMET_000602,BraTS-MET-00773-001,run_3104668,t2f,0003,/Users/hwaigc/比赛+课题/ECNU_EYU_data/work_space/G1/results/missing_t2w_completion/run_3104668/BraTS-MET-00773-001/BraTS-MET-00773-001-t2f.nii.gz,work_space/G2/results/synthetic_normalized/BraTS-MET-00773-001/BraTS-MET-00773-001-t2f.nii.gz,nnunet_raw/Dataset261_BraTS2026_MET_RealSynth/imagesTr/BraTSMET_000602_0003.nii.gz,native_2026,keep_native_2026_suffix,accepted_for_training,True,False,False,False
BraTS-MET-00773-001,BraTS-MET-00773-001,BraTSMET_000602,BraTS-MET-00773-001,run_3104668,seg,label,/Users/hwaigc/比赛+课题/ECNU_EYU_data/work_space/G1/results/missing_t2w_completion/run_3104668/BraTS-MET-00773-001/BraTS-MET-00773-001-seg.nii.gz,work_space/G2/results/synthetic_normalized/BraTS-MET-00773-001/BraTS-MET-00773-001-seg.nii.gz,nnunet_raw/Dataset261_BraTS2026_MET_RealSynth/labelsTr/BraTSMET_000602.nii.gz,native_2026,keep_native_2026_suffix,accepted_for_training,True,False,False,False
BraTS-MET-00774-001,BraTS-MET-00774-001,BraTSMET_000604,BraTS-MET-00774-001,run_3104668,t1n,0000,/Users/hwaigc/比赛+课题/ECNU_EYU_data/work_space/G1/results/missing_t2w_completion/run_3104668/BraTS-MET-00774-001/BraTS-MET-00774-001-t1n.nii.gz,work_space/G2/results/synthetic_normalized/BraTS-MET-00774-001/BraTS-MET-00774-001-t1n.nii.gz,nnunet_raw/Dataset261_BraTS2026_MET_RealSynth/imagesTr/BraTSMET_000604_0000.nii.gz,native_2026,keep_native_2026_suffix,accepted_for_training,True,False,False,False
BraTS-MET-00774-001,BraTS-MET-00774-001,BraTSMET_000604,BraTS-MET-00774-001,run_3104668,t1c,0001,/Users/hwaigc/比赛+课题/ECNU_EYU_data/work_space/G1/results/missing_t2w_completion/run_3104668/BraTS-MET-00774-001/BraTS-MET-00774-001-t1c.nii.gz,work_space/G2/results/synthetic_normalized/BraTS-MET-00774-001/BraTS-MET-00774-001-t1c.nii.gz,nnunet_raw/Dataset261_BraTS2026_MET_RealSynth/imagesTr/BraTSMET_000604_0001.nii.gz,native_2026,keep_native_2026_suffix,accepted_for_training,True,False,False,False
BraTS-MET-00774-001,BraTS-MET-00774-001,BraTSMET_000604,BraTS-MET-00774-001,run_3104668,t2w,0002,/Users/hwaigc/比赛+课题/ECNU_EYU_data/work_space/G1/results/missing_t2w_completion/run_3104668/BraTS-MET-00774-001/BraTS-MET-00774-001-t2w.nii.gz,work_space/G2/results/synthetic_normalized/BraTS-MET-00774-001/BraTS-MET-00774-001-t2w.nii.gz,nnunet_raw/Dataset261_BraTS2026_MET_RealSynth/imagesTr/BraTSMET_000604_0002.nii.gz,native_2026,keep_native_2026_suffix,accepted_for_training,True,False,False,False
BraTS-MET-00774-001,BraTS-MET-00774-001,BraTSMET_000604,BraTS-MET-00774-001,run_3104668,t2f,0003,/Users/hwaigc/比赛+课题/ECNU_EYU_data/work_space/G1/results/missing_t2w_completion/run_3104668/BraTS-MET-00774-001/BraTS-MET-00774-001-t2f.nii.gz,work_space/G2/results/synthetic_normalized/BraTS-MET-00774-001/BraTS-MET-00774-001-t2f.nii.gz,nnunet_raw/Dataset261_BraTS2026_MET_RealSynth/imagesTr/BraTSMET_000604_0003.nii.gz,native_2026,keep_native_2026_suffix,accepted_for_training,True,False,False,False
BraTS-MET-00774-001,BraTS-MET-00774-001,BraTSMET_000604,BraTS-MET-00774-001,run_3104668,seg,label,/Users/hwaigc/比赛+课题/ECNU_EYU_data/work_space/G1/results/missing_t2w_completion/run_3104668/BraTS-MET-00774-001/BraTS-MET-00774-001-seg.nii.gz,work_space/G2/results/synthetic_normalized/BraTS-MET-00774-001/BraTS-MET-00774-001-seg.nii.gz,nnunet_raw/Dataset261_BraTS2026_MET_RealSynth/labelsTr/BraTSMET_000604.nii.gz,native_2026,keep_native_2026_suffix,accepted_for_training,True,False,False,False
BraTS-MET-00775-000,BraTS-MET-00775-000,BraTSMET_000605,BraTS-MET-00775-000,run_3104668,t1n,0000,/Users/hwaigc/比赛+课题/ECNU_EYU_data/work_space/G1/results/missing_t2w_completion/run_3104668/BraTS-MET-00775-000/BraTS-MET-00775-000-t1n.nii.gz,work_space/G2/results/synthetic_normalized/BraTS-MET-00775-000/BraTS-MET-00775-000-t1n.nii.gz,nnunet_raw/Dataset261_BraTS2026_MET_RealSynth/imagesTr/BraTSMET_000605_0000.nii.gz,native_2026,keep_native_2026_suffix,accepted_for_training,True,False,False,False
BraTS-MET-00775-000,BraTS-MET-00775-000,BraTSMET_000605,BraTS-MET-00775-000,run_3104668,t1c,0001,/Users/hwaigc/比赛+课题/ECNU_EYU_data/work_space/G1/results/missing_t2w_completion/run_3104668/BraTS-MET-00775-000/BraTS-MET-00775-000-t1c.nii.gz,work_space/G2/results/synthetic_normalized/BraTS-MET-00775-000/BraTS-MET-00775-000-t1c.nii.gz,nnunet_raw/Dataset261_BraTS2026_MET_RealSynth/imagesTr/BraTSMET_000605_0001.nii.gz,native_2026,keep_native_2026_suffix,accepted_for_training,True,False,False,False
BraTS-MET-00775-000,BraTS-MET-00775-000,BraTSMET_000605,BraTS-MET-00775-000,run_3104668,t2w,0002,/Users/hwaigc/比赛+课题/ECNU_EYU_data/work_space/G1/results/missing_t2w_completion/run_3104668/BraTS-MET-00775-000/BraTS-MET-00775-000-t2w.nii.gz,work_space/G2/results/synthetic_normalized/BraTS-MET-00775-000/BraTS-MET-00775-000-t2w.nii.gz,nnunet_raw/Dataset261_BraTS2026_MET_RealSynth/imagesTr/BraTSMET_000605_0002.nii.gz,native_2026,keep_native_2026_suffix,accepted_for_training,True,False,False,False
BraTS-MET-00775-000,BraTS-MET-00775-000,BraTSMET_000605,BraTS-MET-00775-000,run_3104668,t2f,0003,/Users/hwaigc/比赛+课题/ECNU_EYU_data/work_space/G1/results/missing_t2w_completion/run_3104668/BraTS-MET-00775-000/BraTS-MET-00775-000-t2f.nii.gz,work_space/G2/results/synthetic_normalized/BraTS-MET-00775-000/BraTS-MET-00775-000-t2f.nii.gz,nnunet_raw/Dataset261_BraTS2026_MET_RealSynth/imagesTr/BraTSMET_000605_0003.nii.gz,native_2026,keep_native_2026_suffix,accepted_for_training,True,False,False,False
BraTS-MET-00775-000,BraTS-MET-00775-000,BraTSMET_000605,BraTS-MET-00775-000,run_3104668,seg,label,/Users/hwaigc/比赛+课题/ECNU_EYU_data/work_space/G1/results/missing_t2w_completion/run_3104668/BraTS-MET-00775-000/BraTS-MET-00775-000-seg.nii.gz,work_space/G2/results/synthetic_normalized/BraTS-MET-00775-000/BraTS-MET-00775-000-seg.nii.gz,nnunet_raw/Dataset261_BraTS2026_MET_RealSynth/labelsTr/BraTSMET_000605.nii.gz,native_2026,keep_native_2026_suffix,accepted_for_training,True,False,False,False
