{
  "per_case": {
    "t1ce": {
      "00000-000": {
        "mse": 0.40904200077056885,
        "mae": 0.519402027130127,
        "psnr": 9.902999877929688,
        "ssim": 0.0178
      },
      "00000-001": {
        "mse": 0.40379801392555237,
        "mae": 0.5171359777450562,
        "psnr": 9.958999633789062,
        "ssim": 0.0179
      }
    }
  },
  "summary": {
    "t1ce": {
      "mse": 0.4064,
      "mae": 0.5183,
      "psnr": 9.9309,
      "ssim": 0.0179,
      "mse_std": 0.0026,
      "mae_std": 0.0011,
      "psnr_std": 0.028,
      "ssim_std": 0.0001
    }
  }
}