synthetic_raw_id,synthetic_final_id,source_case_id,generation_run_id,generator_name,generator_checkpoint,modality,label_kind,label_channels,rc_policy,noise_type,sampling_method,sampling_steps,eta,crop_size,seed,roi_bbox_available,roi_x_min,roi_x_max,roi_y_min,roi_y_max,roi_z_min,roi_z_max,roi_volume_voxels,lesion_voxels_in_roi,lesion_inside_roi_ratio,nonroi_change_ratio,protected_source_change_ratio,source_seg_change_ratio,brain_mask_overlap_ratio,roi_boundary_mae,roi_boundary_gradient_jump,roi_boundary_p95_jump,z_continuity_score,z_area_smoothness,z_intensity_smoothness,intensity_drift_p1,intensity_drift_p50,intensity_drift_p99,artifact_block_score,et_t1c_contrast_ratio,snfh_t2f_contrast_ratio,snfh_t2w_contrast_ratio,cross_modality_roi_corr,label_modality_alignment_score,source_synth_roi_ssim,label_source_seg_dice,teacher_model,teacher_lesion_count_diff,manual_visual_score,quality_grade,diffusion_quality_decision,diffusion_quality_reason
BraTS-MET-00554-000,BraTS-MET-00554-000,BraTS-MET-00554-000,run_3104668,g1_missing_t2w_v3,/public/home/zqchen/projects/ECNU_EYU_data/work_space/G1/code/brats2025-latent-ensemble-synthesis-main-v3/training/bbdm/bbdm_3056245/check_points/model_111105.pt,multi_modal,completion,0,,,,,,,42,True,145,169,156,177,51,67,8064,26728,1.0,,0.0,0.0,1.0,,,,0.906740128993988,0.8573099374771118,0.9561703205108643,,,,,2.040588140487671,0.8657841682434082,0.8812317252159119,-0.15595986675675402,1.2625346779823303,,0.2914855535668627,not_run,,,A,accepted_for_training,
BraTS-MET-00555-000,BraTS-MET-00555-000,BraTS-MET-00555-000,run_3104668,g1_missing_t2w_v3,/public/home/zqchen/projects/ECNU_EYU_data/work_space/G1/code/brats2025-latent-ensemble-synthesis-main-v3/training/bbdm/bbdm_3056245/check_points/model_111105.pt,multi_modal,completion,0,,,,,,,42,True,175,276,122,179,26,61,201495,28030,1.0,,0.0,0.0,1.0,,,,0.676641196012497,0.4101504683494568,0.9431319236755371,,,,,1.3414064645767212,1.3171947002410889,1.1388916969299316,0.16940037032647728,1.2658309539159138,,0.1062730128703172,not_run,,,A,accepted_for_training,
BraTS-MET-00556-000,BraTS-MET-00556-000,BraTS-MET-00556-000,run_3104668,g1_missing_t2w_v3,/public/home/zqchen/projects/ECNU_EYU_data/work_space/G1/code/brats2025-latent-ensemble-synthesis-main-v3/training/bbdm/bbdm_3056245/check_points/model_111105.pt,multi_modal,completion,0,,,,,,,42,True,52,202,55,142,35,75,522000,28094,1.0,,0.0,0.0,1.0,,,,0.8919868767261505,0.8287169337272644,0.9552568197250366,,,,,1.9250706434249878,1.1460932493209839,1.0827373266220093,-0.14486255249578842,1.384633739789327,,0.5797123429640302,not_run,,,A,accepted_for_training,
BraTS-MET-00558-000,BraTS-MET-00558-000,BraTS-MET-00558-000,run_3104668,g1_missing_t2w_v3,/public/home/zqchen/projects/ECNU_EYU_data/work_space/G1/code/brats2025-latent-ensemble-synthesis-main-v3/training/bbdm/bbdm_3056245/check_points/model_111105.pt,multi_modal,completion,0,,,,,,,42,True,140,146,207,214,34,37,126,56,1.0,,0.0,0.0,1.0,,,,0.43512487411499023,0.16964280605316162,0.7006069421768188,,,,,1.582714319229126,,,0.14733059739324345,1.582714319229126,,1.0,not_run,,,A,accepted_for_evaluation,
BraTS-MET-00559-000,BraTS-MET-00559-000,BraTS-MET-00559-000,run_3104668,g1_missing_t2w_v3,/public/home/zqchen/projects/ECNU_EYU_data/work_space/G1/code/brats2025-latent-ensemble-synthesis-main-v3/training/bbdm/bbdm_3056245/check_points/model_111105.pt,multi_modal,completion,0,,,,,,,42,True,102,158,55,169,22,105,529872,1543,1.0,,0.0,0.0,1.0,,,,0.7955558896064758,0.6559378504753113,0.9351739287376404,,,,,1.3282774686813354,1.042267084121704,0.989389955997467,0.013344305836649353,1.119978169600169,,0.737315875613748,not_run,,,A,accepted_for_evaluation,
BraTS-MET-00559-001,BraTS-MET-00559-001,BraTS-MET-00559-001,run_3104668,g1_missing_t2w_v3,/public/home/zqchen/projects/ECNU_EYU_data/work_space/G1/code/brats2025-latent-ensemble-synthesis-main-v3/training/bbdm/bbdm_3056245/check_points/model_111105.pt,multi_modal,completion,0,,,,,,,42,True,89,168,71,174,18,97,642823,240,1.0,,0.0,0.0,1.0,,,,0.7197493314743042,0.6088888645172119,0.8306097984313965,,,,,1.2358620166778564,1.0858978033065796,0.9986637234687805,-0.14526349732920682,1.1068078478177388,,0.6666666666666666,not_run,,,A,accepted_for_evaluation,
BraTS-MET-00559-003,BraTS-MET-00559-003,BraTS-MET-00559-003,run_3104668,g1_missing_t2w_v3,/public/home/zqchen/projects/ECNU_EYU_data/work_space/G1/code/brats2025-latent-ensemble-synthesis-main-v3/training/bbdm/bbdm_3056245/check_points/model_111105.pt,multi_modal,completion,0,,,,,,,42,True,95,151,103,177,74,95,87024,122,1.0,,0.0,0.0,1.0,,,,0.8043852746486664,0.7561904788017273,0.8525800704956055,,,,,1.2607771158218384,1.1704440116882324,1.0043468475341797,-0.06163445258741732,1.1451893250147502,,0.7614213197969543,not_run,,,A,accepted_for_evaluation,
BraTS-MET-00559-004,BraTS-MET-00559-004,BraTS-MET-00559-004,run_3104668,g1_missing_t2w_v3,/public/home/zqchen/projects/ECNU_EYU_data/work_space/G1/code/brats2025-latent-ensemble-synthesis-main-v3/training/bbdm/bbdm_3056245/check_points/model_111105.pt,multi_modal,completion,0,,,,,,,42,True,93,162,61,175,16,95,621414,937,1.0,,0.0,0.0,1.0,,,,0.7624300420284271,0.634809136390686,0.8900509476661682,,,,,1.2918471097946167,1.1030389070510864,0.9998489022254944,-0.07409528880213215,1.131578306357066,,0.5909774436090226,not_run,,,A,accepted_for_evaluation,
BraTS-MET-00560-000,BraTS-MET-00560-000,BraTS-MET-00560-000,run_3104668,g1_missing_t2w_v3,/public/home/zqchen/projects/ECNU_EYU_data/work_space/G1/code/brats2025-latent-ensemble-synthesis-main-v3/training/bbdm/bbdm_3056245/check_points/model_111105.pt,multi_modal,completion,0,,,,,,,42,True,93,172,60,168,57,88,264492,88827,1.0,,0.0,0.0,1.0,,,,0.9157921075820923,0.8736696243286133,0.9579145908355713,,,,,1.6465284824371338,0.987281084060669,0.9890359044075012,-0.018338737404930472,1.2076151569684346,,0.2043724794566239,not_run,,,A,accepted_for_training,
BraTS-MET-00561-000,BraTS-MET-00561-000,BraTS-MET-00561-000,run_3104668,g1_missing_t2w_v3,/public/home/zqchen/projects/ECNU_EYU_data/work_space/G1/code/brats2025-latent-ensemble-synthesis-main-v3/training/bbdm/bbdm_3056245/check_points/model_111105.pt,multi_modal,completion,0,,,,,,,42,True,81,202,34,139,35,84,622545,34870,1.0,,0.0,0.0,1.0,,,,0.8623035252094269,0.7821241617202759,0.9424828886985779,,,,,1.6308242082595825,1.135224461555481,1.1178343296051025,-0.00023446595477018736,1.2946276664733887,,0.2956572741269337,not_run,,,A,accepted_for_training,
BraTS-MET-00561-001,BraTS-MET-00561-001,BraTS-MET-00561-001,run_3104668,g1_missing_t2w_v3,/public/home/zqchen/projects/ECNU_EYU_data/work_space/G1/code/brats2025-latent-ensemble-synthesis-main-v3/training/bbdm/bbdm_3056245/check_points/model_111105.pt,multi_modal,completion,0,,,,,,,42,True,60,198,39,214,40,111,1714650,10724,1.0,,0.0,0.0,1.0,,,,0.822189062833786,0.7162676453590393,0.9281104803085327,,,,,1.431092381477356,1.0564844608306885,1.0174214839935303,-0.020552094758010713,1.1683327754338582,,0.6604209605895947,not_run,,,A,accepted_for_training,
BraTS-MET-00561-002,BraTS-MET-00561-002,BraTS-MET-00561-002,run_3104668,g1_missing_t2w_v3,/public/home/zqchen/projects/ECNU_EYU_data/work_space/G1/code/brats2025-latent-ensemble-synthesis-main-v3/training/bbdm/bbdm_3056245/check_points/model_111105.pt,multi_modal,completion,0,,,,,,,42,True,96,197,41,133,14,76,576104,25762,1.0,,0.0,0.0,1.0,,,,0.8662478625774384,0.8077858686447144,0.9247098565101624,,,,,2.060316562652588,0.9499014616012573,0.9642074108123779,0.03037746244458987,1.3248084783554077,,0.336218031516404,not_run,,,A,accepted_for_training,
BraTS-MET-00562-000,BraTS-MET-00562-000,BraTS-MET-00562-000,run_3104668,g1_missing_t2w_v3,/public/home/zqchen/projects/ECNU_EYU_data/work_space/G1/code/brats2025-latent-ensemble-synthesis-main-v3/training/bbdm/bbdm_3056245/check_points/model_111105.pt,multi_modal,completion,0,,,,,,,42,True,157,249,102,226,24,61,422096,17451,1.0,,0.0,0.0,1.0,,,,0.8183966875076294,0.7100591659545898,0.926734209060669,,,,,1.887171983718872,0.9449949264526367,0.9672174453735352,-0.10404823471209847,1.266461451848348,,0.26608375974961496,not_run,,,A,accepted_for_training,
BraTS-MET-00563-000,BraTS-MET-00563-000,BraTS-MET-00563-000,run_3104668,g1_missing_t2w_v3,/public/home/zqchen/projects/ECNU_EYU_data/work_space/G1/code/brats2025-latent-ensemble-synthesis-main-v3/training/bbdm/bbdm_3056245/check_points/model_111105.pt,multi_modal,completion,0,,,,,,,42,True,105,114,91,99,8,16,576,430,1.0,,0.0,0.0,1.0,,,,0.7219716310501099,0.5733333230018616,0.8706099390983582,,,,,1.248903751373291,1.1296312808990479,1.1152476072311401,0.3936493897381416,1.1645942131678264,,0.6870229007633588,not_run,,,A,accepted_for_training,
BraTS-MET-00564-000,BraTS-MET-00564-000,BraTS-MET-00564-000,run_3104668,g1_missing_t2w_v3,/public/home/zqchen/projects/ECNU_EYU_data/work_space/G1/code/brats2025-latent-ensemble-synthesis-main-v3/training/bbdm/bbdm_3056245/check_points/model_111105.pt,multi_modal,completion,0,,,,,,,42,True,90,174,63,185,17,86,707112,1058,1.0,,0.0,0.0,1.0,,,,0.6778343319892883,0.5060162544250488,0.8496524095535278,,,,,1.21567964553833,1.165933609008789,1.0852590799331665,0.14970428947215705,1.1556241114934285,,0.3246239113222486,not_run,,,A,accepted_for_training,
BraTS-MET-00565-000,BraTS-MET-00565-000,BraTS-MET-00565-000,run_3104668,g1_missing_t2w_v3,/public/home/zqchen/projects/ECNU_EYU_data/work_space/G1/code/brats2025-latent-ensemble-synthesis-main-v3/training/bbdm/bbdm_3056245/check_points/model_111105.pt,multi_modal,completion,0,,,,,,,42,True,126,145,173,189,63,78,4560,4163,1.0,,0.0,0.0,1.0,,,,0.8716054856777191,0.7745088934898376,0.9687020778656006,,,,,1.6163219213485718,1.36854887008667,1.0822250843048096,0.16522821378605734,1.3556986252466838,,0.5423669467787114,not_run,,,A,accepted_for_training,
BraTS-MET-00566-000,BraTS-MET-00566-000,BraTS-MET-00566-000,run_3104668,g1_missing_t2w_v3,/public/home/zqchen/projects/ECNU_EYU_data/work_space/G1/code/brats2025-latent-ensemble-synthesis-main-v3/training/bbdm/bbdm_3056245/check_points/model_111105.pt,multi_modal,completion,0,,,,,,,42,True,69,181,54,175,20,83,853776,11182,1.0,,0.0,0.0,1.0,,,,0.7308479845523834,0.5855631828308105,0.8761327862739563,,,,,2.0333244800567627,1.046791434288025,1.024936318397522,0.04615450764609912,1.3683507442474365,,0.25130971929001483,not_run,,,A,accepted_for_evaluation,
BraTS-MET-00567-000,BraTS-MET-00567-000,BraTS-MET-00567-000,run_3104668,g1_missing_t2w_v3,/public/home/zqchen/projects/ECNU_EYU_data/work_space/G1/code/brats2025-latent-ensemble-synthesis-main-v3/training/bbdm/bbdm_3056245/check_points/model_111105.pt,multi_modal,completion,0,,,,,,,42,True,71,212,69,237,47,78,734328,147,1.0,,0.0,0.0,1.0,,,,0.6000377833843231,0.42602044343948364,0.7740551233291626,,,,,1.2858678102493286,,,0.10649806143645413,1.2858678102493286,,1.0,not_run,,,A,accepted_for_training,
BraTS-MET-00568-000,BraTS-MET-00568-000,BraTS-MET-00568-000,run_3104668,g1_missing_t2w_v3,/public/home/zqchen/projects/ECNU_EYU_data/work_space/G1/code/brats2025-latent-ensemble-synthesis-main-v3/training/bbdm/bbdm_3056245/check_points/model_111105.pt,multi_modal,completion,0,,,,,,,42,True,147,268,115,249,15,71,907984,23984,1.0,,0.0,0.0,1.0,,,,0.7489978671073914,0.552267849445343,0.9457278847694397,,,,,2.1568851470947266,1.4470642805099487,1.2972338199615479,0.5150834878058109,1.633727749188741,,0.20921376838647054,not_run,,,A,accepted_for_training,
BraTS-MET-00568-001,BraTS-MET-00568-001,BraTS-MET-00568-001,run_3104668,g1_missing_t2w_v3,/public/home/zqchen/projects/ECNU_EYU_data/work_space/G1/code/brats2025-latent-ensemble-synthesis-main-v3/training/bbdm/bbdm_3056245/check_points/model_111105.pt,multi_modal,completion,0,,,,,,,42,True,133,274,111,257,18,70,1070472,28352,1.0,,0.0,0.0,1.0,,,,0.8012460470199585,0.649158239364624,0.953333854675293,,,,,2.1518025398254395,1.313035011291504,1.264367699623108,0.29410046910812637,1.5764017502466838,,0.34778554778554777,not_run,,,A,accepted_for_training,
BraTS-MET-00569-000,BraTS-MET-00569-000,BraTS-MET-00569-000,run_3104668,g1_missing_t2w_v3,/public/home/zqchen/projects/ECNU_EYU_data/work_space/G1/code/brats2025-latent-ensemble-synthesis-main-v3/training/bbdm/bbdm_3056245/check_points/model_111105.pt,multi_modal,completion,0,,,,,,,42,True,92,190,70,181,23,84,663558,2313,1.0,,0.0,0.0,1.0,,,,0.7458425760269165,0.5791733264923096,0.9125118255615234,,,,,1.4110338687896729,1.0653589963912964,1.0913312435150146,-0.03340589884580022,1.1892413695653279,,0.47928994082840237,not_run,,,A,accepted_for_training,
BraTS-MET-00569-001,BraTS-MET-00569-001,BraTS-MET-00569-001,run_3104668,g1_missing_t2w_v3,/public/home/zqchen/projects/ECNU_EYU_data/work_space/G1/code/brats2025-latent-ensemble-synthesis-main-v3/training/bbdm/bbdm_3056245/check_points/model_111105.pt,multi_modal,completion,0,,,,,,,42,True,75,183,34,164,37,101,898560,2182,1.0,,0.0,0.0,1.0,,,,0.6963034570217133,0.5445265173912048,0.8480803966522217,,,,,1.5113301277160645,1.1005603075027466,1.0423015356063843,-0.1235187103060309,1.2180639902750652,,0.5121036481418343,not_run,,,A,accepted_for_training,
BraTS-MET-00570-000,BraTS-MET-00570-000,BraTS-MET-00570-000,run_3104668,g1_missing_t2w_v3,/public/home/zqchen/projects/ECNU_EYU_data/work_space/G1/code/brats2025-latent-ensemble-synthesis-main-v3/training/bbdm/bbdm_3056245/check_points/model_111105.pt,multi_modal,completion,0,,,,,,,42,True,75,89,61,76,24,32,1680,15659,1.0,,0.0,0.0,1.0,,,,0.7655127048492432,0.6685159206390381,0.8625094890594482,,,,,2.1771023273468018,0.9097892642021179,0.8957101106643677,0.21002578589937762,1.3275339007377625,,0.09998179942971547,not_run,,,A,accepted_for_training,
BraTS-MET-00571-000,BraTS-MET-00571-000,BraTS-MET-00571-000,run_3104668,g1_missing_t2w_v3,/public/home/zqchen/projects/ECNU_EYU_data/work_space/G1/code/brats2025-latent-ensemble-synthesis-main-v3/training/bbdm/bbdm_3056245/check_points/model_111105.pt,multi_modal,completion,0,,,,,,,42,True,76,203,67,104,34,53,89281,995,1.0,,0.0,0.0,1.0,,,,0.7078849673271179,0.5482063293457031,0.8675636053085327,,,,,1.5191566944122314,1.240138292312622,1.3105849027633667,-0.11654008753631694,1.3566266298294067,,0.8040865384615384,not_run,,,A,accepted_for_training,
BraTS-MET-00573-000,BraTS-MET-00573-000,BraTS-MET-00573-000,run_3104668,g1_missing_t2w_v3,/public/home/zqchen/projects/ECNU_EYU_data/work_space/G1/code/brats2025-latent-ensemble-synthesis-main-v3/training/bbdm/bbdm_3056245/check_points/model_111105.pt,multi_modal,completion,0,,,,,,,42,True,228,234,137,142,22,24,60,38,1.0,,0.0,0.0,1.0,,,,0.6919644474983215,0.8947368264198303,0.48919206857681274,,,,,1.3145588636398315,,,0.24783413961479098,1.3145588636398315,,1.0,not_run,,,A,accepted_for_training,
BraTS-MET-00574-000,BraTS-MET-00574-000,BraTS-MET-00574-000,run_3104668,g1_missing_t2w_v3,/public/home/zqchen/projects/ECNU_EYU_data/work_space/G1/code/brats2025-latent-ensemble-synthesis-main-v3/training/bbdm/bbdm_3056245/check_points/model_111105.pt,multi_modal,completion,0,,,,,,,42,True,57,163,62,142,66,109,364640,285,1.0,,0.0,0.0,1.0,,,,0.7915686070919037,0.6578512191772461,0.9252859950065613,,,,,1.4539815187454224,1.0887619256973267,1.0154601335525513,0.09234805396279082,1.1860678593317668,,0.8712871287128713,not_run,,,A,accepted_for_training,
BraTS-MET-00575-000,BraTS-MET-00575-000,BraTS-MET-00575-000,run_3104668,g1_missing_t2w_v3,/public/home/zqchen/projects/ECNU_EYU_data/work_space/G1/code/brats2025-latent-ensemble-synthesis-main-v3/training/bbdm/bbdm_3056245/check_points/model_111105.pt,multi_modal,completion,0,,,,,,,42,True,208,223,90,300,52,58,18900,571,1.0,,0.0,0.0,1.0,,,,0.74528968334198,0.5733800530433655,0.9171993136405945,,,,,1.349605917930603,,,-0.0941273318318681,1.349605917930603,,1.0,not_run,,,A,accepted_for_training,
BraTS-MET-00576-000,BraTS-MET-00576-000,BraTS-MET-00576-000,run_3104668,g1_missing_t2w_v3,/public/home/zqchen/projects/ECNU_EYU_data/work_space/G1/code/brats2025-latent-ensemble-synthesis-main-v3/training/bbdm/bbdm_3056245/check_points/model_111105.pt,multi_modal,completion,0,,,,,,,42,True,81,228,56,202,40,74,729708,825,1.0,,0.0,0.0,1.0,,,,0.6992916464805603,0.5037432909011841,0.8948400020599365,,,,,1.455857276916504,1.1827201843261719,1.0962066650390625,0.09394954281703516,1.2449280420939128,,0.75,not_run,,,A,accepted_for_evaluation,
BraTS-MET-00577-000,BraTS-MET-00577-000,BraTS-MET-00577-000,run_3104668,g1_missing_t2w_v3,/public/home/zqchen/projects/ECNU_EYU_data/work_space/G1/code/brats2025-latent-ensemble-synthesis-main-v3/training/bbdm/bbdm_3056245/check_points/model_111105.pt,multi_modal,completion,0,,,,,,,42,True,82,131,77,187,37,56,102410,636,1.0,,0.0,0.0,1.0,,,,0.7576442658901215,0.6064978837966919,0.908790647983551,,,,,1.2358644008636475,1.2265760898590088,1.0658665895462036,-0.0038517134182192805,1.1761023600896199,,0.9417637271214643,not_run,,,A,accepted_for_evaluation,
BraTS-MET-00577-002,BraTS-MET-00577-002,BraTS-MET-00577-002,run_3104668,g1_missing_t2w_v3,/public/home/zqchen/projects/ECNU_EYU_data/work_space/G1/code/brats2025-latent-ensemble-synthesis-main-v3/training/bbdm/bbdm_3056245/check_points/model_111105.pt,multi_modal,completion,0,,,,,,,42,True,87,149,65,243,44,57,143468,5248,1.0,,0.0,0.0,1.0,,,,0.564938873052597,0.26205289363861084,0.8678248524665833,,,,,1.7739194631576538,0.9876537919044495,1.047066330909729,0.07341928196410899,1.2695465286572774,,0.2182991003225259,not_run,,,A,accepted_for_evaluation,
BraTS-MET-00578-000,BraTS-MET-00578-000,BraTS-MET-00578-000,run_3104668,g1_missing_t2w_v3,/public/home/zqchen/projects/ECNU_EYU_data/work_space/G1/code/brats2025-latent-ensemble-synthesis-main-v3/training/bbdm/bbdm_3056245/check_points/model_111105.pt,multi_modal,completion,0,,,,,,,42,True,77,161,58,176,50,98,475776,1234,1.0,,0.0,0.0,1.0,,,,0.7160866856575012,0.6074379682540894,0.8247354030609131,,,,,1.6442493200302124,1.0718072652816772,1.0185277462005615,-0.11670977599942202,1.2448614438374836,,0.4546023794614903,not_run,,,A,accepted_for_training,
BraTS-MET-00579-000,BraTS-MET-00579-000,BraTS-MET-00579-000,run_3104668,g1_missing_t2w_v3,/public/home/zqchen/projects/ECNU_EYU_data/work_space/G1/code/brats2025-latent-ensemble-synthesis-main-v3/training/bbdm/bbdm_3056245/check_points/model_111105.pt,multi_modal,completion,0,,,,,,,42,True,75,174,65,182,13,90,891891,20370,1.0,,0.0,0.0,1.0,,,,0.8896515965461731,0.8226897716522217,0.9566134214401245,,,,,1.6738301515579224,1.0834338665008545,1.0180391073226929,0.24486044567676565,1.2584343751271565,,0.4578696343402226,not_run,,,A,accepted_for_training,
BraTS-MET-00580-001,BraTS-MET-00580-001,BraTS-MET-00580-001,run_3104668,g1_missing_t2w_v3,/public/home/zqchen/projects/ECNU_EYU_data/work_space/G1/code/brats2025-latent-ensemble-synthesis-main-v3/training/bbdm/bbdm_3056245/check_points/model_111105.pt,multi_modal,completion,0,,,,,,,42,True,141,250,112,228,32,70,480472,10539,1.0,,0.0,0.0,1.0,,,,0.7766558229923248,0.6109784245491028,0.9423332214355469,,,,,1.7758677005767822,1.170655369758606,1.216307520866394,-0.030734832887053993,1.3876101970672607,,0.31281517649883933,not_run,,,A,accepted_for_training,
BraTS-MET-00580-002,BraTS-MET-00580-002,BraTS-MET-00580-002,run_3104668,g1_missing_t2w_v3,/public/home/zqchen/projects/ECNU_EYU_data/work_space/G1/code/brats2025-latent-ensemble-synthesis-main-v3/training/bbdm/bbdm_3056245/check_points/model_111105.pt,multi_modal,completion,0,,,,,,,42,True,103,210,57,182,33,85,695500,19222,1.0,,0.0,0.0,1.0,,,,0.7752419412136078,0.6369886994361877,0.9134951829910278,,,,,1.712461233139038,0.9245456457138062,0.9371800422668457,-0.021981147533142825,1.19139564037323,,0.19545625234697708,not_run,,,A,accepted_for_training,
BraTS-MET-00582-000,BraTS-MET-00582-000,BraTS-MET-00582-000,run_3104668,g1_missing_t2w_v3,/public/home/zqchen/projects/ECNU_EYU_data/work_space/G1/code/brats2025-latent-ensemble-synthesis-main-v3/training/bbdm/bbdm_3056245/check_points/model_111105.pt,multi_modal,completion,0,,,,,,,42,True,67,198,50,141,21,73,619892,31927,1.0,,0.0,0.0,1.0,,,,0.8444675207138062,0.7294338345527649,0.9595012068748474,,,,,2.2773211002349854,1.0479484796524048,0.9900102019309998,0.13479367157182673,1.4384265939394634,,0.3427028991149524,not_run,,,A,accepted_for_training,
BraTS-MET-00584-000,BraTS-MET-00584-000,BraTS-MET-00584-000,run_3104668,g1_missing_t2w_v3,/public/home/zqchen/projects/ECNU_EYU_data/work_space/G1/code/brats2025-latent-ensemble-synthesis-main-v3/training/bbdm/bbdm_3056245/check_points/model_111105.pt,multi_modal,completion,0,,,,,,,42,True,125,167,116,159,30,97,121002,32527,1.0,,0.0,0.0,1.0,,,,0.7780749797821045,0.6406354308128357,0.9155145287513733,,,,,2.144528865814209,1.1010066270828247,1.046976923942566,0.415722057618964,1.4308374722798665,,0.11196888785697702,not_run,,,A,accepted_for_training,
BraTS-MET-00585-000,BraTS-MET-00585-000,BraTS-MET-00585-000,run_3104668,g1_missing_t2w_v3,/public/home/zqchen/projects/ECNU_EYU_data/work_space/G1/code/brats2025-latent-ensemble-synthesis-main-v3/training/bbdm/bbdm_3056245/check_points/model_111105.pt,multi_modal,completion,0,,,,,,,42,True,70,187,38,176,22,97,1210950,4675,1.0,,0.0,0.0,1.0,,,,0.7817988395690918,0.660210132598877,0.9033875465393066,,,,,1.5430028438568115,1.1778355836868286,1.025567889213562,0.01979530360765401,1.2488021055857341,,0.8364858138377302,not_run,,,A,accepted_for_evaluation,
BraTS-MET-00586-000,BraTS-MET-00586-000,BraTS-MET-00586-000,run_3104668,g1_missing_t2w_v3,/public/home/zqchen/projects/ECNU_EYU_data/work_space/G1/code/brats2025-latent-ensemble-synthesis-main-v3/training/bbdm/bbdm_3056245/check_points/model_111105.pt,multi_modal,completion,0,,,,,,,42,True,240,250,128,142,33,39,840,1799,1.0,,0.0,0.0,1.0,,,,0.7371340990066528,0.5276283025741577,0.946639895439148,,,,,1.7625727653503418,0.9822566509246826,0.9697015881538391,-0.19003715750058878,1.2381770014762878,,0.3704710144927536,not_run,,,A,accepted_for_evaluation,
BraTS-MET-00587-000,BraTS-MET-00587-000,BraTS-MET-00587-000,run_3104668,g1_missing_t2w_v3,/public/home/zqchen/projects/ECNU_EYU_data/work_space/G1/code/brats2025-latent-ensemble-synthesis-main-v3/training/bbdm/bbdm_3056245/check_points/model_111105.pt,multi_modal,completion,0,,,,,,,42,True,81,186,35,173,43,97,782460,23595,1.0,,0.0,0.0,1.0,,,,0.7023015022277832,0.5612249374389648,0.8433780670166016,,,,,1.8145101070404053,1.073547601699829,1.0374704599380493,0.06362902005012346,1.308509389559428,,0.10611229281213629,not_run,,,A,accepted_for_evaluation,
BraTS-MET-00588-001,BraTS-MET-00588-001,BraTS-MET-00588-001,run_3104668,g1_missing_t2w_v3,/public/home/zqchen/projects/ECNU_EYU_data/work_space/G1/code/brats2025-latent-ensemble-synthesis-main-v3/training/bbdm/bbdm_3056245/check_points/model_111105.pt,multi_modal,completion,0,,,,,,,42,True,60,169,41,146,29,81,595140,4809,1.0,,0.0,0.0,1.0,,,,0.8687976598739624,0.7917143106460571,0.9458810091018677,,,,,1.1851757764816284,1.23085355758667,0.996268630027771,-0.06621116880600232,1.1374326546986897,,0.8596158406450083,not_run,,,A,accepted_for_training,
BraTS-MET-00589-000,BraTS-MET-00589-000,BraTS-MET-00589-000,run_3104668,g1_missing_t2w_v3,/public/home/zqchen/projects/ECNU_EYU_data/work_space/G1/code/brats2025-latent-ensemble-synthesis-main-v3/training/bbdm/bbdm_3056245/check_points/model_111105.pt,multi_modal,completion,0,,,,,,,42,True,96,183,66,187,22,82,631620,22001,1.0,,0.0,0.0,1.0,,,,0.8757877945899963,0.8142232894897461,0.9373522996902466,,,,,1.5350786447525024,1.1385211944580078,1.0616365671157837,0.1237604910003768,1.2450788021087646,,0.21463929238010224,not_run,,,A,accepted_for_training,
BraTS-MET-00591-000,BraTS-MET-00591-000,BraTS-MET-00591-000,run_3104668,g1_missing_t2w_v3,/public/home/zqchen/projects/ECNU_EYU_data/work_space/G1/code/brats2025-latent-ensemble-synthesis-main-v3/training/bbdm/bbdm_3056245/check_points/model_111105.pt,multi_modal,completion,0,,,,,,,42,True,96,101,144,149,60,64,100,111,1.0,,0.0,0.0,1.0,,,,0.670265406370163,0.517241358757019,0.8232894539833069,,,,,1.6273518800735474,1.0651289224624634,0.9990501999855042,-0.09491687680702937,1.2305103341738384,,0.6863905325443787,not_run,,,A,accepted_for_training,
BraTS-MET-00591-001,BraTS-MET-00591-001,BraTS-MET-00591-001,run_3104668,g1_missing_t2w_v3,/public/home/zqchen/projects/ECNU_EYU_data/work_space/G1/code/brats2025-latent-ensemble-synthesis-main-v3/training/bbdm/bbdm_3056245/check_points/model_111105.pt,multi_modal,completion,0,,,,,,,42,True,63,101,65,155,22,76,184680,126,1.0,,0.0,0.0,1.0,,,,0.6465821862220764,0.5329192876815796,0.7602450847625732,,,,,1.4364746809005737,1.4003779888153076,0.9388977885246277,0.13776736224809677,1.2585834860801697,,0.9543568464730291,not_run,,,A,accepted_for_training,
BraTS-MET-00593-000,BraTS-MET-00593-000,BraTS-MET-00593-000,run_3104668,g1_missing_t2w_v3,/public/home/zqchen/projects/ECNU_EYU_data/work_space/G1/code/brats2025-latent-ensemble-synthesis-main-v3/training/bbdm/bbdm_3056245/check_points/model_111105.pt,multi_modal,completion,0,,,,,,,42,True,247,277,153,215,61,74,24180,19847,1.0,,0.0,0.0,1.0,,,,0.9038068950176239,0.848240852355957,0.9593729376792908,,,,,1.6461856365203857,0.9609428644180298,0.9689708948135376,-0.0220291883218318,1.1920331319173176,,0.5606642976285445,not_run,,,A,accepted_for_evaluation,
BraTS-MET-00593-001,BraTS-MET-00593-001,BraTS-MET-00593-001,run_3104668,g1_missing_t2w_v3,/public/home/zqchen/projects/ECNU_EYU_data/work_space/G1/code/brats2025-latent-ensemble-synthesis-main-v3/training/bbdm/bbdm_3056245/check_points/model_111105.pt,multi_modal,completion,0,,,,,,,42,True,59,197,22,166,20,85,1291680,7302,1.0,,0.0,0.0,1.0,,,,0.7496423721313477,0.5717810392379761,0.9275037050247192,,,,,1.9934930801391602,1.093519687652588,1.0260406732559204,-0.007911850119241096,1.3710178136825562,,0.4513255567338282,not_run,,,A,accepted_for_evaluation,
BraTS-MET-00594-000,BraTS-MET-00594-000,BraTS-MET-00594-000,run_3104668,g1_missing_t2w_v3,/public/home/zqchen/projects/ECNU_EYU_data/work_space/G1/code/brats2025-latent-ensemble-synthesis-main-v3/training/bbdm/bbdm_3056245/check_points/model_111105.pt,multi_modal,completion,0,,,,,,,42,True,143,272,105,296,20,75,1355145,31829,1.0,,0.0,0.0,1.0,,,,0.8071489036083221,0.69405597448349,0.9202418327331543,,,,,2.0483927726745605,1.0669910907745361,1.0484081506729126,-0.04878777606447817,1.3879306713740032,,0.2788157361092335,not_run,,,A,accepted_for_training,
BraTS-MET-00594-001,BraTS-MET-00594-001,BraTS-MET-00594-001,run_3104668,g1_missing_t2w_v3,/public/home/zqchen/projects/ECNU_EYU_data/work_space/G1/code/brats2025-latent-ensemble-synthesis-main-v3/training/bbdm/bbdm_3056245/check_points/model_111105.pt,multi_modal,completion,0,,,,,,,42,True,89,169,70,165,9,79,532000,31935,1.0,,0.0,0.0,1.0,,,,0.8723285794258118,0.7951950430870056,0.9494621157646179,,,,,1.3866873979568481,0.9987341165542603,1.01176917552948,0.010875526463842766,1.132396896680196,,0.2853691275167785,not_run,,,A,accepted_for_training,
BraTS-MET-00595-001,BraTS-MET-00595-001,BraTS-MET-00595-001,run_3104668,g1_missing_t2w_v3,/public/home/zqchen/projects/ECNU_EYU_data/work_space/G1/code/brats2025-latent-ensemble-synthesis-main-v3/training/bbdm/bbdm_3056245/check_points/model_111105.pt,multi_modal,completion,0,,,,,,,42,True,99,207,87,210,36,74,504792,6082,1.0,,0.0,0.0,1.0,,,,0.8240549266338348,0.6975011825561523,0.9506086707115173,,,,,1.3833166360855103,1.1764055490493774,0.9833499193191528,-0.0650383537089233,1.1810240348180134,,0.5025236981410809,not_run,,,A,accepted_for_training,
BraTS-MET-00595-002,BraTS-MET-00595-002,BraTS-MET-00595-002,run_3104668,g1_missing_t2w_v3,/public/home/zqchen/projects/ECNU_EYU_data/work_space/G1/code/brats2025-latent-ensemble-synthesis-main-v3/training/bbdm/bbdm_3056245/check_points/model_111105.pt,multi_modal,completion,0,,,,,,,42,True,73,180,53,203,45,96,818550,7217,1.0,,0.0,0.0,1.0,,,,0.8204769194126129,0.7140872478485107,0.9268665909767151,,,,,1.4997828006744385,1.1157324314117432,0.9428271055221558,-0.1925970281203984,1.1861141125361125,,0.5642096886501542,not_run,,,A,accepted_for_training,
BraTS-MET-00595-003,BraTS-MET-00595-003,BraTS-MET-00595-003,run_3104668,g1_missing_t2w_v3,/public/home/zqchen/projects/ECNU_EYU_data/work_space/G1/code/brats2025-latent-ensemble-synthesis-main-v3/training/bbdm/bbdm_3056245/check_points/model_111105.pt,multi_modal,completion,0,,,,,,,42,True,67,206,45,206,28,94,1477014,155302,1.0,,0.0,0.0,1.0,,,,0.919872522354126,0.8716213703155518,0.9681236743927002,,,,,1.7831828594207764,1.217198371887207,1.1630775928497314,0.08774074969709311,1.3878196080525715,,0.37044809477091606,not_run,,,A,accepted_for_training,
BraTS-MET-00596-000,BraTS-MET-00596-000,BraTS-MET-00596-000,run_3104668,g1_missing_t2w_v3,/public/home/zqchen/projects/ECNU_EYU_data/work_space/G1/code/brats2025-latent-ensemble-synthesis-main-v3/training/bbdm/bbdm_3056245/check_points/model_111105.pt,multi_modal,completion,0,,,,,,,42,True,89,180,71,100,16,76,158340,316,1.0,,0.0,0.0,1.0,,,,0.6811137199401855,0.47727274894714355,0.8849546909332275,,,,,1.6332573890686035,,,0.06799659174946977,1.6332573890686035,,1.0,not_run,,,A,accepted_for_training,
BraTS-MET-00596-001,BraTS-MET-00596-001,BraTS-MET-00596-001,run_3104668,g1_missing_t2w_v3,/public/home/zqchen/projects/ECNU_EYU_data/work_space/G1/code/brats2025-latent-ensemble-synthesis-main-v3/training/bbdm/bbdm_3056245/check_points/model_111105.pt,multi_modal,completion,0,,,,,,,42,True,71,76,123,127,58,61,60,33,1.0,,0.0,0.0,1.0,,,,0.6099352538585663,0.3181818127632141,0.9016886949539185,,,,,1.3712780475616455,,,-0.07482448174757218,1.3712780475616455,,1.0,not_run,,,A,accepted_for_training,
BraTS-MET-00597-000,BraTS-MET-00597-000,BraTS-MET-00597-000,run_3104668,g1_missing_t2w_v3,/public/home/zqchen/projects/ECNU_EYU_data/work_space/G1/code/brats2025-latent-ensemble-synthesis-main-v3/training/bbdm/bbdm_3056245/check_points/model_111105.pt,multi_modal,completion,0,,,,,,,42,True,90,224,62,195,62,87,445550,25935,1.0,,0.0,0.0,1.0,,,,0.8375928699970245,0.7229256629943848,0.9522600769996643,,,,,2.3278398513793945,1.2934359312057495,1.27659010887146,0.08784218921988622,1.632621963818868,,0.13772304599145513,not_run,,,A,accepted_for_training,
BraTS-MET-00598-000,BraTS-MET-00598-000,BraTS-MET-00598-000,run_3104668,g1_missing_t2w_v3,/public/home/zqchen/projects/ECNU_EYU_data/work_space/G1/code/brats2025-latent-ensemble-synthesis-main-v3/training/bbdm/bbdm_3056245/check_points/model_111105.pt,multi_modal,completion,0,,,,,,,42,True,82,184,45,106,32,79,292434,2696,1.0,,0.0,0.0,1.0,,,,0.7542638182640076,0.6009702682495117,0.9075573682785034,,,,,1.5971360206604004,1.045932650566101,0.9802776575088501,-0.012239088739980197,1.2077821095784504,,0.48921266461193613,not_run,,,A,accepted_for_training,
BraTS-MET-00598-001,BraTS-MET-00598-001,BraTS-MET-00598-001,run_3104668,g1_missing_t2w_v3,/public/home/zqchen/projects/ECNU_EYU_data/work_space/G1/code/brats2025-latent-ensemble-synthesis-main-v3/training/bbdm/bbdm_3056245/check_points/model_111105.pt,multi_modal,completion,0,,,,,,,42,True,84,124,21,98,25,71,141680,2858,1.0,,0.0,0.0,1.0,,,,0.7828667163848877,0.6482670307159424,0.917466402053833,,,,,1.5937952995300293,1.0208966732025146,0.8617020845413208,0.02695642417726768,1.1587980190912883,,0.44589450788471996,not_run,,,A,accepted_for_training,
BraTS-MET-00599-000,BraTS-MET-00599-000,BraTS-MET-00599-000,run_3104668,g1_missing_t2w_v3,/public/home/zqchen/projects/ECNU_EYU_data/work_space/G1/code/brats2025-latent-ensemble-synthesis-main-v3/training/bbdm/bbdm_3056245/check_points/model_111105.pt,multi_modal,completion,0,,,,,,,42,True,93,177,82,180,16,81,535080,9604,1.0,,0.0,0.0,1.0,,,,0.8868741989135742,0.8232142925262451,0.9505341053009033,,,,,1.569685697555542,1.0874124765396118,1.0587878227233887,0.22808076523946422,1.238628665606181,,0.38777908343125733,not_run,,,A,accepted_for_training,
BraTS-MET-00599-001,BraTS-MET-00599-001,BraTS-MET-00599-001,run_3104668,g1_missing_t2w_v3,/public/home/zqchen/projects/ECNU_EYU_data/work_space/G1/code/brats2025-latent-ensemble-synthesis-main-v3/training/bbdm/bbdm_3056245/check_points/model_111105.pt,multi_modal,completion,0,,,,,,,42,True,81,178,62,178,16,86,787640,9397,1.0,,0.0,0.0,1.0,,,,0.8142760396003723,0.6827389001846313,0.9458131790161133,,,,,1.465766191482544,1.1320773363113403,1.144385576248169,0.08817222806331841,1.247409701347351,,0.24273024777933613,not_run,,,A,accepted_for_training,
BraTS-MET-00599-002,BraTS-MET-00599-002,BraTS-MET-00599-002,run_3104668,g1_missing_t2w_v3,/public/home/zqchen/projects/ECNU_EYU_data/work_space/G1/code/brats2025-latent-ensemble-synthesis-main-v3/training/bbdm/bbdm_3056245/check_points/model_111105.pt,multi_modal,completion,0,,,,,,,42,True,63,201,45,198,32,109,1625778,39648,1.0,,0.0,0.0,1.0,,,,0.8241761922836304,0.6989630460739136,0.9493893384933472,,,,,1.9714950323104858,1.1958467960357666,1.0852627754211426,-0.0006521016538727683,1.417534867922465,,0.20548565221327056,not_run,,,A,accepted_for_training,
BraTS-MET-00599-003,BraTS-MET-00599-003,BraTS-MET-00599-003,run_3104668,g1_missing_t2w_v3,/public/home/zqchen/projects/ECNU_EYU_data/work_space/G1/code/brats2025-latent-ensemble-synthesis-main-v3/training/bbdm/bbdm_3056245/check_points/model_111105.pt,multi_modal,completion,0,,,,,,,42,True,85,194,39,200,18,82,1123136,50021,1.0,,0.0,0.0,1.0,,,,0.8165992200374603,0.6932804584503174,0.9399179816246033,,,,,2.0605266094207764,1.089771032333374,1.0089260339736938,-0.07391289963078347,1.3864078919092815,,0.11710456975080931,not_run,,,A,accepted_for_training,
BraTS-MET-00600-000,BraTS-MET-00600-000,BraTS-MET-00600-000,run_3104668,g1_missing_t2w_v3,/public/home/zqchen/projects/ECNU_EYU_data/work_space/G1/code/brats2025-latent-ensemble-synthesis-main-v3/training/bbdm/bbdm_3056245/check_points/model_111105.pt,multi_modal,completion,0,,,,,,,42,True,89,94,106,110,51,55,80,121,1.0,,0.0,0.0,1.0,,,,0.5722316801548004,0.3015872836112976,0.8428760766983032,,,,,1.1974146366119385,1.2205582857131958,0.9842861294746399,0.10787243439708176,1.1340863505999248,,0.5153374233128835,not_run,,,A,accepted_for_training,
BraTS-MET-00601-000,BraTS-MET-00601-000,BraTS-MET-00601-000,run_3104668,g1_missing_t2w_v3,/public/home/zqchen/projects/ECNU_EYU_data/work_space/G1/code/brats2025-latent-ensemble-synthesis-main-v3/training/bbdm/bbdm_3056245/check_points/model_111105.pt,multi_modal,completion,0,,,,,,,42,True,100,175,12,128,31,64,287100,18027,1.0,,0.0,0.0,1.0,,,,0.8058207929134369,0.7038403749465942,0.9078012108802795,,,,,1.9406418800354004,1.1197965145111084,1.0709447860717773,0.2994617913673376,1.377127726872762,,0.3168067226890756,not_run,,,A,accepted_for_evaluation,
BraTS-MET-00601-001,BraTS-MET-00601-001,BraTS-MET-00601-001,run_3104668,g1_missing_t2w_v3,/public/home/zqchen/projects/ECNU_EYU_data/work_space/G1/code/brats2025-latent-ensemble-synthesis-main-v3/training/bbdm/bbdm_3056245/check_points/model_111105.pt,multi_modal,completion,0,,,,,,,42,True,115,185,66,124,44,77,133980,16598,1.0,,0.0,0.0,1.0,,,,0.8379378616809845,0.7672351002693176,0.9086406230926514,,,,,2.6575565338134766,1.0117727518081665,1.0233478546142578,-0.04236913338059476,1.564225713411967,,0.3040768366200061,not_run,,,A,accepted_for_evaluation,
BraTS-MET-00601-002,BraTS-MET-00601-002,BraTS-MET-00601-002,run_3104668,g1_missing_t2w_v3,/public/home/zqchen/projects/ECNU_EYU_data/work_space/G1/code/brats2025-latent-ensemble-synthesis-main-v3/training/bbdm/bbdm_3056245/check_points/model_111105.pt,multi_modal,completion,0,,,,,,,42,True,77,214,69,178,17,89,1075176,15093,1.0,,0.0,0.0,1.0,,,,0.734411895275116,0.5505659580230713,0.9182578325271606,,,,,2.020432233810425,1.3133465051651,1.1648330688476562,0.2021481338587986,1.4995372692743938,,0.2546400693842151,not_run,,,A,accepted_for_evaluation,
BraTS-MET-00602-000,BraTS-MET-00602-000,BraTS-MET-00602-000,run_3104668,g1_missing_t2w_v3,/public/home/zqchen/projects/ECNU_EYU_data/work_space/G1/code/brats2025-latent-ensemble-synthesis-main-v3/training/bbdm/bbdm_3056245/check_points/model_111105.pt,multi_modal,completion,0,,,,,,,42,True,60,188,42,172,11,64,881920,7376,1.0,,0.0,0.0,1.0,,,,0.7713578045368195,0.6235628128051758,0.9191527962684631,,,,,1.7810466289520264,1.154456615447998,1.013474702835083,0.07571922238813501,1.3163259824117024,,0.7286046712057227,not_run,,,A,accepted_for_training,
BraTS-MET-00602-001,BraTS-MET-00602-001,BraTS-MET-00602-001,run_3104668,g1_missing_t2w_v3,/public/home/zqchen/projects/ECNU_EYU_data/work_space/G1/code/brats2025-latent-ensemble-synthesis-main-v3/training/bbdm/bbdm_3056245/check_points/model_111105.pt,multi_modal,completion,0,,,,,,,42,True,64,151,37,156,31,84,548709,40596,1.0,,0.0,0.0,1.0,,,,0.8387584984302521,0.7434210777282715,0.9340959191322327,,,,,1.6927714347839355,1.0623371601104736,0.9581479430198669,-0.032170127827601,1.2377521793047588,,0.19781585723164344,not_run,,,A,accepted_for_training,
BraTS-MET-00603-000,BraTS-MET-00603-000,BraTS-MET-00603-000,run_3104668,g1_missing_t2w_v3,/public/home/zqchen/projects/ECNU_EYU_data/work_space/G1/code/brats2025-latent-ensemble-synthesis-main-v3/training/bbdm/bbdm_3056245/check_points/model_111105.pt,multi_modal,completion,0,,,,,,,42,True,60,89,149,174,37,52,10875,4708,1.0,,0.0,0.0,1.0,,,,0.8829627633094788,0.7989500761032104,0.9669754505157471,,,,,2.882272243499756,1.485548496246338,1.217203974723816,-0.00034194266310366705,1.8616749048233032,,0.898069046225863,not_run,,,A,accepted_for_training,
BraTS-MET-00604-000,BraTS-MET-00604-000,BraTS-MET-00604-000,run_3104668,g1_missing_t2w_v3,/public/home/zqchen/projects/ECNU_EYU_data/work_space/G1/code/brats2025-latent-ensemble-synthesis-main-v3/training/bbdm/bbdm_3056245/check_points/model_111105.pt,multi_modal,completion,0,,,,,,,42,True,142,248,113,266,16,64,778464,18831,1.0,,0.0,0.0,1.0,,,,0.7853505909442902,0.6368361711502075,0.9338650107383728,,,,,1.6726903915405273,0.9675251841545105,0.9488964080810547,-0.045602078326896944,1.1963706612586975,,0.32568684982662044,not_run,,,A,accepted_for_training,
BraTS-MET-00605-000,BraTS-MET-00605-000,BraTS-MET-00605-000,run_3104668,g1_missing_t2w_v3,/public/home/zqchen/projects/ECNU_EYU_data/work_space/G1/code/brats2025-latent-ensemble-synthesis-main-v3/training/bbdm/bbdm_3056245/check_points/model_111105.pt,multi_modal,completion,0,,,,,,,42,True,139,263,141,265,35,88,814928,630,1.0,,0.0,0.0,1.0,,,,0.6713555157184601,0.4415584206581116,0.9011526107788086,,,,,1.4935578107833862,1.2776591777801514,1.1172823905944824,0.08102186703415103,1.29616645971934,,0.6956521739130435,not_run,,,A,accepted_for_training,
BraTS-MET-00606-000,BraTS-MET-00606-000,BraTS-MET-00606-000,run_3104668,g1_missing_t2w_v3,/public/home/zqchen/projects/ECNU_EYU_data/work_space/G1/code/brats2025-latent-ensemble-synthesis-main-v3/training/bbdm/bbdm_3056245/check_points/model_111105.pt,multi_modal,completion,0,,,,,,,42,True,118,125,99,106,29,35,294,515,1.0,,0.0,0.0,1.0,,,,0.7470517456531525,0.5532847046852112,0.9408187866210938,,,,,1.5012840032577515,1.0190072059631348,0.8615006804466248,-0.03962929226215692,1.1272639632225037,,0.42024539877300615,not_run,,,A,accepted_for_evaluation,
BraTS-MET-00607-000,BraTS-MET-00607-000,BraTS-MET-00607-000,run_3104668,g1_missing_t2w_v3,/public/home/zqchen/projects/ECNU_EYU_data/work_space/G1/code/brats2025-latent-ensemble-synthesis-main-v3/training/bbdm/bbdm_3056245/check_points/model_111105.pt,multi_modal,completion,0,,,,,,,42,True,70,201,36,150,25,112,1299258,1881,1.0,,0.0,0.0,1.0,,,,0.7040520906448364,0.5102288722991943,0.8978753089904785,,,,,1.4100182056427002,1.2024174928665161,0.9972838759422302,-0.11225734147909854,1.2032398581504822,,0.7575957727873184,not_run,,,A,accepted_for_training,
BraTS-MET-00608-000,BraTS-MET-00608-000,BraTS-MET-00608-000,run_3104668,g1_missing_t2w_v3,/public/home/zqchen/projects/ECNU_EYU_data/work_space/G1/code/brats2025-latent-ensemble-synthesis-main-v3/training/bbdm/bbdm_3056245/check_points/model_111105.pt,multi_modal,completion,0,,,,,,,42,True,196,227,106,133,24,36,10044,7099,1.0,,0.0,0.0,1.0,,,,0.8219065070152283,0.7278648614883423,0.9159481525421143,,,,,1.5436649322509766,1.0232452154159546,0.9758145213127136,-0.1811584021303375,1.1809082229932149,,0.7870140965399401,not_run,,,A,accepted_for_training,
BraTS-MET-00609-000,BraTS-MET-00609-000,BraTS-MET-00609-000,run_3104668,g1_missing_t2w_v3,/public/home/zqchen/projects/ECNU_EYU_data/work_space/G1/code/brats2025-latent-ensemble-synthesis-main-v3/training/bbdm/bbdm_3056245/check_points/model_111105.pt,multi_modal,completion,0,,,,,,,42,True,82,177,67,182,19,86,731975,55392,1.0,,0.0,0.0,1.0,,,,0.8926364481449127,0.8171032071113586,0.9681696891784668,,,,,1.411566138267517,1.0846272706985474,1.0580711364746094,-0.04846074847844798,1.1847548484802246,,0.19210809752276511,not_run,,,A,accepted_for_training,
BraTS-MET-00610-000,BraTS-MET-00610-000,BraTS-MET-00610-000,run_3104668,g1_missing_t2w_v3,/public/home/zqchen/projects/ECNU_EYU_data/work_space/G1/code/brats2025-latent-ensemble-synthesis-main-v3/training/bbdm/bbdm_3056245/check_points/model_111105.pt,multi_modal,completion,0,,,,,,,42,True,96,169,51,171,37,91,473040,4443,1.0,,0.0,0.0,1.0,,,,0.843139261007309,0.7292768955230713,0.9570016264915466,,,,,1.2177292108535767,1.288016676902771,1.0464601516723633,0.39346812286286625,1.1840686798095703,,0.5917591125198098,not_run,,,A,accepted_for_training,
BraTS-MET-00611-000,BraTS-MET-00611-000,BraTS-MET-00611-000,run_3104668,g1_missing_t2w_v3,/public/home/zqchen/projects/ECNU_EYU_data/work_space/G1/code/brats2025-latent-ensemble-synthesis-main-v3/training/bbdm/bbdm_3056245/check_points/model_111105.pt,multi_modal,completion,0,,,,,,,42,True,125,166,70,118,48,79,61008,3015,1.0,,0.0,0.0,1.0,,,,0.7878107726573944,0.6507121920585632,0.9249093532562256,,,,,1.6681596040725708,1.2048431634902954,0.9660273194313049,-0.04791882894355959,1.2796766956647236,,0.8085358624777712,not_run,,,A,accepted_for_training,
BraTS-MET-00612-000,BraTS-MET-00612-000,BraTS-MET-00612-000,run_3104668,g1_missing_t2w_v3,/public/home/zqchen/projects/ECNU_EYU_data/work_space/G1/code/brats2025-latent-ensemble-synthesis-main-v3/training/bbdm/bbdm_3056245/check_points/model_111105.pt,multi_modal,completion,0,,,,,,,42,True,89,146,53,96,22,92,171570,28546,1.0,,0.0,0.0,1.0,,,,0.8746249377727509,0.8015588521957397,0.947691023349762,,,,,2.3420729637145996,1.0235073566436768,0.9657756090164185,-0.0381112922473991,1.443785309791565,,0.3925444153503956,not_run,,,A,accepted_for_evaluation,
BraTS-MET-00614-000,BraTS-MET-00614-000,BraTS-MET-00614-000,run_3104668,g1_missing_t2w_v3,/public/home/zqchen/projects/ECNU_EYU_data/work_space/G1/code/brats2025-latent-ensemble-synthesis-main-v3/training/bbdm/bbdm_3056245/check_points/model_111105.pt,multi_modal,completion,0,,,,,,,42,True,88,125,84,106,61,73,9768,1217,1.0,,0.0,0.0,1.0,,,,0.7085940539836884,0.5903737545013428,0.8268143534660339,,,,,1.7280685901641846,1.0582069158554077,1.017771601676941,-0.038920836150157394,1.268015702565511,,0.3729946524064171,not_run,,,A,accepted_for_training,
BraTS-MET-00615-000,BraTS-MET-00615-000,BraTS-MET-00615-000,run_3104668,g1_missing_t2w_v3,/public/home/zqchen/projects/ECNU_EYU_data/work_space/G1/code/brats2025-latent-ensemble-synthesis-main-v3/training/bbdm/bbdm_3056245/check_points/model_111105.pt,multi_modal,completion,0,,,,,,,42,True,84,183,55,88,19,45,84942,357,1.0,,0.0,0.0,1.0,,,,0.667525976896286,0.4701298475265503,0.8649221062660217,,,,,1.531854510307312,1.055467963218689,0.9596514105796814,0.09319184209933618,1.1823246280352275,,0.6578947368421053,not_run,,,A,accepted_for_training,
BraTS-MET-00616-000,BraTS-MET-00616-000,BraTS-MET-00616-000,run_3104668,g1_missing_t2w_v3,/public/home/zqchen/projects/ECNU_EYU_data/work_space/G1/code/brats2025-latent-ensemble-synthesis-main-v3/training/bbdm/bbdm_3056245/check_points/model_111105.pt,multi_modal,completion,0,,,,,,,42,True,76,162,178,191,53,87,38012,1463,1.0,,0.0,0.0,1.0,,,,0.7576341927051544,0.6258503198623657,0.8894180655479431,,,,,1.7010549306869507,1.0951088666915894,0.942843496799469,-0.00512867060396117,1.246335764726003,,0.6428571428571429,not_run,,,A,accepted_for_evaluation,
BraTS-MET-00617-000,BraTS-MET-00617-000,BraTS-MET-00617-000,run_3104668,g1_missing_t2w_v3,/public/home/zqchen/projects/ECNU_EYU_data/work_space/G1/code/brats2025-latent-ensemble-synthesis-main-v3/training/bbdm/bbdm_3056245/check_points/model_111105.pt,multi_modal,completion,0,,,,,,,42,True,124,269,133,264,24,77,1006735,695,1.0,,0.0,0.0,1.0,,,,0.6173615157604218,0.4505494236946106,0.7841736078262329,,,,,1.456066370010376,1.3102009296417236,1.0687472820281982,-0.012941943385620047,1.2783381938934326,,0.5945399393326593,not_run,,,A,accepted_for_evaluation,
BraTS-MET-00619-000,BraTS-MET-00619-000,BraTS-MET-00619-000,run_3104668,g1_missing_t2w_v3,/public/home/zqchen/projects/ECNU_EYU_data/work_space/G1/code/brats2025-latent-ensemble-synthesis-main-v3/training/bbdm/bbdm_3056245/check_points/model_111105.pt,multi_modal,completion,0,,,,,,,42,True,107,161,78,187,25,68,253098,393,1.0,,0.0,0.0,1.0,,,,0.7233753800392151,0.5959271192550659,0.8508236408233643,,,,,1.2208518981933594,1.000861644744873,1.0189290046691895,0.1813989587072775,1.0802141825358074,,0.8835227272727273,not_run,,,A,accepted_for_training,
BraTS-MET-00621-000,BraTS-MET-00621-000,BraTS-MET-00621-000,run_3104668,g1_missing_t2w_v3,/public/home/zqchen/projects/ECNU_EYU_data/work_space/G1/code/brats2025-latent-ensemble-synthesis-main-v3/training/bbdm/bbdm_3056245/check_points/model_111105.pt,multi_modal,completion,0,,,,,,,42,True,73,170,49,208,24,81,879111,830,1.0,,0.0,0.0,1.0,,,,0.5756401717662811,0.2982456684112549,0.8530346751213074,,,,,1.4362455606460571,1.03679358959198,0.9910295009613037,0.04318104016386958,1.1546895503997803,,0.561525129982669,not_run,,,A,accepted_for_evaluation,
BraTS-MET-00622-000,BraTS-MET-00622-000,BraTS-MET-00622-000,run_3104668,g1_missing_t2w_v3,/public/home/zqchen/projects/ECNU_EYU_data/work_space/G1/code/brats2025-latent-ensemble-synthesis-main-v3/training/bbdm/bbdm_3056245/check_points/model_111105.pt,multi_modal,completion,0,,,,,,,42,True,141,174,152,183,62,76,14322,17749,1.0,,0.0,0.0,1.0,,,,0.8474123179912567,0.7494518756866455,0.9453727602958679,,,,,1.8046417236328125,0.9340250492095947,0.9092786312103271,-0.08454220526883599,1.2159818013509114,,0.5334435034083866,not_run,,,A,accepted_for_training,
BraTS-MET-00623-001,BraTS-MET-00623-001,BraTS-MET-00623-001,run_3104668,g1_missing_t2w_v3,/public/home/zqchen/projects/ECNU_EYU_data/work_space/G1/code/brats2025-latent-ensemble-synthesis-main-v3/training/bbdm/bbdm_3056245/check_points/model_111105.pt,multi_modal,completion,0,,,,,,,42,True,107,157,96,123,57,88,41850,650,1.0,,0.0,0.0,1.0,,,,0.7077045738697052,0.48899370431900024,0.9264154434204102,,,,,1.5628650188446045,1.0132803916931152,1.045304536819458,-0.1400415174922169,1.2071499824523926,,0.3930778739184178,not_run,,,A,accepted_for_training,
BraTS-MET-00624-000,BraTS-MET-00624-000,BraTS-MET-00624-000,run_3104668,g1_missing_t2w_v3,/public/home/zqchen/projects/ECNU_EYU_data/work_space/G1/code/brats2025-latent-ensemble-synthesis-main-v3/training/bbdm/bbdm_3056245/check_points/model_111105.pt,multi_modal,completion,0,,,,,,,42,True,127,159,69,170,24,77,171296,550,1.0,,0.0,0.0,1.0,,,,0.7075969576835632,0.510481595993042,0.9047123193740845,,,,,1.1892746686935425,1.0822124481201172,1.0286098718643188,0.41501833312369274,1.1000323295593262,,0.7818383167220376,not_run,,,A,accepted_for_training,
BraTS-MET-00626-000,BraTS-MET-00626-000,BraTS-MET-00626-000,run_3104668,g1_missing_t2w_v3,/public/home/zqchen/projects/ECNU_EYU_data/work_space/G1/code/brats2025-latent-ensemble-synthesis-main-v3/training/bbdm/bbdm_3056245/check_points/model_111105.pt,multi_modal,completion,0,,,,,,,42,True,80,181,59,200,69,89,284820,7394,1.0,,0.0,0.0,1.0,,,,0.8429326117038727,0.7313275337219238,0.9545376896858215,,,,,2.202619791030884,0.8916787505149841,0.9835125207901001,0.0016880736147180293,1.3592703541119893,,0.34604630354546473,not_run,,,A,accepted_for_training,
BraTS-MET-00626-001,BraTS-MET-00626-001,BraTS-MET-00626-001,run_3104668,g1_missing_t2w_v3,/public/home/zqchen/projects/ECNU_EYU_data/work_space/G1/code/brats2025-latent-ensemble-synthesis-main-v3/training/bbdm/bbdm_3056245/check_points/model_111105.pt,multi_modal,completion,0,,,,,,,42,True,69,134,114,126,93,100,5460,5308,1.0,,0.0,0.0,1.0,,,,0.7099792957305908,0.5046783685684204,0.9152802228927612,,,,,2.1538407802581787,1.141231656074524,1.0965896844863892,-0.027940771730471714,1.463887373606364,,0.10191310566779903,not_run,,,A,accepted_for_training,
BraTS-MET-00627-000,BraTS-MET-00627-000,BraTS-MET-00627-000,run_3104668,g1_missing_t2w_v3,/public/home/zqchen/projects/ECNU_EYU_data/work_space/G1/code/brats2025-latent-ensemble-synthesis-main-v3/training/bbdm/bbdm_3056245/check_points/model_111105.pt,multi_modal,completion,0,,,,,,,42,True,228,238,149,158,26,31,450,419,1.0,,0.0,0.0,1.0,,,,0.5839908123016357,0.399350643157959,0.7686309814453125,,,,,1.7227437496185303,1.045055866241455,1.0131402015686035,0.14235495578732457,1.2603132724761963,,0.7107692307692308,not_run,,,A,accepted_for_training,
BraTS-MET-00629-000,BraTS-MET-00629-000,BraTS-MET-00629-000,run_3104668,g1_missing_t2w_v3,/public/home/zqchen/projects/ECNU_EYU_data/work_space/G1/code/brats2025-latent-ensemble-synthesis-main-v3/training/bbdm/bbdm_3056245/check_points/model_111105.pt,multi_modal,completion,0,,,,,,,42,True,78,186,66,181,12,82,869400,29969,1.0,,0.0,0.0,1.0,,,,0.9028281569480896,0.84881591796875,0.9568403959274292,,,,,1.2618650197982788,1.1922861337661743,1.0192458629608154,0.053732287405359735,1.1577990055084229,,0.5229305798565761,not_run,,,A,accepted_for_evaluation,
BraTS-MET-00629-001,BraTS-MET-00629-001,BraTS-MET-00629-001,run_3104668,g1_missing_t2w_v3,/public/home/zqchen/projects/ECNU_EYU_data/work_space/G1/code/brats2025-latent-ensemble-synthesis-main-v3/training/bbdm/bbdm_3056245/check_points/model_111105.pt,multi_modal,completion,0,,,,,,,42,True,57,206,40,196,30,96,1534104,24897,1.0,,0.0,0.0,1.0,,,,0.8945092558860779,0.8453603982925415,0.9436581134796143,,,,,1.4155733585357666,1.4384021759033203,1.1778429746627808,-0.036998158950403974,1.3439395030339558,,0.826885925646704,not_run,,,A,accepted_for_evaluation,
BraTS-MET-00630-000,BraTS-MET-00630-000,BraTS-MET-00630-000,run_3104668,g1_missing_t2w_v3,/public/home/zqchen/projects/ECNU_EYU_data/work_space/G1/code/brats2025-latent-ensemble-synthesis-main-v3/training/bbdm/bbdm_3056245/check_points/model_111105.pt,multi_modal,completion,0,,,,,,,42,True,114,249,63,185,17,87,1152900,46417,1.0,,0.0,0.0,1.0,,,,0.8659390807151794,0.777613639831543,0.9542645215988159,,,,,1.951942801475525,1.2349776029586792,1.1209162473678589,0.20231590324836568,1.4359455506006877,,0.6220276087279204,not_run,,,A,accepted_for_training,
BraTS-MET-00630-001,BraTS-MET-00630-001,BraTS-MET-00630-001,run_3104668,g1_missing_t2w_v3,/public/home/zqchen/projects/ECNU_EYU_data/work_space/G1/code/brats2025-latent-ensemble-synthesis-main-v3/training/bbdm/bbdm_3056245/check_points/model_111105.pt,multi_modal,completion,0,,,,,,,42,True,81,190,56,157,14,77,693567,19176,1.0,,0.0,0.0,1.0,,,,0.8539489209651947,0.7558943629264832,0.9520034790039062,,,,,1.843780755996704,1.1944128274917603,1.0534088611602783,0.15249019354016513,1.3638674815495808,,0.6340420985147985,not_run,,,A,accepted_for_training,
BraTS-MET-00630-002,BraTS-MET-00630-002,BraTS-MET-00630-002,run_3104668,g1_missing_t2w_v3,/public/home/zqchen/projects/ECNU_EYU_data/work_space/G1/code/brats2025-latent-ensemble-synthesis-main-v3/training/bbdm/bbdm_3056245/check_points/model_111105.pt,multi_modal,completion,0,,,,,,,42,True,148,371,92,309,48,114,3193806,53567,1.0,,0.0,0.0,1.0,,,,0.8537516891956329,0.7440038323402405,0.9634995460510254,,,,,1.6728794574737549,1.1354609727859497,1.0579825639724731,0.1547835732773562,1.2887743314107258,,0.6971738495962643,not_run,,,A,accepted_for_training,
BraTS-MET-00631-000,BraTS-MET-00631-000,BraTS-MET-00631-000,run_3104668,g1_missing_t2w_v3,/public/home/zqchen/projects/ECNU_EYU_data/work_space/G1/code/brats2025-latent-ensemble-synthesis-main-v3/training/bbdm/bbdm_3056245/check_points/model_111105.pt,multi_modal,completion,0,,,,,,,42,True,118,134,21,39,47,57,2880,4817,1.0,,0.0,0.0,1.0,,,,0.8598293662071228,0.7766504287719727,0.943008303642273,,,,,1.8635547161102295,1.0359479188919067,0.9261947870254517,-0.12300091152957549,1.275232474009196,,0.4932749452611824,not_run,,,A,accepted_for_training,
BraTS-MET-00633-000,BraTS-MET-00633-000,BraTS-MET-00633-000,run_3104668,g1_missing_t2w_v3,/public/home/zqchen/projects/ECNU_EYU_data/work_space/G1/code/brats2025-latent-ensemble-synthesis-main-v3/training/bbdm/bbdm_3056245/check_points/model_111105.pt,multi_modal,completion,0,,,,,,,42,True,171,195,151,174,63,76,7176,53911,1.0,,0.0,0.0,1.0,,,,0.8794171810150146,0.7978317737579346,0.9610025882720947,,,,,2.568140983581543,1.1628031730651855,1.056360125541687,-0.029951844178953784,1.5957680940628052,,0.08544489230605323,not_run,,,A,accepted_for_training,
BraTS-MET-00634-000,BraTS-MET-00634-000,BraTS-MET-00634-000,run_3104668,g1_missing_t2w_v3,/public/home/zqchen/projects/ECNU_EYU_data/work_space/G1/code/brats2025-latent-ensemble-synthesis-main-v3/training/bbdm/bbdm_3056245/check_points/model_111105.pt,multi_modal,completion,0,,,,,,,42,True,140,164,65,186,31,75,127776,345,1.0,,0.0,0.0,1.0,,,,0.7141667902469635,0.5532039999961853,0.8751295804977417,,,,,1.68752920627594,1.2057844400405884,1.0737930536270142,0.023111183743575958,1.322368899981181,,0.826530612244898,not_run,,,A,accepted_for_training,
BraTS-MET-00635-000,BraTS-MET-00635-000,BraTS-MET-00635-000,run_3104668,g1_missing_t2w_v3,/public/home/zqchen/projects/ECNU_EYU_data/work_space/G1/code/brats2025-latent-ensemble-synthesis-main-v3/training/bbdm/bbdm_3056245/check_points/model_111105.pt,multi_modal,completion,0,,,,,,,42,True,116,163,100,185,40,82,167790,370,1.0,,0.0,0.0,1.0,,,,0.6880481541156769,0.49943846464157104,0.8766578435897827,,,,,1.1259982585906982,1.136820912361145,1.0069438219070435,0.04163202004763383,1.089920997619629,,0.8455538221528861,not_run,,,A,accepted_for_training,
BraTS-MET-00635-001,BraTS-MET-00635-001,BraTS-MET-00635-001,run_3104668,g1_missing_t2w_v3,/public/home/zqchen/projects/ECNU_EYU_data/work_space/G1/code/brats2025-latent-ensemble-synthesis-main-v3/training/bbdm/bbdm_3056245/check_points/model_111105.pt,multi_modal,completion,0,,,,,,,42,True,125,156,100,187,44,69,67425,6770,1.0,,0.0,0.0,1.0,,,,0.743699461221695,0.585913896560669,0.901485025882721,,,,,2.0953705310821533,0.8922365307807922,0.8028403520584106,0.014507908868011945,1.2634824713071187,,0.1781485468245425,not_run,,,A,accepted_for_training,
BraTS-MET-00636-000,BraTS-MET-00636-000,BraTS-MET-00636-000,run_3104668,g1_missing_t2w_v3,/public/home/zqchen/projects/ECNU_EYU_data/work_space/G1/code/brats2025-latent-ensemble-synthesis-main-v3/training/bbdm/bbdm_3056245/check_points/model_111105.pt,multi_modal,completion,0,,,,,,,42,True,98,164,72,141,16,79,286902,5054,1.0,,0.0,0.0,1.0,,,,0.7706901431083679,0.5923647880554199,0.9490154981613159,,,,,1.4693899154663086,1.0754508972167969,0.954204797744751,0.3972432055388859,1.1663485368092854,,0.3144905786226447,not_run,,,A,accepted_for_evaluation,
BraTS-MET-00636-001,BraTS-MET-00636-001,BraTS-MET-00636-001,run_3104668,g1_missing_t2w_v3,/public/home/zqchen/projects/ECNU_EYU_data/work_space/G1/code/brats2025-latent-ensemble-synthesis-main-v3/training/bbdm/bbdm_3056245/check_points/model_111105.pt,multi_modal,completion,0,,,,,,,42,True,92,224,64,178,28,89,917928,9390,1.0,,0.0,0.0,1.0,,,,0.7433348894119263,0.5795422792434692,0.9071274995803833,,,,,1.633246660232544,1.135494589805603,0.9771421551704407,0.17491385519531163,1.2486278017361958,,0.39637947229100845,not_run,,,A,accepted_for_evaluation,
BraTS-MET-00637-000,BraTS-MET-00637-000,BraTS-MET-00637-000,run_3104668,g1_missing_t2w_v3,/public/home/zqchen/projects/ECNU_EYU_data/work_space/G1/code/brats2025-latent-ensemble-synthesis-main-v3/training/bbdm/bbdm_3056245/check_points/model_111105.pt,multi_modal,completion,0,,,,,,,42,True,139,155,174,191,69,75,1632,6174,1.0,,0.0,0.0,1.0,,,,0.8248540163040161,0.7038167715072632,0.945891261100769,,,,,1.6467899084091187,0.8013944029808044,0.8472020030021667,-0.10313304843157162,1.0984621047973633,,0.11968935587026039,not_run,,,A,accepted_for_training,
BraTS-MET-00638-000,BraTS-MET-00638-000,BraTS-MET-00638-000,run_3104668,g1_missing_t2w_v3,/public/home/zqchen/projects/ECNU_EYU_data/work_space/G1/code/brats2025-latent-ensemble-synthesis-main-v3/training/bbdm/bbdm_3056245/check_points/model_111105.pt,multi_modal,completion,0,,,,,,,42,True,81,177,72,162,24,82,501120,95,1.0,,0.0,0.0,1.0,,,,0.7220897972583771,0.6222222447395325,0.8219573497772217,,,,,1.1336746215820312,,,0.09335945651168565,1.1336746215820312,,1.0,not_run,,,A,accepted_for_training,
BraTS-MET-00638-001,BraTS-MET-00638-001,BraTS-MET-00638-001,run_3104668,g1_missing_t2w_v3,/public/home/zqchen/projects/ECNU_EYU_data/work_space/G1/code/brats2025-latent-ensemble-synthesis-main-v3/training/bbdm/bbdm_3056245/check_points/model_111105.pt,multi_modal,completion,0,,,,,,,42,True,61,191,52,175,31,107,1215240,2145,1.0,,0.0,0.0,1.0,,,,0.6563135981559753,0.43130892515182495,0.8813182711601257,,,,,1.763634443283081,1.2456568479537964,1.212326169013977,0.016277419444580055,1.4072058200836182,,0.5020949720670391,not_run,,,A,accepted_for_training,
BraTS-MET-00639-000,BraTS-MET-00639-000,BraTS-MET-00639-000,run_3104668,g1_missing_t2w_v3,/public/home/zqchen/projects/ECNU_EYU_data/work_space/G1/code/brats2025-latent-ensemble-synthesis-main-v3/training/bbdm/bbdm_3056245/check_points/model_111105.pt,multi_modal,completion,0,,,,,,,42,True,118,282,104,288,13,69,1689856,5485,1.0,,0.0,0.0,1.0,,,,0.7668688595294952,0.6193668246269226,0.9143708944320679,,,,,1.6473675966262817,1.1259711980819702,1.049268126487732,0.08141510380452038,1.2742023070653279,,0.5149587112494923,not_run,,,A,accepted_for_training,
BraTS-MET-00639-001,BraTS-MET-00639-001,BraTS-MET-00639-001,run_3104668,g1_missing_t2w_v3,/public/home/zqchen/projects/ECNU_EYU_data/work_space/G1/code/brats2025-latent-ensemble-synthesis-main-v3/training/bbdm/bbdm_3056245/check_points/model_111105.pt,multi_modal,completion,0,,,,,,,42,True,68,228,103,252,19,93,1764160,1061,1.0,,0.0,0.0,1.0,,,,0.5945184528827667,0.3603915572166443,0.8286453485488892,,,,,1.7563343048095703,1.2039803266525269,1.0568219423294067,-0.03805984950603445,1.339045524597168,,0.7323775388291517,not_run,,,A,accepted_for_training,
BraTS-MET-00639-002,BraTS-MET-00639-002,BraTS-MET-00639-002,run_3104668,g1_missing_t2w_v3,/public/home/zqchen/projects/ECNU_EYU_data/work_space/G1/code/brats2025-latent-ensemble-synthesis-main-v3/training/bbdm/bbdm_3056245/check_points/model_111105.pt,multi_modal,completion,0,,,,,,,42,True,98,253,38,249,36,98,2027710,1221,1.0,,0.0,0.0,1.0,,,,0.6098434329032898,0.41706228256225586,0.8026245832443237,,,,,1.6212972402572632,1.379573106765747,1.0016236305236816,-0.01886218407370694,1.3341646591822307,,0.8214285714285714,not_run,,,A,accepted_for_training,
BraTS-MET-00639-003,BraTS-MET-00639-003,BraTS-MET-00639-003,run_3104668,g1_missing_t2w_v3,/public/home/zqchen/projects/ECNU_EYU_data/work_space/G1/code/brats2025-latent-ensemble-synthesis-main-v3/training/bbdm/bbdm_3056245/check_points/model_111105.pt,multi_modal,completion,0,,,,,,,42,True,110,258,108,259,51,94,960964,2135,1.0,,0.0,0.0,1.0,,,,0.6365222632884979,0.3932543992996216,0.8797901272773743,,,,,1.7045669555664062,1.1728599071502686,0.9925823211669922,0.0987951402006486,1.2900030612945557,,0.606396866840731,not_run,,,A,accepted_for_training,
BraTS-MET-00640-000,BraTS-MET-00640-000,BraTS-MET-00640-000,run_3104668,g1_missing_t2w_v3,/public/home/zqchen/projects/ECNU_EYU_data/work_space/G1/code/brats2025-latent-ensemble-synthesis-main-v3/training/bbdm/bbdm_3056245/check_points/model_111105.pt,multi_modal,completion,0,,,,,,,42,True,105,153,117,165,65,100,80640,83,1.0,,0.0,0.0,1.0,,,,0.5582454800605774,0.2666666507720947,0.8498243093490601,,,,,1.1787638664245605,0.9411771893501282,0.893864631652832,-0.031001072850180545,1.0046018958091736,,0.8391608391608392,not_run,,,A,accepted_for_training,
BraTS-MET-00641-001,BraTS-MET-00641-001,BraTS-MET-00641-001,run_3104668,g1_missing_t2w_v3,/public/home/zqchen/projects/ECNU_EYU_data/work_space/G1/code/brats2025-latent-ensemble-synthesis-main-v3/training/bbdm/bbdm_3056245/check_points/model_111105.pt,multi_modal,completion,0,,,,,,,42,True,83,173,93,136,53,100,181890,56281,1.0,,0.0,0.0,1.0,,,,0.89296954870224,0.8340573310852051,0.9518817663192749,,,,,1.5739794969558716,0.9835677742958069,0.9126003384590149,0.003376670977795907,1.1567158699035645,,0.10127692593154868,not_run,,,A,accepted_for_training,
BraTS-MET-00641-002,BraTS-MET-00641-002,BraTS-MET-00641-002,run_3104668,g1_missing_t2w_v3,/public/home/zqchen/projects/ECNU_EYU_data/work_space/G1/code/brats2025-latent-ensemble-synthesis-main-v3/training/bbdm/bbdm_3056245/check_points/model_111105.pt,multi_modal,completion,0,,,,,,,42,True,128,274,161,224,44,77,303534,88279,1.0,,0.0,0.0,1.0,,,,0.8502194583415985,0.7819259166717529,0.9185130000114441,,,,,2.0656840801239014,1.0072875022888184,0.9937277436256409,-0.04785155397266492,1.3555664420127869,,0.10602761180420721,not_run,,,A,accepted_for_training,
BraTS-MET-00642-000,BraTS-MET-00642-000,BraTS-MET-00642-000,run_3104668,g1_missing_t2w_v3,/public/home/zqchen/projects/ECNU_EYU_data/work_space/G1/code/brats2025-latent-ensemble-synthesis-main-v3/training/bbdm/bbdm_3056245/check_points/model_111105.pt,multi_modal,completion,0,,,,,,,42,True,345,356,287,299,24,25,132,98,1.0,,0.0,0.0,1.0,,,,,,,,,,,2.301136016845703,,,-0.020253757772758698,2.301136016845703,,1.0,not_run,,,A,accepted_for_training,
BraTS-MET-00643-000,BraTS-MET-00643-000,BraTS-MET-00643-000,run_3104668,g1_missing_t2w_v3,/public/home/zqchen/projects/ECNU_EYU_data/work_space/G1/code/brats2025-latent-ensemble-synthesis-main-v3/training/bbdm/bbdm_3056245/check_points/model_111105.pt,multi_modal,completion,0,,,,,,,42,True,135,143,235,245,48,53,400,1323,1.0,,0.0,0.0,1.0,,,,0.6712031066417694,0.487704873085022,0.8547013401985168,,,,,1.7177995443344116,0.9385364651679993,0.9759737253189087,0.02459301466001197,1.2107699116071065,,0.24302788844621515,not_run,,,A,accepted_for_training,
BraTS-MET-00644-000,BraTS-MET-00644-000,BraTS-MET-00644-000,run_3104668,g1_missing_t2w_v3,/public/home/zqchen/projects/ECNU_EYU_data/work_space/G1/code/brats2025-latent-ensemble-synthesis-main-v3/training/bbdm/bbdm_3056245/check_points/model_111105.pt,multi_modal,completion,0,,,,,,,42,True,78,246,49,239,24,85,1947120,61641,1.0,,0.0,0.0,1.0,,,,0.7634685039520264,0.6184099912643433,0.9085270166397095,,,,,2.5023117065429688,1.068475604057312,1.1382238864898682,-0.02838220238910233,1.5696703990300496,,0.08891782541970888,not_run,,,A,accepted_for_training,
BraTS-MET-00644-001,BraTS-MET-00644-001,BraTS-MET-00644-001,run_3104668,g1_missing_t2w_v3,/public/home/zqchen/projects/ECNU_EYU_data/work_space/G1/code/brats2025-latent-ensemble-synthesis-main-v3/training/bbdm/bbdm_3056245/check_points/model_111105.pt,multi_modal,completion,0,,,,,,,42,True,63,196,73,127,19,78,423738,8167,1.0,,0.0,0.0,1.0,,,,0.6808750331401825,0.5376995205879211,0.8240505456924438,,,,,2.579411745071411,0.9635153412818909,0.9854563474655151,0.018802424355738062,1.5094611446062725,,0.16017120973192162,not_run,,,A,accepted_for_training,
BraTS-MET-00645-000,BraTS-MET-00645-000,BraTS-MET-00645-000,run_3104668,g1_missing_t2w_v3,/public/home/zqchen/projects/ECNU_EYU_data/work_space/G1/code/brats2025-latent-ensemble-synthesis-main-v3/training/bbdm/bbdm_3056245/check_points/model_111105.pt,multi_modal,completion,0,,,,,,,42,True,81,188,45,176,20,89,967173,497,1.0,,0.0,0.0,1.0,,,,0.6785542666912079,0.4424441456794739,0.9146643877029419,,,,,1.291251301765442,,,-0.046840668514724106,1.291251301765442,,1.0,not_run,,,A,accepted_for_training,
BraTS-MET-00646-000,BraTS-MET-00646-000,BraTS-MET-00646-000,run_3104668,g1_missing_t2w_v3,/public/home/zqchen/projects/ECNU_EYU_data/work_space/G1/code/brats2025-latent-ensemble-synthesis-main-v3/training/bbdm/bbdm_3056245/check_points/model_111105.pt,multi_modal,completion,0,,,,,,,42,True,105,161,83,178,25,77,276640,72,1.0,,0.0,0.0,1.0,,,,0.6822369992733002,0.5844155550003052,0.7800584435462952,,,,,1.2151376008987427,1.1328314542770386,1.206792950630188,0.004752771961558581,1.1849206686019897,,0.7586206896551724,not_run,,,A,accepted_for_training,
BraTS-MET-00647-001,BraTS-MET-00647-001,BraTS-MET-00647-001,run_3104668,g1_missing_t2w_v3,/public/home/zqchen/projects/ECNU_EYU_data/work_space/G1/code/brats2025-latent-ensemble-synthesis-main-v3/training/bbdm/bbdm_3056245/check_points/model_111105.pt,multi_modal,completion,0,,,,,,,42,True,80,157,58,166,22,92,582120,5414,1.0,,0.0,0.0,1.0,,,,0.7320182919502258,0.5321531891822815,0.9318833947181702,,,,,1.2353559732437134,1.0669978857040405,1.0271724462509155,0.02900267754201132,1.1098421017328899,,0.22666229937766133,not_run,,,A,accepted_for_training,
BraTS-MET-00648-000,BraTS-MET-00648-000,BraTS-MET-00648-000,run_3104668,g1_missing_t2w_v3,/public/home/zqchen/projects/ECNU_EYU_data/work_space/G1/code/brats2025-latent-ensemble-synthesis-main-v3/training/bbdm/bbdm_3056245/check_points/model_111105.pt,multi_modal,completion,0,,,,,,,42,True,75,173,51,185,23,91,892976,1516,1.0,,0.0,0.0,1.0,,,,0.7656847238540649,0.6147494316101074,0.9166200160980225,,,,,1.1864055395126343,1.212316870689392,1.0164339542388916,0.3441015318532971,1.1383854548136394,,0.8365310821181888,not_run,,,A,accepted_for_training,
BraTS-MET-00648-001,BraTS-MET-00648-001,BraTS-MET-00648-001,run_3104668,g1_missing_t2w_v3,/public/home/zqchen/projects/ECNU_EYU_data/work_space/G1/code/brats2025-latent-ensemble-synthesis-main-v3/training/bbdm/bbdm_3056245/check_points/model_111105.pt,multi_modal,completion,0,,,,,,,42,True,66,200,40,197,24,101,1619926,919,1.0,,0.0,0.0,1.0,,,,0.6568169891834259,0.4332670569419861,0.8803669214248657,,,,,1.4747228622436523,,,0.1406208374079612,1.4747228622436523,,1.0,not_run,,,A,accepted_for_training,
BraTS-MET-00650-000,BraTS-MET-00650-000,BraTS-MET-00650-000,run_3104668,g1_missing_t2w_v3,/public/home/zqchen/projects/ECNU_EYU_data/work_space/G1/code/brats2025-latent-ensemble-synthesis-main-v3/training/bbdm/bbdm_3056245/check_points/model_111105.pt,multi_modal,completion,0,,,,,,,42,True,91,172,95,157,27,82,276210,7705,1.0,,0.0,0.0,1.0,,,,0.8310361802577972,0.728390634059906,0.9336817264556885,,,,,1.2923154830932617,1.222590446472168,1.032038688659668,0.15260103267324543,1.1823148727416992,,0.23925959780621572,not_run,,,A,accepted_for_training,
BraTS-MET-00653-003,BraTS-MET-00653-003,BraTS-MET-00653-003,run_3104668,g1_missing_t2w_v3,/public/home/zqchen/projects/ECNU_EYU_data/work_space/G1/code/brats2025-latent-ensemble-synthesis-main-v3/training/bbdm/bbdm_3056245/check_points/model_111105.pt,multi_modal,completion,0,,,,,,,42,True,134,281,135,283,37,76,848484,1213,1.0,,0.0,0.0,1.0,,,,0.6775144338607788,0.518153965473175,0.8368749022483826,,,,,1.5435665845870972,1.0935243368148804,0.919819176197052,-0.01834074454432076,1.1856366991996765,,0.7095744680851064,not_run,,,A,accepted_for_training,
BraTS-MET-00653-004,BraTS-MET-00653-004,BraTS-MET-00653-004,run_3104668,g1_missing_t2w_v3,/public/home/zqchen/projects/ECNU_EYU_data/work_space/G1/code/brats2025-latent-ensemble-synthesis-main-v3/training/bbdm/bbdm_3056245/check_points/model_111105.pt,multi_modal,completion,0,,,,,,,42,True,83,250,91,244,33,93,1533060,1818,1.0,,0.0,0.0,1.0,,,,0.6992365121841431,0.5276512503623962,0.8708217740058899,,,,,1.694939136505127,1.1985915899276733,1.0723154544830322,0.0008274351643263548,1.321948726971944,,0.7366226546212647,not_run,,,A,accepted_for_training,
BraTS-MET-00653-005,BraTS-MET-00653-005,BraTS-MET-00653-005,run_3104668,g1_missing_t2w_v3,/public/home/zqchen/projects/ECNU_EYU_data/work_space/G1/code/brats2025-latent-ensemble-synthesis-main-v3/training/bbdm/bbdm_3056245/check_points/model_111105.pt,multi_modal,completion,0,,,,,,,42,True,69,177,72,211,58,106,720576,2820,1.0,,0.0,0.0,1.0,,,,0.7726788818836212,0.6326174139976501,0.9127403497695923,,,,,1.6973265409469604,1.2138516902923584,1.128881573677063,-0.03326237930207876,1.346686601638794,,0.4188393608074012,not_run,,,A,accepted_for_training,
BraTS-MET-00653-006,BraTS-MET-00653-006,BraTS-MET-00653-006,run_3104668,g1_missing_t2w_v3,/public/home/zqchen/projects/ECNU_EYU_data/work_space/G1/code/brats2025-latent-ensemble-synthesis-main-v3/training/bbdm/bbdm_3056245/check_points/model_111105.pt,multi_modal,completion,0,,,,,,,42,True,60,195,70,219,18,96,1568970,3788,1.0,,0.0,0.0,1.0,,,,0.7112704217433929,0.5896964073181152,0.8328444361686707,,,,,1.816170573234558,1.1822543144226074,1.0702996253967285,0.025794848283416827,1.356241504351298,,0.5621560068324161,not_run,,,A,accepted_for_training,
BraTS-MET-00654-000,BraTS-MET-00654-000,BraTS-MET-00654-000,run_3104668,g1_missing_t2w_v3,/public/home/zqchen/projects/ECNU_EYU_data/work_space/G1/code/brats2025-latent-ensemble-synthesis-main-v3/training/bbdm/bbdm_3056245/check_points/model_111105.pt,multi_modal,completion,0,,,,,,,42,True,112,148,70,156,19,86,207432,126,1.0,,0.0,0.0,1.0,,,,0.7203123569488525,0.5529100298881531,0.887714684009552,,,,,1.1629356145858765,,,-0.01075627093242095,1.1629356145858765,,1.0,not_run,,,A,accepted_for_evaluation,
BraTS-MET-00654-001,BraTS-MET-00654-001,BraTS-MET-00654-001,run_3104668,g1_missing_t2w_v3,/public/home/zqchen/projects/ECNU_EYU_data/work_space/G1/code/brats2025-latent-ensemble-synthesis-main-v3/training/bbdm/bbdm_3056245/check_points/model_111105.pt,multi_modal,completion,0,,,,,,,42,True,90,175,56,169,31,79,461040,348,1.0,,0.0,0.0,1.0,,,,0.5880127549171448,0.32058823108673096,0.8554372787475586,,,,,1.3568710088729858,0.9730390906333923,0.8885990381240845,-0.005994131744037456,1.0728363792101543,,0.6563706563706564,not_run,,,A,accepted_for_evaluation,
BraTS-MET-00655-000,BraTS-MET-00655-000,BraTS-MET-00655-000,run_3104668,g1_missing_t2w_v3,/public/home/zqchen/projects/ECNU_EYU_data/work_space/G1/code/brats2025-latent-ensemble-synthesis-main-v3/training/bbdm/bbdm_3056245/check_points/model_111105.pt,multi_modal,completion,0,,,,,,,42,True,73,189,52,208,22,87,1176240,10413,1.0,,0.0,0.0,1.0,,,,0.7491047382354736,0.6086386442184448,0.8895708322525024,,,,,1.6481273174285889,1.0149109363555908,0.9671993255615234,-0.06298034637836582,1.2100791931152344,,0.5016188214979495,not_run,,,A,accepted_for_training,
BraTS-MET-00656-000,BraTS-MET-00656-000,BraTS-MET-00656-000,run_3104668,g1_missing_t2w_v3,/public/home/zqchen/projects/ECNU_EYU_data/work_space/G1/code/brats2025-latent-ensemble-synthesis-main-v3/training/bbdm/bbdm_3056245/check_points/model_111105.pt,multi_modal,completion,0,,,,,,,42,True,115,152,84,143,64,81,37111,26038,1.0,,0.0,0.0,1.0,,,,0.9031023383140564,0.8407756090164185,0.9654290676116943,,,,,1.5069258213043213,0.9028045535087585,0.8753757476806641,-0.18272547543464565,1.0950353741645813,,0.17322061248114498,not_run,,,A,accepted_for_training,
BraTS-MET-00656-001,BraTS-MET-00656-001,BraTS-MET-00656-001,run_3104668,g1_missing_t2w_v3,/public/home/zqchen/projects/ECNU_EYU_data/work_space/G1/code/brats2025-latent-ensemble-synthesis-main-v3/training/bbdm/bbdm_3056245/check_points/model_111105.pt,multi_modal,completion,0,,,,,,,42,True,65,185,59,196,36,75,641160,5303,1.0,,0.0,0.0,1.0,,,,0.7254728078842163,0.5632184147834778,0.8877272009849548,,,,,1.4211214780807495,1.0132646560668945,1.0171440839767456,-0.13759791684273268,1.1505100727081299,,0.17011732229123533,not_run,,,A,accepted_for_training,
BraTS-MET-00657-000,BraTS-MET-00657-000,BraTS-MET-00657-000,run_3104668,g1_missing_t2w_v3,/public/home/zqchen/projects/ECNU_EYU_data/work_space/G1/code/brats2025-latent-ensemble-synthesis-main-v3/training/bbdm/bbdm_3056245/check_points/model_111105.pt,multi_modal,completion,0,,,,,,,42,True,147,188,102,208,52,67,65190,9698,1.0,,0.0,0.0,1.0,,,,0.8583010733127594,0.7585607171058655,0.9580414295196533,,,,,2.0447535514831543,1.0456498861312866,0.9497148394584656,-0.05168719346357211,1.3467060923576355,,0.49666718338242133,not_run,,,A,accepted_for_training,
BraTS-MET-00658-000,BraTS-MET-00658-000,BraTS-MET-00658-000,run_3104668,g1_missing_t2w_v3,/public/home/zqchen/projects/ECNU_EYU_data/work_space/G1/code/brats2025-latent-ensemble-synthesis-main-v3/training/bbdm/bbdm_3056245/check_points/model_111105.pt,multi_modal,completion,0,,,,,,,42,True,88,243,101,254,49,84,830025,5754,1.0,,0.0,0.0,1.0,,,,0.7648824453353882,0.6388447284698486,0.8909201622009277,,,,,1.3349815607070923,1.1034806966781616,0.9970620274543762,-0.005375485223480775,1.14517476161321,,0.4448648648648649,not_run,,,A,accepted_for_training,
BraTS-MET-00658-001,BraTS-MET-00658-001,BraTS-MET-00658-001,run_3104668,g1_missing_t2w_v3,/public/home/zqchen/projects/ECNU_EYU_data/work_space/G1/code/brats2025-latent-ensemble-synthesis-main-v3/training/bbdm/bbdm_3056245/check_points/model_111105.pt,multi_modal,completion,0,,,,,,,42,True,86,238,65,245,29,87,1586880,33056,1.0,,0.0,0.0,1.0,,,,0.8177590668201447,0.6963630318641663,0.939155101776123,,,,,1.932181715965271,1.0179452896118164,1.00474214553833,-0.04785932328763091,1.3182897170384724,,0.17188364119013383,not_run,,,A,accepted_for_training,
BraTS-MET-00658-002,BraTS-MET-00658-002,BraTS-MET-00658-002,run_3104668,g1_missing_t2w_v3,/public/home/zqchen/projects/ECNU_EYU_data/work_space/G1/code/brats2025-latent-ensemble-synthesis-main-v3/training/bbdm/bbdm_3056245/check_points/model_111105.pt,multi_modal,completion,0,,,,,,,42,True,76,241,61,267,21,89,2311320,4692,1.0,,0.0,0.0,1.0,,,,0.7069247364997864,0.5426725149154663,0.8711769580841064,,,,,1.6155316829681396,1.178219199180603,1.0315552949905396,0.042825929759949394,1.2751020590464275,,0.7502996404314822,not_run,,,A,accepted_for_training,
BraTS-MET-00659-000,BraTS-MET-00659-000,BraTS-MET-00659-000,run_3104668,g1_missing_t2w_v3,/public/home/zqchen/projects/ECNU_EYU_data/work_space/G1/code/brats2025-latent-ensemble-synthesis-main-v3/training/bbdm/bbdm_3056245/check_points/model_111105.pt,multi_modal,completion,0,,,,,,,42,True,152,241,94,294,42,96,961200,34491,1.0,,0.0,0.0,1.0,,,,0.884829968214035,0.8112465143203735,0.9584134221076965,,,,,1.639405369758606,1.1529276371002197,1.0872747898101807,0.10172749357915824,1.2932025988896687,,0.5620361877762028,not_run,,,A,accepted_for_training,
BraTS-MET-00660-000,BraTS-MET-00660-000,BraTS-MET-00660-000,run_3104668,g1_missing_t2w_v3,/public/home/zqchen/projects/ECNU_EYU_data/work_space/G1/code/brats2025-latent-ensemble-synthesis-main-v3/training/bbdm/bbdm_3056245/check_points/model_111105.pt,multi_modal,completion,0,,,,,,,42,True,80,195,57,197,60,76,257600,7859,1.0,,0.0,0.0,1.0,,,,0.8462878167629242,0.7864406704902649,0.9061349630355835,,,,,2.6541597843170166,1.197493314743042,1.0752030611038208,0.04902987103696744,1.6422853867212932,,0.5297914133383219,not_run,,,A,accepted_for_training,
BraTS-MET-00661-000,BraTS-MET-00661-000,BraTS-MET-00661-000,run_3104668,g1_missing_t2w_v3,/public/home/zqchen/projects/ECNU_EYU_data/work_space/G1/code/brats2025-latent-ensemble-synthesis-main-v3/training/bbdm/bbdm_3056245/check_points/model_111105.pt,multi_modal,completion,0,,,,,,,42,True,144,172,115,146,94,119,21700,54033,1.0,,0.0,0.0,1.0,,,,0.9173555970191956,0.8625603914260864,0.9721508026123047,,,,,2.453681707382202,0.9573975205421448,0.9390510320663452,-0.11757128103509908,1.4500434199968975,,0.27530403140859905,not_run,,,A,accepted_for_training,
BraTS-MET-00663-001,BraTS-MET-00663-001,BraTS-MET-00663-001,run_3104668,g1_missing_t2w_v3,/public/home/zqchen/projects/ECNU_EYU_data/work_space/G1/code/brats2025-latent-ensemble-synthesis-main-v3/training/bbdm/bbdm_3056245/check_points/model_111105.pt,multi_modal,completion,0,,,,,,,42,True,94,234,47,239,15,93,2096640,46747,1.0,,0.0,0.0,1.0,,,,0.7830310165882111,0.6247395277023315,0.9413225054740906,,,,,1.7515075206756592,1.3748918771743774,1.1448347568511963,0.047914753997461534,1.4237447182337444,,0.22756829513355703,not_run,,,A,accepted_for_evaluation,
BraTS-MET-00663-002,BraTS-MET-00663-002,BraTS-MET-00663-002,run_3104668,g1_missing_t2w_v3,/public/home/zqchen/projects/ECNU_EYU_data/work_space/G1/code/brats2025-latent-ensemble-synthesis-main-v3/training/bbdm/bbdm_3056245/check_points/model_111105.pt,multi_modal,completion,0,,,,,,,42,True,83,175,34,187,28,94,929016,26370,1.0,,0.0,0.0,1.0,,,,0.7064540684223175,0.49509668350219727,0.9178114533424377,,,,,1.6486966609954834,1.0694174766540527,1.0164505243301392,0.0225698418271681,1.2448548873265584,,0.12506665718653348,not_run,,,A,accepted_for_evaluation,
BraTS-MET-00663-003,BraTS-MET-00663-003,BraTS-MET-00663-003,run_3104668,g1_missing_t2w_v3,/public/home/zqchen/projects/ECNU_EYU_data/work_space/G1/code/brats2025-latent-ensemble-synthesis-main-v3/training/bbdm/bbdm_3056245/check_points/model_111105.pt,multi_modal,completion,0,,,,,,,42,True,82,175,47,212,11,87,1166220,55504,1.0,,0.0,0.0,1.0,,,,0.8184272646903992,0.6883772611618042,0.9484772682189941,,,,,1.5895668268203735,1.1095589399337769,1.037448763847351,-0.1082841777472212,1.2455248435338337,,0.1866771211081708,not_run,,,A,accepted_for_evaluation,
BraTS-MET-00663-004,BraTS-MET-00663-004,BraTS-MET-00663-004,run_3104668,g1_missing_t2w_v3,/public/home/zqchen/projects/ECNU_EYU_data/work_space/G1/code/brats2025-latent-ensemble-synthesis-main-v3/training/bbdm/bbdm_3056245/check_points/model_111105.pt,multi_modal,completion,0,,,,,,,42,True,92,209,49,247,9,90,1876446,51137,1.0,,0.0,0.0,1.0,,,,0.8485319912433624,0.7524760365486145,0.9445879459381104,,,,,1.5133082866668701,1.1624640226364136,1.108344554901123,-0.08398409883471213,1.2613722880681355,,0.30467286621247536,not_run,,,A,accepted_for_evaluation,
BraTS-MET-00664-000,BraTS-MET-00664-000,BraTS-MET-00664-000,run_3104668,g1_missing_t2w_v3,/public/home/zqchen/projects/ECNU_EYU_data/work_space/G1/code/brats2025-latent-ensemble-synthesis-main-v3/training/bbdm/bbdm_3056245/check_points/model_111105.pt,multi_modal,completion,0,,,,,,,42,True,97,161,68,185,41,81,299520,1005,1.0,,0.0,0.0,1.0,,,,0.6447517573833466,0.4029739499092102,0.8865295648574829,,,,,1.545086145401001,0.9917705655097961,0.9223411679267883,-0.17640932876057294,1.1530659596125286,,0.42229199372056514,not_run,,,A,accepted_for_training,
BraTS-MET-00664-001,BraTS-MET-00664-001,BraTS-MET-00664-001,run_3104668,g1_missing_t2w_v3,/public/home/zqchen/projects/ECNU_EYU_data/work_space/G1/code/brats2025-latent-ensemble-synthesis-main-v3/training/bbdm/bbdm_3056245/check_points/model_111105.pt,multi_modal,completion,0,,,,,,,42,True,86,159,72,190,20,77,490998,2015,1.0,,0.0,0.0,1.0,,,,0.6586368083953857,0.48166877031326294,0.8356048464775085,,,,,1.469140887260437,0.9594065546989441,0.9916716814041138,-0.08357809147502482,1.140073041121165,,0.28802039082412917,not_run,,,A,accepted_for_training,
BraTS-MET-00665-000,BraTS-MET-00665-000,BraTS-MET-00665-000,run_3104668,g1_missing_t2w_v3,/public/home/zqchen/projects/ECNU_EYU_data/work_space/G1/code/brats2025-latent-ensemble-synthesis-main-v3/training/bbdm/bbdm_3056245/check_points/model_111105.pt,multi_modal,completion,0,,,,,,,42,True,65,164,42,128,23,95,613008,12297,1.0,,0.0,0.0,1.0,,,,0.8524063527584076,0.7968378067016602,0.907974898815155,,,,,1.4684343338012695,1.145307183265686,1.1978909969329834,-0.09717231280692921,1.270544171333313,,0.7243775933609958,not_run,,,A,accepted_for_training,
BraTS-MET-00666-000,BraTS-MET-00666-000,BraTS-MET-00666-000,run_3104668,g1_missing_t2w_v3,/public/home/zqchen/projects/ECNU_EYU_data/work_space/G1/code/brats2025-latent-ensemble-synthesis-main-v3/training/bbdm/bbdm_3056245/check_points/model_111105.pt,multi_modal,completion,0,,,,,,,42,True,61,199,28,204,30,106,1845888,14048,1.0,,0.0,0.0,1.0,,,,0.8376293778419495,0.7379127740859985,0.9373459815979004,,,,,1.8204766511917114,1.1220816373825073,1.0787230730056763,0.08679678795807,1.3404271205266316,,0.7045370711914423,not_run,,,A,accepted_for_training,
BraTS-MET-00667-000,BraTS-MET-00667-000,BraTS-MET-00667-000,run_3104668,g1_missing_t2w_v3,/public/home/zqchen/projects/ECNU_EYU_data/work_space/G1/code/brats2025-latent-ensemble-synthesis-main-v3/training/bbdm/bbdm_3056245/check_points/model_111105.pt,multi_modal,completion,0,,,,,,,42,True,171,281,137,303,33,53,365200,5432,1.0,,0.0,0.0,1.0,,,,0.756942629814148,0.6039916276931763,0.9098936319351196,,,,,1.705183982849121,0.9099071621894836,0.9683334827423096,0.17731450562941284,1.1944748759269714,,0.3594080338266385,not_run,,,A,accepted_for_training,
BraTS-MET-00668-000,BraTS-MET-00668-000,BraTS-MET-00668-000,run_3104668,g1_missing_t2w_v3,/public/home/zqchen/projects/ECNU_EYU_data/work_space/G1/code/brats2025-latent-ensemble-synthesis-main-v3/training/bbdm/bbdm_3056245/check_points/model_111105.pt,multi_modal,completion,0,,,,,,,42,True,58,190,66,223,22,89,1388508,119160,1.0,,0.0,0.0,1.0,,,,0.8538365960121155,0.7573041319847107,0.9503690600395203,,,,,2.1756553649902344,1.1914231777191162,1.1692231893539429,-0.03057111608467446,1.5121005773544312,,0.14536964980544748,not_run,,,A,accepted_for_training,
BraTS-MET-00669-000,BraTS-MET-00669-000,BraTS-MET-00669-000,run_3104668,g1_missing_t2w_v3,/public/home/zqchen/projects/ECNU_EYU_data/work_space/G1/code/brats2025-latent-ensemble-synthesis-main-v3/training/bbdm/bbdm_3056245/check_points/model_111105.pt,multi_modal,completion,0,,,,,,,42,True,71,177,101,186,30,85,495550,4434,1.0,,0.0,0.0,1.0,,,,0.7880800068378448,0.6199071407318115,0.9562528729438782,,,,,1.4342992305755615,1.0903865098953247,1.0039633512496948,-0.180207828445859,1.1762163639068604,,0.6257554625755463,not_run,,,A,accepted_for_training,
BraTS-MET-00670-000,BraTS-MET-00670-000,BraTS-MET-00670-000,run_3104668,g1_missing_t2w_v3,/public/home/zqchen/projects/ECNU_EYU_data/work_space/G1/code/brats2025-latent-ensemble-synthesis-main-v3/training/bbdm/bbdm_3056245/check_points/model_111105.pt,multi_modal,completion,0,,,,,,,42,True,66,244,49,263,19,86,2552164,4666,1.0,,0.0,0.0,1.0,,,,0.7201586961746216,0.5639150142669678,0.8764023780822754,,,,,1.3487926721572876,1.22007417678833,1.1520172357559204,0.07046767901595645,1.2402946949005127,,0.8301366428481886,not_run,,,A,accepted_for_training,
BraTS-MET-00671-000,BraTS-MET-00671-000,BraTS-MET-00671-000,run_3104668,g1_missing_t2w_v3,/public/home/zqchen/projects/ECNU_EYU_data/work_space/G1/code/brats2025-latent-ensemble-synthesis-main-v3/training/bbdm/bbdm_3056245/check_points/model_111105.pt,multi_modal,completion,0,,,,,,,42,True,100,221,68,227,16,58,808038,16453,1.0,,0.0,0.0,1.0,,,,0.7771206498146057,0.6457425951957703,0.9084987044334412,,,,,1.5798485279083252,1.426228642463684,1.285898208618164,0.010936872965125188,1.4306584596633911,,0.5099619634124253,not_run,,,A,accepted_for_evaluation,
BraTS-MET-00672-000,BraTS-MET-00672-000,BraTS-MET-00672-000,run_3104668,g1_missing_t2w_v3,/public/home/zqchen/projects/ECNU_EYU_data/work_space/G1/code/brats2025-latent-ensemble-synthesis-main-v3/training/bbdm/bbdm_3056245/check_points/model_111105.pt,multi_modal,completion,0,,,,,,,42,True,226,237,141,154,14,18,572,1847,1.0,,0.0,0.0,1.0,,,,0.7473963797092438,0.698113203048706,0.7966795563697815,,,,,1.52311372756958,0.9848427176475525,1.0042574405670166,-0.019255954450892492,1.1707379619280498,,0.2937644341801386,not_run,,,A,accepted_for_training,
BraTS-MET-00673-000,BraTS-MET-00673-000,BraTS-MET-00673-000,run_3104668,g1_missing_t2w_v3,/public/home/zqchen/projects/ECNU_EYU_data/work_space/G1/code/brats2025-latent-ensemble-synthesis-main-v3/training/bbdm/bbdm_3056245/check_points/model_111105.pt,multi_modal,completion,0,,,,,,,42,True,87,92,122,128,38,42,120,140,1.0,,0.0,0.0,1.0,,,,0.5181027054786682,0.29032260179519653,0.7458828091621399,,,,,1.6598403453826904,0.9921636581420898,0.9604319930076599,-0.05970847388639644,1.20414533217748,,0.6138613861386139,not_run,,,A,accepted_for_evaluation,
BraTS-MET-00674-000,BraTS-MET-00674-000,BraTS-MET-00674-000,run_3104668,g1_missing_t2w_v3,/public/home/zqchen/projects/ECNU_EYU_data/work_space/G1/code/brats2025-latent-ensemble-synthesis-main-v3/training/bbdm/bbdm_3056245/check_points/model_111105.pt,multi_modal,completion,0,,,,,,,42,True,154,284,146,294,19,76,1096680,2106,1.0,,0.0,0.0,1.0,,,,0.6788984537124634,0.4531657099723816,0.9046311974525452,,,,,1.8781633377075195,1.2304668426513672,1.1832945346832275,0.22876061157265157,1.4306415716807048,,0.8668280871670703,not_run,,,A,accepted_for_evaluation,
BraTS-MET-00675-000,BraTS-MET-00675-000,BraTS-MET-00675-000,run_3104668,g1_missing_t2w_v3,/public/home/zqchen/projects/ECNU_EYU_data/work_space/G1/code/brats2025-latent-ensemble-synthesis-main-v3/training/bbdm/bbdm_3056245/check_points/model_111105.pt,multi_modal,completion,0,,,,,,,42,True,88,105,99,125,85,95,4420,3337,1.0,,0.0,0.0,1.0,,,,0.8351949453353882,0.7299839854240417,0.9404059052467346,,,,,1.5695525407791138,1.1108243465423584,1.0530554056167603,0.1560913450231297,1.2444774309794109,,0.5227976980965029,not_run,,,A,accepted_for_training,
BraTS-MET-00676-000,BraTS-MET-00676-000,BraTS-MET-00676-000,run_3104668,g1_missing_t2w_v3,/public/home/zqchen/projects/ECNU_EYU_data/work_space/G1/code/brats2025-latent-ensemble-synthesis-main-v3/training/bbdm/bbdm_3056245/check_points/model_111105.pt,multi_modal,completion,0,,,,,,,42,True,99,177,72,138,27,77,257400,17694,1.0,,0.0,0.0,1.0,,,,0.8148592710494995,0.7314514517784119,0.8982670903205872,,,,,1.154354453086853,1.027307391166687,0.9692550897598267,0.056725424626225505,1.0503056446711223,,0.2107392051774699,not_run,,,A,accepted_for_training,
BraTS-MET-00677-000,BraTS-MET-00677-000,BraTS-MET-00677-000,run_3104668,g1_missing_t2w_v3,/public/home/zqchen/projects/ECNU_EYU_data/work_space/G1/code/brats2025-latent-ensemble-synthesis-main-v3/training/bbdm/bbdm_3056245/check_points/model_111105.pt,multi_modal,completion,0,,,,,,,42,True,85,217,27,256,33,82,1481172,17112,1.0,,0.0,0.0,1.0,,,,0.831409752368927,0.7126342058181763,0.9501852989196777,,,,,1.8511767387390137,1.1671775579452515,1.0434705018997192,-0.08639538719365608,1.3539415995279949,,0.5262251313409698,not_run,,,A,accepted_for_training,
BraTS-MET-00678-000,BraTS-MET-00678-000,BraTS-MET-00678-000,run_3104668,g1_missing_t2w_v3,/public/home/zqchen/projects/ECNU_EYU_data/work_space/G1/code/brats2025-latent-ensemble-synthesis-main-v3/training/bbdm/bbdm_3056245/check_points/model_111105.pt,multi_modal,completion,0,,,,,,,42,True,100,166,68,184,26,78,398112,1203,1.0,,0.0,0.0,1.0,,,,0.8061364889144897,0.719144344329834,0.8931286334991455,,,,,1.1975924968719482,1.0917397737503052,1.0281563997268677,0.04369577642738925,1.1058295567830403,,0.7667862634546386,not_run,,,A,accepted_for_training,
BraTS-MET-00679-000,BraTS-MET-00679-000,BraTS-MET-00679-000,run_3104668,g1_missing_t2w_v3,/public/home/zqchen/projects/ECNU_EYU_data/work_space/G1/code/brats2025-latent-ensemble-synthesis-main-v3/training/bbdm/bbdm_3056245/check_points/model_111105.pt,multi_modal,completion,0,,,,,,,42,True,103,234,76,224,26,91,1260220,8450,1.0,,0.0,0.0,1.0,,,,0.8118926286697388,0.692835807800293,0.9309494495391846,,,,,1.662415623664856,1.0796043872833252,1.007541537284851,-0.06639636055416968,1.2498538494110107,,0.5532060611249037,not_run,,,A,accepted_for_evaluation,
BraTS-MET-00680-000,BraTS-MET-00680-000,BraTS-MET-00680-000,run_3104668,g1_missing_t2w_v3,/public/home/zqchen/projects/ECNU_EYU_data/work_space/G1/code/brats2025-latent-ensemble-synthesis-main-v3/training/bbdm/bbdm_3056245/check_points/model_111105.pt,multi_modal,completion,0,,,,,,,42,True,111,125,159,173,47,58,2156,2553,1.0,,0.0,0.0,1.0,,,,0.8504195809364319,0.7658263444900513,0.9350128173828125,,,,,1.419661283493042,1.0206516981124878,0.9751356244087219,0.026685844049368673,1.1384828686714172,,0.5910596026490066,not_run,,,A,accepted_for_training,
BraTS-MET-00681-000,BraTS-MET-00681-000,BraTS-MET-00681-000,run_3104668,g1_missing_t2w_v3,/public/home/zqchen/projects/ECNU_EYU_data/work_space/G1/code/brats2025-latent-ensemble-synthesis-main-v3/training/bbdm/bbdm_3056245/check_points/model_111105.pt,multi_modal,completion,0,,,,,,,42,True,74,198,73,213,14,97,1440880,912,1.0,,0.0,0.0,1.0,,,,0.6404494345188141,0.42907166481018066,0.8518272042274475,,,,,1.5851984024047852,1.1929844617843628,1.0567396879196167,0.07845008622087729,1.2783075173695881,,0.8047182175622543,not_run,,,A,accepted_for_training,
BraTS-MET-00682-001,BraTS-MET-00682-001,BraTS-MET-00682-001,run_3104668,g1_missing_t2w_v3,/public/home/zqchen/projects/ECNU_EYU_data/work_space/G1/code/brats2025-latent-ensemble-synthesis-main-v3/training/bbdm/bbdm_3056245/check_points/model_111105.pt,multi_modal,completion,0,,,,,,,42,True,86,185,51,189,14,82,929016,47082,1.0,,0.0,0.0,1.0,,,,0.8423448801040649,0.724989652633667,0.9597001075744629,,,,,1.9688987731933594,1.2866641283035278,1.186310887336731,-0.02551228033244618,1.4806245962778728,,0.25091017163236495,not_run,,,A,accepted_for_evaluation,
BraTS-MET-00683-000,BraTS-MET-00683-000,BraTS-MET-00683-000,run_3104668,g1_missing_t2w_v3,/public/home/zqchen/projects/ECNU_EYU_data/work_space/G1/code/brats2025-latent-ensemble-synthesis-main-v3/training/bbdm/bbdm_3056245/check_points/model_111105.pt,multi_modal,completion,0,,,,,,,42,True,105,153,58,188,44,100,349440,9434,1.0,,0.0,0.0,1.0,,,,0.7555129826068878,0.5790094137191772,0.9320165514945984,,,,,2.142728567123413,1.0094122886657715,0.953370213508606,0.12762616780959468,1.3685036897659302,,0.13612565445026178,not_run,,,A,accepted_for_evaluation,
BraTS-MET-00684-000,BraTS-MET-00684-000,BraTS-MET-00684-000,run_3104668,g1_missing_t2w_v3,/public/home/zqchen/projects/ECNU_EYU_data/work_space/G1/code/brats2025-latent-ensemble-synthesis-main-v3/training/bbdm/bbdm_3056245/check_points/model_111105.pt,multi_modal,completion,0,,,,,,,42,True,146,204,209,268,39,61,75284,91945,1.0,,0.0,0.0,1.0,,,,0.9229325354099274,0.8727387189865112,0.9731263518333435,,,,,1.9950225353240967,1.1670295000076294,1.074935793876648,-0.19538180330339808,1.4123292764027913,,0.5751036379838054,not_run,,,A,accepted_for_training,
BraTS-MET-00684-001,BraTS-MET-00684-001,BraTS-MET-00684-001,run_3104668,g1_missing_t2w_v3,/public/home/zqchen/projects/ECNU_EYU_data/work_space/G1/code/brats2025-latent-ensemble-synthesis-main-v3/training/bbdm/bbdm_3056245/check_points/model_111105.pt,multi_modal,completion,0,,,,,,,42,True,257,328,253,324,19,33,70574,92629,1.0,,0.0,0.0,1.0,,,,0.8822475969791412,0.8006668090820312,0.9638283848762512,,,,,1.581767201423645,1.1302067041397095,0.9998944997787476,0.29780802452248367,1.2372894684473674,,0.5479527213443692,not_run,,,A,accepted_for_training,
BraTS-MET-00686-000,BraTS-MET-00686-000,BraTS-MET-00686-000,run_3104668,g1_missing_t2w_v3,/public/home/zqchen/projects/ECNU_EYU_data/work_space/G1/code/brats2025-latent-ensemble-synthesis-main-v3/training/bbdm/bbdm_3056245/check_points/model_111105.pt,multi_modal,completion,0,,,,,,,42,True,135,152,135,152,78,90,3468,16901,1.0,,0.0,0.0,1.0,,,,0.8943694829940796,0.8130897283554077,0.9756492376327515,,,,,1.5443843603134155,1.0177983045578003,0.93461012840271,0.00020807417652179971,1.1655975977579753,,0.19453049887832496,not_run,,,A,accepted_for_training,
BraTS-MET-00687-000,BraTS-MET-00687-000,BraTS-MET-00687-000,run_3104668,g1_missing_t2w_v3,/public/home/zqchen/projects/ECNU_EYU_data/work_space/G1/code/brats2025-latent-ensemble-synthesis-main-v3/training/bbdm/bbdm_3056245/check_points/model_111105.pt,multi_modal,completion,0,,,,,,,42,True,80,123,129,144,60,73,8385,470,1.0,,0.0,0.0,1.0,,,,0.8228749334812164,0.7511600852012634,0.8945897817611694,,,,,1.5045937299728394,1.3142743110656738,0.7859089970588684,0.21826615764736024,1.2015923460324605,,0.9567147613762487,not_run,,,A,accepted_for_training,
BraTS-MET-00688-000,BraTS-MET-00688-000,BraTS-MET-00688-000,run_3104668,g1_missing_t2w_v3,/public/home/zqchen/projects/ECNU_EYU_data/work_space/G1/code/brats2025-latent-ensemble-synthesis-main-v3/training/bbdm/bbdm_3056245/check_points/model_111105.pt,multi_modal,completion,0,,,,,,,42,True,98,230,59,257,26,100,1934064,119800,1.0,,0.0,0.0,1.0,,,,0.8584149479866028,0.7606977820396423,0.9561321139335632,,,,,2.3417763710021973,1.1461353302001953,1.0576411485671997,-0.055408066029050594,1.5151842832565308,,0.11042499664829142,not_run,,,A,accepted_for_training,
BraTS-MET-00689-000,BraTS-MET-00689-000,BraTS-MET-00689-000,run_3104668,g1_missing_t2w_v3,/public/home/zqchen/projects/ECNU_EYU_data/work_space/G1/code/brats2025-latent-ensemble-synthesis-main-v3/training/bbdm/bbdm_3056245/check_points/model_111105.pt,multi_modal,completion,0,,,,,,,42,True,155,267,140,264,39,81,583296,21198,1.0,,0.0,0.0,1.0,,,,0.7222279906272888,0.5473002195358276,0.89715576171875,,,,,1.9139021635055542,1.1969186067581177,1.098059892654419,0.2450526000648723,1.402960220972697,,0.08370999819200868,not_run,,,A,accepted_for_training,
BraTS-MET-00689-001,BraTS-MET-00689-001,BraTS-MET-00689-001,run_3104668,g1_missing_t2w_v3,/public/home/zqchen/projects/ECNU_EYU_data/work_space/G1/code/brats2025-latent-ensemble-synthesis-main-v3/training/bbdm/bbdm_3056245/check_points/model_111105.pt,multi_modal,completion,0,,,,,,,42,True,58,187,23,202,34,111,1778007,9733,1.0,,0.0,0.0,1.0,,,,0.810905784368515,0.6742604970932007,0.9475510716438293,,,,,1.489876627922058,1.123334527015686,1.0544114112854004,-0.05261445646124439,1.2225408554077148,,0.600071916576771,not_run,,,A,accepted_for_training,
BraTS-MET-00690-000,BraTS-MET-00690-000,BraTS-MET-00690-000,run_3104668,g1_missing_t2w_v3,/public/home/zqchen/projects/ECNU_EYU_data/work_space/G1/code/brats2025-latent-ensemble-synthesis-main-v3/training/bbdm/bbdm_3056245/check_points/model_111105.pt,multi_modal,completion,0,,,,,,,42,True,142,195,41,140,53,101,251856,106210,1.0,,0.0,0.0,1.0,,,,0.8484334945678711,0.7571761608123779,0.9396908283233643,,,,,2.646692991256714,1.0335843563079834,1.1277509927749634,-0.09628710662787233,1.6026761134465535,,0.08449434149420623,not_run,,,A,accepted_for_training,
BraTS-MET-00691-000,BraTS-MET-00691-000,BraTS-MET-00691-000,run_3104668,g1_missing_t2w_v3,/public/home/zqchen/projects/ECNU_EYU_data/work_space/G1/code/brats2025-latent-ensemble-synthesis-main-v3/training/bbdm/bbdm_3056245/check_points/model_111105.pt,multi_modal,completion,0,,,,,,,42,True,149,270,183,292,45,57,158268,1157,1.0,,0.0,0.0,1.0,,,,0.6528288125991821,0.43669599294662476,0.8689616322517395,,,,,1.4653745889663696,1.005656123161316,0.920708954334259,0.0628047237892067,1.1305798888206482,,0.3084795321637427,not_run,,,A,accepted_for_training,
BraTS-MET-00691-001,BraTS-MET-00691-001,BraTS-MET-00691-001,run_3104668,g1_missing_t2w_v3,/public/home/zqchen/projects/ECNU_EYU_data/work_space/G1/code/brats2025-latent-ensemble-synthesis-main-v3/training/bbdm/bbdm_3056245/check_points/model_111105.pt,multi_modal,completion,0,,,,,,,42,True,141,373,81,380,15,54,2705352,34155,1.0,,0.0,0.0,1.0,,,,0.7514641880989075,0.6041476726531982,0.8987807035446167,,,,,1.2856553792953491,1.1073806285858154,1.090686559677124,0.38467842842669936,1.161240855852763,,0.8295666775182907,not_run,,,A,accepted_for_training,
BraTS-MET-00692-000,BraTS-MET-00692-000,BraTS-MET-00692-000,run_3104668,g1_missing_t2w_v3,/public/home/zqchen/projects/ECNU_EYU_data/work_space/G1/code/brats2025-latent-ensemble-synthesis-main-v3/training/bbdm/bbdm_3056245/check_points/model_111105.pt,multi_modal,completion,0,,,,,,,42,True,75,180,37,192,40,92,846300,31463,1.0,,0.0,0.0,1.0,,,,0.8572024703025818,0.7832486033439636,0.9311563372612,,,,,1.5702602863311768,1.0550447702407837,1.058774471282959,0.43090367316421835,1.2280265092849731,,0.25462513521759633,not_run,,,A,accepted_for_training,
BraTS-MET-00694-001,BraTS-MET-00694-001,BraTS-MET-00694-001,run_3104668,g1_missing_t2w_v3,/public/home/zqchen/projects/ECNU_EYU_data/work_space/G1/code/brats2025-latent-ensemble-synthesis-main-v3/training/bbdm/bbdm_3056245/check_points/model_111105.pt,multi_modal,completion,0,,,,,,,42,True,102,155,48,150,21,85,345984,4840,1.0,,0.0,0.0,1.0,,,,0.6958347260951996,0.5504933595657349,0.8411760926246643,,,,,1.3169195652008057,1.072475552558899,1.0515416860580444,-0.03480136302042041,1.1469789346059163,,0.27666013886416235,not_run,,,A,accepted_for_training,
BraTS-MET-00694-002,BraTS-MET-00694-002,BraTS-MET-00694-002,run_3104668,g1_missing_t2w_v3,/public/home/zqchen/projects/ECNU_EYU_data/work_space/G1/code/brats2025-latent-ensemble-synthesis-main-v3/training/bbdm/bbdm_3056245/check_points/model_111105.pt,multi_modal,completion,0,,,,,,,42,True,107,198,55,148,29,81,440076,20364,1.0,,0.0,0.0,1.0,,,,0.7883371114730835,0.6816301345825195,0.8950440883636475,,,,,1.4503910541534424,1.0048878192901611,1.003862977027893,-0.04913829058806577,1.1530472834904988,,0.2076310346345113,not_run,,,A,accepted_for_training,
BraTS-MET-00695-001,BraTS-MET-00695-001,BraTS-MET-00695-001,run_3104668,g1_missing_t2w_v3,/public/home/zqchen/projects/ECNU_EYU_data/work_space/G1/code/brats2025-latent-ensemble-synthesis-main-v3/training/bbdm/bbdm_3056245/check_points/model_111105.pt,multi_modal,completion,0,,,,,,,42,True,77,170,80,190,14,95,828630,2380,1.0,,0.0,0.0,1.0,,,,0.716527134180069,0.5426229238510132,0.8904313445091248,,,,,1.2318899631500244,1.185276985168457,1.2076901197433472,0.38038992603429606,1.2082856893539429,,0.3403068340306834,not_run,,,A,accepted_for_training,
BraTS-MET-00696-000,BraTS-MET-00696-000,BraTS-MET-00696-000,run_3104668,g1_missing_t2w_v3,/public/home/zqchen/projects/ECNU_EYU_data/work_space/G1/code/brats2025-latent-ensemble-synthesis-main-v3/training/bbdm/bbdm_3056245/check_points/model_111105.pt,multi_modal,completion,0,,,,,,,42,True,113,167,50,124,41,86,179820,53,1.0,,0.0,0.0,1.0,,,,0.5293745994567871,0.2872117757797241,0.7715374231338501,,,,,1.4287538528442383,,,-0.16612260101507703,1.4287538528442383,,1.0,not_run,,,A,accepted_for_training,
BraTS-MET-00697-000,BraTS-MET-00697-000,BraTS-MET-00697-000,run_3104668,g1_missing_t2w_v3,/public/home/zqchen/projects/ECNU_EYU_data/work_space/G1/code/brats2025-latent-ensemble-synthesis-main-v3/training/bbdm/bbdm_3056245/check_points/model_111105.pt,multi_modal,completion,0,,,,,,,42,True,74,188,35,163,46,88,612864,76144,1.0,,0.0,0.0,1.0,,,,0.9396767914295197,0.9016969799995422,0.9776566028594971,,,,,1.9985929727554321,1.0711092948913574,1.0368127822875977,-0.06373042416158183,1.3688383499781291,,0.5833674418604651,not_run,,,A,accepted_for_training,
BraTS-MET-00698-000,BraTS-MET-00698-000,BraTS-MET-00698-000,run_3104668,g1_missing_t2w_v3,/public/home/zqchen/projects/ECNU_EYU_data/work_space/G1/code/brats2025-latent-ensemble-synthesis-main-v3/training/bbdm/bbdm_3056245/check_points/model_111105.pt,multi_modal,completion,0,,,,,,,42,True,124,261,143,224,23,43,221940,6367,1.0,,0.0,0.0,1.0,,,,0.8242499828338623,0.722702145576477,0.9257978200912476,,,,,1.6837687492370605,1.113908290863037,1.1522406339645386,0.06944357406212255,1.3166392246882122,,0.755837811431363,not_run,,,A,accepted_for_evaluation,
BraTS-MET-00700-000,BraTS-MET-00700-000,BraTS-MET-00700-000,run_3104668,g1_missing_t2w_v3,/public/home/zqchen/projects/ECNU_EYU_data/work_space/G1/code/brats2025-latent-ensemble-synthesis-main-v3/training/bbdm/bbdm_3056245/check_points/model_111105.pt,multi_modal,completion,0,,,,,,,42,True,72,202,62,194,25,95,1201200,584,1.0,,0.0,0.0,1.0,,,,0.6262342035770416,0.39178580045700073,0.8606826066970825,,,,,1.6644855737686157,1.0527645349502563,0.9514303803443909,0.024690074467446557,1.222893496354421,,0.8682170542635659,not_run,,,A,accepted_for_training,
BraTS-MET-00700-001,BraTS-MET-00700-001,BraTS-MET-00700-001,run_3104668,g1_missing_t2w_v3,/public/home/zqchen/projects/ECNU_EYU_data/work_space/G1/code/brats2025-latent-ensemble-synthesis-main-v3/training/bbdm/bbdm_3056245/check_points/model_111105.pt,multi_modal,completion,0,,,,,,,42,True,149,352,104,298,54,146,3623144,2217,1.0,,0.0,0.0,1.0,,,,0.777505487203598,0.6509982943534851,0.9040126800537109,,,,,1.3020515441894531,1.1583760976791382,1.048825740814209,0.06516994858562193,1.1697511275609334,,0.826363155108523,not_run,,,A,accepted_for_training,
BraTS-MET-00700-002,BraTS-MET-00700-002,BraTS-MET-00700-002,run_3104668,g1_missing_t2w_v3,/public/home/zqchen/projects/ECNU_EYU_data/work_space/G1/code/brats2025-latent-ensemble-synthesis-main-v3/training/bbdm/bbdm_3056245/check_points/model_111105.pt,multi_modal,completion,0,,,,,,,42,True,57,182,42,197,30,103,1414375,1326,1.0,,0.0,0.0,1.0,,,,0.6587956547737122,0.4232475757598877,0.8943437337875366,,,,,1.450812816619873,1.201453685760498,1.0808922052383423,0.029204079427527715,1.2443862358729045,,0.9484536082474226,not_run,,,A,accepted_for_training,
BraTS-MET-00701-000,BraTS-MET-00701-000,BraTS-MET-00701-000,run_3104668,g1_missing_t2w_v3,/public/home/zqchen/projects/ECNU_EYU_data/work_space/G1/code/brats2025-latent-ensemble-synthesis-main-v3/training/bbdm/bbdm_3056245/check_points/model_111105.pt,multi_modal,completion,0,,,,,,,42,True,91,252,84,171,34,67,462231,114393,1.0,,0.0,0.0,1.0,,,,0.8676122426986694,0.7896735668182373,0.9455509185791016,,,,,2.3480348587036133,0.9396059513092041,0.8477532863616943,0.09698273533169682,1.378464698791504,,0.16993160820701517,not_run,,,A,accepted_for_training,
BraTS-MET-00702-000,BraTS-MET-00702-000,BraTS-MET-00702-000,run_3104668,g1_missing_t2w_v3,/public/home/zqchen/projects/ECNU_EYU_data/work_space/G1/code/brats2025-latent-ensemble-synthesis-main-v3/training/bbdm/bbdm_3056245/check_points/model_111105.pt,multi_modal,completion,0,,,,,,,42,True,81,183,55,123,20,78,402288,2710,1.0,,0.0,0.0,1.0,,,,0.7497600317001343,0.5747292041778564,0.9247908592224121,,,,,1.3621273040771484,0.9979926943778992,1.0137457847595215,-0.13509849517943176,1.1246219277381897,,0.47495779403489025,not_run,,,A,accepted_for_training,
BraTS-MET-00702-001,BraTS-MET-00702-001,BraTS-MET-00702-001,run_3104668,g1_missing_t2w_v3,/public/home/zqchen/projects/ECNU_EYU_data/work_space/G1/code/brats2025-latent-ensemble-synthesis-main-v3/training/bbdm/bbdm_3056245/check_points/model_111105.pt,multi_modal,completion,0,,,,,,,42,True,80,199,71,211,9,82,1216180,41879,1.0,,0.0,0.0,1.0,,,,0.8374749422073364,0.7471338510513306,0.9278160333633423,,,,,1.848159670829773,1.2253682613372803,1.1581827402114868,0.0988273292659773,1.41057022412618,,0.23689639203469035,not_run,,,A,accepted_for_training,
BraTS-MET-00703-001,BraTS-MET-00703-001,BraTS-MET-00703-001,run_3104668,g1_missing_t2w_v3,/public/home/zqchen/projects/ECNU_EYU_data/work_space/G1/code/brats2025-latent-ensemble-synthesis-main-v3/training/bbdm/bbdm_3056245/check_points/model_111105.pt,multi_modal,completion,0,,,,,,,42,True,65,104,62,99,20,40,28860,61930,1.0,,0.0,0.0,1.0,,,,0.8921802639961243,0.8246215581893921,0.9597389698028564,,,,,2.662907123565674,0.9827840328216553,1.0204579830169678,-0.042200401817925566,1.5553830464680989,,0.317073833528085,not_run,,,A,accepted_for_training,
BraTS-MET-00704-000,BraTS-MET-00704-000,BraTS-MET-00704-000,run_3104668,g1_missing_t2w_v3,/public/home/zqchen/projects/ECNU_EYU_data/work_space/G1/code/brats2025-latent-ensemble-synthesis-main-v3/training/bbdm/bbdm_3056245/check_points/model_111105.pt,multi_modal,completion,0,,,,,,,42,True,178,224,68,203,26,71,279450,326,1.0,,0.0,0.0,1.0,,,,0.5269034206867218,0.3250688910484314,0.7287379503250122,,,,,1.2356067895889282,1.131395936012268,1.0018999576568604,-0.13702096657269341,1.1229675610860188,,0.852112676056338,not_run,,,A,accepted_for_evaluation,
BraTS-MET-00707-000,BraTS-MET-00707-000,BraTS-MET-00707-000,run_3104668,g1_missing_t2w_v3,/public/home/zqchen/projects/ECNU_EYU_data/work_space/G1/code/brats2025-latent-ensemble-synthesis-main-v3/training/bbdm/bbdm_3056245/check_points/model_111105.pt,multi_modal,completion,0,,,,,,,42,True,112,116,81,84,27,30,36,22,1.0,,0.0,0.0,1.0,,,,0.6255590915679932,0.5909091234207153,0.660209059715271,,,,,1.1368720531463623,,,0.0528987293054741,1.1368720531463623,,1.0,not_run,,,A,accepted_for_training,
BraTS-MET-00708-000,BraTS-MET-00708-000,BraTS-MET-00708-000,run_3104668,g1_missing_t2w_v3,/public/home/zqchen/projects/ECNU_EYU_data/work_space/G1/code/brats2025-latent-ensemble-synthesis-main-v3/training/bbdm/bbdm_3056245/check_points/model_111105.pt,multi_modal,completion,0,,,,,,,42,True,154,232,57,176,41,67,241332,471,1.0,,0.0,0.0,1.0,,,,0.6616059839725494,0.5061728358268738,0.8170391321182251,,,,,1.6957111358642578,1.183296799659729,1.067002296447754,-0.03270467718372808,1.3153367439905803,,0.5919282511210763,not_run,,,A,accepted_for_training,
BraTS-MET-00708-001,BraTS-MET-00708-001,BraTS-MET-00708-001,run_3104668,g1_missing_t2w_v3,/public/home/zqchen/projects/ECNU_EYU_data/work_space/G1/code/brats2025-latent-ensemble-synthesis-main-v3/training/bbdm/bbdm_3056245/check_points/model_111105.pt,multi_modal,completion,0,,,,,,,42,True,82,85,105,111,75,78,54,302,1.0,,0.0,0.0,1.0,,,,0.8288171589374542,0.6666666269302368,0.9909676909446716,,,,,1.329048752784729,0.9420058131217957,0.9817141890525818,-0.08801168941942994,1.0842562516530354,,0.1641337386018237,not_run,,,A,accepted_for_training,
BraTS-MET-00709-001,BraTS-MET-00709-001,BraTS-MET-00709-001,run_3104668,g1_missing_t2w_v3,/public/home/zqchen/projects/ECNU_EYU_data/work_space/G1/code/brats2025-latent-ensemble-synthesis-main-v3/training/bbdm/bbdm_3056245/check_points/model_111105.pt,multi_modal,completion,0,,,,,,,42,True,92,173,59,180,26,95,676269,68703,1.0,,0.0,0.0,1.0,,,,0.8849530220031738,0.8160569071769714,0.9538491368293762,,,,,1.7650448083877563,1.2523219585418701,1.2464485168457031,0.15876514166804326,1.4212717612584431,,0.2435189446234085,not_run,,,A,accepted_for_evaluation,
BraTS-MET-00710-000,BraTS-MET-00710-000,BraTS-MET-00710-000,run_3104668,g1_missing_t2w_v3,/public/home/zqchen/projects/ECNU_EYU_data/work_space/G1/code/brats2025-latent-ensemble-synthesis-main-v3/training/bbdm/bbdm_3056245/check_points/model_111105.pt,multi_modal,completion,0,,,,,,,42,True,89,235,28,266,7,93,2988328,142613,1.0,,0.0,0.0,1.0,,,,0.8773876428604126,0.8087751865386963,0.9460000991821289,,,,,1.8932600021362305,1.403978705406189,1.2810044288635254,0.12323174709229463,1.5260810454686482,,0.3186493831090361,not_run,,,A,accepted_for_training,
BraTS-MET-00711-000,BraTS-MET-00711-000,BraTS-MET-00711-000,run_3104668,g1_missing_t2w_v3,/public/home/zqchen/projects/ECNU_EYU_data/work_space/G1/code/brats2025-latent-ensemble-synthesis-main-v3/training/bbdm/bbdm_3056245/check_points/model_111105.pt,multi_modal,completion,0,,,,,,,42,True,143,279,129,272,24,73,952952,6212,1.0,,0.0,0.0,1.0,,,,0.7562623023986816,0.5709327459335327,0.9415918588638306,,,,,1.876968502998352,1.0742663145065308,0.983849823474884,-0.08949995431770232,1.3116948803265889,,0.5889835320840432,not_run,,,A,accepted_for_training,
BraTS-MET-00711-001,BraTS-MET-00711-001,BraTS-MET-00711-001,run_3104668,g1_missing_t2w_v3,/public/home/zqchen/projects/ECNU_EYU_data/work_space/G1/code/brats2025-latent-ensemble-synthesis-main-v3/training/bbdm/bbdm_3056245/check_points/model_111105.pt,multi_modal,completion,0,,,,,,,42,True,77,182,53,197,42,106,967680,3073,1.0,,0.0,0.0,1.0,,,,0.7342497408390045,0.5598505139350891,0.9086489677429199,,,,,1.5457837581634521,1.0627503395080566,0.9908038377761841,-0.14292472308526744,1.1997793118158977,,0.6198068717718392,not_run,,,A,accepted_for_training,
BraTS-MET-00712-000,BraTS-MET-00712-000,BraTS-MET-00712-000,run_3104668,g1_missing_t2w_v3,/public/home/zqchen/projects/ECNU_EYU_data/work_space/G1/code/brats2025-latent-ensemble-synthesis-main-v3/training/bbdm/bbdm_3056245/check_points/model_111105.pt,multi_modal,completion,0,,,,,,,42,True,81,185,72,163,12,91,747656,15703,1.0,,0.0,0.0,1.0,,,,0.8617592751979828,0.7725726366043091,0.9509459137916565,,,,,1.4466065168380737,1.2751076221466064,1.2713298797607422,0.17919958949043316,1.3310146729151409,,0.5140991672975019,not_run,,,A,accepted_for_training,
BraTS-MET-00712-001,BraTS-MET-00712-001,BraTS-MET-00712-001,run_3104668,g1_missing_t2w_v3,/public/home/zqchen/projects/ECNU_EYU_data/work_space/G1/code/brats2025-latent-ensemble-synthesis-main-v3/training/bbdm/bbdm_3056245/check_points/model_111105.pt,multi_modal,completion,0,,,,,,,42,True,81,184,68,159,11,92,759213,24521,1.0,,0.0,0.0,1.0,,,,0.8807990252971649,0.7977266311645508,0.963871419429779,,,,,1.4545223712921143,1.2694120407104492,1.3514505624771118,0.22012614963093804,1.3584616581598918,,0.39773915316257186,not_run,,,A,accepted_for_training,
BraTS-MET-00713-000,BraTS-MET-00713-000,BraTS-MET-00713-000,run_3104668,g1_missing_t2w_v3,/public/home/zqchen/projects/ECNU_EYU_data/work_space/G1/code/brats2025-latent-ensemble-synthesis-main-v3/training/bbdm/bbdm_3056245/check_points/model_111105.pt,multi_modal,completion,0,,,,,,,42,True,152,159,79,125,39,91,16744,13,1.0,,0.0,0.0,1.0,,,,0.30560389161109924,0.23076921701431274,0.38043856620788574,,,,,1.4237512350082397,,,0.07277336008900677,1.4237512350082397,,1.0,not_run,,,A,accepted_for_training,
BraTS-MET-00714-000,BraTS-MET-00714-000,BraTS-MET-00714-000,run_3104668,g1_missing_t2w_v3,/public/home/zqchen/projects/ECNU_EYU_data/work_space/G1/code/brats2025-latent-ensemble-synthesis-main-v3/training/bbdm/bbdm_3056245/check_points/model_111105.pt,multi_modal,completion,0,,,,,,,42,True,88,154,68,177,14,81,481998,4197,1.0,,0.0,0.0,1.0,,,,0.8487203121185303,0.7415997982025146,0.9558408260345459,,,,,1.3398842811584473,1.2122318744659424,1.136243462562561,0.4234967782658369,1.229453206062317,,0.7171022466758368,not_run,,,A,accepted_for_training,
BraTS-MET-00714-001,BraTS-MET-00714-001,BraTS-MET-00714-001,run_3104668,g1_missing_t2w_v3,/public/home/zqchen/projects/ECNU_EYU_data/work_space/G1/code/brats2025-latent-ensemble-synthesis-main-v3/training/bbdm/bbdm_3056245/check_points/model_111105.pt,multi_modal,completion,0,,,,,,,42,True,88,175,40,190,60,89,378450,2132,1.0,,0.0,0.0,1.0,,,,0.8445816338062286,0.777717649936676,0.9114456176757812,,,,,1.5290226936340332,1.310437798500061,1.3153146505355835,-0.12184258168696581,1.3849250475565593,,0.9898128405591092,not_run,,,A,accepted_for_training,
BraTS-MET-00716-000,BraTS-MET-00716-000,BraTS-MET-00716-000,run_3104668,g1_missing_t2w_v3,/public/home/zqchen/projects/ECNU_EYU_data/work_space/G1/code/brats2025-latent-ensemble-synthesis-main-v3/training/bbdm/bbdm_3056245/check_points/model_111105.pt,multi_modal,completion,0,,,,,,,42,True,138,269,100,258,22,72,1034900,32376,1.0,,0.0,0.0,1.0,,,,0.7963195145130157,0.6962020397186279,0.8964369893074036,,,,,1.9445284605026245,1.0392953157424927,1.0112082958221436,-0.02301284841899731,1.3316773573557537,,0.3259132862793764,not_run,,,A,accepted_for_training,
BraTS-MET-00717-000,BraTS-MET-00717-000,BraTS-MET-00717-000,run_3104668,g1_missing_t2w_v3,/public/home/zqchen/projects/ECNU_EYU_data/work_space/G1/code/brats2025-latent-ensemble-synthesis-main-v3/training/bbdm/bbdm_3056245/check_points/model_111105.pt,multi_modal,completion,0,,,,,,,42,True,74,156,60,149,28,93,474370,3316,1.0,,0.0,0.0,1.0,,,,0.816690057516098,0.7048045992851257,0.9285755157470703,,,,,1.2442597150802612,1.1922945976257324,1.0575861930847168,0.16729289658086477,1.1647135019302368,,0.6401476317408242,not_run,,,A,accepted_for_training,
BraTS-MET-00719-000,BraTS-MET-00719-000,BraTS-MET-00719-000,run_3104668,g1_missing_t2w_v3,/public/home/zqchen/projects/ECNU_EYU_data/work_space/G1/code/brats2025-latent-ensemble-synthesis-main-v3/training/bbdm/bbdm_3056245/check_points/model_111105.pt,multi_modal,completion,0,,,,,,,42,True,136,150,253,265,55,61,1008,617,1.0,,0.0,0.0,1.0,,,,0.7246840596199036,0.5396895408630371,0.90967857837677,,,,,1.6879150867462158,1.4142342805862427,1.036561369895935,-0.10275297784197768,1.3795702457427979,,0.8445692883895131,not_run,,,A,accepted_for_training,
BraTS-MET-00721-000,BraTS-MET-00721-000,BraTS-MET-00721-000,run_3104668,g1_missing_t2w_v3,/public/home/zqchen/projects/ECNU_EYU_data/work_space/G1/code/brats2025-latent-ensemble-synthesis-main-v3/training/bbdm/bbdm_3056245/check_points/model_111105.pt,multi_modal,completion,0,,,,,,,42,True,96,168,72,162,7,53,298080,23337,1.0,,0.0,0.0,1.0,,,,0.8570050299167633,0.8018474578857422,0.9121626019477844,,,,,1.7147687673568726,1.078762173652649,1.0362986326217651,0.4859670813670849,1.2766098578770955,,0.18854304121710783,not_run,,,A,accepted_for_evaluation,
BraTS-MET-00721-001,BraTS-MET-00721-001,BraTS-MET-00721-001,run_3104668,g1_missing_t2w_v3,/public/home/zqchen/projects/ECNU_EYU_data/work_space/G1/code/brats2025-latent-ensemble-synthesis-main-v3/training/bbdm/bbdm_3056245/check_points/model_111105.pt,multi_modal,completion,0,,,,,,,42,True,100,127,70,100,4,64,48600,9327,1.0,,0.0,0.0,1.0,,,,0.8309565186500549,0.7589664459228516,0.9029465913772583,,,,,1.7611923217773438,1.2705488204956055,1.2664284706115723,0.1672303996950871,1.4327232042948406,,0.4333585285966238,not_run,,,A,accepted_for_evaluation,
BraTS-MET-00722-000,BraTS-MET-00722-000,BraTS-MET-00722-000,run_3104668,g1_missing_t2w_v3,/public/home/zqchen/projects/ECNU_EYU_data/work_space/G1/code/brats2025-latent-ensemble-synthesis-main-v3/training/bbdm/bbdm_3056245/check_points/model_111105.pt,multi_modal,completion,0,,,,,,,42,True,88,164,60,99,18,42,71136,161,1.0,,0.0,0.0,1.0,,,,0.659235268831253,0.5499999523162842,0.7684705853462219,,,,,1.4935098886489868,1.082581877708435,1.0496171712875366,-0.03740222762879577,1.2085696458816528,,0.7421875,not_run,,,A,accepted_for_training,
BraTS-MET-00723-000,BraTS-MET-00723-000,BraTS-MET-00723-000,run_3104668,g1_missing_t2w_v3,/public/home/zqchen/projects/ECNU_EYU_data/work_space/G1/code/brats2025-latent-ensemble-synthesis-main-v3/training/bbdm/bbdm_3056245/check_points/model_111105.pt,multi_modal,completion,0,,,,,,,42,True,92,182,82,164,51,95,324720,861,1.0,,0.0,0.0,1.0,,,,0.6426256895065308,0.4327808618545532,0.8524705171585083,,,,,1.599014163017273,1.1117324829101562,1.0225250720977783,0.11192683442344277,1.2444239060084026,,0.5919869174161897,not_run,,,A,accepted_for_training,
BraTS-MET-00723-001,BraTS-MET-00723-001,BraTS-MET-00723-001,run_3104668,g1_missing_t2w_v3,/public/home/zqchen/projects/ECNU_EYU_data/work_space/G1/code/brats2025-latent-ensemble-synthesis-main-v3/training/bbdm/bbdm_3056245/check_points/model_111105.pt,multi_modal,completion,0,,,,,,,42,True,62,194,64,189,16,87,1171500,195,1.0,,0.0,0.0,1.0,,,,0.6164640188217163,0.37298715114593506,0.8599408864974976,,,,,1.4300587177276611,1.1932497024536133,0.8562930226325989,0.1150861234601624,1.1598671476046245,,0.9572192513368984,not_run,,,A,accepted_for_training,
BraTS-MET-00723-002,BraTS-MET-00723-002,BraTS-MET-00723-002,run_3104668,g1_missing_t2w_v3,/public/home/zqchen/projects/ECNU_EYU_data/work_space/G1/code/brats2025-latent-ensemble-synthesis-main-v3/training/bbdm/bbdm_3056245/check_points/model_111105.pt,multi_modal,completion,0,,,,,,,42,True,78,167,66,202,12,88,919904,280,1.0,,0.0,0.0,1.0,,,,0.6554870307445526,0.42809367179870605,0.8828803896903992,,,,,1.5590332746505737,1.1171268224716187,1.1183273792266846,0.18911948909258505,1.264829158782959,,0.8524590163934426,not_run,,,A,accepted_for_training,
BraTS-MET-00725-000,BraTS-MET-00725-000,BraTS-MET-00725-000,run_3104668,g1_missing_t2w_v3,/public/home/zqchen/projects/ECNU_EYU_data/work_space/G1/code/brats2025-latent-ensemble-synthesis-main-v3/training/bbdm/bbdm_3056245/check_points/model_111105.pt,multi_modal,completion,0,,,,,,,42,True,97,158,62,172,30,87,382470,1980,1.0,,0.0,0.0,1.0,,,,0.8004710972309113,0.689017653465271,0.9119245409965515,,,,,1.1163291931152344,1.0801924467086792,1.0256121158599854,-0.06876947640168911,1.0740445852279663,,0.7384517362217267,not_run,,,A,accepted_for_training,
BraTS-MET-00726-000,BraTS-MET-00726-000,BraTS-MET-00726-000,run_3104668,g1_missing_t2w_v3,/public/home/zqchen/projects/ECNU_EYU_data/work_space/G1/code/brats2025-latent-ensemble-synthesis-main-v3/training/bbdm/bbdm_3056245/check_points/model_111105.pt,multi_modal,completion,0,,,,,,,42,True,238,250,158,169,68,72,528,710,1.0,,0.0,0.0,1.0,,,,0.7719619572162628,0.7262693643569946,0.817654550075531,,,,,1.671446442604065,1.0392018556594849,0.9050542116165161,-0.02727511416805607,1.205234169960022,,0.5968379446640316,not_run,,,A,accepted_for_evaluation,
BraTS-MET-00727-000,BraTS-MET-00727-000,BraTS-MET-00727-000,run_3104668,g1_missing_t2w_v3,/public/home/zqchen/projects/ECNU_EYU_data/work_space/G1/code/brats2025-latent-ensemble-synthesis-main-v3/training/bbdm/bbdm_3056245/check_points/model_111105.pt,multi_modal,completion,0,,,,,,,42,True,139,204,172,243,26,57,143065,6642,1.0,,0.0,0.0,1.0,,,,0.8093363642692566,0.6597095727920532,0.95896315574646,,,,,1.74240243434906,1.1605437994003296,1.0520013570785522,0.44402749673090086,1.318315863609314,,0.6566892506825766,not_run,,,A,accepted_for_training,
BraTS-MET-00728-000,BraTS-MET-00728-000,BraTS-MET-00728-000,run_3104668,g1_missing_t2w_v3,/public/home/zqchen/projects/ECNU_EYU_data/work_space/G1/code/brats2025-latent-ensemble-synthesis-main-v3/training/bbdm/bbdm_3056245/check_points/model_111105.pt,multi_modal,completion,0,,,,,,,42,True,121,237,33,232,49,64,346260,2713,1.0,,0.0,0.0,1.0,,,,0.6555818617343903,0.46170884370803833,0.8494548797607422,,,,,1.920274257659912,1.1123483180999756,0.9990860819816589,0.16300653135152,1.3439028859138489,,0.25418275418275416,not_run,,,A,accepted_for_evaluation,
BraTS-MET-00730-000,BraTS-MET-00730-000,BraTS-MET-00730-000,run_3104668,g1_missing_t2w_v3,/public/home/zqchen/projects/ECNU_EYU_data/work_space/G1/code/brats2025-latent-ensemble-synthesis-main-v3/training/bbdm/bbdm_3056245/check_points/model_111105.pt,multi_modal,completion,0,,,,,,,42,True,75,244,57,242,25,95,2188550,4618,1.0,,0.0,0.0,1.0,,,,0.7385760247707367,0.555584192276001,0.9215678572654724,,,,,1.5888869762420654,1.1581765413284302,1.0496858358383179,0.05467621311121654,1.2655831178029378,,0.6809483004855755,not_run,,,A,accepted_for_training,
BraTS-MET-00730-001,BraTS-MET-00730-001,BraTS-MET-00730-001,run_3104668,g1_missing_t2w_v3,/public/home/zqchen/projects/ECNU_EYU_data/work_space/G1/code/brats2025-latent-ensemble-synthesis-main-v3/training/bbdm/bbdm_3056245/check_points/model_111105.pt,multi_modal,completion,0,,,,,,,42,True,81,243,61,209,21,94,1750248,1899,1.0,,0.0,0.0,1.0,,,,0.6733033359050751,0.49183404445648193,0.8547726273536682,,,,,1.4644464254379272,1.2186179161071777,1.0223075151443481,-0.016918966030770467,1.2351239522298176,,0.6650263620386643,not_run,,,A,accepted_for_training,
BraTS-MET-00732-000,BraTS-MET-00732-000,BraTS-MET-00732-000,run_3104668,g1_missing_t2w_v3,/public/home/zqchen/projects/ECNU_EYU_data/work_space/G1/code/brats2025-latent-ensemble-synthesis-main-v3/training/bbdm/bbdm_3056245/check_points/model_111105.pt,multi_modal,completion,0,,,,,,,42,True,61,147,37,133,20,96,627456,86821,1.0,,0.0,0.0,1.0,,,,0.929498553276062,0.8747791647911072,0.9842179417610168,,,,,2.0417516231536865,1.1023039817810059,1.1065647602081299,-0.1441617044111432,1.4168734550476074,,0.5863225596352682,not_run,,,A,accepted_for_evaluation,
BraTS-MET-00732-001,BraTS-MET-00732-001,BraTS-MET-00732-001,run_3104668,g1_missing_t2w_v3,/public/home/zqchen/projects/ECNU_EYU_data/work_space/G1/code/brats2025-latent-ensemble-synthesis-main-v3/training/bbdm/bbdm_3056245/check_points/model_111105.pt,multi_modal,completion,0,,,,,,,42,True,65,158,53,163,21,82,624030,9646,1.0,,0.0,0.0,1.0,,,,0.7421121895313263,0.5766022801399231,0.9076220989227295,,,,,2.1670522689819336,1.1651225090026855,1.1124075651168823,-0.11642777046175397,1.4815274477005005,,0.3960758230794812,not_run,,,A,accepted_for_evaluation,
BraTS-MET-00733-000,BraTS-MET-00733-000,BraTS-MET-00733-000,run_3104668,g1_missing_t2w_v3,/public/home/zqchen/projects/ECNU_EYU_data/work_space/G1/code/brats2025-latent-ensemble-synthesis-main-v3/training/bbdm/bbdm_3056245/check_points/model_111105.pt,multi_modal,completion,0,,,,,,,42,True,95,168,50,117,60,94,166294,18604,1.0,,0.0,0.0,1.0,,,,0.8156615793704987,0.706432580947876,0.9248905777931213,,,,,1.902464509010315,0.9987496733665466,1.0085769891738892,-0.1366404077061498,1.3032637238502502,,0.28408042796532007,not_run,,,A,accepted_for_evaluation,
BraTS-MET-00734-000,BraTS-MET-00734-000,BraTS-MET-00734-000,run_3104668,g1_missing_t2w_v3,/public/home/zqchen/projects/ECNU_EYU_data/work_space/G1/code/brats2025-latent-ensemble-synthesis-main-v3/training/bbdm/bbdm_3056245/check_points/model_111105.pt,multi_modal,completion,0,,,,,,,42,True,61,182,36,181,51,93,736890,29971,1.0,,0.0,0.0,1.0,,,,0.8557620346546173,0.7853607535362244,0.9261633157730103,,,,,1.9623150825500488,1.0376558303833008,1.1223334074020386,0.17832324122149643,1.3741014401117961,,0.2522669621249672,not_run,,,A,accepted_for_training,
BraTS-MET-00737-000,BraTS-MET-00737-000,BraTS-MET-00737-000,run_3104668,g1_missing_t2w_v3,/public/home/zqchen/projects/ECNU_EYU_data/work_space/G1/code/brats2025-latent-ensemble-synthesis-main-v3/training/bbdm/bbdm_3056245/check_points/model_111105.pt,multi_modal,completion,0,,,,,,,42,True,130,238,74,250,22,88,1254528,1415,1.0,,0.0,0.0,1.0,,,,0.6991656720638275,0.5013167262077332,0.8970146179199219,,,,,1.5029573440551758,1.1387981176376343,1.0982282161712646,0.2353939144456295,1.2466612259546916,,0.5634517766497462,not_run,,,A,accepted_for_evaluation,
BraTS-MET-00738-000,BraTS-MET-00738-000,BraTS-MET-00738-000,run_3104668,g1_missing_t2w_v3,/public/home/zqchen/projects/ECNU_EYU_data/work_space/G1/code/brats2025-latent-ensemble-synthesis-main-v3/training/bbdm/bbdm_3056245/check_points/model_111105.pt,multi_modal,completion,0,,,,,,,42,True,91,166,52,173,17,94,698775,58589,1.0,,0.0,0.0,1.0,,,,0.8837704062461853,0.8203705549240112,0.9471702575683594,,,,,1.9948519468307495,1.1963591575622559,1.1952775716781616,0.03350966462684992,1.4621628920237224,,0.14547756587797736,not_run,,,A,accepted_for_training,
BraTS-MET-00738-001,BraTS-MET-00738-001,BraTS-MET-00738-001,run_3104668,g1_missing_t2w_v3,/public/home/zqchen/projects/ECNU_EYU_data/work_space/G1/code/brats2025-latent-ensemble-synthesis-main-v3/training/bbdm/bbdm_3056245/check_points/model_111105.pt,multi_modal,completion,0,,,,,,,42,True,63,176,51,199,25,89,1070336,95798,1.0,,0.0,0.0,1.0,,,,0.8614657819271088,0.7974644899368286,0.9254670739173889,,,,,1.6842013597488403,1.2159651517868042,1.0996832847595215,-0.07992306925021381,1.333283265431722,,0.22647203117623646,not_run,,,A,accepted_for_training,
BraTS-MET-00739-000,BraTS-MET-00739-000,BraTS-MET-00739-000,run_3104668,g1_missing_t2w_v3,/public/home/zqchen/projects/ECNU_EYU_data/work_space/G1/code/brats2025-latent-ensemble-synthesis-main-v3/training/bbdm/bbdm_3056245/check_points/model_111105.pt,multi_modal,completion,0,,,,,,,42,True,119,188,107,201,23,64,265926,1388,1.0,,0.0,0.0,1.0,,,,0.6977272033691406,0.4744468331336975,0.9210075736045837,,,,,1.4235146045684814,1.0193530321121216,0.9731637835502625,-0.06339014074499132,1.138677140076955,,0.592292089249493,not_run,,,A,accepted_for_training,
BraTS-MET-00739-001,BraTS-MET-00739-001,BraTS-MET-00739-001,run_3104668,g1_missing_t2w_v3,/public/home/zqchen/projects/ECNU_EYU_data/work_space/G1/code/brats2025-latent-ensemble-synthesis-main-v3/training/bbdm/bbdm_3056245/check_points/model_111105.pt,multi_modal,completion,0,,,,,,,42,True,89,186,109,154,22,65,187695,7467,1.0,,0.0,0.0,1.0,,,,0.7203007936477661,0.5135542154312134,0.9270473718643188,,,,,1.4852027893066406,0.951181173324585,1.034932255744934,0.16281618896717223,1.1571054061253865,,0.23537752570010634,not_run,,,A,accepted_for_training,
BraTS-MET-00740-000,BraTS-MET-00740-000,BraTS-MET-00740-000,run_3104668,g1_missing_t2w_v3,/public/home/zqchen/projects/ECNU_EYU_data/work_space/G1/code/brats2025-latent-ensemble-synthesis-main-v3/training/bbdm/bbdm_3056245/check_points/model_111105.pt,multi_modal,completion,0,,,,,,,42,True,59,182,56,165,30,86,750792,21882,1.0,,0.0,0.0,1.0,,,,0.9014931619167328,0.8362404108047485,0.966745913028717,,,,,2.044562339782715,1.1475787162780762,1.1169466972351074,-0.12588434793215766,1.436362584431966,,0.6231674322028566,not_run,,,A,accepted_for_training,
BraTS-MET-00740-001,BraTS-MET-00740-001,BraTS-MET-00740-001,run_3104668,g1_missing_t2w_v3,/public/home/zqchen/projects/ECNU_EYU_data/work_space/G1/code/brats2025-latent-ensemble-synthesis-main-v3/training/bbdm/bbdm_3056245/check_points/model_111105.pt,multi_modal,completion,0,,,,,,,42,True,316,365,260,312,14,21,17836,17133,1.0,,0.0,0.0,1.0,,,,0.8216387927532196,0.7095233201980591,0.9337542653083801,,,,,1.342307209968567,1.078067421913147,1.0531833171844482,0.1558183559204355,1.1578526496887207,,0.7162445676607223,not_run,,,A,accepted_for_training,
BraTS-MET-00740-002,BraTS-MET-00740-002,BraTS-MET-00740-002,run_3104668,g1_missing_t2w_v3,/public/home/zqchen/projects/ECNU_EYU_data/work_space/G1/code/brats2025-latent-ensemble-synthesis-main-v3/training/bbdm/bbdm_3056245/check_points/model_111105.pt,multi_modal,completion,0,,,,,,,42,True,84,225,76,205,24,80,1018584,25792,1.0,,0.0,0.0,1.0,,,,0.8786285221576691,0.8176038861274719,0.9396531581878662,,,,,3.031574249267578,1.277377724647522,1.0780819654464722,-0.06962665148446673,1.7956779797871907,,0.6102699498895414,not_run,,,A,accepted_for_training,
BraTS-MET-00741-000,BraTS-MET-00741-000,BraTS-MET-00741-000,run_3104668,g1_missing_t2w_v3,/public/home/zqchen/projects/ECNU_EYU_data/work_space/G1/code/brats2025-latent-ensemble-synthesis-main-v3/training/bbdm/bbdm_3056245/check_points/model_111105.pt,multi_modal,completion,0,,,,,,,42,True,94,229,59,239,21,91,1701000,1113,1.0,,0.0,0.0,1.0,,,,0.6884413659572601,0.4906389117240906,0.8862438201904297,,,,,1.2365608215332031,,,0.10210168947930794,1.2365608215332031,,1.0,not_run,,,A,accepted_for_training,
BraTS-MET-00742-000,BraTS-MET-00742-000,BraTS-MET-00742-000,run_3104668,g1_missing_t2w_v3,/public/home/zqchen/projects/ECNU_EYU_data/work_space/G1/code/brats2025-latent-ensemble-synthesis-main-v3/training/bbdm/bbdm_3056245/check_points/model_111105.pt,multi_modal,completion,0,,,,,,,42,True,54,191,58,189,13,87,1328078,17919,1.0,,0.0,0.0,1.0,,,,0.8396722674369812,0.7327918410301208,0.9465526938438416,,,,,1.5592097043991089,1.3238645792007446,1.257009744644165,-0.1106979273804235,1.3800280094146729,,0.612597266849909,not_run,,,A,accepted_for_training,
BraTS-MET-00743-000,BraTS-MET-00743-000,BraTS-MET-00743-000,run_3104668,g1_missing_t2w_v3,/public/home/zqchen/projects/ECNU_EYU_data/work_space/G1/code/brats2025-latent-ensemble-synthesis-main-v3/training/bbdm/bbdm_3056245/check_points/model_111105.pt,multi_modal,completion,0,,,,,,,42,True,82,239,52,225,34,93,1602499,103771,1.0,,0.0,0.0,1.0,,,,0.9384259879589081,0.9057300686836243,0.9711219072341919,,,,,1.5087945461273193,1.190308928489685,0.9708200693130493,-0.19197556565205032,1.2233078479766846,,0.8819286195286196,not_run,,,A,accepted_for_evaluation,
BraTS-MET-00744-000,BraTS-MET-00744-000,BraTS-MET-00744-000,run_3104668,g1_missing_t2w_v3,/public/home/zqchen/projects/ECNU_EYU_data/work_space/G1/code/brats2025-latent-ensemble-synthesis-main-v3/training/bbdm/bbdm_3056245/check_points/model_111105.pt,multi_modal,completion,0,,,,,,,42,True,78,146,44,205,23,84,667828,122666,1.0,,0.0,0.0,1.0,,,,0.8995616436004639,0.8398938179016113,0.9592294692993164,,,,,2.4333670139312744,0.9931286573410034,1.1146659851074219,0.03850399526036626,1.5137205521265666,,0.22282427596598237,not_run,,,A,accepted_for_training,
BraTS-MET-00745-000,BraTS-MET-00745-000,BraTS-MET-00745-000,run_3104668,g1_missing_t2w_v3,/public/home/zqchen/projects/ECNU_EYU_data/work_space/G1/code/brats2025-latent-ensemble-synthesis-main-v3/training/bbdm/bbdm_3056245/check_points/model_111105.pt,multi_modal,completion,0,,,,,,,42,True,76,184,75,187,32,74,508032,443,1.0,,0.0,0.0,1.0,,,,0.6387621462345123,0.40110325813293457,0.8764210343360901,,,,,1.5103460550308228,1.0852231979370117,1.0319362878799438,0.118744340367904,1.209168513615926,,0.4828767123287671,not_run,,,A,accepted_for_training,
BraTS-MET-00745-001,BraTS-MET-00745-001,BraTS-MET-00745-001,run_3104668,g1_missing_t2w_v3,/public/home/zqchen/projects/ECNU_EYU_data/work_space/G1/code/brats2025-latent-ensemble-synthesis-main-v3/training/bbdm/bbdm_3056245/check_points/model_111105.pt,multi_modal,completion,0,,,,,,,42,True,76,181,57,174,67,101,417690,474,1.0,,0.0,0.0,1.0,,,,0.7750661969184875,0.6938775777816772,0.8562548160552979,,,,,1.4576311111450195,1.1911709308624268,1.1571755409240723,-0.04337641648884368,1.268659194310506,,0.6685393258426966,not_run,,,A,accepted_for_training,
BraTS-MET-00746-000,BraTS-MET-00746-000,BraTS-MET-00746-000,run_3104668,g1_missing_t2w_v3,/public/home/zqchen/projects/ECNU_EYU_data/work_space/G1/code/brats2025-latent-ensemble-synthesis-main-v3/training/bbdm/bbdm_3056245/check_points/model_111105.pt,multi_modal,completion,0,,,,,,,42,True,102,145,49,195,50,69,119282,149,1.0,,0.0,0.0,1.0,,,,0.6486506462097168,0.5878788232803345,0.7094224691390991,,,,,1.67886483669281,1.165514588356018,1.2701023817062378,0.11877015640893544,1.371493935585022,,0.5392156862745098,not_run,,,A,accepted_for_training,
BraTS-MET-00747-000,BraTS-MET-00747-000,BraTS-MET-00747-000,run_3104668,g1_missing_t2w_v3,/public/home/zqchen/projects/ECNU_EYU_data/work_space/G1/code/brats2025-latent-ensemble-synthesis-main-v3/training/bbdm/bbdm_3056245/check_points/model_111105.pt,multi_modal,completion,0,,,,,,,42,True,87,252,64,287,19,85,2428470,63946,1.0,,0.0,0.0,1.0,,,,0.8424018025398254,0.74794602394104,0.9368575811386108,,,,,1.5835399627685547,1.0485844612121582,0.9997953176498413,0.23014564334155785,1.2106399138768513,,0.36599419949149725,not_run,,,A,accepted_for_training,
BraTS-MET-00747-001,BraTS-MET-00747-001,BraTS-MET-00747-001,run_3104668,g1_missing_t2w_v3,/public/home/zqchen/projects/ECNU_EYU_data/work_space/G1/code/brats2025-latent-ensemble-synthesis-main-v3/training/bbdm/bbdm_3056245/check_points/model_111105.pt,multi_modal,completion,0,,,,,,,42,True,62,190,33,219,20,86,1571328,4328,1.0,,0.0,0.0,1.0,,,,0.762404203414917,0.5831845998764038,0.9416238069534302,,,,,1.5805907249450684,1.2412574291229248,1.096889853477478,-0.057194878524115866,1.306246002515157,,0.6870923706961929,not_run,,,A,accepted_for_training,
BraTS-MET-00749-002,BraTS-MET-00749-002,BraTS-MET-00749-002,run_3104668,g1_missing_t2w_v3,/public/home/zqchen/projects/ECNU_EYU_data/work_space/G1/code/brats2025-latent-ensemble-synthesis-main-v3/training/bbdm/bbdm_3056245/check_points/model_111105.pt,multi_modal,completion,0,,,,,,,42,True,106,164,42,84,61,106,109620,13014,1.0,,0.0,0.0,1.0,,,,0.867372453212738,0.8019576668739319,0.9327872395515442,,,,,1.7428158521652222,1.0253804922103882,0.8465703725814819,0.10408829789664326,1.2049222389856975,,0.3897550111358575,not_run,,,A,accepted_for_training,
BraTS-MET-00750-000,BraTS-MET-00750-000,BraTS-MET-00750-000,run_3104668,g1_missing_t2w_v3,/public/home/zqchen/projects/ECNU_EYU_data/work_space/G1/code/brats2025-latent-ensemble-synthesis-main-v3/training/bbdm/bbdm_3056245/check_points/model_111105.pt,multi_modal,completion,0,,,,,,,42,True,110,119,48,56,73,78,360,272,1.0,,0.0,0.0,1.0,,,,0.7668138146400452,0.6141975522041321,0.9194300770759583,,,,,1.4680899381637573,1.1578266620635986,1.1000728607177734,-0.15679385145766425,1.2419964869817097,,0.7465437788018433,not_run,,,A,accepted_for_training,
BraTS-MET-00751-000,BraTS-MET-00751-000,BraTS-MET-00751-000,run_3104668,g1_missing_t2w_v3,/public/home/zqchen/projects/ECNU_EYU_data/work_space/G1/code/brats2025-latent-ensemble-synthesis-main-v3/training/bbdm/bbdm_3056245/check_points/model_111105.pt,multi_modal,completion,0,,,,,,,42,True,193,263,65,210,25,35,101500,51222,1.0,,0.0,0.0,1.0,,,,0.767115980386734,0.611456036567688,0.92277592420578,,,,,1.6605818271636963,0.98861163854599,0.9741056561470032,0.10176658535136111,1.2077663739522297,,0.36919354325193415,not_run,,,A,accepted_for_training,
BraTS-MET-00752-000,BraTS-MET-00752-000,BraTS-MET-00752-000,run_3104668,g1_missing_t2w_v3,/public/home/zqchen/projects/ECNU_EYU_data/work_space/G1/code/brats2025-latent-ensemble-synthesis-main-v3/training/bbdm/bbdm_3056245/check_points/model_111105.pt,multi_modal,completion,0,,,,,,,42,True,74,184,58,224,32,88,1022560,47033,1.0,,0.0,0.0,1.0,,,,0.8844423890113831,0.8353190422058105,0.9335657358169556,,,,,1.918256402015686,1.657821774482727,1.497896671295166,-0.06814483153300627,1.6913249492645264,,0.4695756865807627,not_run,,,A,accepted_for_training,
BraTS-MET-00753-000,BraTS-MET-00753-000,BraTS-MET-00753-000,run_3104668,g1_missing_t2w_v3,/public/home/zqchen/projects/ECNU_EYU_data/work_space/G1/code/brats2025-latent-ensemble-synthesis-main-v3/training/bbdm/bbdm_3056245/check_points/model_111105.pt,multi_modal,completion,0,,,,,,,42,True,96,245,51,164,13,94,1363797,40560,1.0,,0.0,0.0,1.0,,,,0.8186207711696625,0.6779340505599976,0.9593074917793274,,,,,1.7367023229599,1.3372796773910522,1.1873652935028076,0.1749020298380594,1.4204490979512532,,0.27260918634611697,not_run,,,A,accepted_for_training,
BraTS-MET-00754-000,BraTS-MET-00754-000,BraTS-MET-00754-000,run_3104668,g1_missing_t2w_v3,/public/home/zqchen/projects/ECNU_EYU_data/work_space/G1/code/brats2025-latent-ensemble-synthesis-main-v3/training/bbdm/bbdm_3056245/check_points/model_111105.pt,multi_modal,completion,0,,,,,,,42,True,145,151,149,156,54,58,168,75,1.0,,0.0,0.0,1.0,,,,0.4478568732738495,0.09333330392837524,0.8023804426193237,,,,,1.3658385276794434,,,0.08044792138785502,1.3658385276794434,,1.0,not_run,,,A,accepted_for_training,
BraTS-MET-00755-000,BraTS-MET-00755-000,BraTS-MET-00755-000,run_3104668,g1_missing_t2w_v3,/public/home/zqchen/projects/ECNU_EYU_data/work_space/G1/code/brats2025-latent-ensemble-synthesis-main-v3/training/bbdm/bbdm_3056245/check_points/model_111105.pt,multi_modal,completion,0,,,,,,,42,True,106,195,109,151,33,83,186900,19808,1.0,,0.0,0.0,1.0,,,,0.8712022304534912,0.7814346551895142,0.9609698057174683,,,,,1.8290765285491943,0.9845262169837952,0.9522481560707092,-0.11134105174534492,1.2552836338678997,,0.4391473937197116,not_run,,,A,accepted_for_training,
BraTS-MET-00756-000,BraTS-MET-00756-000,BraTS-MET-00756-000,run_3104668,g1_missing_t2w_v3,/public/home/zqchen/projects/ECNU_EYU_data/work_space/G1/code/brats2025-latent-ensemble-synthesis-main-v3/training/bbdm/bbdm_3056245/check_points/model_111105.pt,multi_modal,completion,0,,,,,,,42,True,82,185,61,165,44,107,674856,26002,1.0,,0.0,0.0,1.0,,,,0.7772113680839539,0.6404951214790344,0.9139276146888733,,,,,1.6923795938491821,1.2167301177978516,1.2637336254119873,-0.013378942735787417,1.3909477790196736,,0.1349878066274566,not_run,,,A,accepted_for_training,
BraTS-MET-00756-001,BraTS-MET-00756-001,BraTS-MET-00756-001,run_3104668,g1_missing_t2w_v3,/public/home/zqchen/projects/ECNU_EYU_data/work_space/G1/code/brats2025-latent-ensemble-synthesis-main-v3/training/bbdm/bbdm_3056245/check_points/model_111105.pt,multi_modal,completion,0,,,,,,,42,True,84,186,24,153,27,92,855270,23525,1.0,,0.0,0.0,1.0,,,,0.8036095201969147,0.6934173107147217,0.9138017296791077,,,,,1.7913684844970703,1.1192302703857422,1.1942427158355713,-0.02340763199675433,1.3682804902394612,,0.13825577714466603,not_run,,,A,accepted_for_training,
BraTS-MET-00757-000,BraTS-MET-00757-000,BraTS-MET-00757-000,run_3104668,g1_missing_t2w_v3,/public/home/zqchen/projects/ECNU_EYU_data/work_space/G1/code/brats2025-latent-ensemble-synthesis-main-v3/training/bbdm/bbdm_3056245/check_points/model_111105.pt,multi_modal,completion,0,,,,,,,42,True,105,200,73,174,46,106,575700,58925,1.0,,0.0,0.0,1.0,,,,0.8015201985836029,0.6679811477661133,0.9350592494010925,,,,,1.7768436670303345,1.2793442010879517,1.170839786529541,-0.01344265488306511,1.4090092182159424,,0.08979657994975282,not_run,,,A,accepted_for_evaluation,
BraTS-MET-00758-000,BraTS-MET-00758-000,BraTS-MET-00758-000,run_3104668,g1_missing_t2w_v3,/public/home/zqchen/projects/ECNU_EYU_data/work_space/G1/code/brats2025-latent-ensemble-synthesis-main-v3/training/bbdm/bbdm_3056245/check_points/model_111105.pt,multi_modal,completion,0,,,,,,,42,True,124,147,80,99,33,46,5681,24404,1.0,,0.0,0.0,1.0,,,,0.8530197143554688,0.7271096706390381,0.9789297580718994,,,,,2.6666834354400635,0.8479909300804138,0.8340227603912354,-0.1728198566512893,1.4495657086372375,,0.17703742436692313,not_run,,,A,accepted_for_training,
BraTS-MET-00759-000,BraTS-MET-00759-000,BraTS-MET-00759-000,run_3104668,g1_missing_t2w_v3,/public/home/zqchen/projects/ECNU_EYU_data/work_space/G1/code/brats2025-latent-ensemble-synthesis-main-v3/training/bbdm/bbdm_3056245/check_points/model_111105.pt,multi_modal,completion,0,,,,,,,42,True,156,228,50,141,31,77,301392,229330,1.0,,0.0,0.0,1.0,,,,0.9249836206436157,0.8776017427444458,0.9723654985427856,,,,,2.3341379165649414,1.3008692264556885,1.2538071870803833,-0.07184956615027287,1.6296047767003377,,0.4911755514252348,not_run,,,A,accepted_for_training,
BraTS-MET-00760-000,BraTS-MET-00760-000,BraTS-MET-00760-000,run_3104668,g1_missing_t2w_v3,/public/home/zqchen/projects/ECNU_EYU_data/work_space/G1/code/brats2025-latent-ensemble-synthesis-main-v3/training/bbdm/bbdm_3056245/check_points/model_111105.pt,multi_modal,completion,0,,,,,,,42,True,63,70,93,103,30,56,1820,220,1.0,,0.0,0.0,1.0,,,,0.6344981789588928,0.4442105293273926,0.8247858285903931,,,,,2.0363173484802246,1.4117878675460815,1.3586448431015015,0.26115636854275276,1.6022500197092693,,0.6031746031746031,not_run,,,A,accepted_for_training,
BraTS-MET-00761-000,BraTS-MET-00761-000,BraTS-MET-00761-000,run_3104668,g1_missing_t2w_v3,/public/home/zqchen/projects/ECNU_EYU_data/work_space/G1/code/brats2025-latent-ensemble-synthesis-main-v3/training/bbdm/bbdm_3056245/check_points/model_111105.pt,multi_modal,completion,0,,,,,,,42,True,119,201,70,201,33,98,698230,192323,1.0,,0.0,0.0,1.0,,,,0.9205238223075867,0.8692700862884521,0.9717775583267212,,,,,1.651803731918335,1.1431162357330322,1.084454894065857,0.171206977194066,1.2931249539057414,,0.29579449190089674,not_run,,,A,accepted_for_training,
BraTS-MET-00761-001,BraTS-MET-00761-001,BraTS-MET-00761-001,run_3104668,g1_missing_t2w_v3,/public/home/zqchen/projects/ECNU_EYU_data/work_space/G1/code/brats2025-latent-ensemble-synthesis-main-v3/training/bbdm/bbdm_3056245/check_points/model_111105.pt,multi_modal,completion,0,,,,,,,42,True,76,152,55,150,42,104,447640,60886,1.0,,0.0,0.0,1.0,,,,0.917990118265152,0.8699278235435486,0.9660524129867554,,,,,1.8013513088226318,1.1298216581344604,1.0748080015182495,0.13711643258984454,1.3353269894917805,,0.4406397664263487,not_run,,,A,accepted_for_training,
BraTS-MET-00761-002,BraTS-MET-00761-002,BraTS-MET-00761-002,run_3104668,g1_missing_t2w_v3,/public/home/zqchen/projects/ECNU_EYU_data/work_space/G1/code/brats2025-latent-ensemble-synthesis-main-v3/training/bbdm/bbdm_3056245/check_points/model_111105.pt,multi_modal,completion,0,,,,,,,42,True,82,149,37,132,47,105,369170,51271,1.0,,0.0,0.0,1.0,,,,0.8985661268234253,0.8251938223838806,0.97193843126297,,,,,1.888767957687378,1.1386045217514038,1.0737937688827515,0.04439713476638002,1.3670554161071777,,0.42109477249980753,not_run,,,A,accepted_for_training,
BraTS-MET-00761-003,BraTS-MET-00761-003,BraTS-MET-00761-003,run_3104668,g1_missing_t2w_v3,/public/home/zqchen/projects/ECNU_EYU_data/work_space/G1/code/brats2025-latent-ensemble-synthesis-main-v3/training/bbdm/bbdm_3056245/check_points/model_111105.pt,multi_modal,completion,0,,,,,,,42,True,122,192,65,191,29,83,476280,124306,1.0,,0.0,0.0,1.0,,,,0.8966586887836456,0.8272016644477844,0.9661157131195068,,,,,1.9692604541778564,1.0206713676452637,1.0330547094345093,-0.06870199952240143,1.3409955104192097,,0.20233266086755317,not_run,,,A,accepted_for_training,
BraTS-MET-00762-000,BraTS-MET-00762-000,BraTS-MET-00762-000,run_3104668,g1_missing_t2w_v3,/public/home/zqchen/projects/ECNU_EYU_data/work_space/G1/code/brats2025-latent-ensemble-synthesis-main-v3/training/bbdm/bbdm_3056245/check_points/model_111105.pt,multi_modal,completion,0,,,,,,,42,True,152,208,110,216,41,77,213696,17588,1.0,,0.0,0.0,1.0,,,,0.8723156452178955,0.8031177520751953,0.9415135383605957,,,,,1.3182604312896729,1.0154153108596802,0.999407947063446,-0.13285278467932926,1.1110278964042664,,0.6388577177572263,not_run,,,A,accepted_for_training,
BraTS-MET-00763-000,BraTS-MET-00763-000,BraTS-MET-00763-000,run_3104668,g1_missing_t2w_v3,/public/home/zqchen/projects/ECNU_EYU_data/work_space/G1/code/brats2025-latent-ensemble-synthesis-main-v3/training/bbdm/bbdm_3056245/check_points/model_111105.pt,multi_modal,completion,0,,,,,,,42,True,187,198,130,143,71,77,858,3105,1.0,,0.0,0.0,1.0,,,,0.7386006116867065,0.5701923370361328,0.9070088863372803,,,,,2.6564247608184814,0.9197462201118469,0.940056324005127,-0.06343386951646841,1.5054091016451518,,0.23629650667424026,not_run,,,A,accepted_for_training,
BraTS-MET-00764-000,BraTS-MET-00764-000,BraTS-MET-00764-000,run_3104668,g1_missing_t2w_v3,/public/home/zqchen/projects/ECNU_EYU_data/work_space/G1/code/brats2025-latent-ensemble-synthesis-main-v3/training/bbdm/bbdm_3056245/check_points/model_111105.pt,multi_modal,completion,0,,,,,,,42,True,69,139,58,170,30,81,399840,1908,1.0,,0.0,0.0,1.0,,,,0.73884317278862,0.6032903790473938,0.8743959665298462,,,,,1.8680959939956665,1.0976601839065552,0.9927300810813904,-0.015098761099681758,1.319495419661204,,0.568642160540135,not_run,,,A,accepted_for_evaluation,
BraTS-MET-00765-000,BraTS-MET-00765-000,BraTS-MET-00765-000,run_3104668,g1_missing_t2w_v3,/public/home/zqchen/projects/ECNU_EYU_data/work_space/G1/code/brats2025-latent-ensemble-synthesis-main-v3/training/bbdm/bbdm_3056245/check_points/model_111105.pt,multi_modal,completion,0,,,,,,,42,True,165,173,48,58,71,76,400,279,1.0,,0.0,0.0,1.0,,,,0.48438459634780884,0.21532845497131348,0.7534407377243042,,,,,1.6625592708587646,1.1222468614578247,1.0822041034698486,-0.08508126341593518,1.2890034119288127,,0.6586538461538461,not_run,,,A,accepted_for_training,
BraTS-MET-00766-000,BraTS-MET-00766-000,BraTS-MET-00766-000,run_3104668,g1_missing_t2w_v3,/public/home/zqchen/projects/ECNU_EYU_data/work_space/G1/code/brats2025-latent-ensemble-synthesis-main-v3/training/bbdm/bbdm_3056245/check_points/model_111105.pt,multi_modal,completion,0,,,,,,,42,True,107,168,36,131,34,95,353495,32042,1.0,,0.0,0.0,1.0,,,,0.8937700092792511,0.8426723480224609,0.9448676705360413,,,,,1.6482441425323486,1.1319704055786133,1.0416251420974731,-0.14629202396855753,1.2739465634028118,,0.4924249553025313,not_run,,,A,accepted_for_evaluation,
BraTS-MET-00767-000,BraTS-MET-00767-000,BraTS-MET-00767-000,run_3104668,g1_missing_t2w_v3,/public/home/zqchen/projects/ECNU_EYU_data/work_space/G1/code/brats2025-latent-ensemble-synthesis-main-v3/training/bbdm/bbdm_3056245/check_points/model_111105.pt,multi_modal,completion,0,,,,,,,42,True,47,168,43,180,10,91,1342737,66586,1.0,,0.0,0.0,1.0,,,,0.8818691372871399,0.8084921836853027,0.955246090888977,,,,,2.0989532470703125,1.1729227304458618,1.1693449020385742,0.1321967373683173,1.4804069598515828,,0.43101863851645894,not_run,,,A,accepted_for_training,
BraTS-MET-00768-000,BraTS-MET-00768-000,BraTS-MET-00768-000,run_3104668,g1_missing_t2w_v3,/public/home/zqchen/projects/ECNU_EYU_data/work_space/G1/code/brats2025-latent-ensemble-synthesis-main-v3/training/bbdm/bbdm_3056245/check_points/model_111105.pt,multi_modal,completion,0,,,,,,,42,True,78,88,86,100,50,56,840,489,1.0,,0.0,0.0,1.0,,,,0.7600072920322418,0.5752809047698975,0.9447336792945862,,,,,1.5112049579620361,1.3550831079483032,0.9867428541183472,-0.07369954839904415,1.2843436400095622,,0.842603550295858,not_run,,,A,accepted_for_training,
BraTS-MET-00769-000,BraTS-MET-00769-000,BraTS-MET-00769-000,run_3104668,g1_missing_t2w_v3,/public/home/zqchen/projects/ECNU_EYU_data/work_space/G1/code/brats2025-latent-ensemble-synthesis-main-v3/training/bbdm/bbdm_3056245/check_points/model_111105.pt,multi_modal,completion,0,,,,,,,42,True,184,187,147,151,59,62,36,58,1.0,,0.0,0.0,1.0,,,,0.7222466170787811,0.7321428060531616,0.7123504281044006,,,,,1.811305284500122,1.1145541667938232,0.8952431678771973,-0.10714917169410816,1.2737008730570476,,0.6511627906976745,not_run,,,A,accepted_for_training,
BraTS-MET-00770-000,BraTS-MET-00770-000,BraTS-MET-00770-000,run_3104668,g1_missing_t2w_v3,/public/home/zqchen/projects/ECNU_EYU_data/work_space/G1/code/brats2025-latent-ensemble-synthesis-main-v3/training/bbdm/bbdm_3056245/check_points/model_111105.pt,multi_modal,completion,0,,,,,,,42,True,62,193,57,164,12,92,1121360,1042,1.0,,0.0,0.0,1.0,,,,0.6075572669506073,0.3756183981895447,0.8394961357116699,,,,,1.510571002960205,1.0690499544143677,0.9723387360572815,0.09674974655711166,1.1839865644772847,,0.7039800995024875,not_run,,,A,accepted_for_training,
BraTS-MET-00771-000,BraTS-MET-00771-000,BraTS-MET-00771-000,run_3104668,g1_missing_t2w_v3,/public/home/zqchen/projects/ECNU_EYU_data/work_space/G1/code/brats2025-latent-ensemble-synthesis-main-v3/training/bbdm/bbdm_3056245/check_points/model_111105.pt,multi_modal,completion,0,,,,,,,42,True,83,162,53,146,17,82,477555,25505,1.0,,0.0,0.0,1.0,,,,0.8249785304069519,0.712094247341156,0.9378628134727478,,,,,1.6495314836502075,0.9445299506187439,0.9325488209724426,-0.10553429790722445,1.1755367517471313,,0.3046960683306192,not_run,,,A,accepted_for_training,
BraTS-MET-00772-000,BraTS-MET-00772-000,BraTS-MET-00772-000,run_3104668,g1_missing_t2w_v3,/public/home/zqchen/projects/ECNU_EYU_data/work_space/G1/code/brats2025-latent-ensemble-synthesis-main-v3/training/bbdm/bbdm_3056245/check_points/model_111105.pt,multi_modal,completion,0,,,,,,,42,True,141,145,86,89,17,19,24,95,1.0,,0.0,0.0,1.0,,,,0.6999046802520752,0.6842105388641357,0.7155988216400146,,,,,1.59023118019104,1.015696406364441,1.020351529121399,0.13049579793040064,1.2087597052256267,,0.3333333333333333,not_run,,,A,accepted_for_training,
BraTS-MET-00773-000,BraTS-MET-00773-000,BraTS-MET-00773-000,run_3104668,g1_missing_t2w_v3,/public/home/zqchen/projects/ECNU_EYU_data/work_space/G1/code/brats2025-latent-ensemble-synthesis-main-v3/training/bbdm/bbdm_3056245/check_points/model_111105.pt,multi_modal,completion,0,,,,,,,42,True,87,162,30,105,22,79,320625,65684,1.0,,0.0,0.0,1.0,,,,0.8559113144874573,0.7616329193115234,0.9501897096633911,,,,,2.0677437782287598,1.0499387979507446,0.9951236248016357,0.0648339274351807,1.3709354003270466,,0.2382555285850309,not_run,,,A,accepted_for_training,
BraTS-MET-00773-001,BraTS-MET-00773-001,BraTS-MET-00773-001,run_3104668,g1_missing_t2w_v3,/public/home/zqchen/projects/ECNU_EYU_data/work_space/G1/code/brats2025-latent-ensemble-synthesis-main-v3/training/bbdm/bbdm_3056245/check_points/model_111105.pt,multi_modal,completion,0,,,,,,,42,True,73,166,34,191,34,95,890661,92783,1.0,,0.0,0.0,1.0,,,,0.8464303910732269,0.7691057324409485,0.9237550497055054,,,,,2.1033437252044678,0.9897751212120056,0.9937124848365784,0.005968738812950615,1.3622771104176838,,0.17178155880237633,not_run,,,A,accepted_for_training,
BraTS-MET-00774-001,BraTS-MET-00774-001,BraTS-MET-00774-001,run_3104668,g1_missing_t2w_v3,/public/home/zqchen/projects/ECNU_EYU_data/work_space/G1/code/brats2025-latent-ensemble-synthesis-main-v3/training/bbdm/bbdm_3056245/check_points/model_111105.pt,multi_modal,completion,0,,,,,,,42,True,99,195,24,124,33,82,470400,53478,1.0,,0.0,0.0,1.0,,,,0.912959635257721,0.8668997287750244,0.9590195417404175,,,,,2.210545778274536,1.119424819946289,1.129355788230896,-0.090686038245937,1.4864421288172405,,0.5749460388520266,not_run,,,A,accepted_for_training,
BraTS-MET-00775-000,BraTS-MET-00775-000,BraTS-MET-00775-000,run_3104668,g1_missing_t2w_v3,/public/home/zqchen/projects/ECNU_EYU_data/work_space/G1/code/brats2025-latent-ensemble-synthesis-main-v3/training/bbdm/bbdm_3056245/check_points/model_111105.pt,multi_modal,completion,0,,,,,,,42,True,158,352,200,255,17,28,117370,150,1.0,,0.0,0.0,1.0,,,,0.6340672969818115,0.710365891456604,0.557768702507019,,,,,1.2839168310165405,1.1416795253753662,0.9946973323822021,-0.0343661086280077,1.1400978962580364,,0.7068965517241379,not_run,,,A,accepted_for_training,
