source_case_id,modality,generated_zero_fraction,reference_zero_fraction,generated_largest_zero_component_fraction,reference_largest_zero_component_fraction,generated_boundary_gradient,reference_boundary_gradient,boundary_gradient_ratio,generated_laplacian,reference_laplacian,laplacian_ratio,generated_z_gradient,reference_z_gradient,z_gradient_ratio,generated_repeated_adjacent_z_slices,reference_repeated_adjacent_z_slices,generated_extreme_zscore_fraction,support_size_x,support_size_y,support_size_z,artifact_flag_count,artifact_flags
BraTS-MET-00006-000,t1c,0.0,0.35228906984843783,0.0,0.35009631081026654,9.567379244735637,6.776672818809252,1.4118107071925523,0.8334369659423828,0.3745403289794922,2.225226234550612,0.28957754332538044,0.11990448760740254,2.4150684357497125,0,0,0.0027874457141097114,112,164,108,2,extreme_zscore_signal;large_tiled_support
BraTS-MET-00006-000,t1n,0.0,0.35229025448325046,0.0,0.35009631081026654,10.941090910381165,7.831678575243611,1.3970301264618528,0.7468770742416382,0.41491052508354187,1.8000918971415707,0.26150712111127483,0.13626817584789674,1.9190623157909625,0,0,0.0,112,164,108,1,large_tiled_support
BraTS-MET-00006-000,t2w,0.0,0.35230328546618933,0.0,0.35011052642801804,9.66618602897758,7.191018583273481,1.3442026212338556,0.5692765116691589,0.5164293050765991,1.1023319282485746,0.20854930907761285,0.10196671617236587,2.0452684651046167,0,0,0.0,112,164,108,1,large_tiled_support
BraTS-MET-00006-000,t2f,0.0,0.3522961776573136,0.0,0.35009631081026654,11.250540656865715,6.5953536227997285,1.7058282694612907,0.6492119431495667,0.4994605779647827,1.2998261960833735,0.20198406395288782,0.11112764305136072,1.8175861415465753,0,0,0.00018006449151919938,112,164,108,1,large_tiled_support
BraTS-MET-00009-000,t1c,0.0,0.2040868454661558,0.0,0.2040868454661558,8.495437389351295,7.825547065566367,1.085603002342488,0.8453567624092102,0.5314916968345642,1.5905361597254488,0.2989132034338333,0.12659958385947076,2.361091516427382,0,0,0.0010883447165306237,90,69,87,2,extreme_zscore_signal;large_tiled_support
BraTS-MET-00009-000,t1n,0.0,0.2040868454661558,0.0,0.2040868454661558,9.97865017599037,8.847357988343266,1.1278677984023735,0.7018446922302246,0.4716394543647766,1.4880958022807864,0.24660932154140688,0.12345733349634842,1.9975267127302812,0,0,0.0,90,69,87,1,large_tiled_support
BraTS-MET-00009-000,t2w,0.0,0.2040868454661558,0.0,0.2040868454661558,8.493828688175958,8.133229253802728,1.0443365633895823,0.5216366648674011,0.46141332387924194,1.1305192933785337,0.20076882221143355,0.11218120911243287,1.789683172430548,0,0,0.0,90,69,87,1,large_tiled_support
BraTS-MET-00009-000,t2f,0.0,0.2040868454661558,0.0,0.2040868454661558,9.36823761013245,6.2676025808706,1.4947083018194744,0.6584664583206177,0.36538630723953247,1.8021103836519898,0.20982069285078483,0.09447205642407591,2.2209815345706043,0,0,0.0005904455179817498,90,69,87,1,large_tiled_support
BraTS-MET-00014-000,t1c,0.0,0.1905167366645369,0.0,0.07251396170122895,10.10007469455313,9.570536091648519,1.0553300878690275,0.8370184302330017,0.461984783411026,1.811787877628666,0.2984861836485241,0.17739778337595255,1.6825812474553494,0,0,0.0011669282118596264,121,170,114,2,extreme_zscore_signal;large_tiled_support
BraTS-MET-00014-000,t1n,1.3366875279033522e-06,0.1905167366645369,1.3366875279033522e-06,0.07251396170122895,11.033512982134754,12.016474759862277,0.9181988230848838,0.6730554103851318,0.47892117500305176,1.4053573855464692,0.2603100012825883,0.19120069086227728,1.36144906228446,0,0,0.0,121,170,114,1,large_tiled_support
BraTS-MET-00014-000,t2w,1.3366875279033522e-06,0.1905167366645369,1.3366875279033522e-06,0.07251396170122895,10.024586337235284,10.933602713536294,0.9168603066969311,0.5038416981697083,0.6405999660491943,0.7865153369849166,0.20066302580677944,0.15180138619211705,1.3218787445908036,0,0,0.0,121,170,114,1,large_tiled_support
BraTS-MET-00014-000,t2f,0.0,0.19053010353981592,0.0,0.07251396170122895,10.5617800788216,9.81884419629313,1.0756642907939153,0.6322066187858582,0.5626049637794495,1.1237131904042241,0.20034012742664503,0.1498567393211567,1.3368776628543733,0,0,0.0002553073178295403,121,170,114,1,large_tiled_support
BraTS-MET-00016-000,t1c,0.0,0.4010552164878113,0.0,0.40087498431014523,9.920738176324575,4.916808714286014,2.0177189621998948,0.8841552734375,0.3278389573097229,2.6969194896572413,0.2994924037446899,0.11572788925954111,2.587901720673597,0,6,0.0006699702080501561,122,184,123,1,large_tiled_support
BraTS-MET-00016-000,t1n,0.0,0.4010557528931019,0.0,0.4008755207154359,10.494068929702227,4.953358135620292,2.1185766589816932,0.7609929442405701,0.2928636372089386,2.5984548696212926,0.24368274698574696,0.11193994151554146,2.176906148837988,0,6,0.0,122,184,123,1,large_tiled_support
BraTS-MET-00016-000,t2w,0.0,0.4010557528931019,0.0,0.4008755207154359,9.609212994346565,4.656494548256834,2.0636152141408153,0.5777228474617004,0.36436229944229126,1.585572514900658,0.2117492799316683,0.09340383249265517,2.267029888182792,0,6,5.364052906726629e-07,122,184,123,1,large_tiled_support
BraTS-MET-00016-000,t2f,0.0,0.40105897132484597,0.0,0.40087498431014523,10.41262544089313,3.6726673552517215,2.835167041742461,0.63225919008255,0.4172646403312683,1.5152474688020452,0.21144919295705134,0.08667809142042965,2.4394767984844403,0,6,4.237601796314038e-05,122,184,123,1,large_tiled_support
BraTS-MET-00019-000,t1c,0.0,0.3741506993404594,0.0,0.3741163482677583,8.792260728548658,5.632441473628236,1.5610034777485169,0.8515251874923706,0.43615174293518066,1.9523599327193821,0.30328956340347324,0.12565345924582566,2.4136984785283486,0,0,0.0010281631415358958,102,128,110,2,extreme_zscore_signal;large_tiled_support
BraTS-MET-00019-000,t1n,0.0,0.3741506993404594,0.0,0.3741163482677583,10.0506006962954,6.09064419651443,1.650170387895452,0.7237817645072937,0.39954107999801636,1.811532782838969,0.25181920047815853,0.12671218923217542,1.9873320949158952,0,0,0.0,102,128,110,1,large_tiled_support
BraTS-MET-00019-000,t2w,0.0,0.3741506993404594,0.0,0.3741163482677583,8.851282614016004,4.843398042250448,1.8274943617690613,0.5727748274803162,0.37644582986831665,1.521533198231142,0.2122510396413975,0.07865134311151935,2.6986321052451423,0,0,0.0,102,128,110,1,large_tiled_support
BraTS-MET-00019-000,t2f,0.0,0.3741506993404594,0.0,0.3741163482677583,8.655915668219418,4.774758701724205,1.812848817908577,0.6264677047729492,0.37641382217407227,1.6643057929026839,0.20674138583310014,0.087867569983811,2.352874739465207,0,0,0.0018656186035933592,102,128,110,2,extreme_zscore_signal;large_tiled_support
BraTS-MET-00022-000,t1c,1.841579928252046e-06,0.20275795010055025,1.841579928252046e-06,0.10375829631757677,10.68049481764577,8.413380887104722,1.2694652674070512,0.8838178515434265,0.7155523300170898,1.2351547391681583,0.31991757696769274,0.16286813227849112,1.9642736273334307,0,0,0.0006905924730945173,115,135,121,1,large_tiled_support
BraTS-MET-00022-000,t1n,0.0,0.20275795010055025,0.0,0.10375829631757677,12.751152022918665,11.135751969278223,1.145064299034055,0.6555773615837097,0.6890061497688293,0.9514825982375695,0.22934213378390328,0.1774576507856092,1.2923767037859468,0,0,0.0,115,135,121,1,large_tiled_support
BraTS-MET-00022-000,t2w,0.0,0.20275795010055025,0.0,0.10375829631757677,10.60469089131974,10.946717450142701,0.968755331415035,0.48950818181037903,0.7118138670921326,0.6876912693624445,0.19771180240834346,0.15759519376786288,1.2545547721434462,0,0,0.0,115,135,121,1,large_tiled_support
BraTS-MET-00022-000,t2f,0.0,0.20275795010055025,0.0,0.10375829631757677,11.623653948165451,10.38273194052735,1.1195178701276451,0.6281034350395203,0.7745439410209656,0.8109332495863119,0.19907823443168499,0.16898513946407398,1.1780813097710805,0,0,5.524739784756138e-05,115,135,121,1,large_tiled_support
BraTS-MET-00025-000,t1c,0.0,0.20860444444444445,0.0,0.2033911111111111,8.95200047187501,9.737655986980394,0.919317799257251,0.8366909027099609,0.611061155796051,1.3692424968822867,0.2919969535187671,0.18254465152297103,1.5995919413832993,0,0,1.3333333333333333e-05,101,136,56,1,large_tiled_support
BraTS-MET-00025-000,t1n,0.0,0.20860444444444445,0.0,0.2033911111111111,10.851100574876922,10.408065070356397,1.0425665579073242,0.7243198156356812,0.5404422283172607,1.3402354177447382,0.2622239883793028,0.16396833694817728,1.5992355186366225,0,0,4.444444444444444e-06,101,136,56,1,large_tiled_support
BraTS-MET-00025-000,t2w,0.0,0.20866222222222222,0.0,0.2034488888888889,9.302876198355815,9.215799381828942,1.0094486449757754,0.4900975823402405,0.7350702285766602,0.6667357257676345,0.1911075418455559,0.15919998301225796,1.2004243859174353,0,0,0.0,101,136,56,1,large_tiled_support
BraTS-MET-00025-000,t2f,0.0,0.20860444444444445,0.0,0.2033911111111111,10.581435791179308,8.149954322030439,1.2983429566686333,0.6100049018859863,0.6562209129333496,0.9295724806440948,0.21817090022459365,0.14463188316215547,1.508456472076694,0,0,0.0022444444444444443,101,136,56,2,extreme_zscore_signal;large_tiled_support
BraTS-MET-00098-000,t1c,0.0,0.007889713679745494,0.0,0.007889713679745494,11.674552124975214,16.938111705547712,0.689247557692719,0.6599777340888977,0.8179246187210083,0.8068931035734165,0.24243516285045474,0.2806804165536282,0.8637409258088866,0,0,3.1813361611876987e-05,41,46,50,0,
BraTS-MET-00098-000,t1n,0.0,0.004538706256627783,0.0,0.003435843054082715,11.758932204823108,15.739778967135114,0.7470836934480419,0.6678651571273804,0.5403806567192078,1.2359161062169848,0.21966101404498606,0.18021284204487706,1.218897674286084,0,0,0.0,41,46,50,0,
BraTS-MET-00098-000,t2w,0.0,0.002895015906680806,0.0,0.0023541887592788972,10.57601335052918,16.166882391627496,0.6541776635924738,0.4880322813987732,0.5179478526115417,0.9422421174990273,0.1925075660441436,0.1623077841073859,1.1860649019567475,0,0,0.0,41,46,50,0,
BraTS-MET-00098-000,t2f,0.0,0.011643690349946978,0.0,0.011643690349946978,10.142726962230169,10.53629660246702,0.962646302103464,0.5669458508491516,0.44133859872817993,1.2846051817877209,0.1758771772478141,0.15310096667677747,1.1487659488076332,0,0,0.0,41,46,50,0,
BraTS-MET-00129-000,t1c,2.3755226149752945e-06,0.3118883029266439,1.1877613074876473e-06,0.3118883029266439,8.677236607955061,6.949882585422355,1.2485443460808816,0.8738365769386292,0.9735864400863647,0.897543906693188,0.31332636901989896,0.305932731070417,1.0241675283439355,0,0,0.0002648707715697453,77,128,93,1,large_tiled_support
BraTS-MET-00129-000,t1n,1.1877613074876473e-06,0.28057178829342455,1.1877613074876473e-06,0.2802784112504751,9.782875460809981,7.692751835115462,1.2717003837500171,0.7210958003997803,0.5892877578735352,1.2236734783051983,0.25973903966393874,0.15588887749200173,1.6661807041189665,0,0,2.8506271379703534e-05,77,128,93,1,large_tiled_support
BraTS-MET-00129-000,t2w,0.0,0.3032568415051311,0.0,0.3029610889395667,8.51106279547593,6.713275125701325,1.2677959172106466,0.5371297001838684,0.45617246627807617,1.1774706714903784,0.20882418830978108,0.13053635888277215,1.599739644165463,0,0,0.0,77,128,93,1,large_tiled_support
BraTS-MET-00129-000,t2f,0.0,0.3037497624477385,0.0,0.3033934340554922,9.305169935592085,5.899493332516398,1.5772828972116175,0.5906484723091125,0.36228424310684204,1.6303454636720789,0.19695650429484693,0.11932766267118301,1.650551933105205,0,0,1.1877613074876473e-05,77,128,93,1,large_tiled_support
BraTS-MET-00133-000,t1c,0.0,0.20970942209693158,0.0,0.20678015107159636,9.676829991934115,9.751876718643857,0.9923043811078676,0.8463806509971619,0.6133651733398438,1.3798968180546054,0.3133415641082871,0.19481760419664845,1.608384239198429,0,0,0.001259532328598793,113,161,127,2,extreme_zscore_signal;large_tiled_support
BraTS-MET-00133-000,t1n,0.0,0.20460081679858325,0.0,0.20064512631464818,11.450193893236689,12.428871288596858,0.9212577415410136,0.695233166217804,0.6305626034736633,1.1025600985340414,0.27649961814524665,0.20826500510015794,1.3276335984159873,0,0,0.0,113,161,127,1,large_tiled_support
BraTS-MET-00133-000,t2w,0.0,0.20206910260580432,0.0,0.19941992843977013,9.703768337449883,11.835342376972113,0.8198975600680882,0.5175904035568237,0.6250746846199036,0.8280456980457639,0.18630111211490247,0.19950933766461187,0.9337964543197809,0,0,2.710614767429253e-05,113,161,127,1,large_tiled_support
BraTS-MET-00133-000,t2f,0.0,0.2064386136109003,0.0,0.20356174780440203,11.112365984574915,10.144188999093304,1.09544153658495,0.6570280194282532,0.5757900476455688,1.1410895726921124,0.2153166005568158,0.1949177062319171,1.104653880446488,0,0,0.0,113,161,127,1,large_tiled_support
BraTS-MET-00137-000,t1c,0.0,0.049325211990923205,0.0,0.04914606473187627,11.199696630118881,14.734718786576906,0.7600889295777824,0.9003154635429382,1.66288423538208,0.5414180039635009,0.3308945487846028,0.5658135955983942,0.5848119440019017,0,0,0.0,87,34,21,1,large_tiled_support
BraTS-MET-00137-000,t1n,0.0,0.020482503284366415,0.0,0.020482503284366415,14.422681009577051,15.571910527321913,0.9261985537530244,0.813583493232727,1.0183234214782715,0.7989441036833571,0.3251603293147954,0.3638776263052767,0.8935980280414403,0,0,0.0,87,34,21,1,large_tiled_support
BraTS-MET-00137-000,t2w,0.0,0.03624746208049683,0.0,0.03624746208049683,10.177205488087363,15.275226515607258,0.6662556183824142,0.5465144515037537,1.0824627876281738,0.5048805905847744,0.22366770898753946,0.3048580932346257,0.7336781077857091,0,0,0.0,87,34,21,1,large_tiled_support
BraTS-MET-00137-000,t2f,0.0,0.04616027708109399,0.0,0.04616027708109399,10.305628516728245,14.461640865571452,0.7126182023550768,0.5994192361831665,0.958487331867218,0.6253804471421076,0.21397632055661894,0.3441348827698014,0.6217803869064674,0,0,0.0,87,34,21,1,large_tiled_support
BraTS-MET-00147-000,t1c,0.0,0.0014730102762764157,0.0,0.0014730102762764157,10.631397608840828,15.133213026954406,0.702520845368713,0.7417848110198975,0.6872687339782715,1.079322795212956,0.27238745027679506,0.3013759374113406,0.9038128677971398,0,0,3.4795518337238164e-05,47,42,99,1,large_tiled_support
BraTS-MET-00147-000,t1n,0.0,0.001658586374075019,0.0,0.001658586374075019,13.935481771400944,16.451446633362774,0.8470672568782146,0.7189291715621948,0.5407243967056274,1.3295667366634147,0.2482776967650753,0.2054419626118773,1.2085052810468113,0,0,0.0,47,42,99,1,large_tiled_support
BraTS-MET-00147-000,t2w,0.0,0.000707508872857176,0.0,0.000707508872857176,11.294344521134446,13.673362221138605,0.8260107747071698,0.4360426068305969,0.4573211073875427,0.9534714225667393,0.2063329138998258,0.18417150792429002,1.1203302629451564,0,0,0.0,47,42,99,1,large_tiled_support
BraTS-MET-00147-000,t2f,0.0,0.0008118954278688905,0.0,0.0008118954278688905,11.775281178723674,11.697710155051185,1.006631299856493,0.5696471333503723,0.4533696174621582,1.256473992543004,0.16754549918538433,0.18084057572029405,0.9264817838477069,0,0,0.0,47,42,99,1,large_tiled_support
BraTS-MET-00161-000,t1c,0.0,0.19593971631205673,0.0,0.19593971631205673,8.09608398427088,9.657668047478941,0.8383063017354692,0.7802705764770508,1.0335743427276611,0.7549244831463914,0.2872858567505467,0.30252837161628565,0.9496162466207568,0,0,8.865248226950355e-05,47,50,48,0,
BraTS-MET-00161-000,t1n,0.0,0.14879432624113476,0.0,0.1487854609929078,12.981468800060245,12.950695426584813,1.0023761946723155,0.5982915163040161,0.6548420190811157,0.9136425257859108,0.2128366380929947,0.1699953100511006,1.2520147645780109,0,0,0.0,47,50,48,0,
BraTS-MET-00161-000,t2w,0.0,0.15099290780141844,0.0,0.15099290780141844,12.310385888892407,12.585223447857782,0.9781618848402602,0.45484188199043274,0.6628419756889343,0.68619957497062,0.17552820593118668,0.17412283514835397,1.0080711457611824,0,0,0.0,47,50,48,0,
BraTS-MET-00161-000,t2f,0.0,0.12938829787234044,0.0,0.12938829787234044,9.684283944011607,10.877383734657888,0.8903137169975179,0.5846829414367676,0.5956202149391174,0.9816371687393656,0.18541717863812737,0.15483539140954308,1.1975116086198585,0,0,0.0,47,50,48,0,
BraTS-MET-00162-000,t1c,0.0,0.0006171781244642551,0.0,0.0006171781244642551,12.03750493961541,15.353242537890806,0.7840366560944784,0.8428630232810974,1.294358730316162,0.651181935532832,0.29540602161603813,0.4989400674753329,0.5920671456810646,0,0,0.0,75,118,113,1,large_tiled_support
BraTS-MET-00162-000,t1n,0.0,0.0005828904508829076,0.0,0.0005828904508829076,15.726648240756315,16.094760332149832,0.977128451508644,0.8102129697799683,0.9423585534095764,0.8597714392770266,0.28685477255460096,0.26155298685326295,1.0967367492367153,0,0,0.0,75,118,113,1,large_tiled_support
BraTS-MET-00162-000,t2w,0.0,0.0,0.0,0.0,8.888854298052879,15.852486610508652,0.5607230282825431,0.485713392496109,0.8611153960227966,0.5640514555185708,0.15959509440204678,0.2476055905880297,0.6445536791920977,0,0,0.0,75,118,113,1,large_tiled_support
BraTS-MET-00162-000,t2f,0.0,0.0,0.0,0.0,11.785133614381202,15.620817889919543,0.7544504837987009,0.6732959151268005,0.9848100543022156,0.6836809922740508,0.19728728646741195,0.262601919910487,0.7512789188085951,0,0,0.0,75,118,113,1,large_tiled_support
BraTS-MET-00167-000,t1c,0.0,0.2561603105081366,0.0,0.2561603105081366,9.53294486864333,7.942528721936335,1.2002405282230144,0.8008493185043335,0.6689481139183044,1.197177033377715,0.2841579172383533,0.13138155078285196,2.162844901321121,0,0,0.0002813089769611509,97,90,88,1,large_tiled_support
BraTS-MET-00167-000,t1n,1.7804365630452588e-06,0.2522896414200762,1.7804365630452588e-06,0.2522896414200762,9.295974176676493,9.612592580830976,0.9670621217437355,0.685219943523407,0.5429595708847046,1.2620091444504822,0.2369460230797864,0.13806866276799962,1.7161462878649951,0,0,0.0,97,90,88,1,large_tiled_support
BraTS-MET-00167-000,t2w,0.0,0.26230637752376884,0.0,0.26230281665064276,8.678256479480252,7.523338253770448,1.1535114050110664,0.5366403460502625,0.4289208948612213,1.2511406007018941,0.19732462455717364,0.10836990512488934,1.82084338202354,0,0,0.0,97,90,88,1,large_tiled_support
BraTS-MET-00167-000,t2f,1.7804365630452588e-06,0.26154791154791157,1.7804365630452588e-06,0.26154435067478543,9.891657523721664,7.141088505349791,1.385175035474111,0.5926575064659119,0.47391900420188904,1.2505459819320526,0.19841572742783622,0.11582139737150643,1.713118058759055,0,0,0.0020136737528041876,97,90,88,2,extreme_zscore_signal;large_tiled_support
BraTS-MET-00175-000,t1c,0.0,0.22223154949282967,0.0,0.22214760405736272,9.992070707248663,10.238346228077097,0.9759457713831692,0.7391180992126465,0.699759304523468,1.0562461898466382,0.27209949990113574,0.25146837645407877,1.0820426160059313,0,0,0.00018188177684505072,83,54,32,1,large_tiled_support
BraTS-MET-00175-000,t1n,0.0,0.19112976565232598,0.0,0.19112976565232598,13.438045236313949,11.03625292618133,1.2176275159873187,0.7007764577865601,0.6519970893859863,1.0748153161949103,0.2638294112050172,0.25194901656923874,1.0471539631213982,0,0,0.0,83,54,32,1,large_tiled_support
BraTS-MET-00175-000,t2w,0.0,0.1810283315844701,0.0,0.1810283315844701,11.006478404159704,9.932995701984884,1.1080724017589485,0.45010873675346375,0.6981598138809204,0.6447073117133539,0.19941463750420194,0.23123514381321994,0.8623889700143461,0,0,0.0,83,54,32,1,large_tiled_support
BraTS-MET-00175-000,t2f,0.0,0.18777194823364812,0.0,0.18777194823364812,11.007227442710404,9.593253031284203,1.1473925900646154,0.6015193462371826,0.5555182099342346,1.0828076118483927,0.20900480697552362,0.2196769274093888,0.9514190199229404,0,0,0.0,83,54,32,1,large_tiled_support
BraTS-MET-00180-000,t1c,0.0,0.32687459599224306,0.0,0.32687459599224306,8.86624197721039,6.786986685527608,1.30635912342609,0.8078851699829102,0.6895850896835327,1.1715525495971326,0.2869083960947481,0.20861635490284455,1.3752919622642492,0,0,1.2569130216189039e-05,60,91,102,1,large_tiled_support
BraTS-MET-00180-000,t1n,0.0,0.3170545141133376,0.0,0.3170365582130288,8.774892823760108,8.581578121819485,1.0225267076983315,0.7193754315376282,0.46096187829971313,1.5605963646952534,0.24094487770089826,0.1767877094623931,1.3629051387882418,0,1,0.0,60,91,102,1,large_tiled_support
BraTS-MET-00180-000,t2w,3.591180061768297e-06,0.28608238167061695,1.7955900308841485e-06,0.2856586224233283,8.77210679887063,8.154368749723368,1.0757554714665336,0.5205303430557251,0.41824227571487427,1.2445665426002583,0.19217867353587476,0.10961201099805462,1.75326291148226,0,0,7.182360123536594e-06,60,91,102,1,large_tiled_support
BraTS-MET-00180-000,t2f,0.0,0.300960640666523,0.0,0.3004524886877828,8.76398256996858,6.342918526972624,1.3816955921317016,0.6001831889152527,0.40323907136917114,1.488405344445842,0.19148473557337975,0.10144178178703901,1.8876318238905907,0,0,0.0044063779357897005,60,91,102,2,extreme_zscore_signal;large_tiled_support
BraTS-MET-00194-000,t1c,1.5184645286686103e-06,0.25429877308066084,1.5184645286686103e-06,0.23670280612244898,9.143570172825791,9.393322166963197,0.9734117504224654,0.8270666599273682,0.9596794247627258,0.8618155590152979,0.2931447463354679,0.3035109098812546,0.9658458289033419,0,0,4.555393586005831e-06,56,120,98,1,large_tiled_support
BraTS-MET-00194-000,t1n,0.0,0.2308445699708455,0.0,0.21910076530612244,10.444258474730427,9.80210841612047,1.0655114217624733,0.7069314122200012,0.5580571889877319,1.2667723419212902,0.23871989051500955,0.14797655312400876,1.6132278085633958,0,0,0.0,56,120,98,1,large_tiled_support
BraTS-MET-00194-000,t2w,0.0,0.23134262633624877,0.0,0.21953960155490768,9.058189673151977,9.737902575226176,0.9301992501133222,0.5441909432411194,0.4724988639354706,1.1517296331858267,0.19804974272847176,0.13309557562825655,1.4880264936952965,0,0,0.0,56,120,98,1,large_tiled_support
BraTS-MET-00194-000,t2f,0.0,0.2516460155490768,0.0,0.23965621963070943,9.815653922194835,7.5938490450656415,1.2925795421984172,0.6352468729019165,0.42311862111091614,1.5013446376669703,0.20371976705512615,0.11662509348807913,1.7467918863957819,0,0,3.3406219630709424e-05,56,120,98,1,large_tiled_support
BraTS-MET-00195-000,t1c,0.0,0.34339734519237247,0.0,0.34339599757428746,9.634033021047584,6.692596455480274,1.439506040015112,0.8477129936218262,0.6737913489341736,1.2581238909682766,0.2946640500912861,0.20454233352627074,1.4406017816035155,0,0,7.277137659187387e-05,75,102,97,1,large_tiled_support
BraTS-MET-00195-000,t1n,0.0,0.33113267300047167,0.0,0.33113267300047167,9.340854204659264,7.6043686535490504,1.2283536780268767,0.7291067838668823,0.5104672908782959,1.4283124440988204,0.25074772688807273,0.1332064980298889,1.882398611153413,0,0,0.0,75,102,97,1,large_tiled_support
BraTS-MET-00195-000,t2w,0.0,0.33487635604069804,0.0,0.3346216562226265,9.090435589261102,6.558990387119416,1.3859504363831592,0.5575351715087891,0.43186408281326294,1.2909968522431305,0.20975603756247735,0.10137329976625588,2.069144814720718,0,0,2.6952361700694022e-06,75,102,97,1,large_tiled_support
BraTS-MET-00195-000,t2f,1.3476180850347011e-06,0.3304184354154033,1.3476180850347011e-06,0.33040226399838285,9.99831731305153,5.77119561811454,1.73245163994597,0.6070026755332947,0.34949296712875366,1.7368094142783541,0.20515847350565755,0.08684326176132474,2.3623994463669944,0,0,1.4823798935381712e-05,75,102,97,1,large_tiled_support
BraTS-MET-00200-000,t1c,0.0,0.24004693760732684,0.0,0.18811104751001717,9.331689320102736,10.845651925560691,0.8604083354464017,0.8200690746307373,0.8323079347610474,0.9852952739975694,0.2934973915492682,0.2820428620771806,1.0406127259797593,0,0,0.00011562678878076703,129,151,132,1,large_tiled_support
BraTS-MET-00200-000,t1n,0.0,0.20120435031482542,0.0,0.15184773898111048,11.245857993498188,11.677777622437011,0.9630135422249386,0.6840810179710388,0.5685854554176331,1.2031278877307419,0.24494254426624543,0.18523030733703671,1.3223675314675098,0,0,8.013737836290784e-06,129,151,132,1,large_tiled_support
BraTS-MET-00200-000,t2w,0.0,0.2009582140812822,0.0,0.1525231825987407,9.773051567204691,11.201814174552824,0.8724525701744048,0.5084746479988098,0.5510010123252869,0.9228198072685729,0.19503425784353026,0.17632765703855602,1.1060899981270882,0,0,1.1448196908986834e-06,129,151,132,1,large_tiled_support
BraTS-MET-00200-000,t2f,0.0,0.1980011448196909,0.0,0.15169318832283915,10.50605334621011,9.642703429618026,1.0895340111716247,0.6148296594619751,0.5418550968170166,1.1346754198191142,0.21056443520058366,0.16498227176585592,1.2762852211140496,0,0,0.0003468803663423011,129,151,132,1,large_tiled_support
BraTS-MET-00202-000,t1c,0.0,0.19727149478070025,0.0,0.1882859094105464,8.013207935468404,9.974573838306288,0.8033634384152367,0.8532875776290894,0.9132767915725708,0.9343143124876895,0.31623073923401535,0.31282083146894973,1.0109005137191578,0,0,0.002664872521820544,143,122,95,2,extreme_zscore_signal;large_tiled_support
BraTS-MET-00202-000,t1n,0.0,0.17000468125895468,0.0,0.16057934125972476,9.879838551293005,10.681067684863182,0.9249860447279395,0.6749354600906372,0.6155036687850952,1.0965579805931145,0.22670983197167516,0.18862305771714696,1.2019200341436618,0,0,0.0,143,122,95,1,large_tiled_support
BraTS-MET-00202-000,t2w,0.0,0.17190758262624706,0.0,0.16155207039316496,8.74890768478764,8.530429606255598,1.025611614961552,0.49621981382369995,0.5410852432250977,0.917082511557734,0.18167181188861528,0.17080262551705042,1.0636359443460655,0,0,0.0,143,122,95,1,large_tiled_support
BraTS-MET-00202-000,t2f,0.0,0.15549075198041573,0.0,0.1460654119811858,8.814583663143432,7.688980733415546,1.1463916959547222,0.5877676606178284,0.49059435725212097,1.1980726070923176,0.19871564131850997,0.17052712004321316,1.1653022772457164,0,0,0.002054890294392419,143,122,95,2,extreme_zscore_signal;large_tiled_support
BraTS-MET-00214-000,t1c,0.0,0.1739280002414074,0.0,0.09511451763782854,9.838125827615944,7.721627169429192,1.2741000843146393,0.8339773416519165,0.6924698352813721,1.2043518708840877,0.2987859002921892,0.17578264822562537,1.699746267951791,0,0,6.638703642234226e-05,86,170,68,1,large_tiled_support
BraTS-MET-00214-000,t1n,0.0,0.1731072150638221,0.0,0.09090195841757445,12.296300726616323,9.386933493162937,1.3099379830029105,0.6361647248268127,0.6223830580711365,1.0221433835271607,0.22300178967956183,0.17753734374823776,1.2560838467640718,0,0,0.0,86,170,68,1,large_tiled_support
BraTS-MET-00214-000,t2w,0.0,0.1562871541084523,0.0,0.0916020398925737,11.066067499511915,8.859414357703814,1.2490743803950515,0.4793524146080017,0.5440205931663513,0.8811291716330759,0.2093961238861084,0.1680883877519248,1.245750088311562,0,0,0.0,86,170,68,1,large_tiled_support
BraTS-MET-00214-000,t2f,0.0,0.16833338362654274,0.0,0.09083557138115211,12.195792756990999,7.227684164855362,1.6873721206985055,0.6369158625602722,0.4496767818927765,1.4163859203034015,0.20731506550657577,0.17553313081895094,1.1810594646113017,0,0,0.0,86,170,68,1,large_tiled_support
BraTS-MET-00260-000,t1c,0.0,0.25461454055580907,0.0,0.2546054871115167,8.57488708722051,7.941538160492662,1.0797514176634715,0.8663712739944458,0.9194660186767578,0.9422548048499684,0.30799436001953756,0.29122816991399636,1.0575706330554921,0,0,0.0010076483497381745,92,138,87,2,extreme_zscore_signal;large_tiled_support
BraTS-MET-00260-000,t1n,0.0,0.2342270893538738,0.0,0.2342144145318645,9.645184481752649,7.981026095362041,1.2085143396984617,0.7342932224273682,0.4680180251598358,1.5689421837472926,0.252060720781711,0.1270644021305171,1.9837241316635723,0,0,0.0,92,138,87,1,large_tiled_support
BraTS-MET-00260-000,t2w,0.0,0.24011907089933293,0.0,0.24011907089933293,9.058585267350113,7.409899134145779,1.222497783486279,0.5868901014328003,0.3896688222885132,1.5061253758666462,0.2150438946079124,0.11052634812552821,1.945634667705481,0,0,0.0,92,138,87,1,large_tiled_support
BraTS-MET-00260-000,t2f,0.0,0.23804221077866863,0.0,0.23804221077866863,9.5008776310116,5.86931624522098,1.6187367035721707,0.601256251335144,0.347112774848938,1.7321639965478315,0.20859989540820773,0.0986905137330971,2.1136772676283186,0,0,1.9012233013927818e-05,92,138,87,1,large_tiled_support
BraTS-MET-00264-000,t1c,2.1258503401360544e-06,0.2450425170068027,2.1258503401360544e-06,0.24474702380952382,8.27450010972346,6.65202860309008,1.2439062733253567,0.7677268385887146,0.5210424065589905,1.4734440593019091,0.27002658704785926,0.16197701563176356,1.6670673057820389,0,0,0.0014987244897959183,64,98,75,2,extreme_zscore_signal;large_tiled_support
BraTS-MET-00264-000,t1n,0.0,0.2361330782312925,0.0,0.23580569727891157,9.365828201160895,10.300298760014469,0.9092773345098331,0.7093336582183838,0.4789586365222931,1.4809914763597083,0.24590024440304228,0.1308122219909963,1.8797956388201051,0,0,2.1258503401360544e-06,64,98,75,1,large_tiled_support
BraTS-MET-00264-000,t2w,0.0,0.25082908163265305,0.0,0.25058673469387754,9.151764900946533,6.7879462872827,1.3482376721354552,0.5269545316696167,0.312073677778244,1.6885580848124735,0.19812759051197454,0.10387772360914632,1.907315482359392,0,0,1.4880952380952381e-05,64,98,75,1,large_tiled_support
BraTS-MET-00264-000,t2f,0.0,0.24019345238095238,0.0,0.24005102040816326,9.192929453431372,7.076063985232688,1.29915861029754,0.5583421587944031,0.3816181421279907,1.4630912348164542,0.19379271557064434,0.11927203358592171,1.6247959370210543,0,0,0.004479166666666667,64,98,75,2,extreme_zscore_signal;large_tiled_support
BraTS-MET-00268-000,t1c,0.0,0.2262792258438991,0.0,0.2262792258438991,9.384627211530566,9.248699912613287,1.014696908776541,0.8481701612472534,1.0664958953857422,0.7952868500637573,0.3014871875445048,0.3502458455041051,0.8607873338528186,0,0,0.00013603961473581107,69,68,47,1,large_tiled_support
BraTS-MET-00268-000,t1n,0.0,0.18523607407810488,0.0,0.18523607407810488,11.194097812479267,11.784294708555729,0.9499166551182768,0.6828776001930237,0.7804913520812988,0.8749329488046559,0.2405011182030042,0.216540630441159,1.1106512330412561,0,0,0.0,69,68,47,1,large_tiled_support
BraTS-MET-00268-000,t2w,0.0,0.23237833523788795,0.0,0.23237833523788795,9.1394211727855,8.768075451203092,1.0423520216778535,0.4883677363395691,0.6495945453643799,0.7518039365087754,0.19856809390087923,0.17347903301318487,1.1446230155421002,0,0,0.00019952476827918956,69,68,47,1,large_tiled_support
BraTS-MET-00268-000,t2f,0.0,0.1960285501804792,0.0,0.1960285501804792,10.233035536709647,8.891156408577723,1.1509229020914926,0.5962042212486267,0.5679113268852234,1.0498192112465499,0.20566974176714817,0.17290038739641508,1.1895273623395741,0,0,0.0001904554606301355,69,68,47,1,large_tiled_support
BraTS-MET-00292-000,t1c,0.0,0.2496313418481837,0.0,0.24762692132480724,7.598577424265455,6.195478900026142,1.2264713586924478,0.8426914811134338,0.5773388743400574,1.4596132679904759,0.2978391855616461,0.18934864066117865,1.5729671178078377,0,0,0.0016619143228331842,121,90,87,2,extreme_zscore_signal;large_tiled_support
BraTS-MET-00292-000,t1n,0.0,0.2276856366734718,0.0,0.2266868008571091,10.080872247374938,8.184008519210236,1.231776851614,0.7197341918945312,0.5817201137542725,1.2372516866393897,0.246871945109557,0.15091678898104213,1.6358149863668818,0,1,0.0,121,90,87,1,large_tiled_support
BraTS-MET-00292-000,t2w,0.0,0.23437041286338559,0.0,0.23281985523629553,9.041853693321702,8.555320044712325,1.0568691347683812,0.5693332552909851,0.4667159616947174,1.219870975107962,0.20292816979979927,0.1269798617259684,1.598113016044487,0,0,0.0,121,90,87,1,large_tiled_support
BraTS-MET-00292-000,t2f,0.0,0.2288245119708448,0.0,0.22719802932392988,9.030984211581348,7.430667428030036,1.2153664928556192,0.626708447933197,0.47471189498901367,1.3201869482282533,0.2027176133441654,0.11510709368369797,1.761121811495057,0,0,6.748890651099226e-06,121,90,87,1,large_tiled_support
BraTS-MET-00299-000,t1c,0.0,0.38144329896907214,0.0,0.3770034623684008,10.08812166080039,6.7660891453484275,1.4909826702085065,0.8777620792388916,0.6136553883552551,1.4303827455854439,0.3061195466524133,0.1884217901298633,1.624650452802889,0,0,6.948826065324524e-05,121,168,103,1,large_tiled_support
BraTS-MET-00299-000,t1n,0.0,0.35189967006973843,0.0,0.34193320047177894,11.163574881788852,7.865683761838441,1.419275834092216,0.7169861197471619,0.5554518103599548,1.2908160642820237,0.2492896793410182,0.11922529914702934,2.0909125925831624,0,0,9.265101420432699e-07,121,168,103,1,large_tiled_support
BraTS-MET-00299-000,t2w,0.0,0.3551109542220604,0.0,0.3445163107477956,10.134039502275533,7.003285319068948,1.4470407873690347,0.5701777338981628,0.463331013917923,1.2306055860080354,0.2110067822325688,0.10649267311852711,1.9814206560268868,0,0,0.0,121,168,103,1,large_tiled_support
BraTS-MET-00299-000,t2f,0.0,0.35519804617541245,0.0,0.3434915905306957,11.042351461551235,6.134238776855073,1.8001176451126792,0.6407344341278076,0.47007766366004944,1.3630395223185368,0.20754870779525775,0.09729931689798832,2.13309522011196,0,0,0.00013897652130649048,121,168,103,1,large_tiled_support
BraTS-MET-00300-000,t1c,0.0,0.23367642195767196,0.0,0.23367642195767196,8.31167161331437,8.950233072678378,0.9286542088704606,0.793875515460968,0.6597034931182861,1.2033823130274446,0.28223792489837196,0.21888084709644318,1.2894592132769498,0,0,2.066798941798942e-06,64,90,84,1,large_tiled_support
BraTS-MET-00300-000,t1n,0.0,0.23624545304232805,0.0,0.23624338624338626,8.623472354807674,8.957991136334897,0.962656942116144,0.6767235994338989,0.4913095235824585,1.3773875061477852,0.23123418587972136,0.13661352203172797,1.692615653566256,0,0,0.0,64,90,84,1,large_tiled_support
BraTS-MET-00300-000,t2w,0.0,0.24889839616402115,0.0,0.24889632936507936,7.965901332614887,8.172051457362025,0.9747737608086863,0.5175085663795471,0.32956039905548096,1.5702996108231602,0.1964378329760888,0.11479426880421884,1.7112163788517416,0,0,0.0,64,90,84,1,large_tiled_support
BraTS-MET-00300-000,t2f,0.0,0.22468998015873015,0.0,0.22468998015873015,8.038989450924243,7.104544560677861,1.131527768214494,0.5808289051055908,0.34398818016052246,1.6885141368361738,0.19246413129217485,0.1033948795760379,1.861447414817426,0,0,0.0003348214285714286,64,90,84,1,large_tiled_support
BraTS-MET-00380-000,t1c,3.3320227377231622e-06,0.1680638948680186,3.3320227377231622e-06,0.16723088918358778,9.138440623962135,9.216623323929685,0.9915172078515393,0.8567847013473511,0.4807199239730835,1.7822949676521505,0.2970930873563415,0.15768840618823704,1.8840515579927493,0,0,0.000369854523887271,69,159,107,1,large_tiled_support
BraTS-MET-00380-000,t1n,0.0,0.1680638948680186,0.0,0.16723088918358778,11.581690042830019,10.3900664817812,1.114688733045001,0.6895315647125244,0.5209935307502747,1.3234935253793665,0.2621387863629743,0.16235402206841268,1.614612209930434,0,0,0.0,69,159,107,1,large_tiled_support
BraTS-MET-00380-000,t2w,0.0,0.1680638948680186,0.0,0.16723088918358778,9.462435277479612,10.61323567511987,0.8915693165715685,0.5070202350616455,0.4235698878765106,1.1970167133539587,0.1819817530481439,0.16327464611906756,1.1145744754236628,0,0,0.0,69,159,107,1,large_tiled_support
BraTS-MET-00380-000,t2f,0.0,0.1680638948680186,0.0,0.16723088918358778,10.40150427676088,8.620699870472242,1.2065730663456082,0.6488792300224304,0.4659011662006378,1.3927400854433452,0.20263992602887906,0.16550183398158927,1.2243968610729783,0,0,0.0030554648504921397,69,159,107,2,extreme_zscore_signal;large_tiled_support
BraTS-MET-00532-000,t1c,0.0,0.2675153918397162,0.0,0.2675153918397162,11.243652616647397,9.473381395122788,1.18686793529035,0.6439292430877686,0.9409751296043396,0.6843212140564516,0.23765373896611364,0.2753354805080514,0.8631424418225828,0,0,0.0,35,37,37,0,
BraTS-MET-00532-000,t1n,0.0,0.2675153918397162,0.0,0.2675153918397162,13.721107122534871,11.287039071744752,1.215651601391494,0.5934188365936279,0.7321431636810303,0.810522949651088,0.2108469256444981,0.22652063087413185,0.9308067209191954,0,0,0.0,35,37,37,0,
BraTS-MET-00532-000,t2w,0.0,0.2675153918397162,0.0,0.2675153918397162,12.075822076571491,9.255250218222546,1.3047537118764825,0.4543551504611969,0.5736158490180969,0.7920896035891479,0.17784346679323598,0.15965646838671282,1.1139133202074307,0,0,0.0,35,37,37,0,
BraTS-MET-00532-000,t2f,0.0,0.2675153918397162,0.0,0.2675153918397162,12.72983194569921,6.828154153188305,1.864315254182597,0.6181662082672119,0.52899569272995,1.168565674092895,0.2077481801572599,0.13961820892597498,1.4879733936954251,0,0,0.0,35,37,37,0,
BraTS-MET-00552-000,t1c,0.0,0.28804436229205177,0.0,0.2832569316081331,7.9332832690889665,7.999847403432853,0.9916793244936993,0.7546544075012207,0.6542630791664124,1.1534418363675902,0.2873960072391255,0.2534449475839041,1.133958321043199,0,4,0.0015933456561922365,129,83,85,2,extreme_zscore_signal;large_tiled_support
BraTS-MET-00552-000,t1n,0.0,0.28804436229205177,0.0,0.2832569316081331,8.687493465922742,9.232389260195498,0.940979980488689,0.636387050151825,0.5434255599975586,1.1710657300600362,0.22124695284075516,0.22480107609962308,0.9841899188360964,0,4,0.0,129,83,85,1,large_tiled_support
BraTS-MET-00552-000,t2w,0.0,0.28804436229205177,0.0,0.2832569316081331,8.041002930999053,9.504035192029269,0.8460619903578204,0.4929443299770355,0.5139224529266357,0.9591803727777682,0.16538259980463704,0.15317571376515335,1.079692046078526,0,4,0.0,129,83,85,1,large_tiled_support
BraTS-MET-00552-000,t2f,0.0,0.28804436229205177,0.0,0.2832569316081331,8.783615623780895,7.209229594455929,1.2183847814384643,0.5678899884223938,0.5263528823852539,1.0789149398192857,0.19066603187211725,0.13565111916165712,1.4055618048008744,0,4,0.002059149722735675,129,83,85,2,extreme_zscore_signal;large_tiled_support
BraTS-MET-00572-000,t1c,0.0,0.019113756613756614,0.0,0.018452380952380953,7.190446865813435,17.80495422445054,0.4038452879558207,0.6138392686843872,1.8757648468017578,0.3272474530754768,0.2001536311138244,0.6248685788540613,0.3203131632588786,0,0,0.0,28,27,20,2,high_frequency_shift;z_continuity_shift
BraTS-MET-00572-000,t1n,0.0,0.018584656084656086,0.0,0.018452380952380953,15.174587445167287,18.536921006575138,0.8186142369482389,0.7904877066612244,0.9987346529960632,0.7914892151682859,0.27994041996342794,0.47246254909606206,0.5925134605886188,0,0,0.0,28,27,20,0,
BraTS-MET-00572-000,t2w,0.0,0.012367724867724868,0.0,0.012235449735449735,10.368348268607397,19.04831733109978,0.5443183294557581,0.49087798595428467,0.7679399251937866,0.6392140450705354,0.19635832770949319,0.43790415142263683,0.4484048097547739,0,0,0.0,28,27,20,0,
BraTS-MET-00572-000,t2f,0.0,0.018584656084656086,0.0,0.018452380952380953,16.37604496171552,13.93046172251079,1.1755565097496241,0.7350950837135315,0.7451209425926208,0.9865446556310647,0.2545634763581412,0.32258565901290803,0.7891345112398658,0,0,0.0,28,27,20,0,
BraTS-MET-00577-001,t1c,0.0,0.0019696231319038335,0.0,0.0018477907732293696,11.878038608338409,13.98991983799543,0.8490426496997265,0.9824861884117126,1.0774017572402954,0.9119032726735997,0.3503162705085494,0.5203236382115971,0.673266107441554,0,0,6.0916179337231965e-05,115,264,43,1,large_tiled_support
BraTS-MET-00577-001,t1n,0.0,0.0019696231319038335,0.0,0.0018477907732293696,13.520544053203329,16.30365605835592,0.82929522094977,0.7115885615348816,0.5581562519073486,1.2748913213875495,0.27987090701406653,0.31890267827971414,0.8776060098453853,0,0,0.0,115,264,43,1,large_tiled_support
BraTS-MET-00577-001,t2w,0.0,0.0020914554905782975,0.0,0.002050844704353476,10.552995288786416,15.554601530396098,0.6784484493649182,0.491312175989151,0.6305397152900696,0.7791930691679442,0.19589195485142144,0.40538164566863666,0.4832284760409346,0,0,0.0,115,264,43,1,large_tiled_support
BraTS-MET-00577-001,t2f,0.0,0.0019696231319038335,0.0,0.0018477907732293696,13.370442154535356,11.840109638679882,1.129249860225627,0.7058441638946533,0.4555410146713257,1.5494634756519612,0.24529947475953537,0.28743476877835666,0.8534091954223111,0,0,0.0,115,264,43,1,large_tiled_support
BraTS-MET-00613-000,t1c,0.0,0.06400334658021334,0.0,0.06386390573799065,12.548897177627442,13.60956865380698,0.9220642840959667,0.938819169998169,1.3327680826187134,0.7044130049644596,0.321475005020266,0.4802600012525268,0.6693770128302448,0,0,0.0,44,49,73,1,large_tiled_support
BraTS-MET-00613-000,t1n,0.0,0.06400334658021334,0.0,0.06386390573799065,12.877096505652794,15.005089162477626,0.8581819385554748,0.5745681524276733,0.9154367446899414,0.6276437512045463,0.2041693299036959,0.3796413895552573,0.5377952339255644,0,0,0.0,44,49,73,1,large_tiled_support
BraTS-MET-00613-000,t2w,0.0,0.05180227288572823,0.0,0.05173255246461689,10.01106519504992,14.41528183214337,0.6944758563600973,0.4559099078178406,0.973623514175415,0.4682609871064603,0.2015086451302404,0.42566698060735414,0.4733950583686852,0,0,0.0,44,49,73,1,large_tiled_support
BraTS-MET-00613-000,t2f,0.0,0.06400334658021334,0.0,0.06386390573799065,10.523274273941114,12.97642366765033,0.8109533522842035,0.6670545935630798,1.1198081970214844,0.5956864714308587,0.19576207694152128,0.3490165141613587,0.5608963157858364,0,0,0.0,44,49,73,1,large_tiled_support
BraTS-MET-00613-001,t1c,0.0,0.40684469709096815,0.0,0.40684440065027233,10.011637332259353,6.085406427611802,1.6451879511009733,0.9191681146621704,0.5625369548797607,1.633969300485579,0.34775901048682456,0.2944016385563584,1.1812400643967602,0,2,0.00035632171641534425,260,313,92,1,large_tiled_support
BraTS-MET-00613-001,t1n,0.0,0.40684440065027233,0.0,0.40684440065027233,10.900686659290853,6.258184681464842,1.741828855191175,0.7616955637931824,0.23949608206748962,3.1804092877750616,0.27407431645795355,0.17022170971126058,1.6101020070991736,0,2,5.928813917060636e-07,260,313,92,2,high_frequency_shift;large_tiled_support
BraTS-MET-00613-001,t2w,8.893220875590955e-07,0.39719762752582294,2.964406958530318e-07,0.3971848805759013,9.763852958618498,6.009134775411924,1.6248350758531938,0.5987823605537415,0.3205226957798004,1.8681434058732174,0.2554792161424493,0.22427730407392563,1.1391220221651985,0,2,5.928813917060636e-07,260,313,92,1,large_tiled_support
BraTS-MET-00613-001,t2f,0.0,0.40684440065027233,0.0,0.40684440065027233,11.201506535407052,4.607707436213562,2.431036842176773,0.6662781238555908,0.20800016820430756,3.203257620451254,0.24644048719905143,0.14804862566335603,1.6645915225138674,0,2,0.0,260,313,92,2,high_frequency_shift;large_tiled_support
BraTS-MET-00625-000,t1c,0.0,0.0,0.0,0.0,10.122858642874904,15.626039630336546,0.6478198495812264,0.7757502794265747,1.1874562501907349,0.6532874615818225,0.2914268502662348,0.3336094572793606,0.8735569208465138,0,0,0.0,29,18,92,1,large_tiled_support
BraTS-MET-00625-000,t1n,0.0,0.0,0.0,0.0,14.997860522913284,16.0909762719464,0.9320665365134561,0.7717767357826233,1.0384122133255005,0.7432277142725615,0.3277656394381856,0.21217907393394514,1.5447594965949587,0,0,0.0,29,18,92,1,large_tiled_support
BraTS-MET-00625-000,t2w,0.0,0.0,0.0,0.0,8.86771263699503,17.751789764474882,0.49953907491295413,0.5074453949928284,0.7985242009162903,0.6354790429777145,0.17684765229391497,0.3023451585755792,0.5849197424793796,0,0,0.0,29,18,92,1,large_tiled_support
BraTS-MET-00625-000,t2f,0.0,0.0,0.0,0.0,8.845311589814028,16.020017768974657,0.5521411846960868,0.574825644493103,1.2583736181259155,0.45680045752165854,0.15174027489021766,0.23769936398711317,0.6383705549100427,0,0,0.0,29,18,92,1,large_tiled_support
BraTS-MET-00663-000,t1c,0.0,0.08900658915242553,0.0,0.0400121972238058,10.653216137926364,14.078382759612952,0.7567073803737985,0.7767010927200317,1.1920689344406128,0.6515571962996456,0.2849250750227289,0.3919506526582844,0.7269411929545531,0,0,6.628925981412492e-06,80,119,90,1,large_tiled_support
BraTS-MET-00663-000,t1n,0.0,0.08900658915242553,0.0,0.0400121972238058,14.72145782867547,14.994050215266222,0.9818199630735389,0.7191030383110046,0.7805033922195435,0.9213323676480988,0.27440327684302906,0.307284802034661,0.8929933241933553,0,0,0.0,80,119,90,1,large_tiled_support
BraTS-MET-00663-000,t2w,0.0,0.07271931801609503,0.0,0.03464939610484309,10.659413102043933,15.510293463740252,0.6872476737441081,0.43909695744514465,0.8574599027633667,0.5120903683426492,0.18828111657729515,0.38692749905717244,0.4866056742828576,0,0,0.0,80,119,90,1,large_tiled_support
BraTS-MET-00663-000,t2f,0.0,0.08900658915242553,0.0,0.0400121972238058,13.264674500939153,11.633133929447375,1.140249444507967,0.6076058745384216,0.7025110721588135,0.8649057625116874,0.21125388178196583,0.24813644063996745,0.8513617799833108,0,0,0.0,80,119,90,1,large_tiled_support
BraTS-MET-00682-000,t1c,0.0,0.12061896080785958,0.0,0.11228775331163943,11.431974610076276,13.16864113670506,0.868121052992464,0.8043215870857239,1.0535552501678467,0.7634356024115335,0.3284110829054591,0.3733289787568242,0.8796828041558935,0,0,3.733177369478786e-05,91,119,82,1,large_tiled_support
BraTS-MET-00682-000,t1n,0.0,0.12061896080785958,0.0,0.11228775331163943,12.659869211660018,13.791633358202413,0.9179383531197709,0.6573812961578369,0.63426673412323,1.036442967589273,0.25936730098293487,0.2995656369680382,0.8658112579534875,0,0,0.0,91,119,82,1,large_tiled_support
BraTS-MET-00682-000,t2w,0.0,0.10584180038700605,0.0,0.1006775716925604,11.315602509423814,14.045576068537429,0.8056346321580323,0.48829469084739685,0.7453814744949341,0.6550936769367153,0.22348361246916185,0.3579855476876339,0.6242811027225214,0,0,0.0,91,119,82,1,large_tiled_support
BraTS-MET-00682-000,t2f,0.0,0.12061896080785958,0.0,0.11228775331163943,13.035419203563594,12.103075230222036,1.0770336427401066,0.6536303162574768,0.568609356880188,1.1495243761794156,0.20885437893041645,0.24980972159698786,0.8360538476855448,0,0,0.0,91,119,82,1,large_tiled_support
BraTS-MET-00699-000,t1c,0.0,0.18336550836550836,0.0,0.18336550836550836,12.431556761771947,11.129795114862413,1.1169618697806214,0.8461056351661682,1.172098159790039,0.7218726760203542,0.31034109234809876,0.3304197251796722,0.9392329473651874,0,0,0.0,37,35,24,0,
BraTS-MET-00699-000,t1n,0.0,0.18297940797940798,0.0,0.18297940797940798,15.015370710127067,12.17534065842069,1.233260828701508,0.7115539312362671,0.7634333968162537,0.9320445427245657,0.2733486300706863,0.28318909227848055,0.9652512668174473,0,0,0.0,37,35,24,0,
BraTS-MET-00699-000,t2w,0.0,0.15119047619047618,0.0,0.15119047619047618,13.160853559071628,12.75738194900859,1.031626521152672,0.47918012738227844,0.8927230834960938,0.536762335645794,0.21049074590206146,0.3248021173477173,0.6480584166781165,0,0,0.0,37,35,24,0,
BraTS-MET-00699-000,t2f,0.0,0.18297940797940798,0.0,0.18297940797940798,13.711166385600396,9.180368320433185,1.4935311860072975,0.6517066359519958,0.5755771398544312,1.1322663650554616,0.22468041718006135,0.20750230103731154,1.082785183860014,0,0,0.0,37,35,24,0,
BraTS-MET-00787-000,t1c,0.0,0.0,0.0,0.0,11.631465315281222,16.275197308078678,0.7146743044096675,0.938268780708313,1.0055549144744873,0.9330855701686479,0.33110473231942045,0.3898608141085681,0.849289593457871,0,0,8.281573498964803e-05,76,66,91,1,large_tiled_support
BraTS-MET-00787-000,t1n,0.0,0.0,0.0,0.0,13.083729589708504,16.48838369710382,0.7935119554505914,0.7763707637786865,0.9055680632591248,0.8573301061264691,0.2929706830604404,0.3764629495494506,0.7782191671479666,0,0,0.0,76,66,91,1,large_tiled_support
BraTS-MET-00787-000,t2w,0.0,0.0,0.0,0.0,13.240605389531275,15.150333374638116,0.8739481212800404,0.6659498810768127,1.1187207698822021,0.5952780166465804,0.27806222365767347,0.25294839269390296,1.0992844061838383,0,0,0.0,76,66,91,1,large_tiled_support
BraTS-MET-00787-000,t2f,8.281573498964803e-05,0.0,8.281573498964803e-05,0.0,12.637593487521432,14.905575361036293,0.8478433862108103,0.7892317175865173,1.3797928094863892,0.571992919632839,0.2390306657728027,0.2730230653987211,0.8754962348097728,0,0,0.0,76,66,91,1,large_tiled_support
BraTS-MET-00791-000,t1c,0.0,0.13125433125433125,0.0,0.13125433125433125,10.693258731939842,11.782732352715188,0.9075364195534587,0.8770791292190552,0.9741659760475159,0.9003384954765397,0.31866828261352165,0.34284870944372037,0.9294720202697219,0,0,3.465003465003465e-05,39,37,40,0,
BraTS-MET-00791-000,t1n,0.0,0.13125433125433125,0.0,0.13125433125433125,13.492142347651097,12.452958937871834,1.0834487140738018,0.656431257724762,0.6297069787979126,1.0424392293981957,0.21749254079853617,0.17705391111170374,1.2283972685659545,0,0,0.0,39,37,40,0,
BraTS-MET-00791-000,t2w,0.0,0.13125433125433125,0.0,0.13125433125433125,10.897012954173011,10.050552164263282,1.084220327010439,0.4443148374557495,0.6549946665763855,0.6783487868354017,0.18632242047205205,0.15201110447325358,1.2257158522575933,0,0,0.0,39,37,40,0,
BraTS-MET-00791-000,t2f,0.0,0.13125433125433125,0.0,0.13125433125433125,11.737253963022328,8.217991406309277,1.428238773042665,0.5804955363273621,0.5069855451583862,1.1449942545127412,0.18346278823730422,0.13498574131872595,1.3591271673955185,0,0,0.0,39,37,40,0,
BraTS-MET-00796-000,t1c,0.0,0.043037974683544304,0.0,0.043037974683544304,12.88678065821245,13.46766738437099,0.9568680522335553,0.8953771591186523,0.9114174246788025,0.9824007473131173,0.32106536099543936,0.25903430168445296,1.2394704442910058,0,0,0.0,86,76,91,1,large_tiled_support
BraTS-MET-00796-000,t1n,0.0,0.043037974683544304,0.0,0.043037974683544304,17.595313311648873,15.10854839732785,1.164593238802534,0.8593857884407043,0.7666910290718079,1.1209023659519235,0.3146715386555745,0.24362285538361622,1.2916338992911105,0,0,0.0,86,76,91,1,large_tiled_support
BraTS-MET-00796-000,t2w,0.0,0.043037974683544304,0.0,0.043037974683544304,10.03402627656538,14.486461504015846,0.6926485307529247,0.47442200779914856,1.0501629114151,0.45176039130906115,0.19836197541310238,0.2508365396123666,0.790801753682472,0,0,0.0,86,76,91,1,large_tiled_support
BraTS-MET-00796-000,t2f,0.0,0.043037974683544304,0.0,0.043037974683544304,15.410929697857041,13.159593238117248,1.1710794869569916,0.8790746331214905,0.9437731504440308,0.9314469612829094,0.28131885792200384,0.22926668043319995,1.2270376898660162,0,0,0.0,86,76,91,1,large_tiled_support
BraTS-MET-00799-000,t1c,0.0,0.1403445728773632,0.0,0.13811862410413048,9.716732052584366,12.800319800049072,0.7591007259480435,0.7729768753051758,0.7834843993186951,0.9865887259240178,0.28167152346836194,0.2325178121527036,1.2113976166409874,0,0,1.9963666127647682e-05,81,124,123,1,large_tiled_support
BraTS-MET-00799-000,t1n,0.0,0.1403445728773632,0.0,0.13811862410413048,11.054126178618239,13.613363914410161,0.812005485794522,0.6880816221237183,0.5591004490852356,1.230694096650277,0.2561316643324163,0.2219441889060868,1.1540363620008791,0,0,0.0,81,124,123,1,large_tiled_support
BraTS-MET-00799-000,t2w,0.0,0.1403495637938951,0.0,0.13811862410413048,9.250357919391202,13.088372711382602,0.7067614991851827,0.47514134645462036,0.7439402341842651,0.6386821475996868,0.2141951107316547,0.22369362264871598,0.9575378510813536,0,0,0.0,81,124,123,1,large_tiled_support
BraTS-MET-00799-000,t2f,0.0,0.1403495637938951,0.0,0.13811862410413048,11.500534702954665,11.043583627919402,1.0413770647672773,0.6599230170249939,0.5781603455543518,1.1414186775335593,0.24254466568430263,0.21127422319518196,1.1480087916841233,0,0,0.0008833922261484099,81,124,123,1,large_tiled_support
BraTS-MET-00807-000,t1c,0.0,0.16174071429039422,0.0,0.08222005280848081,10.856213369987593,13.09303024607642,0.8291597258962162,0.7918069362640381,0.7429731488227844,1.0657275266523818,0.28540217109024524,0.3306611752510071,0.8631257385255302,0,1,3.275960347775951e-05,132,136,131,1,large_tiled_support
BraTS-MET-00807-000,t1n,0.0,0.16174071429039422,0.0,0.08222005280848081,13.932814583862564,13.844795100884403,1.006357586539691,0.7030624747276306,0.6748172640800476,1.0418560877900607,0.28151581294834616,0.32298830792307853,0.8715975347794656,0,1,0.0,132,136,131,1,large_tiled_support
BraTS-MET-00807-000,t2w,0.0,0.16174071429039422,0.0,0.08222005280848081,11.354377698506664,12.810729165915639,0.8863178318308563,0.5009586811065674,0.8033726215362549,0.6235695213867329,0.24757791578769683,0.2281053749844432,1.0853664268305019,0,1,0.0,132,136,131,1,large_tiled_support
BraTS-MET-00807-000,t2f,0.0,0.16174071429039422,0.0,0.08222005280848081,12.968690558326214,10.333123790084374,1.2550600207432838,0.7144678831100464,0.8346980810165405,0.8559596569815144,0.27890346430242063,0.2283608265221119,1.2213279683300444,0,1,0.0,132,136,131,1,large_tiled_support
BraTS-MET-01058-001,t1c,0.0,0.04279979760499241,0.0,0.04279979760499241,10.3531186275735,13.598634145271028,0.7613351838849075,0.8342401385307312,0.8311356902122498,1.003735188315266,0.2859421263520534,0.25425076618408543,1.1246460753830037,0,0,1.3493000505987519e-05,35,55,77,1,large_tiled_support
BraTS-MET-01058-001,t1n,0.0,0.10214876033057851,0.0,0.10204081632653061,11.147714504390262,11.49725390855854,0.9695980094944167,0.6723147630691528,0.442810595035553,1.5182896945254283,0.2312235607741735,0.12169277056669578,1.9000599599911938,0,0,0.0,35,55,77,1,large_tiled_support
BraTS-MET-01058-001,t2w,0.0,0.1408534322820037,0.0,0.1408534322820037,10.489015270244023,11.37444860060925,0.9221559337550832,0.510949432849884,0.5123971700668335,0.9971745799908289,0.18889636947558477,0.13672151282811776,1.3816140969202095,0,0,0.0,35,55,77,1,large_tiled_support
BraTS-MET-01058-001,t2f,0.0,0.09233260246247259,0.0,0.09233260246247259,10.59270805049029,8.895730400696884,1.1907631609047489,0.551351010799408,0.4664783775806427,1.1819433382077669,0.16906224468197578,0.11305044094721477,1.4954585162645575,0,0,0.0,35,55,77,1,large_tiled_support
BraTS-MET-01060-001,t1c,0.0,0.1765741102854908,0.0,0.1765622592763774,8.094978491356846,8.275505002528682,0.9781854386993091,0.7704758048057556,0.6455603241920471,1.1934993151415352,0.2677582223164408,0.2161811147865496,1.238582854847505,0,0,8.888256835069506e-05,81,63,151,1,large_tiled_support
BraTS-MET-01060-001,t1n,0.0,0.19033905737073512,0.0,0.19033905737073512,9.75895222292461,11.264904004245102,0.8663147257399633,0.6994900107383728,0.6416946053504944,1.09006684006064,0.2360200796472399,0.15453534181180753,1.527288689306192,0,0,0.0,81,63,151,1,large_tiled_support
BraTS-MET-01060-001,t2w,0.0,0.24747869781111861,0.0,0.24747869781111861,10.726644651765959,9.200579088128016,1.1658662513544504,0.46863964200019836,0.6445135474205017,0.7271214761517535,0.21389315394978775,0.1587280329905058,1.3475449164205393,0,0,0.0,81,63,151,1,large_tiled_support
BraTS-MET-01060-001,t2f,0.0,0.19787037366231736,0.0,0.19787037366231736,12.440591131374378,9.352039277940362,1.3302543714416712,0.5793298482894897,0.5878329873085022,0.9855347705851868,0.22479447620479684,0.15264835396879597,1.472629546013636,0,0,0.0,81,63,151,1,large_tiled_support
BraTS-MET-01096-000,t1c,0.0,0.0,0.0,0.0,10.370836020046982,17.158211351418036,0.6044240747267569,0.7330546379089355,1.0112481117248535,0.7249008719122232,0.2750957560810176,0.34571072594685986,0.7957397194650632,0,0,0.0,21,23,21,0,
BraTS-MET-01096-000,t1n,0.0,0.0,0.0,0.0,16.143262807356592,16.651046605134017,0.969504391536514,0.8540672063827515,0.6793962717056274,1.2570972817360506,0.32051632688804105,0.3052751184864478,1.049926140319457,0,0,0.0,21,23,21,0,
BraTS-MET-01096-000,t2w,0.0,0.0,0.0,0.0,12.386105165664157,18.116980077829943,0.6836738304316647,0.5151374340057373,0.8545938730239868,0.6027862476744885,0.20577512207356366,0.2622720260511745,0.7845866186026749,0,0,0.0,21,23,21,0,
BraTS-MET-01096-000,t2f,0.0,0.00019718032140392388,0.0,0.00019718032140392388,10.911301538312937,14.771744198002452,0.7386603363865756,0.5925068259239197,1.0788031816482544,0.5492260645900723,0.19119703464887358,0.2598636475476352,0.7357590661611318,0,0,0.0,21,23,21,0,
BraTS-MET-01096-001,t1c,0.0,0.002205419029615627,0.0,0.002205419029615627,12.791198271022417,16.15110242808393,0.7919705994050764,0.710486114025116,1.301879644393921,0.5457387071720264,0.25600519217550755,0.36908367027839023,0.6936237303113667,0,0,0.0,23,24,23,0,
BraTS-MET-01096-001,t1n,0.0,0.00023629489603024575,0.0,0.00023629489603024575,16.731743150661252,17.334910285899724,0.9652050616189753,0.7018476724624634,0.690522313117981,1.0164011489988556,0.2607554228355487,0.23838320126136145,1.093849824382795,0,0,0.0,23,24,23,0,
BraTS-MET-01096-001,t2w,0.0,0.0008664146187775677,0.0,0.0008664146187775677,9.40899673779256,17.710548344204742,0.5312651282686782,0.4071354568004608,0.9337111115455627,0.43604006824609115,0.17179486403862634,0.280556067203482,0.6123370125302862,0,0,0.0,23,24,23,0,
BraTS-MET-01096-001,t2f,0.0,0.0001575299306868305,0.0,0.0001575299306868305,16.255600844907626,15.33547122516449,1.060000087785582,0.822037935256958,1.1208757162094116,0.7333890130450269,0.24714948795735836,0.27589553967118263,0.8958082042642503,0,0,0.0,23,24,23,0,
BraTS-MET-01096-002,t1c,0.0,0.050634037819799776,0.0,0.050634037819799776,12.309303866268094,14.671738522825379,0.8389805916400461,0.8045034408569336,1.2881208658218384,0.6245558644402904,0.2803404425581296,0.36016781131426495,0.7783606245520873,0,0,0.0,25,31,29,0,
BraTS-MET-01096-002,t1n,0.0,0.02438264738598443,0.0,0.02438264738598443,13.099290228714853,16.478366503062688,0.7949386382612745,0.6555759906768799,0.6969954371452332,0.9405742932292358,0.27900252441565193,0.24882593552271526,1.1212758984691202,0,0,0.0,25,31,29,0,
BraTS-MET-01096-002,t2w,0.0,0.03096774193548387,0.0,0.03096774193548387,8.366059748878978,17.330367250341308,0.4827398997395289,0.383663535118103,0.9438697695732117,0.4064793125979484,0.17338908314704896,0.3161475156744321,0.5484436048063227,0,0,0.0,25,31,29,0,
BraTS-MET-01096-002,t2f,0.0,0.027986651835372637,0.0,0.027942157953281425,10.364792721415466,14.253761010123622,0.727161954943257,0.47414156794548035,1.0774320363998413,0.4400663354412488,0.1423634335398674,0.28317547937234244,0.5027392691465219,0,0,0.0,25,31,29,0,
BraTS-MET-01105-001,t1c,0.0,0.13791348600508907,0.0,0.1378937226710146,10.18866786339213,12.321644574155789,0.8268918813615593,0.852005124092102,0.6859506368637085,1.2420793542631945,0.36308707206538227,0.2866260086496671,1.2667624748219233,0,0,2.470416759307295e-05,61,110,169,1,large_tiled_support
BraTS-MET-01105-001,t1n,0.0,0.07640010869833741,0.0,0.0763951678648188,11.734466819989368,14.540996498020187,0.806991929444936,0.675835907459259,0.5358952879905701,1.26113426000333,0.25258784978227183,0.18948391424209782,1.3330305677533558,0,0,0.0,61,110,169,1,large_tiled_support
BraTS-MET-01105-001,t2w,0.0,0.11021517329973567,0.0,0.10641567232392105,9.320844486020617,10.755005850230182,0.8666517355563437,0.46961721777915955,0.48154065012931824,0.9752389910447713,0.16796506376880588,0.1891647106262319,0.8879302234161733,0,0,0.0,61,110,169,1,large_tiled_support
BraTS-MET-01105-001,t2f,0.0,0.10242347884088046,0.0,0.10237407050569432,10.065119754395445,13.17715801565376,0.7638308459562085,0.6510022878646851,0.5341393947601318,1.2187872571298235,0.19782079203110753,0.17384963601150297,1.137884418797509,0,0,0.0,61,110,169,1,large_tiled_support
BraTS-MET-01105-002,t1c,0.0,0.09730825627674537,0.0,0.09728581261034802,10.68750869487633,11.80523512936911,0.9053194263185749,0.7925694584846497,0.6307417750358582,1.2565672512171744,0.3068604677915573,0.2431021871311324,1.2622694654163389,0,0,1.4962444264895114e-05,51,107,167,1,large_tiled_support
BraTS-MET-01105-002,t1n,0.0,0.039702845856899184,0.0,0.039702845856899184,14.135336582602138,11.973686148084065,1.1805334136692704,0.6084557771682739,0.4924859404563904,1.2354784719425969,0.22459801137447358,0.1592574805021286,1.4102823344079694,0,0,0.0,51,107,167,1,large_tiled_support
BraTS-MET-01105-002,t2w,0.0,0.0812834784690427,0.0,0.07354041356195948,10.414741461106658,9.39185819866934,1.1089117021147363,0.474004864692688,0.4450666010379791,1.0650200747196472,0.1746090361050197,0.17447758615016937,1.0007533916404439,0,0,0.0,51,107,167,1,large_tiled_support
BraTS-MET-01105-002,t2f,0.0,0.05956549061854745,0.0,0.058989436514348986,10.47394040493291,12.343249515158815,0.8485561595485697,0.5621171593666077,0.4957209825515747,1.1339386048847047,0.2079162737088544,0.15262720324099063,1.362249122658463,0,0,0.0,51,107,167,1,large_tiled_support
BraTS-MET-01109-001,t1c,0.0,0.0003974878766197631,0.0,0.0002782415136338342,14.040421731443823,13.370705459959122,1.0500883273130412,0.9817748665809631,1.069987177848816,0.9175575996665665,0.4279742825188135,0.47541534351675135,0.9002113380544137,0,0,0.0,179,236,61,1,large_tiled_support
BraTS-MET-01109-001,t1n,0.0,0.0,0.0,0.0,14.865503036945706,15.56083121631569,0.9553154860621504,0.7180151343345642,0.6738109588623047,1.0656032302396743,0.3110030015048228,0.3657769172599441,0.8502532194610971,0,0,0.0,179,236,61,1,large_tiled_support
BraTS-MET-01109-001,t2w,0.0,0.0005962318149296446,0.0,0.000516734239605692,13.726014611699629,15.673484977265364,0.8757474570339289,0.6214653849601746,0.5948138236999512,1.0448065599660097,0.26015133391085427,0.33840912658917277,0.7687479842311608,0,0,0.0,179,236,61,1,large_tiled_support
BraTS-MET-01109-001,t2f,0.0,0.0004372366642817394,0.0,0.00023849272597185786,13.091619891094886,16.35872796473144,0.8002834889925263,0.7807708978652954,0.8439304232597351,0.9251602695510348,0.2312238469327751,0.3716370506506217,0.6221765201504359,0,0,0.0,179,236,61,1,large_tiled_support
BraTS-MET-01109-002,t1c,0.0,0.0,0.0,0.0,10.53198019281405,16.2404768403318,0.648501906462426,0.838859498500824,1.2447530031204224,0.6739164287195292,0.2920276243239641,0.5419353321194649,0.5388606481549522,0,0,0.0,175,201,56,1,large_tiled_support
BraTS-MET-01109-002,t1n,0.0,0.0,0.0,0.0,14.839994126965943,15.668987796272,0.9470933489715722,0.7347134351730347,0.7786484956741333,0.9435752322836496,0.2941924314945936,0.38905946910381317,0.7561631443446347,0,0,0.0,175,201,56,1,large_tiled_support
BraTS-MET-01109-002,t2w,0.0,0.0,0.0,0.0,13.050252800729059,15.818605206723907,0.8249938999161491,0.6714361310005188,0.6766185760498047,0.9923406698652264,0.29633838194422424,0.3684610747732222,0.8042596687495754,0,0,0.0,175,201,56,1,large_tiled_support
BraTS-MET-01109-002,t2f,0.0,0.0,0.0,0.0,15.163027932772522,16.825688249069078,0.901183221055546,0.817471444606781,1.0287495851516724,0.7946262690217836,0.25154280313290656,0.4209754620678723,0.5975236701381689,0,0,0.0,175,201,56,1,large_tiled_support
BraTS-MET-01109-003,t1c,0.0,0.0,0.0,0.0,16.517482577367335,14.194935494131453,1.1636180089860981,0.9684301018714905,1.1071170568466187,0.8747314440533075,0.40834031937023,0.5083937346935272,0.8031969937953465,0,0,0.0,13,14,11,0,
BraTS-MET-01109-003,t1n,0.0,0.0,0.0,0.0,9.573414658841537,17.538315238211265,0.5458571435632338,0.4698338806629181,1.225178599357605,0.3834819518633977,0.1557781615604957,0.5698345676064491,0.2733743623431466,0,0,0.0,13,14,11,1,z_continuity_shift
BraTS-MET-01109-003,t2w,0.0,0.0,0.0,0.0,15.52824029005721,16.666753808749757,0.9316895460413626,0.7329015135765076,1.3584051132202148,0.5395308854801807,0.27517504679660004,0.4373060514529546,0.629250489176465,0,0,0.0,13,14,11,0,
BraTS-MET-01109-003,t2f,0.0,0.0,0.0,0.0,16.13190856813263,14.96091460799596,1.078270212137353,1.1159824132919312,1.2339506149291992,0.904397955469201,0.36466487124562263,0.596963495016098,0.6108662829303975,0,0,0.0,13,14,11,0,
BraTS-MET-01117-001,t1c,0.0,0.0,0.0,0.0,10.284515773052783,16.8980316456398,0.6086221158016648,0.7305967211723328,0.6168128848075867,1.1844705893266816,0.2584007864302777,0.3075955998390279,0.8400665892668978,0,0,0.0,33,42,46,0,
BraTS-MET-01117-001,t1n,0.0,0.0,0.0,0.0,14.163181704268604,16.212307446349634,0.8736067799810686,0.7246070504188538,0.4784086048603058,1.5146196014397302,0.22953159885203583,0.1755463032329336,1.3075273852247904,0,0,0.0,33,42,46,0,
BraTS-MET-01117-001,t2w,0.0,0.0,0.0,0.0,11.801904684835295,16.294966618734943,0.7242668832022151,0.439791202545166,0.3829200565814972,1.1485196321952513,0.1970937708590893,0.15417160284011922,1.2784051487321029,0,0,0.0,33,42,46,0,
BraTS-MET-01117-001,t2f,0.0,0.0,0.0,0.0,11.917148899847014,12.655713504645284,0.9416418043496971,0.6503702402114868,0.3328903317451477,1.9537072068208745,0.20488418496035515,0.15736954476922116,1.301930340211717,0,0,0.0,33,42,46,0,
BraTS-MET-01117-002,t1c,0.0,0.0,0.0,0.0,16.726076340760088,17.051996708183484,0.9808866742704107,1.2307935953140259,0.598120391368866,2.0577689927895886,0.44065821696730223,0.2826933036832249,1.558785479620298,0,0,0.0,20,20,16,0,
BraTS-MET-01117-002,t1n,0.0,0.0,0.0,0.0,10.110659101783313,13.72768187633173,0.7365161279862826,0.6721362471580505,0.41073158383369446,1.6364367231865935,0.25556572044596954,0.17811568453907967,1.434829959569882,0,0,0.0,20,20,16,0,
BraTS-MET-01117-002,t2w,0.0,0.0,0.0,0.0,12.03449323656545,12.001973892260137,1.002709499670407,0.722367525100708,0.4263487756252289,1.6943112456260152,0.26569482771789327,0.17332915523472955,1.532891724753855,0,0,0.0,20,20,16,0,
BraTS-MET-01117-002,t2f,0.0,0.0,0.0,0.0,12.326143858708228,16.864095857987387,0.7309104480018811,0.6844256520271301,0.7546184062957764,0.9069824514177913,0.2200318233055227,0.24896465636351528,0.8837873878140056,0,0,0.0,20,20,16,0,
BraTS-MET-01119-000,t1c,0.0,0.0,0.0,0.0,11.146253465317951,14.169523005936153,0.7866357576503007,0.9090959429740906,0.6455603837966919,1.4082275892264087,0.32960256515645686,0.24136795310510528,1.365560592929788,0,0,5.765128658454561e-05,139,188,192,1,large_tiled_support
BraTS-MET-01119-000,t1n,0.0,0.0,0.0,0.0,13.37020602160175,15.427223122580866,0.8666631651960581,0.701310932636261,0.46736571192741394,1.5005613692627515,0.2506317889984743,0.15367929991564633,1.6308753952942567,0,0,0.0,139,188,192,1,large_tiled_support
BraTS-MET-01119-000,t2w,0.0,5.124558807515165e-05,0.0,5.124558807515165e-05,10.818520327483272,14.171026325394525,0.7634253214318323,0.4396932125091553,0.46722134947776794,0.9410811663478521,0.15736756269118668,0.15097153462745524,1.0423657882230222,0,0,0.0,139,188,192,1,large_tiled_support
BraTS-MET-01119-000,t2f,0.0,0.005137370204533954,0.0,0.004990039138817892,12.96069034401273,11.134111952010134,1.164052454284226,0.6349754929542542,0.4024679362773895,1.577704546671304,0.20291757114507533,0.14848007146774986,1.3666316909683693,0,1,0.0,139,188,192,1,large_tiled_support
BraTS-MET-01119-001,t1c,0.0,0.0019806760090205077,0.0,0.0015475064644767907,10.971436920555302,14.073010489628823,0.7796083807825454,0.9087890982627869,0.583232581615448,1.5581932952812867,0.33633291174674174,0.23091242982614676,1.4565387926495152,0,0,0.00016863852497503489,157,217,193,1,large_tiled_support
BraTS-MET-01119-001,t1n,0.0,0.0,0.0,0.0,13.601505676513906,15.646202864653468,0.8693167149993457,0.7030462026596069,0.4564754068851471,1.5401622783075781,0.24597086069675592,0.13989370992991346,1.7582696235591075,0,0,0.0,157,217,193,1,large_tiled_support
BraTS-MET-01119-001,t2w,0.0,0.0012300692409943721,0.0,0.0009754581346595155,10.912466785822089,15.158585428708953,0.7198868810776294,0.4409232437610626,0.4694675803184509,0.9391984926029908,0.1850126977326602,0.15161869965890457,1.2202498646201414,0,0,0.0,157,217,193,1,large_tiled_support
BraTS-MET-01119-001,t2f,0.0,0.0014450006943939264,0.0,0.0007175403905800504,12.78333826255528,12.2878071352347,1.0403270593253102,0.6223907470703125,0.35878080129623413,1.734738159961976,0.1906742948223148,0.13247067260847994,1.4393698700832973,0,0,0.0,157,217,193,1,large_tiled_support
BraTS-MET-01119-003,t1c,0.0,0.02449303689225507,0.0,0.009473491326655266,9.49717306974211,12.293104318618196,0.7725610084800483,0.8662230968475342,0.49674344062805176,1.7438037948771605,0.3240056539652869,0.20836824038997293,1.5549665983591936,0,0,0.0017621548986073785,193,223,200,2,extreme_zscore_signal;large_tiled_support
BraTS-MET-01119-003,t1n,0.0,0.042154287808453456,0.0,0.018476667481065235,10.934792688331024,14.043886270202414,0.7786158672853893,0.6790546774864197,0.4159320592880249,1.632609610927316,0.2305411742806124,0.14494503671691442,1.5905420392619027,0,0,0.0,193,223,200,1,large_tiled_support
BraTS-MET-01119-003,t2w,0.0,0.03299841192279502,0.0,0.015065355484974346,9.65187997793287,14.170352867349463,0.6811319427459138,0.47292962670326233,0.48338741064071655,0.9783656261887484,0.1850768826358641,0.15248272533062845,1.2137563926311108,0,0,0.0,193,223,200,1,large_tiled_support
BraTS-MET-01119-003,t2f,0.0,0.026119289030051306,0.0,0.01825219887612998,10.682741950488918,12.284661991186093,0.8695999904721425,0.5898833870887756,0.3628256916999817,1.6258037966521581,0.18382556282449514,0.12948407805136716,1.419676964078706,0,0,0.0003710603469337894,193,223,200,1,large_tiled_support
BraTS-MET-01134-000,t1c,0.0,0.10729847494553377,0.0,0.10729847494553377,15.352897795678476,10.967930011455026,1.399799030413555,1.2183977365493774,1.3761730194091797,0.8853521463983224,0.4762410314546691,0.3914436598618825,1.2166272705060714,0,0,0.0,18,18,17,0,
BraTS-MET-01134-000,t1n,0.0,0.048656499636891795,0.0,0.048656499636891795,15.553207240979686,13.849881858856428,1.122984831169087,0.57981938123703,1.041934609413147,0.5564834645080117,0.19486547095908058,0.27314268176754314,0.7134200693135171,0,0,0.0,18,18,17,0,
BraTS-MET-01134-000,t2w,0.0,0.07988380537400146,0.0,0.07988380537400146,21.686851216069368,14.129097577160975,1.5349070312264774,0.7575514912605286,1.273889422416687,0.5946760196998754,0.35290247119135326,0.31326206359598374,1.1265407216575514,0,0,0.0,18,18,17,0,
BraTS-MET-01134-000,t2f,0.0,0.0528322440087146,0.0,0.0528322440087146,8.504087991705298,13.646263783280235,0.6231806835014235,0.5353663563728333,1.0091514587402344,0.5305114031556306,0.15619525271985266,0.2777658932738834,0.5623269685088393,0,0,0.0,18,18,17,0,
BraTS-MET-01134-003,t1c,0.0,0.007628734901462174,0.0,0.007628734901462174,15.84381832592538,12.169051693998776,1.301976417253518,1.2928528785705566,1.1102843284606934,1.1644340511974782,0.4360262081027031,0.3325692837436994,1.3110838234800262,0,0,0.0,13,11,11,0,
BraTS-MET-01134-003,t1n,0.0,0.00572155117609663,0.0,0.00572155117609663,11.20151468031506,14.598314994388645,0.7673155898212048,0.7070640921592712,1.8091250658035278,0.3908320687852649,0.24077928438782692,0.5860436658064524,0.4108555359206749,0,0,0.0,13,11,11,0,
BraTS-MET-01134-003,t2w,0.0,0.0050858232676414495,0.0,0.0050858232676414495,9.021063297593479,15.199887231746931,0.5934954095417116,0.4812854528427124,1.6977158784866333,0.28348998730679054,0.1754931816831231,0.434494120379289,0.40390231639941965,0,0,0.0,13,11,11,1,high_frequency_shift
BraTS-MET-01134-003,t2f,0.0,0.012714558169103624,0.0,0.012714558169103624,13.537858134866369,15.791182049557786,0.8573049245066161,0.6956914663314819,1.630536437034607,0.42666416433889015,0.25684449821710587,0.5556249991059303,0.4622623147453779,0,0,0.0,13,11,11,0,
BraTS-MET-01149-000,t1c,0.0,0.33398270861132917,0.0,0.3339804099377787,9.769921048998956,6.2877735394167065,1.553796584395639,0.9507140517234802,0.4218260943889618,2.253805689998011,0.333457715768408,0.1774944586085749,1.8786936695515426,0,0,0.00016607916401840318,138,209,181,1,large_tiled_support
BraTS-MET-01149-000,t1n,3.8311225840462095e-07,0.3280402543712151,1.9155612920231047e-07,0.3280402543712151,10.894745875264553,6.776575607433,1.607706680541492,0.7932668328285217,0.3172399401664734,2.500526359991906,0.2732420673819034,0.137898961184444,1.9814657415470585,0,0,0.0,138,209,181,1,large_tiled_support
BraTS-MET-01149-000,t2w,5.746683876069314e-07,0.337585304733237,1.9155612920231047e-07,0.33758013271774856,9.618393488402823,5.718031359835847,1.6821162535000416,0.6312143206596375,0.28457266092300415,2.218113007104442,0.23154213660202183,0.08062843757343817,2.8717180137730947,0,0,0.0,138,209,181,1,large_tiled_support
BraTS-MET-01149-000,t2f,1.9155612920231047e-07,0.32676832167331177,1.9155612920231047e-07,0.32676832167331177,10.75020526228895,5.6556534214536205,1.900789256553476,0.6492668390274048,0.2855931520462036,2.273397784140026,0.217150646006013,0.11897007318643424,1.8252543701954616,0,0,1.5324490336184838e-06,138,209,181,1,large_tiled_support
BraTS-MET-01149-001,t1c,0.0,0.24475550578574096,0.0,0.24475550578574096,9.412854661356116,11.300313487867314,0.832972879156168,0.7289709448814392,0.4981967508792877,1.4632189864643812,0.2640702274317543,0.1331786160978178,1.9828275377016866,0,0,6.71892497200448e-05,50,57,47,0,
BraTS-MET-01149-001,t1n,0.0,0.18883911907428144,0.0,0.18880179171332587,13.085195825966302,10.6393208850571,1.229890137475262,0.5899666547775269,0.45958811044692993,1.2836856336509865,0.23119555165370306,0.08515342084380488,2.7150471391839934,0,0,0.0,50,57,47,0,
BraTS-MET-01149-001,t2w,0.0,0.196976483762598,0.0,0.196976483762598,11.08127770080076,11.842428066642077,0.9357268322376104,0.4455282390117645,0.469438761472702,0.9490657260897535,0.1894853754589955,0.10124622727744281,1.8715302343044633,0,0,0.0,50,57,47,0,
BraTS-MET-01149-001,t2f,7.465472191116088e-06,0.16326987681970884,7.465472191116088e-06,0.16326987681970884,9.735975018084812,8.630998287388952,1.128024209240127,0.5386878848075867,0.41910454630851746,1.2853305685952634,0.18214892596006393,0.08048869444367786,2.263037401948705,0,0,0.0,50,57,47,0,
BraTS-MET-01172-001,t1c,0.0,0.08585477116362548,0.0,0.060043374214777144,8.347340561428245,11.62088934560735,0.7183047969201691,0.7772111892700195,1.2842985391616821,0.6051639596019001,0.2714837726856035,0.41055543034795733,0.6612597291808157,0,0,0.00029165420281184563,98,60,62,1,large_tiled_support
BraTS-MET-01172-001,t1n,0.0,0.07132067005683518,0.0,0.04622345198923123,9.434904866154723,14.767362677524375,0.6389024954682297,0.6393463015556335,1.014392614364624,0.630274996586105,0.21245588539611726,0.24376467899197624,0.8715614020647776,0,0,0.0,98,60,62,1,large_tiled_support
BraTS-MET-01172-001,t2w,0.0,0.07883637451390967,0.0,0.05191070894406222,8.331627404544895,12.094944285737059,0.6888520697337938,0.480526864528656,0.8772587776184082,0.5477595400449519,0.17409062905917091,0.21246453516540073,0.8193867692960792,0,0,0.0,98,60,62,1,large_tiled_support
BraTS-MET-01172-001,t2f,0.0,0.06730855518994915,0.0,0.043366736464253666,8.989016026663865,12.624515747289479,0.7120285804700139,0.603922426700592,0.9589798450469971,0.6297550775647379,0.1838028607150865,0.23853594750638993,0.770545750594521,0,0,0.0034475022434938677,98,60,62,2,extreme_zscore_signal;large_tiled_support
BraTS-MET-01172-002,t1c,0.0,0.104157927852349,0.0,0.08310612416107382,12.012106901443493,12.95102942407631,0.927502093317205,0.9249143600463867,1.0849601030349731,0.8524869785157183,0.3469891223040494,0.34182534976439044,1.0151064645826244,0,0,0.0,81,45,32,1,large_tiled_support
BraTS-MET-01172-002,t1n,0.0,0.08800859899328858,0.0,0.06858221476510067,13.125925673874166,13.620803238553805,0.9636675197481097,0.5881184935569763,0.9783748984336853,0.601117725422551,0.23340870665781427,0.24258201704783874,0.9621847056032375,0,0,0.0,81,45,32,1,large_tiled_support
BraTS-MET-01172-002,t2w,0.0,0.09233431208053691,0.0,0.08444316275167785,12.28287916402626,12.416679621973847,0.9892241354354671,0.5083823204040527,1.069648027420044,0.4752800055456132,0.20233164953463006,0.26220985569737176,0.771640139141643,0,0,0.0,81,45,32,1,large_tiled_support
BraTS-MET-01172-002,t2f,0.0,0.08289639261744966,0.0,0.06984060402684564,13.376036508903779,13.074190612808565,1.0230871573647933,0.6029476523399353,1.1473456621170044,0.5255152586077828,0.20773930870222324,0.27593432321692957,0.7528578042786874,0,0,0.0,81,45,32,1,large_tiled_support
BraTS-MET-01172-004,t1c,0.0,0.1363824971708789,0.0,0.08253489249339872,9.812722655354417,11.46055642171588,0.8562169491841524,0.7521369457244873,1.0165077447891235,0.7399224940293195,0.2970224049302839,0.3267699251732519,0.9089649384740779,0,0,5.658242172764994e-05,125,59,68,1,large_tiled_support
BraTS-MET-01172-004,t1n,0.0,0.1081478687287816,0.0,0.06327800829875518,14.264202078159801,12.585838430348565,1.1333533444831259,0.6530020833015442,0.9070990085601807,0.7198796130733742,0.24520398964804987,0.29131735969455014,0.8417074420321168,0,0,0.0,125,59,68,1,large_tiled_support
BraTS-MET-01172-004,t2w,0.0,0.10358355337608449,0.0,0.058015843078083745,11.74622703087275,12.156183755804713,0.966275869699962,0.46085843443870544,1.1659557819366455,0.3952623603557438,0.2792330213612126,0.30126385342690254,0.9268719701514558,0,0,0.0,125,59,68,1,large_tiled_support
BraTS-MET-01172-004,t2f,0.0,0.11801207091663524,0.0,0.07338740098076198,11.670398578155085,11.919521513791041,0.9790995858896082,0.7429401874542236,1.2019637823104858,0.6181053026623649,0.21974857860515196,0.3160256380515714,0.6953504783978689,0,0,0.0,125,59,68,1,large_tiled_support
BraTS-MET-01180-000,t1c,0.0,0.0,0.0,0.0,9.075754635629284,16.091946388993296,0.5639935913431202,0.8199119567871094,1.1762712001800537,0.6970432980605188,0.283723358774469,0.37416141976912815,0.7582913250370312,0,0,0.0,26,45,41,0,
BraTS-MET-01180-000,t1n,0.0,0.0,0.0,0.0,10.714460170267309,14.280721475040679,0.7502744303916051,0.6562662720680237,0.791711151599884,0.8289213442830073,0.2305819493319307,0.1740962907317139,1.3244506724572462,0,0,0.0,26,45,41,0,
BraTS-MET-01180-000,t2w,0.0,0.0,0.0,0.0,10.262724418357642,10.754349758935449,0.9542859074144087,0.4329516589641571,0.6132431626319885,0.7060032387576319,0.1919476224907807,0.15287367910856292,1.255596277986281,0,0,0.0,26,45,41,0,
BraTS-MET-01180-000,t2f,0.0,0.0,0.0,0.0,12.005344049537259,8.809616090959363,1.3627545088891475,0.6211647391319275,0.6165276765823364,1.0075212561020719,0.1861597833534082,0.1403722646867945,1.3261863642990803,0,0,0.0,26,45,41,0,
BraTS-MET-01180-003,t1c,0.0,0.0,0.0,0.0,8.521613211325677,14.895267026944603,0.572102077519699,0.7422527074813843,0.7993453741073608,0.9285757214899346,0.25980496163978134,0.3087305277585983,0.8415266333588082,0,0,0.0,74,110,42,1,large_tiled_support
BraTS-MET-01180-003,t1n,0.0,0.0,0.0,0.0,13.338660316618087,13.454723912998851,0.9913737660370249,0.6357848048210144,0.7724794149398804,0.8230443329942916,0.2192227379527203,0.16640854055105253,1.3173767237353113,0,0,0.0,74,110,42,1,large_tiled_support
BraTS-MET-01180-003,t2w,0.0,0.0,0.0,0.0,11.814829697433717,15.076233861799162,0.7836724878200957,0.43809688091278076,0.8741021752357483,0.5011964199661494,0.174127435961435,0.2044731207018675,0.8515908367991406,0,0,0.0,74,110,42,1,large_tiled_support
BraTS-MET-01180-003,t2f,0.0,0.0,0.0,0.0,12.97863549990443,12.351051792978023,1.0508121670482515,0.606037437915802,1.0344264507293701,0.5858680793482102,0.16771057057519292,0.2131465916023698,0.7868320544766727,0,0,0.0,74,110,42,1,large_tiled_support
BraTS-MET-01181-001,t1c,0.0,0.08342480014281195,0.0,0.07171351358039094,8.98094041373697,12.694527774497045,0.707465497990357,0.8337082862854004,1.0787502527236938,0.7728464342700299,0.2892488285814975,0.2366553591722149,1.2222365451314803,0,0,0.0010304376797300712,98,102,186,2,extreme_zscore_signal;large_tiled_support
BraTS-MET-01181-001,t1n,0.0,0.08831893725288496,0.0,0.08141518154615142,10.577451756387669,12.928600622272745,0.8181435922899007,0.6467068791389465,0.5922431349754333,1.0919617990435169,0.21673151476066665,0.1241898274228061,1.7451631849265803,0,0,0.0,98,102,186,1,large_tiled_support
BraTS-MET-01181-001,t2w,0.0,0.08794776759123261,0.0,0.07887708805028111,9.316339520860923,11.492593551753226,0.8106385629064287,0.4961988925933838,0.5500652194023132,0.9020728362584728,0.18600707621139995,0.12063815646757514,1.5418594054974184,0,0,0.0,98,102,186,1,large_tiled_support
BraTS-MET-01181-001,t2f,0.0,0.10468221690801532,0.0,0.09355419695676227,10.637285998215068,8.98787852518883,1.1835146601507485,0.5959955453872681,0.49507737159729004,1.2038432365922547,0.1884282661949174,0.10939880353161845,1.7223978701052052,0,0,0.004763343991205047,98,102,186,2,extreme_zscore_signal;large_tiled_support
BraTS-MET-01181-002,t1c,0.0,0.09185053391406625,0.0,0.08285594022311847,9.5350467672102,12.194749234296042,0.7818977318856384,0.8234651684761047,1.1217832565307617,0.7340679794265796,0.28470670108106877,0.2832050843696509,1.0053022237039286,0,0,5.671997349087555e-05,92,99,190,1,large_tiled_support
BraTS-MET-01181-002,t1n,0.0,0.0874621991229301,0.0,0.07960797542532518,12.446575479273902,13.59691042565387,0.9153973284835661,0.7231974005699158,0.9739099144935608,0.7425711452439447,0.23930160692405134,0.27512092214255107,0.8698051935143619,0,0,0.0,92,99,190,1,large_tiled_support
BraTS-MET-01181-002,t2w,0.0,0.1416626116861057,0.0,0.12837521158042742,10.444046161948368,11.63884804545986,0.8973436306716311,0.5091609954833984,0.6314519643783569,0.806333694732663,0.19466238761586802,0.1359191500648324,1.4321925021089046,0,1,0.0,92,99,190,1,large_tiled_support
BraTS-MET-01181-002,t2f,2.9852617626776603e-06,0.09839422769785569,2.9852617626776603e-06,0.08463814149543702,11.488304915591199,10.271607628087237,1.1184524693269007,0.6592584252357483,0.7625343799591064,0.8645622316348587,0.18976782807814224,0.2188358698040247,0.8671696657777634,0,0,0.0,92,99,190,1,large_tiled_support
BraTS-MET-01187-000,t1c,0.0,0.35491123621778153,0.0,0.35491123621778153,9.990627791872855,9.780156687047956,1.0215202180864473,0.8089370727539062,0.5870522260665894,1.377964407313479,0.32249438150446547,0.32500789326059726,0.9922663055013362,0,0,4.796421869285513e-05,177,259,160,1,large_tiled_support
BraTS-MET-01187-000,t1n,0.0,0.25635076233130083,0.0,0.25591308883572855,11.969409195856203,12.301538646366849,0.973000983042984,0.6603928804397583,0.5408859252929688,1.220946690528246,0.23977837913720182,0.2420862743327784,0.9904666416882268,0,0,0.0,177,259,160,1,large_tiled_support
BraTS-MET-01187-000,t2w,0.0,0.38380368245289015,0.0,0.3781379091197966,11.13007281445386,10.457624945914594,1.0643021596220055,0.4704115092754364,0.4708040654659271,0.9991662005082683,0.19419850772896477,0.22897937581982725,0.8481047999788861,0,1,0.0,177,259,160,1,large_tiled_support
BraTS-MET-01187-000,t2f,0.0,0.33553968739320467,0.0,0.33178049175315216,12.696922389514567,10.53063189677771,1.2057132481669715,0.7196308970451355,0.4430502653121948,1.6242646791737017,0.22585837190696437,0.21298956703539043,1.060419883709307,0,0,0.0,177,259,160,1,large_tiled_support
BraTS-MET-01191-001,t1c,0.0,0.09375309375309375,0.0,0.09374071874071874,9.226106262129264,10.785940482624685,0.8553826415964195,0.8825882077217102,1.0092518329620361,0.8744975028991694,0.33203702718019484,0.38629739321768286,0.8595373228239422,0,0,0.0018500643500643501,74,56,39,2,extreme_zscore_signal;large_tiled_support
BraTS-MET-01191-001,t1n,0.0,0.03487897237897238,0.0,0.03460672210672211,12.005025636499015,13.799269394663508,0.8699754525512512,0.6563373804092407,0.3394142985343933,1.9337352116376239,0.23703244775533677,0.18372303936630488,1.2901618031843258,0,0,0.0,74,56,39,1,large_tiled_support
BraTS-MET-01191-001,t2w,0.0,0.06275368775368775,0.0,0.06275368775368775,9.679049869711424,13.791494375085644,0.7018129875176284,0.48982203006744385,0.4045543670654297,1.2107693549831922,0.19702549204230307,0.23971583805978297,0.8219127014593283,0,0,0.0,74,56,39,1,large_tiled_support
BraTS-MET-01191-001,t2f,0.0,0.02533783783783784,0.0,0.02465102465102465,11.047337861144243,12.91383085293815,0.8554655846859538,0.6442040801048279,0.2995263338088989,2.1507427140474302,0.22508389111608268,0.173265147395432,1.2990719397386254,0,0,0.0,74,56,39,1,large_tiled_support
BraTS-MET-01191-002,t1c,0.0,0.11177989417989417,0.0,0.11177989417989417,9.824705125987252,11.040003092648371,0.8899186932773239,0.8484349250793457,0.6687297821044922,1.2687260950294774,0.3204000793224157,0.3018985737201779,1.0612838456778744,0,0,0.0014137566137566138,75,75,42,2,extreme_zscore_signal;large_tiled_support
BraTS-MET-01191-002,t1n,0.0,0.04642539682539683,0.0,0.04642539682539683,10.981618761151742,14.276676939405633,0.7691999201047222,0.6386012434959412,0.3492816388607025,1.828327551310599,0.2253440493761107,0.18460161533466604,1.2207046453390036,0,0,0.0,75,75,42,1,large_tiled_support
BraTS-MET-01191-002,t2w,0.0,0.08181587301587302,0.0,0.08181587301587302,9.956975144376806,14.003154328777873,0.7110523036880507,0.4948655664920807,0.4209531843662262,1.1755833780830869,0.19688012693510498,0.24394095290538875,0.8070810767532909,0,0,0.0,75,75,42,1,large_tiled_support
BraTS-MET-01191-002,t2f,0.0,0.035314285714285715,0.0,0.035284656084656085,10.52325417418715,12.751805329889605,0.8252364196245342,0.6489810943603516,0.3734078109264374,1.7379954981397083,0.21763414179169854,0.2000138437332109,1.0880953924468875,0,0,0.0,75,75,42,1,large_tiled_support
BraTS-MET-01191-003,t1c,0.0,0.11700719836814512,0.0,0.11700719836814512,9.35119054238537,11.173085798468072,0.8369389362129036,0.8423754572868347,0.7305895090103149,1.1530078750076078,0.3170793611556292,0.31963233798742297,0.992012770522943,0,0,0.0012011328579375916,78,78,39,2,extreme_zscore_signal;large_tiled_support
BraTS-MET-01191-003,t1n,0.0,0.06832970886225324,0.0,0.06832970886225324,11.809576514646727,13.282105393302867,0.8891343777923474,0.6525655388832092,0.3604716360569,1.810310364558621,0.24701881408691406,0.20223406478762626,1.2214500773958037,0,0,0.0,78,78,39,1,large_tiled_support
BraTS-MET-01191-003,t2w,0.0,0.10634029568940812,0.0,0.10634029568940812,10.075501602873173,12.976171781661174,0.776461792615336,0.48484840989112854,0.41225582361221313,1.1760862603294584,0.20157765801995992,0.2340605305507779,0.8612202046437255,0,0,0.0,78,78,39,1,large_tiled_support
BraTS-MET-01191-003,t2f,0.0,0.05597279117989177,0.0,0.05597279117989177,11.43281011129267,12.815931860980056,0.8920779413708886,0.6177528500556946,0.37704527378082275,1.6384049688812587,0.22323532719165087,0.20163321532309056,1.1071356811621824,0,0,0.0,78,78,39,1,large_tiled_support
BraTS-MET-01191-004,t1c,0.0,0.1482748544460127,0.0,0.1482514224594213,8.364204249116064,12.983861758763618,0.6442000388267027,0.8763431310653687,0.7164854407310486,1.223113661836887,0.3247402048898193,0.30202105219634073,1.0752237386376269,0,0,0.0020399611856033876,109,128,52,2,extreme_zscore_signal;large_tiled_support
BraTS-MET-01191-004,t1n,1.3783521524347213e-06,0.1210179406316161,1.3783521524347213e-06,0.1210179406316161,10.058134298070778,11.461305210458978,0.8775732007286796,0.7104458808898926,0.3276090621948242,2.168578232025221,0.25473933610713706,0.18185640618486223,1.4007718586948608,0,0,0.0,109,128,52,1,large_tiled_support
BraTS-MET-01191-004,t2w,0.0,0.13113091037402963,0.0,0.1311171268525053,9.523604280168971,10.980682596944776,0.8673053060306819,0.5497634410858154,0.3481740653514862,1.5789902114932717,0.21531659547450407,0.19038580611067,1.1309487817035162,0,0,0.0,109,128,52,1,large_tiled_support
BraTS-MET-01191-004,t2f,0.0,0.12445555089978828,0.0,0.12445417254763586,10.34074418007274,11.181984935571277,0.9247682088336171,0.6380865573883057,0.33004453778266907,1.9333346998412653,0.23124900038512247,0.17499164393487968,1.3214859589020038,0,0,0.0,109,128,52,1,large_tiled_support
BraTS-MET-01217-000,t1c,0.0,0.09207097211809646,0.0,0.035878761914961976,11.943551034115178,13.904843193414907,0.8589489912242546,0.9710239171981812,2.0241899490356445,0.47970987982663976,0.35122342685521657,0.6649443906242565,0.5281996988131361,0,0,0.00028560208489521974,174,267,86,1,large_tiled_support
BraTS-MET-01217-000,t1n,0.0,0.037520973903109496,0.0,0.01388740137803006,14.147170567968368,16.04902904102898,0.8814969760352135,0.763159990310669,0.965583324432373,0.7903616094025853,0.2998469225683455,0.3702261086742757,0.8099021531519008,0,0,0.0,174,267,86,1,large_tiled_support
BraTS-MET-01217-000,t2w,0.0,0.06429616936203635,0.0,0.025597086858734068,11.374502511763872,14.583731715325394,0.779944580289482,0.5504906177520752,0.8794541358947754,0.6259457944239404,0.21668931058907914,0.34112418872320044,0.6352211826435682,0,1,0.0,174,267,86,1,large_tiled_support
BraTS-MET-01217-000,t2f,0.0,0.0635821641497983,0.0,0.035414658527007245,10.440227366116975,14.891041582172898,0.7011079318061738,0.6038135886192322,0.9057629108428955,0.6666353649403995,0.17725513742889387,0.3498824357481326,0.5066134201617748,0,0,0.0,174,267,86,1,large_tiled_support
BraTS-MET-01250-001,t1c,0.0,0.018436109345200253,0.0,0.018436109345200253,9.559016329794563,15.951050587596187,0.5992718960610544,0.8906046748161316,1.5804617404937744,0.5635091644406939,0.29215709226472036,0.3922532264675413,0.7448175631230816,0,0,0.0,11,11,13,0,
BraTS-MET-01250-001,t1n,0.0,0.013350286077558804,0.0,0.013350286077558804,9.998840629457233,16.879510842136852,0.5923655444147595,0.5761280655860901,1.0006133317947388,0.5757749245182697,0.16502827565584863,0.3028032146394253,0.5450017294313155,0,0,0.0,11,11,13,0,
BraTS-MET-01250-001,t2w,0.0,0.0025429116338207248,0.0,0.0025429116338207248,27.954748275749363,17.46140540991459,1.6009449193520615,1.2172645330429077,1.0762696266174316,1.1310033312643075,0.43424365882362637,0.3018059975334576,1.4388171950608337,0,0,0.0,11,11,13,0,
BraTS-MET-01250-001,t2f,0.0,0.006357279084551812,0.0,0.004450095359186269,9.883227331065168,17.5807664489343,0.5621613460239252,0.5964937210083008,1.2599248886108398,0.4734359376502032,0.15108270889946393,0.328889364110572,0.4593724376221245,0,0,0.0,11,11,13,0,
BraTS-MET-01268-002,t1c,0.0,0.002877122877122877,0.0,0.002877122877122877,8.33879924886721,12.251655749716713,0.6806263103711531,0.8821389079093933,0.4353797137737274,2.0261369099246838,0.31989599209205777,0.24638375435389726,1.2983647924796617,0,0,0.0006564863707720851,77,91,50,1,large_tiled_support
BraTS-MET-01268-002,t1n,0.0,0.006016840302554588,0.0,0.006016840302554588,10.279615795412322,16.300885110220367,0.6306170325050132,0.7124891877174377,0.4195753037929535,1.6981199352691825,0.255718230324633,0.15462427118829652,1.6538039491434526,0,0,0.0,77,91,50,1,large_tiled_support
BraTS-MET-01268-002,t2w,0.0,0.0020921935207649494,0.0,0.0019266447837876408,9.33746038568691,15.526444651832762,0.6013907623458861,0.5236403942108154,0.5855668187141418,0.8942453320027389,0.2093439416265955,0.16273431626020693,1.2864154680925521,0,0,0.0,77,91,50,1,large_tiled_support
BraTS-MET-01268-002,t2f,0.0,0.006268017696589125,0.0,0.006199514770943343,10.499038891865833,12.716139419151842,0.8256467270288951,0.6534987092018127,0.40274810791015625,1.622599079590445,0.21676719743831485,0.13796415676673254,1.5711848824968442,0,0,7.992007992007992e-05,77,91,50,1,large_tiled_support
BraTS-MET-01270-001,t1c,0.0,0.13605438034083933,0.0,0.0680107474495513,9.288950103409332,11.917248219389569,0.7794542777330131,0.8798847794532776,0.95244300365448,0.9238188280844105,0.3113640295911808,0.4539214406086474,0.6859425480622454,0,0,0.0002070564850091105,206,234,107,1,large_tiled_support
BraTS-MET-01270-001,t1n,0.0,0.12116823704800787,0.0,0.06378435919671828,11.482662387792464,12.176944998883267,0.9429838427327647,0.6960670948028564,0.4997164011001587,1.3929242531772397,0.2797624460440509,0.29184120665399393,0.9586118740789625,0,0,0.0,206,234,107,1,large_tiled_support
BraTS-MET-01270-001,t2w,0.0,0.1457239181907648,0.0,0.07888486685050035,9.843817738526848,11.054687039562927,0.8904655286302928,0.5109410285949707,0.4412573575973511,1.157920700466158,0.19942320008971254,0.2911152248175777,0.685031846804569,0,0,0.0,206,234,107,1,large_tiled_support
BraTS-MET-01270-001,t2f,1.217979323583003e-06,0.12024988063802629,1.217979323583003e-06,0.06028145066209356,10.789198633694369,10.743571992941186,1.0042468781130858,0.6259555220603943,0.4845030903816223,1.2919536211159273,0.2103956003426289,0.29327894047814973,0.7173907543433181,0,0,0.0,206,234,107,1,large_tiled_support
BraTS-MET-01270-002,t1c,0.0,0.04294530227010488,0.0,0.033902480131720536,10.762959215504155,15.600942823816093,0.689891587774659,0.8023743629455566,0.842377781867981,0.952511308128621,0.3094884592451547,0.473143423466306,0.6541112988061946,0,0,0.0,212,204,106,1,large_tiled_support
BraTS-MET-01270-002,t1n,0.0,0.03023349279815384,0.0,0.022422309517327214,13.075060481920824,16.31466161258612,0.801430075131557,0.6462748646736145,0.540730357170105,1.195188796234547,0.2635388674312516,0.3455936463647767,0.7625686125985208,0,0,0.0,212,204,106,1,large_tiled_support
BraTS-MET-01270-002,t2w,0.0,0.05520335005769256,0.0,0.04776165843413325,10.739304158463243,14.030663336502355,0.7654167091675367,0.48558101058006287,0.6459482908248901,0.7517335636262235,0.22804477252066135,0.3530218869839844,0.6459791331040251,0,0,0.0,212,204,106,1,large_tiled_support
BraTS-MET-01270-002,t2f,0.0,0.028185082908742044,0.0,0.025293972748369697,12.918738919593554,12.499804520792406,1.03351527602726,0.6915199160575867,0.4874599277973175,1.4186190015297337,0.24917439116459145,0.3268788686316264,0.7622835706929608,0,0,0.0,212,204,106,1,large_tiled_support
BraTS-MET-01270-003,t1c,0.0,0.028450264117253182,0.0,0.028450264117253182,10.62982687101904,15.413222790314462,0.6896563434935056,0.8605867028236389,1.1870743036270142,0.7249644779557459,0.29046029404357626,0.6052816118355151,0.4798762895881738,0,0,0.0,210,232,95,1,large_tiled_support
BraTS-MET-01270-003,t1n,0.0,0.019849713562978946,0.0,0.019819953872479725,11.726983778930268,15.388425337791078,0.7620652224975223,0.6128753423690796,0.5235061049461365,1.1707128848710147,0.24967170879244804,0.38218290979663533,0.6532780571619535,0,0,0.0,210,232,95,1,large_tiled_support
BraTS-MET-01270-003,t2w,0.0,0.04389554348634774,0.0,0.0438211442600997,10.96006494692388,14.45917863591738,0.7580005215302125,0.48425114154815674,0.6519717574119568,0.7427486483009975,0.26582158839812986,0.39499790055884254,0.6729696234386203,0,0,0.0,210,232,95,1,large_tiled_support
BraTS-MET-01270-003,t2f,0.0,0.012945465367160182,0.0,0.012945465367160182,12.554520198155718,14.288299851144995,0.8786573860395056,0.6250905990600586,0.5953464508056641,1.0499610742856411,0.24843481417607377,0.3682020732925998,0.6747241044964177,0,0,0.0,210,232,95,1,large_tiled_support
BraTS-MET-01276-001,t1c,0.0,0.47143340094658553,0.0,0.47143340094658553,11.815650750014495,4.343211015814407,2.7204873783455605,1.0907130241394043,0.8347352743148804,1.3066574010959593,0.3877157837152481,0.17838694800933202,2.1734537646496728,0,0,4.2258282623394185e-05,24,34,29,0,
BraTS-MET-01276-001,t1n,0.0,0.39938302907369844,0.0,0.39938302907369844,12.695502103431116,8.67362235080983,1.4636908998286946,0.6661232709884644,0.7316849231719971,0.9103963330290993,0.24602018271883327,0.14166837707161903,1.7365920878338306,0,0,0.0,24,34,29,0,
BraTS-MET-01276-001,t2w,0.0,0.5741632860040567,0.0,0.5741632860040567,13.87621959825653,5.608239892056364,2.474255713973847,0.5637022256851196,0.583330512046814,0.9663513463528218,0.246115210155646,0.12720683244988323,1.9347640800081247,0,0,0.0,24,34,29,0,
BraTS-MET-01276-001,t2f,0.0,0.47337728194726164,0.0,0.47337728194726164,12.10429766954967,7.149510141023935,1.6930247570522534,0.7128174901008606,0.6303954124450684,1.130746633031652,0.20464377303918202,0.14328715826074281,1.428207353144566,0,0,0.0,24,34,29,0,
BraTS-MET-01284-000,t1c,0.0,0.25103925112036746,0.0,0.19265191686883038,9.901444214394362,7.932017518545916,1.2482882433433502,0.874801754951477,0.7095767855644226,1.2328500209538684,0.30519392727500333,0.2003172581240426,1.5235528387974333,0,5,0.0006271883647359579,119,277,273,1,large_tiled_support
BraTS-MET-01284-000,t1n,5.575007686541848e-07,0.2374735849167052,2.787503843270924e-07,0.1862738293250422,11.086780690429489,9.294574778045984,1.1928227977267707,0.7177205085754395,0.5416078567504883,1.3251663535340552,0.24064974630944921,0.1663772184826624,1.4464104431131988,0,2,5.575007686541848e-07,119,277,273,1,large_tiled_support
BraTS-MET-01284-000,t2w,2.787503843270924e-07,0.3034323371073348,2.787503843270924e-07,0.20892536430584605,10.121953093893033,6.874680002844778,1.4723526170970165,0.55889493227005,0.45174363255500793,1.237194930914703,0.20366038202586836,0.09655755881079257,2.1092122101486326,0,23,0.0,119,277,273,1,large_tiled_support
BraTS-MET-01284-000,t2f,5.575007686541848e-07,0.24171393576308894,2.787503843270924e-07,0.1884820898696814,10.795973605970072,7.846116305603948,1.375964003778435,0.6401463150978088,0.5364983081817627,1.1931935391694297,0.19786910400012114,0.15458236410822992,1.2800237927632176,0,4,8.334636491380063e-05,119,277,273,1,large_tiled_support
BraTS-MET-01284-002,t1c,0.0,0.010312042268256957,0.0,0.0040541954383762294,12.383814138266136,15.05607591420787,0.8225127323235653,0.8963697552680969,1.3346223831176758,0.6716279950094787,0.3315618096942633,0.32739225939405914,1.0127356410561483,0,0,5.885122410546139e-05,88,216,232,1,large_tiled_support
BraTS-MET-01284-002,t1n,0.0,0.017642289181837204,0.0,0.004695019878635698,13.397443818075326,14.752318478860447,0.9081585268968665,0.735636293888092,0.7933757901191711,0.9272230172004541,0.27108088471520114,0.21891079209919825,1.2383166773813614,0,0,0.0,88,216,232,1,large_tiled_support
BraTS-MET-01284-002,t2w,0.0,0.04211132035990793,0.0,0.007382559112785102,11.618808197107262,14.820671296768232,0.7839596442329058,0.5295085310935974,0.924100935459137,0.572998587898315,0.21185738686034936,0.2261523161730576,0.9367907012644991,0,0,0.0,88,216,232,1,large_tiled_support
BraTS-MET-01284-002,t2f,0.0,0.030478395061728395,0.0,0.006695961498221385,12.290614886730896,14.04064888375452,0.8753594644013591,0.6397758722305298,1.0268009901046753,0.6230767971555121,0.21319097665274087,0.2193824215464189,0.9717778441406801,0,0,0.0,88,216,232,1,large_tiled_support
BraTS-MET-01287-001,t1c,0.0,0.11284269683692899,0.0,0.07759123836989734,8.636701050651052,12.456166100462795,0.6933675242440902,0.7833600640296936,1.3519704341888428,0.5794210022793103,0.27318600014499994,0.29869749688583874,0.9145908586217941,0,0,0.0,57,73,91,1,large_tiled_support
BraTS-MET-01287-001,t1n,0.0,0.1166430301253661,0.0,0.07746183160746968,9.487705210973846,13.437923655753366,0.7060395232199241,0.6834379434585571,0.724367618560791,0.9434959900836609,0.23532137299037498,0.1263507501748593,1.862445396364557,0,0,0.0,57,73,91,1,large_tiled_support
BraTS-MET-01287-001,t2w,0.0,0.15852856588256733,0.0,0.15852856588256733,9.057312471413493,10.024080937230382,0.9035554010516595,0.5478858351707458,0.66690993309021,0.8215289771319627,0.196985083186756,0.12820432748159635,1.5364932452458213,0,0,0.0,57,73,91,1,large_tiled_support
BraTS-MET-01287-001,t2f,0.0,0.12251915352131647,0.0,0.08076830643521343,9.686130664825038,10.011773640262257,0.9674739974016543,0.6356121301651001,0.6885867714881897,0.9230675878239724,0.1989353832019412,0.11717138309841571,1.6978154387308844,0,0,0.0036128255306337497,57,73,91,2,extreme_zscore_signal;large_tiled_support
BraTS-MET-01287-002,t1c,0.0,0.08578701458985322,0.0,0.08216159033807907,11.013169488983465,10.726263670287512,1.0267479737134098,0.5122652053833008,0.5291563272476196,0.9680791460017549,0.21640114474575967,0.1473169163800776,1.4689497313902822,0,0,0.0,32,79,63,1,large_tiled_support
BraTS-MET-01287-002,t1n,0.0,0.0846299642967338,0.0,0.07822761934147308,10.219539449474102,13.125005519903295,0.7786312496384686,0.386203408241272,0.5059850811958313,0.7632703464863616,0.15411733760265633,0.15530309709720314,0.992364868977438,0,0,0.0,32,79,63,1,large_tiled_support
BraTS-MET-01287-002,t2w,0.0,0.08816723233569886,0.0,0.07725790100057302,11.750859418893818,10.919688570343569,1.0761167173583686,0.36425578594207764,0.4323230981826782,0.8425545326476201,0.16972287476528436,0.11102597170975059,1.5286772288648103,0,0,0.0,32,79,63,1,large_tiled_support
BraTS-MET-01287-002,t2f,0.0,0.055968175607175916,0.0,0.05116366200908009,11.90878095235698,13.44999496738069,0.8854115545201685,0.4748781621456146,0.5687461495399475,0.8349562674485591,0.17512155266012996,0.1864460431970656,0.9392612986430282,0,0,0.0,32,79,63,1,large_tiled_support
BraTS-MET-01301-000,t1c,0.0,0.1759180005135667,0.0,0.17591086764244343,10.642372233013974,12.075313234332635,0.8813330160873583,0.766884982585907,1.1281194686889648,0.679790575263395,0.27102298938458963,0.35235308327021136,0.7691801271304569,0,0,0.00026391623156152814,56,60,75,1,large_tiled_support
BraTS-MET-01301-000,t1n,0.0,0.15611715027532883,0.0,0.15593169562612344,10.114088129681118,12.149466614191915,0.8324717825774136,0.577019989490509,0.6333154439926147,0.911109929441793,0.22978819125602323,0.2850506399427691,0.806131118674769,0,0,0.0,56,60,75,1,large_tiled_support
BraTS-MET-01301-000,t2w,0.0,0.13680846814459757,0.0,0.1367870695312277,12.467271815014,12.65002140538366,0.9855534165110673,0.48803478479385376,0.668624222278595,0.7299089212333454,0.1899562134377418,0.3551629940348287,0.534842358658329,0,0,0.0,56,60,75,1,large_tiled_support
BraTS-MET-01301-000,t2f,0.0,0.1486062369825102,0.0,0.1485991041113869,10.61882466455034,8.75777159118257,1.2125030384717388,0.5185704827308655,0.6073654294013977,0.8538030938671534,0.17366202163600153,0.21657703216037444,0.8018487459344511,0,0,0.0,56,60,75,1,large_tiled_support
BraTS-MET-01301-001,t1c,0.0,0.0,0.0,0.0,15.018705239138542,16.54988322557629,0.907481039861873,1.0644909143447876,1.3630234003067017,0.7809777250377803,0.38583204249540964,0.5462017953395844,0.706391018461465,0,0,0.0,12,14,14,0,
BraTS-MET-01301-001,t1n,0.0,0.0,0.0,0.0,9.628123961644087,15.646977741781939,0.6153344192427795,0.5410549640655518,1.6573505401611328,0.3264577715785755,0.1613769178589185,0.7163186113039652,0.22528650702674433,0,0,0.0,12,14,14,2,high_frequency_shift;z_continuity_shift
BraTS-MET-01301-001,t2w,0.0,0.0,0.0,0.0,8.736501510554593,16.022865402335356,0.5452521313248525,0.4840041697025299,1.6005445718765259,0.30239968208762164,0.18290056188901266,0.6963675936063131,0.2626494448741024,0,0,0.0,12,14,14,2,high_frequency_shift;z_continuity_shift
BraTS-MET-01301-001,t2f,0.0,0.0,0.0,0.0,16.039074394484558,16.486160817040048,0.9728811075230213,0.854487955570221,1.9683630466461182,0.4341109517505817,0.3332326819499334,0.3376163274049759,0.9870158961542631,0,0,0.0,12,14,14,0,
BraTS-MET-01310-001,t1c,0.0,0.0,0.0,0.0,5.620639709814606,16.319507743149085,0.3444123314426653,0.47312304377555847,0.7792406678199768,0.6071590758977959,0.16095758364959198,0.3103978362950412,0.5185525310704732,0,0,0.0,12,13,10,0,
BraTS-MET-01310-001,t1n,0.0,0.0,0.0,0.0,5.329079564176978,16.71461960185559,0.31882745112460503,0.44071483612060547,0.7674698233604431,0.5742438630236842,0.12965831770138306,0.31422084231268277,0.41263436488518923,0,0,0.0,12,13,10,1,boundary_gradient_shift
BraTS-MET-01310-001,t2w,0.0,0.0,0.0,0.0,10.297368077187564,16.998131819164943,0.6057941064780751,0.521909773349762,0.731035590171814,0.7139320990201017,0.2296429005536166,0.23360907963731073,0.9830221535487755,0,0,0.0,12,13,10,0,
BraTS-MET-01310-001,t2f,0.0,0.0,0.0,0.0,13.123064271767284,16.38116165989816,0.8011070609170013,1.142531156539917,0.8418781161308289,1.3571218144864645,0.3317479978908192,0.37681314620104706,0.8804045220699823,0,0,0.0,12,13,10,0,
BraTS-MET-01310-002,t1c,0.0,0.0,0.0,0.0,5.911036141971819,16.49543730683741,0.3583437063242741,0.6771301031112671,1.3710993528366089,0.4938592536787225,0.214068441092968,0.46578583419322966,0.45958555494446923,0,0,0.0,11,12,9,0,
BraTS-MET-01310-002,t1n,0.0,0.0,0.0,0.0,15.184184028500734,17.054690310148032,0.8903230579018903,0.8906712532043457,0.7419220805168152,1.2004916373211503,0.34076388031244276,0.2663444660604,1.2794104016982517,0,0,0.0,11,12,9,0,
BraTS-MET-01310-002,t2w,0.0,0.0,0.0,0.0,10.92711309537422,16.83668157323769,0.6490063405809806,0.46531611680984497,0.7444956302642822,0.6250085264364363,0.26154205575585365,0.24323081597685814,1.07528338753235,0,0,0.0,11,12,9,0,
BraTS-MET-01310-002,t2f,0.0,0.0,0.0,0.0,11.791017059167324,17.297758898530574,0.6816499830026511,0.8050398826599121,0.9222956895828247,0.8728652771044066,0.25916644036769865,0.2590198524296284,1.000565933215911,0,0,0.0,11,12,9,0,
BraTS-MET-01331-002,t1c,0.0,0.07865168539325842,0.0,0.0769326197143161,10.278935654653369,10.402410861705857,0.9881301355335776,0.7903715968132019,0.5381988286972046,1.4685494554613234,0.3045411012652848,0.27645057232843506,1.10161139729339,0,0,1.7722326587034347e-05,56,74,240,1,large_tiled_support
BraTS-MET-01331-002,t1n,0.0,0.27253393825541417,0.0,0.2473150675220643,12.190651135538891,8.102158848820293,1.5046176411752157,0.7069877982139587,0.32255733013153076,2.19182059178648,0.23505940288305283,0.16935852876243493,1.3879395658471902,0,9,0.0,56,74,240,1,large_tiled_support
BraTS-MET-01331-002,t2w,0.0,0.3694041753801439,0.0,0.33041505688866835,11.60530798537141,10.028794629050907,1.1571986878416811,0.49219492077827454,0.4482652544975281,1.09799926681801,0.20828357680390278,0.19072415591734979,1.0920671049878043,0,13,0.0,56,74,240,1,large_tiled_support
BraTS-MET-01331-002,t2f,0.0,0.3102293269060362,0.0,0.2737922234430936,13.311728788706858,9.750034092472278,1.3653007427927317,0.6502460241317749,0.3995431363582611,1.6274738944550766,0.21510192503531775,0.17374313605897543,1.2380455994664645,0,9,0.0,56,74,240,1,large_tiled_support
BraTS-MET-01351-000,t1c,0.0,0.0004901480247034605,0.0,0.0004901480247034605,11.851710934728029,14.030788082405698,0.8446931751174986,0.9343376159667969,0.7309913039207458,1.2781788387295205,0.34441176985130934,0.3374124870437091,1.0207439945952372,0,0,0.0001307061399209228,163,219,89,1,large_tiled_support
BraTS-MET-01351-000,t1n,0.0,9.802960494069208e-05,0.0,9.802960494069208e-05,14.047402229323794,14.84241923646084,0.9464361574436556,0.6541417241096497,0.4555341899394989,1.4359882058392335,0.2482183115159879,0.1845839577498006,1.3447447684074594,0,0,0.0,163,219,89,1,large_tiled_support
BraTS-MET-01351-000,t2w,0.0,0.0008495899094859981,0.0,0.0005555010946639218,11.379572064078598,15.002673251324179,0.7585029596691513,0.4938335120677948,0.5307961106300354,0.930363848148082,0.20751737235266654,0.19121993956018668,1.0852287310097712,0,0,0.0,163,219,89,1,large_tiled_support
BraTS-MET-01351-000,t2f,0.0,0.0,0.0,0.0,12.196278966532635,14.439961286425357,0.8446199213842802,0.5944299101829529,0.5089026689529419,1.1680620803305704,0.1927508125539686,0.18809605695185114,1.0247466942026806,0,0,0.0,163,219,89,1,large_tiled_support
BraTS-MET-01351-002,t1c,0.0,0.011275693163091733,0.0,0.008089826275437155,11.605484475768701,14.98755922573994,0.7743411919825615,0.8653136491775513,0.9297543168067932,0.9306906497078056,0.32043742537498476,0.37038221541716126,0.8651533795003529,0,0,0.0001194700082870466,213,286,244,1,large_tiled_support
BraTS-MET-01351-002,t1n,0.0,0.01934655594514999,0.0,0.006464654892865744,13.883746649899225,15.849456399379093,0.8759762038553653,0.712537407875061,0.645124614238739,1.1044957705045413,0.27131743421968146,0.2372137870715589,1.1437675590830423,0,3,0.0,213,286,244,1,large_tiled_support
BraTS-MET-01351-002,t2w,0.0,0.05371219864638584,0.0,0.01613414016676496,11.274529249863772,14.995624006978417,0.7518546240301182,0.5258663892745972,0.6354547142982483,0.8275434542260454,0.21952024762119565,0.22627912154611277,0.9701303687289605,0,7,0.0,213,286,244,1,large_tiled_support
BraTS-MET-01351-002,t2f,0.0,0.029759410159501943,0.0,0.010407165166338283,12.641076931601642,15.29444609465885,0.8265142034804502,0.6656908988952637,0.7207037806510925,0.9236678324260634,0.21959415665086435,0.23391661098112865,0.938771110481676,0,8,0.0,213,286,244,1,large_tiled_support
BraTS-MET-01351-003,t1c,0.0,2.9682398337785694e-05,0.0,2.9682398337785694e-05,9.446160715056958,15.541192488736412,0.6078144081867032,0.8293361663818359,1.0537996292114258,0.7869960696441322,0.27813051965057367,0.3906006828798511,0.7120584572457768,0,0,0.0,195,240,177,1,large_tiled_support
BraTS-MET-01351-003,t1n,0.0,0.0,0.0,0.0,13.892030704829283,15.714456200858786,0.8840287266237117,0.7343270778656006,0.7707439064979553,0.952751065139363,0.256651895620474,0.2647343834604674,0.9694694442998171,0,0,0.0,195,240,177,1,large_tiled_support
BraTS-MET-01351-003,t2w,0.0,0.00730186999109528,0.0,0.006292668447610567,11.43556785524322,14.897969716537144,0.7675923681432534,0.5759143829345703,0.7079414129257202,0.8135057116583705,0.21678094378089516,0.29834467090848016,0.7266124215350728,0,0,0.0,195,240,177,1,large_tiled_support
BraTS-MET-01351-003,t2f,0.0,0.0,0.0,0.0,12.996444761373617,15.776490815648515,0.8237855245022294,0.6939704418182373,0.8626248240470886,0.8044869826054938,0.22422087598380033,0.2509591605484001,0.8934556343503427,0,0,0.0,195,240,177,1,large_tiled_support
