source_case_id,modality,case_seed,support_voxels,tumour_voxels,support_voxel_count,support_mse,support_mae,support_psnr,support_ssim,support_contrast_reference,support_contrast_generated,support_contrast_abs_error,tumour_voxel_count,tumour_mse,tumour_mae,tumour_psnr,tumour_ssim,tumour_contrast_reference,tumour_contrast_generated,tumour_contrast_abs_error,artifact_flag_count,artifact_flags
BraTS-MET-00006-000,t1c,531607543,844142,148609,844142,1.4121513807440154,0.7287796294576345,14.064212457669122,0.5751024373655007,-0.03435615077614784,0.12573833763599396,0.1600944884121418,148609,3.6642168634514527,1.2153384689970537,9.923213316739908,0.8783717351225117,0.33303201850503683,1.046585445292294,0.7135534267872572,2,extreme_zscore_signal;large_tiled_support
BraTS-MET-00006-000,t1n,1787888528,844142,148609,844142,1.6792088556939087,0.9042486396851029,13.311977848351201,0.563396527571468,-0.026671970263123512,0.047504447400569916,0.07417641766369343,148609,2.1328573570106606,1.12709247661502,12.273406894503697,0.8664927018839529,0.14839229313656688,-0.1355747519992292,0.28396704513579607,1,large_tiled_support
BraTS-MET-00006-000,t2w,1181593924,844142,148609,844142,1.2909326481112933,0.7980226051163457,14.45398916375881,0.5660429796243555,-0.011601760052144527,0.11432920396327972,0.12593096401542425,148609,1.5369597175759673,0.9775535431506588,13.696400156121943,0.8657335615993716,0.5327627500519156,0.3682291805744171,0.16453356947749853,1,large_tiled_support
BraTS-MET-00006-000,t2f,1729795559,844142,148609,844142,1.6905108499882593,0.9057540040091374,13.28284538280165,0.5713304654703936,-0.0065292054787278175,0.3230869472026825,0.3296161526814103,148609,3.873499546885474,1.5136018255317416,9.681989912674746,0.8930638049928533,0.9721228182315826,2.25584739074111,1.2837245725095272,1,large_tiled_support
BraTS-MET-00009-000,t1c,579844974,540270,97361,540270,1.3859390750197058,0.7723364242314259,14.14558361374841,0.07757410440126984,-0.0006806033779866993,0.05306801199913025,0.05374861537711695,97361,2.865390267160872,1.1858314864911959,10.991187193743315,0.636997065351369,0.3579867142252624,0.47667796444147825,0.11869125021621585,2,extreme_zscore_signal;large_tiled_support
BraTS-MET-00009-000,t1n,1108362527,540270,97361,540270,1.703640656570642,0.9588261310280616,13.249245050115057,0.05180601570903349,0.0004575743223540485,0.04272785037755966,0.04227027605520561,97361,1.7629726718452137,1.048078740617118,13.100569204922486,0.6120814710594494,-0.03568374674068764,0.062422498944215477,0.09810624568490312,1,large_tiled_support
BraTS-MET-00009-000,t2w,1318499792,540270,97361,540270,1.3795367680243775,0.8385325082782459,14.165692207891249,0.07087021822856714,-0.04261317104101181,0.09859353303909302,0.14120670408010483,97361,1.6069359617025019,0.9622188965819187,13.503039308075437,0.6115743779055,0.47404935164377093,0.5718369523820002,0.09778760073822923,1,large_tiled_support
BraTS-MET-00009-000,t2f,1082455826,540270,97361,540270,1.5698447084735052,0.8820864030884854,13.604458073317351,0.09439828983326683,-0.011746799573302269,0.2778848111629486,0.2896316107362509,97361,3.269349790739629,1.3087270613445812,10.418411121351777,0.6922903672539519,1.2698554936796427,1.9179958859458566,0.6481403922662139,1,large_tiled_support
BraTS-MET-00014-000,t1c,1670278065,748118,114933,748118,1.4491135010912806,0.7896581750488924,13.95200098065497,0.6278445921434356,0.012585384771227837,0.04055633768439293,0.027970952913165092,114933,2.5357737983352733,0.9627275898493886,11.521919907201653,0.895909247597115,0.44605277478694916,0.20458664593752474,0.24146612884942442,2,extreme_zscore_signal;large_tiled_support
BraTS-MET-00014-000,t1n,376001749,748118,114933,748118,1.6648321552194867,0.9475519310635319,13.349320453492012,0.6222125965397759,-0.021130792796611786,-0.018231451511383057,0.0028993412852287292,114933,1.2758403664745894,0.8895080256460495,14.505061620374722,0.8923257429734172,0.20529408007860184,0.06481896643526852,0.14047511364333332,1,large_tiled_support
BraTS-MET-00014-000,t2w,1704766427,748118,114933,748118,1.429749562426068,0.8670265666322584,14.010425284641032,0.6303513450296251,0.02685784548521042,0.0501619353890419,0.023304089903831482,114933,2.299231954271263,1.158635808624402,11.947197141963224,0.8973857291554861,1.1134684896096587,0.2607202408253215,0.8527482487843372,1,large_tiled_support
BraTS-MET-00014-000,t2f,194388352,748118,114933,748118,1.4259801406226722,0.8557842985742771,14.021890235530151,0.6368152592515175,0.03290904685854912,0.2861241400241852,0.25321509316563606,114933,2.0556546770133837,1.0400910992455004,12.433523400858334,0.9281702267439401,1.4183665262535214,1.6148742134682834,0.19650768721476197,1,large_tiled_support
BraTS-MET-00016-000,t1c,409061015,1864262,288858,1864262,1.286764342392175,0.7898272116533334,14.468034831323813,0.32630907410656723,0.04496762529015541,0.06524854153394699,0.02028091624379158,288858,1.544168041072905,0.8398346851011134,13.67607940946562,0.803593680520334,-0.021522930823266506,0.12961999606341124,0.15114292688667774,1,large_tiled_support
BraTS-MET-00016-000,t1n,860035286,1864262,288858,1864262,1.5803133680561907,0.9241423981868148,13.575592868993567,0.3245033562892309,0.03759479895234108,0.06604919582605362,0.02845439687371254,288858,2.1430022578523085,1.1264394435475007,12.252798721555651,0.7999616006347072,0.11280470853671432,0.3453701823018491,0.2325654737651348,1,large_tiled_support
BraTS-MET-00016-000,t2w,1536150396,1864262,288858,1864262,1.2467459000969559,0.8225029634631795,14.605245520446797,0.3258125132806234,-0.03988092020153999,0.09788888692855835,0.13776980713009834,288858,1.4523958214076451,0.9237805354955428,13.94217510004684,0.8003173235614212,0.44679843075573444,0.5875944155268371,0.14079598477110267,1,large_tiled_support
BraTS-MET-00016-000,t2f,1437900504,1864262,288858,1864262,1.8443429545663304,0.9458776950583972,12.904608197183958,0.34724581749732186,0.0010773795656859875,0.25623705983161926,0.2551596802659333,288858,5.558488148896276,1.884336187993224,8.113458167169483,0.839518447129318,0.9448240585625172,2.667049616575241,1.722225558012724,1,large_tiled_support
BraTS-MET-00019-000,t1c,886610676,844224,101536,844224,1.3331841519542365,0.7659853932387576,14.314123583648527,0.4195569896475696,0.0025330057833343744,0.0682661160826683,0.06573311029933393,101536,2.4190311769924158,1.079188018925569,11.726610350889484,0.8603308758096406,-0.4877471453510225,0.15666028717532754,0.64440743252635,2,extreme_zscore_signal;large_tiled_support
BraTS-MET-00019-000,t1n,178877671,844224,101536,844224,1.6818964537813652,0.9132926454657015,13.305032458901891,0.4141899554183602,-0.02599676325917244,0.06868099421262741,0.09467775747179985,101536,2.339034995269471,1.226867389324192,11.872657812502549,0.8559746768661404,-0.286774770822376,0.5782997763235471,0.8650745471459231,1,large_tiled_support
BraTS-MET-00019-000,t2w,991584368,844224,101536,844224,1.1059334028387533,0.7535045692093331,15.125735253813016,0.4252225065088833,-0.040890730917453766,0.11111430823802948,0.15200503915548325,101536,1.7406247267813482,1.0594229736641447,13.155973520828645,0.8683872337849146,1.259509028866887,0.7700262917205691,0.48948273714631796,1,large_tiled_support
BraTS-MET-00019-000,t2f,404267221,844224,101536,844224,1.7877871811702617,0.8816577133226616,13.039866818020176,0.44162574137726246,-0.04256283864378929,0.27731940150260925,0.31988224014639854,101536,7.1593696061106185,2.134726953743841,7.014277170963678,0.8932894041984712,1.30351847037673,3.198212088085711,1.894693617708981,2,extreme_zscore_signal;large_tiled_support
BraTS-MET-00022-000,t1c,785929971,543012,73114,543012,1.4172776584044562,0.8272656470789341,14.048475596939952,0.6532850940745132,0.011089232750236988,0.11392758041620255,0.10283834766596556,73114,3.574737581178127,1.3709653442185163,10.030583346943285,0.9024556160254928,0.9415820087306201,0.711736018769443,0.2298459899611771,1,large_tiled_support
BraTS-MET-00022-000,t1n,1881647544,543012,73114,543012,1.515266311018248,0.928346701652168,13.758135331160315,0.6495706465324321,-0.005478927865624428,0.0751698762178421,0.08064880408346653,73114,0.9845897839093968,0.7545319677011411,15.630471755409847,0.9017767990670856,0.1012773064430803,0.056889661587774754,0.04438764485530555,1,large_tiled_support
BraTS-MET-00022-000,t2w,1827242311,543012,73114,543012,1.3687681321336673,0.8444553244005831,14.199726154262438,0.6559239820092394,-0.00764871621504426,0.11134010553359985,0.11898882174864411,73114,1.2547168629821726,0.8349875209542299,14.577567659601328,0.895769357902525,0.1689116326160729,0.2370722908526659,0.06816065823659301,1,large_tiled_support
BraTS-MET-00022-000,t2f,285585456,543012,73114,543012,1.4702642745458077,0.8726397318402835,13.889070961814749,0.6559097381093235,0.009416141547262669,0.22922131419181824,0.21980517264455557,73114,1.6440401461586043,0.9011828712244544,13.403900823063992,0.9237129576098524,0.9384199064224958,1.010171233676374,0.07175132725387812,1,large_tiled_support
BraTS-MET-00025-000,t1c,1526717332,225000,55643,225000,1.4679915308885596,0.8226272810036843,13.895789507042483,0.6956059265652601,-0.061766162514686584,0.02087174542248249,0.08263790793716908,55643,1.5746403363436505,0.90427792504438,13.591211285329397,0.8686718302217948,-0.10016155877383426,0.09137054359598551,0.19153210236981977,1,large_tiled_support
BraTS-MET-00025-000,t1n,1164735784,225000,55643,225000,1.854761390328196,0.9475146728452587,12.880144539478426,0.6988002655292906,-0.12751619517803192,-0.01503040548413992,0.112485789693892,55643,1.31968666268276,0.91734747806418,14.35831673214166,0.8595061048124515,-0.18456411408260465,0.0893874992034398,0.27395161328604445,1,large_tiled_support
BraTS-MET-00025-000,t2w,1860948320,225000,55643,225000,1.3894155998368498,0.839858072835978,14.134703301061432,0.6953936210819491,0.05479084700345993,0.08782690763473511,0.03303606063127518,55643,1.7225470447620914,1.0680525303500432,13.201314089385237,0.8662334445871791,0.9339168933220208,0.2560998569242656,0.6778170363977551,1,large_tiled_support
BraTS-MET-00025-000,t2f,418244207,225000,55643,225000,1.8764956345640746,0.9329660462210279,12.829549423496216,0.7092763265907529,0.007086265366524458,0.6186563968658447,0.6115701314993203,55643,3.350856771307509,1.2492647178067873,10.311466359759397,0.9059622912030787,1.0370694687590003,1.997155416989699,0.9600859482306987,2,extreme_zscore_signal;large_tiled_support
BraTS-MET-00098-000,t1c,337034452,94300,17585,94300,1.492263298287166,0.9082426174248377,13.824570429760657,0.06358310758190298,1.967623290966003e-07,0.12871040403842926,0.12871020727610016,17585,0.5836524086642886,0.5543974281852462,17.901482186223316,0.5652501704338375,0.04465438517945586,0.297552703646943,0.2528983184674871,0,
BraTS-MET-00098-000,t1n,174708651,94300,17585,94300,1.8464521307166477,0.9790230397911353,12.8996444772158,0.07793548700573755,3.2362226676241335e-08,0.1090724915266037,0.10907245916437702,17585,0.8430062098216186,0.6905986967088917,16.304717269950604,0.5969154094441357,0.5549027833621949,0.29566105717094615,0.25924172619124874,0,
BraTS-MET-00098-000,t2w,1366910503,94300,17585,94300,1.6146765049283727,0.9182686250911949,13.482169748414387,0.0780227591780648,1.3462685899412463e-07,0.026049183681607246,0.026049049054748252,17585,0.7356335643429509,0.6410188380937993,16.89640964436724,0.5008088022779221,0.19416339049348608,0.2961084184644278,0.10194502797094174,0,
BraTS-MET-00098-000,t2f,2009322072,94300,17585,94300,1.024736753758272,0.7806467404798139,15.456901876424903,0.10617232024462904,9.967565262058997e-08,0.2555842399597168,0.2555841402840642,17585,0.8135027767713803,0.7423643387887573,16.459434610919146,0.6971553885580858,1.4813014182727784,1.1099634154816158,0.3713380027911626,0,
BraTS-MET-00129-000,t1c,421555543,841920,176477,841920,1.467416328185621,0.8417244334330819,13.897491535346912,0.10063789206588293,0.039970919489860535,0.028167642652988434,0.0118032768368721,176477,1.7076572500827878,0.9375438993297279,13.239017944466573,0.5962898507917485,-0.2235667807981372,-0.05345371435396373,0.17011306644417346,1,large_tiled_support
BraTS-MET-00129-000,t1n,1652103715,841920,176477,841920,1.8604947325303298,1.0051539430973797,12.86674055991164,0.09978286975826574,0.014169580303132534,0.013637439347803593,0.0005321409553289413,176477,2.10544671230503,1.1435487684046632,12.329582466256976,0.5969693288550983,0.096239619248081,0.13716135267168283,0.040921733423601836,1,large_tiled_support
BraTS-MET-00129-000,t2w,632082558,841920,176477,841920,1.1914083894811487,0.8062852743257027,14.8024184684386,0.11558177072429787,-0.052631549537181854,0.09929332882165909,0.15192487835884094,176477,1.5077819555493777,0.9630577117910364,13.779639591993622,0.6206209652098846,0.727787559852004,0.647968583041802,0.079818976810202,1,large_tiled_support
BraTS-MET-00129-000,t2f,1289476052,841920,176477,841920,1.5709267154163777,0.9009995460765003,13.601465753279758,0.15835131594831084,-0.08583486825227737,0.3236761689186096,0.409511037170887,176477,3.5139552737422357,1.4639994983656983,10.105062713514831,0.6721018037485962,0.9402298014611006,2.203950459137559,1.2637206576764584,1,large_tiled_support
BraTS-MET-00133-000,t1c,909294578,553380,82996,553380,1.4263242162415897,0.8001216426515698,14.020842450128018,0.7375738195901892,-0.046310167759656906,0.0827052965760231,0.12901546433568,82996,2.595923355676072,1.0875933312421475,11.420106349418568,0.9319411142509653,0.5239832932129502,0.5198158340062946,0.0041674592066556215,2,extreme_zscore_signal;large_tiled_support
BraTS-MET-00133-000,t1n,1840906416,553380,82996,553380,1.7593891213967099,0.9627786254557322,13.10940598441144,0.7345742939149881,-0.059429846704006195,0.07151228934526443,0.13094213604927063,82996,1.2508669501916199,0.8642567198203549,14.590913828169159,0.9283156538356663,0.06489577703177929,0.0962399949785322,0.031344217946752906,1,large_tiled_support
BraTS-MET-00133-000,t2w,844555215,553380,82996,553380,1.496697887218314,0.8598415143567331,13.811683551705634,0.7330570839090919,-0.0042723859660327435,0.11765861511230469,0.12193100107833743,82996,1.1526149495756486,0.8226850490019469,14.946182526257967,0.9268782889449757,0.4046988836489618,0.3750635788310319,0.029635304817929864,1,large_tiled_support
BraTS-MET-00133-000,t2f,779463800,553380,82996,553380,1.5423417557280938,0.9074253469150217,13.681218843923379,0.7350049491172844,-0.011651762761175632,0.2727111577987671,0.2843629205599427,82996,1.6935431759520898,0.9833727444024555,13.275062275464744,0.9477500177781337,1.117036790587008,1.5080471963156015,0.39101040572859347,1,large_tiled_support
BraTS-MET-00137-000,t1c,184384102,16746,200,16746,1.4398138108588816,0.9004832613972981,13.979961657169033,0.5717774995400013,-0.006850051693618298,-0.026205837726593018,0.01935578603297472,200,1.9015198521148904,1.069691907762317,12.772016369050686,0.9284629323358592,1.1171412122712354,0.40219770784460707,0.7149435044266284,1,large_tiled_support
BraTS-MET-00137-000,t1n,15515232,16746,200,16746,2.099279574572248,1.105613406816594,12.34232220541885,0.6109606920587972,-0.005673339124768972,0.04248881712555885,0.048162156250327826,200,1.7189172564065855,1.0872168257739394,13.21047529229114,0.9350652654035174,0.4285530207998818,-0.4899122826755047,0.9184653034753865,1,large_tiled_support
BraTS-MET-00137-000,t2w,1137427380,16746,200,16746,1.5114385987905028,0.9710034414352364,13.76911991825802,0.5720140595203215,0.008984478190541267,-0.006511401850730181,0.015495880041271448,200,1.8195109842729926,1.1725576568651013,12.963478190287379,0.9152139168030151,0.23740969589380256,-0.38084722938469895,0.6182569252785015,1,large_tiled_support
BraTS-MET-00137-000,t2f,180947387,16746,200,16746,1.6601975671488043,0.9596255424688638,13.361427276567523,0.6010589651370715,0.003466301830485463,0.10434769839048386,0.10088139655999839,200,0.8279890453050511,0.7614668800018262,16.382779098701363,0.9482678480302152,0.5912099550005223,0.04131422446516808,0.5498957305353542,1,large_tiled_support
BraTS-MET-00147-000,t1c,254803587,86218,17921,86218,1.5841058063831126,0.9253868260171971,13.565183149319271,0.5408202394985401,2.0494186969699513e-07,0.12333846092224121,0.12333825598037151,17921,2.2753552923083014,1.0422206700884804,11.992532802394782,0.8010008607971862,0.36923026328440756,0.4107166805770248,0.04148641729261726,1,large_tiled_support
BraTS-MET-00147-000,t1n,2107729233,86218,17921,86218,2.0452138985679715,1.0892114800263182,12.4556376538731,0.5421133875291795,-2.6051333179566427e-07,0.11089150607585907,0.11089176658919087,17921,1.4621031066726382,0.9089448190896511,13.913245008677066,0.8149840128615117,0.26786531967809424,0.4418073965207441,0.17394207684264984,1,large_tiled_support
BraTS-MET-00147-000,t2w,2113601714,86218,17921,86218,1.616120109524633,0.9445939332416622,13.478288665036215,0.5560393720439122,-1.2565520535190444e-07,0.07657945901155472,0.07657958466676007,17921,2.407240983493461,1.1646234215120133,11.747829320698493,0.7919836759998499,0.8722243634983897,0.06053058890393004,0.8116937745944597,1,large_tiled_support
BraTS-MET-00147-000,t2f,1247870979,86218,17921,86218,0.9854961833724124,0.7626679399207268,15.626475540833427,0.5728751096664358,8.494999370611822e-09,0.33135291934013367,0.3313529108451343,17921,0.6098377083496946,0.6050655120495848,17.710882259955913,0.8895248785585753,1.4664288945496082,1.4352593087824062,0.03116958576720208,1,large_tiled_support
BraTS-MET-00161-000,t1c,1779837845,112800,26090,112800,1.330690156431088,0.7943436108786514,14.322255565001015,0.05727079443689446,1.0172526287988148e-07,0.02890891581773758,0.0289088140924747,26090,2.1187983831050277,1.090889788053848,12.302128679219035,0.4642310835195843,0.3255103789269924,0.29134216596139595,0.03416821296559647,0,
BraTS-MET-00161-000,t1n,141859698,112800,26090,112800,1.57628125773544,0.9346954845587604,13.586687890196654,0.07204950762062784,-3.408878512800584e-08,0.09739906340837479,0.09739909749715991,26090,0.7424006335797139,0.6824732912631419,16.8566416692063,0.49617966951486064,0.1341120412980672,0.2035697739920579,0.06945773269399069,0,
BraTS-MET-00161-000,t2w,44524002,112800,26090,112800,1.3472227667312848,0.8468024307458776,14.26863087402818,0.0653198425527693,-4.2205162031905274e-08,0.07402418553829193,0.07402422774345396,26090,0.7861811778903424,0.6929081424148623,16.607798586836402,0.5049979958433498,0.4681926864432171,0.28835713907756144,0.17983554736565566,0,
BraTS-MET-00161-000,t2f,927133146,112800,26090,112800,1.3486905447161848,0.8513592041127164,14.26390187966639,0.08953288103596775,1.212045646070692e-07,0.18294286727905273,0.18294274607448813,26090,0.8158230844132626,0.7175736786289949,16.4470651087783,0.6476318490083031,0.946714342571795,1.0967642774339765,0.15004993486218154,0,
BraTS-MET-00162-000,t1c,679274241,29165,1470,29165,1.9696597460202647,1.0574210660025911,12.619112914527006,0.9504986724469291,-0.02231869101524353,-0.1798473298549652,0.15752863883972168,1470,5.2070089956873185,1.6866759690627944,8.39714172798914,0.9899052579499916,0.6918187893752474,-0.5160580184310675,1.207876807806315,1,large_tiled_support
BraTS-MET-00162-000,t1n,1065357641,29165,1470,29165,1.919513174549022,1.0656660189598273,12.731114035301665,0.9560424671494684,-0.02100989781320095,0.3182770609855652,0.33928695879876614,1470,1.0151822645864874,0.8162902203046394,15.497584788156896,0.9924524542702394,0.16922328928194474,0.7469567597145215,0.5777334704325767,1,large_tiled_support
BraTS-MET-00162-000,t2w,215222223,29165,1470,29165,1.5734922195895589,0.9176721116128942,13.59437900958579,0.950615669440389,0.01982230506837368,0.10213323682546616,0.08231093175709248,1470,0.9833072165218224,0.7193031354336509,15.636132742929401,0.9931425963838877,0.12608748202910647,0.18182550443452783,0.05573802240542136,1,large_tiled_support
BraTS-MET-00162-000,t2f,1833270778,29165,1470,29165,1.8430428112061596,1.0134555109333847,12.90767077401357,0.9516936015896534,-0.00575359258800745,0.2869391441345215,0.29269273672252893,1470,1.00661203298116,0.7901160094282965,15.534403831443907,0.9948037512489544,1.0884135926462477,0.9450334650464356,0.1433801275998121,1,large_tiled_support
BraTS-MET-00167-000,t1c,1049643267,561660,115028,561660,1.2501954663333923,0.7403457207068417,14.593245811084861,0.2889617062246943,-0.01451917178928852,0.07868126779794693,0.09320043958723545,115028,1.067659822578198,0.7427353908037411,15.278696008000708,0.6903755000822077,0.12666947860270739,0.16133881104178727,0.03466933243907988,1,large_tiled_support
BraTS-MET-00167-000,t1n,1601830105,561660,115028,561660,1.776294349942221,0.9556325071851834,13.067875663723793,0.2920175887020358,0.035078492015600204,0.13962216675281525,0.10454367473721504,115028,2.545414523948441,1.2550968996006515,11.50543982933825,0.6722393824390454,-0.11514381202869117,0.6427818561787717,0.7579256682074629,1,large_tiled_support
BraTS-MET-00167-000,t2w,1312786462,561660,115028,561660,1.1486101573707856,0.7807918694111944,14.961298482592127,0.3052924689015555,-0.08767998218536377,0.15096187591552734,0.2386418581008911,115028,1.6147306277521811,0.9960944683179495,13.482024178390159,0.7143934114753681,0.9906266424804926,0.8024483061744832,0.18817833630600944,1,large_tiled_support
BraTS-MET-00167-000,t2f,593144555,561660,115028,561660,2.2830348053956055,1.007480735621511,11.977899683063864,0.32948548950665574,-0.05674056336283684,0.4711250364780426,0.5278655998408794,115028,6.401873676753059,1.9302020287525155,7.499954004734425,0.7528682493676698,1.0559376031160355,2.749728581868112,1.6937909787520766,2,extreme_zscore_signal;large_tiled_support
BraTS-MET-00175-000,t1c,1632807304,71475,15324,71475,1.3168518730693275,0.7517969491718558,14.367655749525174,0.4729593300543674,0.001785787520930171,0.021446039900183678,0.019660252379253507,15324,0.7997145174546979,0.5957284332148419,16.533675208019947,0.7462201918328191,-0.07468435131886508,-0.06000957955257036,0.014674771766294725,1,large_tiled_support
BraTS-MET-00175-000,t1n,2027639569,71475,15324,71475,1.5714938452973854,0.9452456852714707,13.599898163100407,0.48645686393262205,-0.0037643699906766415,0.1986619234085083,0.20242629339918494,15324,0.8704761603156016,0.7563838894300681,16.16545619150994,0.7517079131344053,0.2768301257165149,0.5132280057878233,0.23639788007130846,1,large_tiled_support
BraTS-MET-00175-000,t2w,1714142870,71475,15324,71475,1.324147861298973,0.8023830066107455,14.343660173548551,0.481694657172266,0.00030946594779379666,0.16081883013248444,0.16050936418469064,15324,1.4310160847863542,0.8752872937970082,14.00657985459854,0.747392500867646,0.7936752082314342,0.49938615306746215,0.2942890551639721,1,large_tiled_support
BraTS-MET-00175-000,t2f,734420174,71475,15324,71475,1.5292816366762483,0.9362495492818962,13.718150271332972,0.4984775048468687,-0.003569517284631729,0.4675804078578949,0.4711499251425266,15324,1.738502677311779,1.0552746595860791,13.161271369295822,0.8105203717435764,0.858035191311501,1.730541881697718,0.8725066903862171,1,large_tiled_support
BraTS-MET-00180-000,t1c,1397171765,556920,105159,556920,1.2056852879291455,0.7301625439722529,14.750685391922174,0.0824254926164786,-0.0023307378869503736,-0.0294670220464468,0.027136284159496427,105159,1.1974858966167177,0.8045155128372232,14.780320935513371,0.5843397254596596,-0.23392758099362254,-0.034250162076205015,0.19967741891741753,1,large_tiled_support
BraTS-MET-00180-000,t1n,278068918,556920,105159,556920,1.5251444430034504,0.8915430954105855,13.729915240820514,0.056880740102157615,-0.04951384663581848,0.10160985589027405,0.15112370252609253,105159,1.739707874099777,1.0320998796962213,13.158261716327173,0.5728424615531605,0.11643881117925048,0.5100954951194581,0.3936566839402076,1,large_tiled_support
BraTS-MET-00180-000,t2w,622736872,556920,105159,556920,1.224389171769388,0.7964692570905518,14.6838302063062,0.0903010646059564,-0.08197947591543198,0.14611342549324036,0.22809290140867233,105159,1.6587624296339407,1.0123786540832362,13.365183105760568,0.601105953310963,0.8377646366134286,0.8098745918832719,0.02789004473015666,1,large_tiled_support
BraTS-MET-00180-000,t2f,1296174177,556920,105159,556920,2.205016153266696,0.9476769952430049,12.128907254446569,0.1219969943045237,-0.052441034466028214,0.43784308433532715,0.49028411880135536,105159,7.146748047685287,1.9285525921192455,7.021940290661117,0.6640274020230722,1.0938756633549929,2.8823286360129714,1.7884529726579785,2,extreme_zscore_signal;large_tiled_support
BraTS-MET-00194-000,t1c,1127253628,658560,116079,658560,1.4526779776279861,0.8500962875464309,13.941331480239628,0.04962814225028403,0.015266035683453083,0.04009873792529106,0.02483270224183798,116079,1.207602709437572,0.8658547099568067,14.743784220104086,0.6020610611006076,-0.23508245777338743,0.09991921903565526,0.3350016768090427,1,large_tiled_support
BraTS-MET-00194-000,t1n,2102610454,658560,116079,658560,1.664635583290757,0.9291617295539663,13.349833268817155,0.04882541965764917,-0.05879577621817589,0.07627061754465103,0.13506639376282692,116079,1.264301483755198,0.8747379914350717,14.544518531508285,0.6283178369364277,0.18844396201893687,0.22329827584326267,0.0348543138243258,1,large_tiled_support
BraTS-MET-00194-000,t2w,215458117,658560,116079,658560,1.502073137236843,0.8793953829324191,13.796114214113322,0.05834543992797876,0.03832840919494629,0.1289146989583969,0.09058628976345062,116079,1.4178903864588641,0.9357736495041226,14.04659842837097,0.619952725874084,0.6810494377277792,0.4860506628174335,0.19499877491034567,1,large_tiled_support
BraTS-MET-00194-000,t2f,12058367,658560,116079,658560,1.4823770714352136,0.8723838379294211,13.85343811824346,0.10906186371064357,-0.036189813166856766,0.2593342363834381,0.2955240495502949,116079,2.7675023061062873,1.2937169009554466,11.142145093271616,0.6876829169399014,0.9718702733516693,2.1110509634017944,1.1391806900501251,1,large_tiled_support
BraTS-MET-00195-000,t1c,666517180,742050,165080,742050,1.371901565554908,0.8098390942873852,14.189795490685249,0.048618598775420366,0.071637824177742,0.04947493597865105,0.022162888199090958,165080,1.3897069891629674,0.8740101979426955,14.133792590771908,0.5284337925408423,-0.22463311068713665,0.08534807222895324,0.3099811829160899,1,large_tiled_support
BraTS-MET-00195-000,t1n,1791830887,742050,165080,742050,1.6449478401673996,0.9174666446960693,13.401503693546196,0.04597854016899871,-0.011342517100274563,0.04167339578270912,0.053015912882983685,165080,1.742028618193809,1.031255690192667,13.152472154104748,0.5327548824544185,0.18926430866122246,0.30910585983656347,0.11984155117534101,1,large_tiled_support
BraTS-MET-00195-000,t2w,2118627333,742050,165080,742050,1.2560549497853157,0.8247016164762468,14.572938614723775,0.050156587247053235,-0.036454249173402786,0.13942527770996094,0.17587952688336372,165080,1.5349740709545319,0.9847220728475389,13.702014570690508,0.5372186163922721,0.7744287308305502,0.5839206054224633,0.19050812540808693,1,large_tiled_support
BraTS-MET-00195-000,t2f,54249926,742050,165080,742050,1.9326650523624331,0.9634531575853474,12.701459072225658,0.10949532943219659,-0.053608741611242294,0.3646269142627716,0.4182356558740139,165080,5.023462331399891,1.7609291825704438,8.552993507312102,0.5979080523950306,0.9528106674551964,2.5178477875888348,1.5650371201336384,1,large_tiled_support
BraTS-MET-00200-000,t1c,1747802575,873500,147715,873500,1.4329980328801601,0.8399067434940186,14.000569065387342,0.6177628253266083,-0.007796097081154585,0.06730502843856812,0.0751011255197227,147715,1.5533687349129661,0.9043639800719373,13.650279410273223,0.8901486873958906,-0.2102391596417874,0.06952956644818187,0.2797687260899693,1,large_tiled_support
BraTS-MET-00200-000,t1n,2020585559,873500,147715,873500,1.7675705567230193,0.9650996065861033,13.089257420698475,0.61638589910942,-0.019337408244609833,0.06324122846126556,0.0825786367058754,147715,1.2950422718173131,0.8759580680076423,14.440185561976035,0.8918886450963578,0.1599764609709382,0.12325055990368128,0.03672590106725693,1,large_tiled_support
BraTS-MET-00200-000,t2w,1379431083,873500,147715,873500,1.3758284928905749,0.8331924350516692,14.177382014852096,0.6248236278267284,-0.008427944034337997,0.11172934621572495,0.12015729025006294,147715,1.4614273474349926,0.9314737586668758,13.915252708051767,0.8954843011255543,0.7442023614421487,0.5206331305671483,0.22356923087500036,1,large_tiled_support
BraTS-MET-00200-000,t2f,1330963642,873500,147715,873500,1.5732219928630933,0.8952187364360467,13.59512491765708,0.6310700291233522,0.01497332938015461,0.3170565962791443,0.3020832668989897,147715,2.7106782862463215,1.1856805003783426,11.232245238724573,0.9215188455831709,1.1356228422373533,1.934202236123383,0.7985793938860297,1,large_tiled_support
BraTS-MET-00202-000,t1c,1220127965,493457,108683,493457,2.4715197763057937,0.9568895992852707,11.633384108719213,0.6822018105839093,-0.07324874401092529,0.15734794735908508,0.23059669137001038,108683,7.050477466776931,1.738376498329872,7.080839718375934,0.8836333026571739,-0.49520642030984163,0.8802593108266592,1.3754657311365008,2,extreme_zscore_signal;large_tiled_support
BraTS-MET-00202-000,t1n,36256198,493457,108683,493457,1.9112543143954883,0.9464877147711541,12.74984021985347,0.6796340881119338,-0.08662137389183044,0.06750867515802383,0.15413004904985428,108683,2.087554636728717,1.0975538794379627,12.36664649847925,0.8811789652237825,-0.024642001371830702,0.16978356102481484,0.19442556239664555,1,large_tiled_support
BraTS-MET-00202-000,t2w,1343849732,493457,108683,493457,1.2290794779562733,0.7856100207363759,14.667225334855448,0.68336874387295,0.004592180252075195,0.10057950019836426,0.09598731994628906,108683,1.6625585060614971,1.0050154165660454,13.355255635364536,0.8875267188296916,0.35474108485504985,0.15641161985695362,0.19832946499809623,1,large_tiled_support
BraTS-MET-00202-000,t2f,1416289557,493457,108683,493457,2.645355794183872,1.053945930204813,11.338184088728198,0.6857328035662411,-0.030145851895213127,0.44850337505340576,0.4786492269486189,108683,7.68701121604897,2.033360670333784,6.705449860223828,0.9049892997339785,0.37374965380877256,2.1101657561957836,1.736416102387011,2,extreme_zscore_signal;large_tiled_support
BraTS-MET-00214-000,t1c,453174093,165695,22375,165695,1.544057521408106,0.8439260773464481,13.676390255157514,0.8048110697417116,-0.0013145549455657601,0.08906339108943939,0.09037794603500515,22375,2.791271711133242,1.2200917856321793,11.105003866354178,0.9377627683174542,0.5413347770227119,0.22421896667219698,0.31711581035051495,1,large_tiled_support
BraTS-MET-00214-000,t1n,253618374,165695,22375,165695,1.6205592938658053,0.931176019022521,13.466375749161035,0.8056245151120752,-0.0013181044487282634,-0.09529484063386917,0.09397673618514091,22375,1.4227236318663419,0.9198291541634859,14.031819554351335,0.9347112610884837,0.015783445494889747,-0.3013659124262631,0.31714935792115284,1,large_tiled_support
BraTS-MET-00214-000,t2w,1639378726,165695,22375,165695,1.3175718178936884,0.8164488635121571,14.36528203816393,0.8111599176002061,-0.0023135030642151833,0.008142965845763683,0.010456468909978867,22375,1.7998550512049027,0.981732352482807,13.010649695509892,0.9351447857655231,0.661663347738795,0.06259331000455859,0.5990700377342364,1,large_tiled_support
BraTS-MET-00214-000,t2f,1339101363,165695,22375,165695,1.3655690852590974,0.8749164232581084,14.209888244220023,0.8026276452872527,-0.0016394946724176407,0.19802454113960266,0.1996640358120203,22375,1.5771642385257958,0.9958237027522073,13.584255796822248,0.9363960026744811,0.8072360067162663,0.920606225146912,0.11337021843064576,1,large_tiled_support
BraTS-MET-00260-000,t1c,2052580138,1104552,173337,1104552,1.5823404473282472,0.8613423390565469,13.57002571233226,0.03752378107732502,0.009082566946744919,0.039583832025527954,0.030501265078783035,173337,2.1471217517606,0.9401963834706766,12.244458291216294,0.6584111347260877,-0.10754911135882139,0.19426172995008528,0.3018108413089067,2,extreme_zscore_signal;large_tiled_support
BraTS-MET-00260-000,t1n,314668582,1104552,173337,1104552,1.6975232512468377,0.9605078979694595,13.264867691731915,0.03401980726462012,-0.055984485894441605,0.052028391510248184,0.10801287740468979,173337,1.4480542653807043,0.9447156242575313,13.955176635513203,0.6642997242614659,0.3686033934354782,0.31297049243585207,0.055632900999626145,1,large_tiled_support
BraTS-MET-00260-000,t2w,554720173,1104552,173337,1104552,1.4605314541491505,0.877897078295654,13.917915863482957,0.04748368592149262,-0.047348592430353165,0.09225744009017944,0.1396060325205326,173337,1.2581734122827837,0.8866157675383346,14.56561997331173,0.6602450087825632,0.5062626171857119,0.5454399375012144,0.039177320315502584,1,large_tiled_support
BraTS-MET-00260-000,t2f,1144036144,1104552,173337,1104552,1.8797480902234633,0.967618924532355,12.822028485016112,0.07496985665918897,-0.10000856220722198,0.27421334385871887,0.37422190606594086,173337,5.596800926181129,1.9289244265876875,8.083626410999011,0.707128421433443,0.8751102518290281,2.7141274847090244,1.8390172328799963,1,large_tiled_support
BraTS-MET-00264-000,t1c,1485189298,470400,116458,470400,1.0876614317106341,0.6528401444510622,15.19808771969981,0.061428160984018994,0.017439601942896843,0.07066448032855988,0.05322487838566303,116458,1.7514217969041805,0.8343290021203373,13.129117504531244,0.5032146122369642,-0.2843958013691008,0.09550787205807865,0.37990367342717946,2,extreme_zscore_signal;large_tiled_support
BraTS-MET-00264-000,t1n,1751999203,470400,116458,470400,1.6563983864289242,0.9648188289797098,13.371377020022424,0.06301502585271813,0.11801119148731232,0.05501280725002289,0.06299838423728943,116458,2.383079575207193,1.1817483537468076,11.79163956324155,0.4791223560105054,-0.17865777108818293,0.30500310577917844,0.48366087686736137,1,large_tiled_support
BraTS-MET-00264-000,t2w,1547900570,470400,116458,470400,1.1617416868705925,0.7840144422527051,14.911929273066297,0.08746386459247833,-0.052343230694532394,0.17133991420269012,0.22368314489722252,116458,1.6092190403205004,1.0130624387924692,13.496873382543384,0.5115761065735955,0.9965301882475615,0.7135769950691611,0.2829531931784004,1,large_tiled_support
BraTS-MET-00264-000,t2f,2131664334,470400,116458,470400,2.457162086509458,1.0185465676495498,11.658686951399314,0.11182064395013543,0.0058879246935248375,0.5831366777420044,0.5772487530484796,116458,6.850327264703249,1.9697819995962917,7.20591180974179,0.5619673155802405,0.9559113355353475,2.585208165459335,1.6292968299239874,2,extreme_zscore_signal;large_tiled_support
BraTS-MET-00268-000,t1c,803344655,220524,45253,220524,1.5293418974451893,0.8217729211460995,13.71797914259393,0.08637482147646551,0.04483168199658394,-0.0008499857503920794,0.04568166774697602,45253,1.769613883263332,0.9595698066410441,13.084239839314463,0.5747356431510464,0.27921644976595417,0.3243820993229747,0.045165649557020515,1,large_tiled_support
BraTS-MET-00268-000,t1n,1578028050,220524,45253,220524,1.7089228753669612,0.9280731822502857,13.235800375540727,0.07200922151362452,-0.12196740508079529,0.08437754958868027,0.20634495466947556,45253,1.1281702208321265,0.8027243434336591,15.039278688586519,0.5613990915810979,0.18586612958461046,0.33565076399827376,0.1497846344136633,1,large_tiled_support
BraTS-MET-00268-000,t2w,1654951286,220524,45253,220524,1.4121100054493247,0.8288912188486159,14.064339705538318,0.085661054183256,-0.018047481775283813,0.1292726695537567,0.14732015132904053,45253,1.6546087763629305,0.9477772148539426,13.376071771884277,0.5617191312191839,0.5755121291149408,0.5247937798849307,0.05071834923001006,1,large_tiled_support
BraTS-MET-00268-000,t2f,1683304825,220524,45253,220524,1.6937373787058538,0.9120418865342381,13.27456428787227,0.12773439216208865,-0.01689019426703453,0.42904189229011536,0.4459320865571499,45253,2.941922213749443,1.20193476274298,10.87671315239811,0.6805295330340988,1.1337820221669972,1.9899666966521181,0.8561846744851209,1,large_tiled_support
BraTS-MET-00292-000,t1c,2127947669,592690,114883,592690,1.3466237370249357,0.7591950594761139,14.27056235230572,0.4032471187695058,-0.05668358877301216,0.12142307311296463,0.1781066618859768,114883,3.3361780418607445,1.2591772153614698,10.330532811833624,0.789044095161548,0.39389312732964754,0.8626346432138234,0.4687415158841759,2,extreme_zscore_signal;large_tiled_support
BraTS-MET-00292-000,t1n,1393688185,592690,114883,592690,1.750242974731323,0.9653447745019756,13.132041576465854,0.3876423725889349,0.0648917704820633,0.03266889974474907,0.032222870737314224,114883,1.6934399816512846,1.0162889562401463,13.275326916375738,0.7627542738156231,0.27089913259260356,-0.04790201876312494,0.3188011513557285,1,large_tiled_support
BraTS-MET-00292-000,t2w,2016873513,592690,114883,592690,1.4047787555127837,0.8691416522403032,14.086945699966423,0.3862532534185331,-0.06006861478090286,0.07066059857606888,0.13072921335697174,114883,1.584017310924288,0.9966246718125396,13.565425773030713,0.7675768526643941,0.6939218202605844,0.34709728803136386,0.3468245322292205,1,large_tiled_support
BraTS-MET-00292-000,t2f,202172020,592690,114883,592690,1.585823740816919,0.90292908352635,13.56047585531284,0.41477574009327883,-0.07219275087118149,0.27313336730003357,0.34532611817121506,114883,3.1534036086827175,1.3909487925250494,10.575229404837714,0.8133458382464075,1.0795619748532772,2.1896226052194834,1.1100606303662062,1,large_tiled_support
BraTS-MET-00299-000,t1c,2088011359,1079319,130410,1079319,1.2765351744301434,0.7733502427334483,14.502697146466417,0.48858899565057806,-0.024435818195343018,0.018015729263424873,0.04245154745876789,130410,1.3787250412019558,0.8425560484663088,14.168248371985523,0.8737552398500215,-0.1957399068196537,-0.1259362637065351,0.0698036431131186,1,large_tiled_support
BraTS-MET-00299-000,t1n,299368006,1079319,130410,1079319,1.7051670225355682,0.9367657464824538,13.245355758476231,0.48207262689968877,-0.03378058597445488,0.046850185841321945,0.08063077181577682,130410,1.6640325389884423,1.034414881281909,13.351406864057548,0.8721109706823833,0.0809340039268136,0.480240510776639,0.3993065068498254,1,large_tiled_support
BraTS-MET-00299-000,t2w,1240518204,1079319,130410,1079319,1.1877146794779099,0.7841098621035545,14.815903766294639,0.49279444839681663,-0.03690752014517784,0.1018306240439415,0.13873814418911934,130410,1.3569244694763183,0.9359837482441802,14.237468265803404,0.882268595412386,0.9226289596408606,0.6765659251250327,0.2460630345158279,1,large_tiled_support
BraTS-MET-00299-000,t2f,236999772,1079319,130410,1079319,1.6589746892008854,0.8956553275614125,13.364627406767674,0.5016414440955306,-0.035522885620594025,0.2417057901620865,0.2772286757826805,130410,4.858622693636439,1.7631137970673045,8.697893264283065,0.9078334754518887,1.166384894400835,2.7823176495730877,1.6159327551722527,1,large_tiled_support
BraTS-MET-00300-000,t1c,1546507652,483840,102385,483840,1.368479996719649,0.8474960529404495,14.20064047123277,0.04423898611317251,0.10412880778312683,0.08494598418474197,0.019182823598384857,102385,1.552934596949417,0.9257343510215793,13.651493353040806,0.5574855800057833,-0.3808282632380724,-0.011580671649426222,0.3692475915886462,1,large_tiled_support
BraTS-MET-00300-000,t1n,280676305,483840,102385,483840,1.5024098503706709,0.8816390275159905,13.795140784360376,0.04939555654357315,0.02956099808216095,0.1554912030696869,0.12593020498752594,102385,1.489841829778702,0.9417854682623481,13.831623371205007,0.5576191232810045,0.2721710486803204,0.38575723487883806,0.11358618619851768,1,large_tiled_support
BraTS-MET-00300-000,t2w,1380954435,483840,102385,483840,1.1602247314470977,0.8156796156024291,14.9176038207966,0.06318493282586056,-0.03594271093606949,0.1072036474943161,0.1431463584303856,102385,1.4622806916441515,0.973442794634268,13.912717552784741,0.5660547557333467,0.9316619196906686,0.4867758558539208,0.4448860638367478,1,large_tiled_support
BraTS-MET-00300-000,t2f,1584942676,483840,102385,483840,1.690980651023669,0.8920205024587678,13.28163862537805,0.13455605544196142,-0.02886715531349182,0.38657379150390625,0.41544094681739807,102385,3.8602821140186188,1.417084227539715,9.696834561772757,0.6671691554200462,1.1840950725600123,2.3201519697904587,1.1360568972304463,1,large_tiled_support
BraTS-MET-00380-000,t1c,209273027,300118,46719,300118,1.569497558719495,0.8727019615375581,13.605418562555819,0.7278241347505928,0.02738253027200699,0.06590920686721802,0.03852667659521103,46719,2.277992382939788,1.0652280544183144,11.987502331983713,0.9221194332543088,0.5650137776974589,0.29222076712176204,0.2727930105756968,1,large_tiled_support
BraTS-MET-00380-000,t1n,64566928,300118,46719,300118,1.7748129143638862,0.9716835748584641,13.071499205827163,0.728738648413635,-0.04341612011194229,0.0017777590546756983,0.04519387916661799,46719,1.6247147263524642,0.9552359671328886,13.455253838506124,0.9211600071115601,0.3775814431719482,-0.01364987604029011,0.3912313192122383,1,large_tiled_support
BraTS-MET-00380-000,t2w,1770114663,300118,46719,300118,1.4074863980618186,0.8670802692979585,14.07858294242297,0.7281807234680958,-0.023749561980366707,0.08841969072818756,0.11216925270855427,46719,1.0881202606107394,0.7927870510605874,15.19625603903892,0.9171427397726136,0.19585485802963376,0.32576933328527957,0.1299144752556458,1,large_tiled_support
BraTS-MET-00380-000,t2f,1701799613,300118,46719,300118,1.8441833915285808,0.9553658190468298,12.904983942619134,0.7304165288819532,-0.01713874377310276,0.4069935083389282,0.424132252112031,46719,4.165692812872722,1.4314963224881174,9.366152597818505,0.9346002430512859,1.1839454006403685,1.8219375652261078,0.6379921645857394,2,extreme_zscore_signal;large_tiled_support
BraTS-MET-00532-000,t1c,986522942,47915,9663,47915,1.2061308872431826,0.811822590332661,14.749080615178238,0.03210486285099366,-1.3375125718084746e-07,0.013286630623042583,0.013286764374299764,9663,1.138993215725087,0.724925767460834,14.99781363502878,0.40706617018995894,-0.26005835729301907,-0.028916659255628474,0.2311416980373906,0,
BraTS-MET-00532-000,t1n,721713183,47915,9663,47915,1.2649653563641372,0.8938532079287606,14.542238691257372,0.0602861148434904,-1.3757272654402186e-07,0.2089644819498062,0.20896461952253276,9663,0.8205263811838699,0.7622154786066924,16.422099519188265,0.42414345130702524,-0.1950014622998424,0.20435251167509705,0.39935397397493944,0,
BraTS-MET-00532-000,t2w,2055120425,47915,9663,47915,1.1901566270032784,0.8110004074530006,14.80698381587267,0.11717200947178337,-4.458375357785371e-08,0.018087053671479225,0.018087098255232803,9663,1.5823130824780267,1.0005195919481726,13.570100819470134,0.4644549251261247,0.8989525761571713,0.2028772301855497,0.6960753459716216,0,
BraTS-MET-00532-000,t2f,1597065066,47915,9663,47915,1.2872010890549217,0.8877133850934356,14.466561022350906,0.07219691319422598,7.260782552975797e-08,0.40064677596092224,0.4006467033530967,9663,1.0325881003728323,0.8179416477144941,15.423753848713007,0.6017083747828937,1.3215992528712377,1.1098042665980756,0.21179498627316207,0,
BraTS-MET-00552-000,t1c,315126146,270500,49616,270500,1.2210201866681754,0.7513835049261017,14.695796567354877,0.685499028341543,-0.04302775859832764,-0.01250920444726944,0.030518554151058197,49616,1.8565431344486987,0.8761161509234295,12.875974568008928,0.8917732249532191,-0.1416632878826931,0.06373210524907336,0.20539539313176647,2,extreme_zscore_signal;large_tiled_support
BraTS-MET-00552-000,t1n,900595319,270500,49616,270500,1.6236154722687974,0.9314511821816006,13.45819319486326,0.6807911624929549,-0.05744718760251999,0.05990594998002052,0.11735313758254051,49616,2.4106796302286284,1.148587726304237,11.741630025709613,0.8875769736084409,-0.16914127371273935,0.28386551899893675,0.4530067927116761,1,large_tiled_support
BraTS-MET-00552-000,t2w,312166900,270500,49616,270500,1.25160575286252,0.8504393234791111,14.588349501036895,0.6821008701712622,-0.008765647187829018,0.12539289891719818,0.1341585461050272,49616,1.4280518724263283,0.9451354324443507,14.015585177673547,0.8919966941790157,0.6443716224748641,0.33779803686775267,0.30657358560711145,1,large_tiled_support
BraTS-MET-00552-000,t2f,2049271729,270500,49616,270500,1.7512169673193305,0.8971390921067383,13.12962544362814,0.6981835553245203,-0.02543099969625473,0.47902822494506836,0.5044592246413231,49616,4.803004861842714,1.5552725866432253,8.74789474513419,0.9202513956588481,1.226648676674813,2.237796292407438,1.0111476157326251,2,extreme_zscore_signal;large_tiled_support
BraTS-MET-00572-000,t1c,464596265,15120,1955,15120,1.188751326407,0.8281800459293885,14.812114862363956,0.025542817785726497,-4.0367167386534675e-09,0.07018686085939407,0.07018686489611081,1955,0.9920325163964097,0.6831803942311798,15.597765932702735,0.3843959438378846,0.5596901783865178,0.07689177623251453,0.48279840215400327,2,high_frequency_shift;z_continuity_shift
BraTS-MET-00572-000,t1n,589426323,15120,1955,15120,2.324705464588044,1.2174497398206388,11.89934564275545,0.07849881471695495,3.229373390922774e-08,-0.4172894060611725,0.4172894383549064,1955,2.600510798515124,1.381630085086893,11.412438392625528,0.3383748536722818,0.6443245535629103,-0.714230541489087,1.3585550950519973,0,
BraTS-MET-00572-000,t2w,1003085505,15120,1955,15120,1.8703294351250093,1.0375808922919283,12.843843919548322,0.043082901760686534,1.1706478630912898e-07,0.4063250422477722,0.4063249251829859,1955,1.4147035449037535,0.9830340753982018,14.056370589997888,0.22215790355280546,-0.13939102787844604,0.8122349940240383,0.9516260219024844,0,
BraTS-MET-00572-000,t2f,1984466452,15120,1955,15120,1.8600456740295177,1.058524294835119,12.867788921754762,0.10031194574280229,1.6348703013591148e-07,0.23166966438293457,0.23166950089590443,1955,1.0384129349986781,0.7851954613223938,15.399324114847593,0.6582454428342868,1.3068474373721983,0.8959909855184378,0.4108564518537605,0,
BraTS-MET-00577-001,t1c,440630166,49248,4756,49248,1.542881146265185,0.9322610438540333,13.679700286958923,0.9439425149864594,-3.036389983890331e-08,-0.009239825420081615,0.009239795056181777,4756,3.340173622896686,1.3667725291319397,10.325334586544697,0.9854091697036645,0.9996965877653565,0.31701020765831345,0.6826863801070431,1,large_tiled_support
BraTS-MET-00577-001,t1n,2089865155,49248,4756,49248,1.9370982645928863,1.1010911860092516,12.69150848717244,0.9461083282133411,8.597940848176222e-08,-0.12620972096920013,0.12620980694860862,4756,1.3891628642387017,0.9193585574981171,14.135493357396914,0.9860169608427738,-0.02130551883874432,-0.21648066713532899,0.19517514829658467,1,large_tiled_support
BraTS-MET-00577-001,t2w,450148502,49248,4756,49248,1.5789492226289725,0.9540713653063277,13.579343369949836,0.9463760473830217,-1.5104490103112767e-08,-0.06000080704689026,0.060000791942400156,4756,1.914022954165181,1.0888658513501932,12.743553589630885,0.9861145816181444,0.6940565842305659,-0.14749738686077762,0.8415539710913436,1,large_tiled_support
BraTS-MET-00577-001,t2f,1703278197,49248,4756,49248,1.722997619905641,1.0286126678352236,13.200178232394912,0.9448427488814078,-5.019338544798302e-08,0.24800774455070496,0.2480077947440904,4756,2.3955130122763637,1.2577713281131984,11.769039665063424,0.989513782753115,1.7532781935151434,0.6248192376224324,1.128458955892711,1,large_tiled_support
BraTS-MET-00613-000,t1c,1231922326,14343,1166,14343,1.445033862717998,0.9182195460781182,13.964244763603581,0.8619659466865436,-1.0425721796991638e-07,-0.035870857536792755,0.035870753279574785,1166,1.9364627817733844,1.0792912178595648,12.692933463730323,0.9632677182663899,0.6603948499978287,-0.03582352313242154,0.6962183731302503,1,large_tiled_support
BraTS-MET-00613-000,t1n,1965884163,14343,1166,14343,1.4417441171236096,0.9108059323589648,13.974143127710292,0.8781070112092748,1.4255579117161687e-07,0.5055908560752869,0.5055907135194957,1166,0.9011505592452437,0.7783980695161358,16.01505144209033,0.9667463127820569,0.16893970747514686,0.7462435876950622,0.5773038802199153,1,large_tiled_support
BraTS-MET-00613-000,t2w,1945667579,14343,1166,14343,1.3094722044088252,0.8435508105087742,14.392062164863614,0.8634452370637132,4.6809365272793e-08,0.09290654957294464,0.09290650276357937,1166,0.5103654866025178,0.5293745125711202,18.48421203167192,0.9674379291544555,0.2838257479816093,-0.10526256053708494,0.38908830851869425,1,large_tiled_support
BraTS-MET-00613-000,t2f,2108685983,14343,1166,14343,1.3351063447106817,0.8806767991356845,14.307866409980752,0.8584352817735735,5.159668603482714e-07,0.27974286675453186,0.2797423507876715,1166,2.374818424715627,1.132022551154008,11.806720910837196,0.9679093297124838,1.4703060829197057,0.4360811851511244,1.0342248977685813,1,large_tiled_support
BraTS-MET-00613-001,t1c,899093298,3373356,377997,3373356,1.3356376878520269,0.8366188424713555,14.306138356715339,0.5453534526538296,0.007928765378892422,0.06689248234033585,0.058963716961443424,377997,1.3696995988771046,0.7686095837036372,14.196771721914951,0.9088122297571846,0.12240464970818721,0.14260642509907484,0.020201775390887633,1,large_tiled_support
BraTS-MET-00613-001,t1n,981468363,3373356,377997,3373356,1.5368939674698945,0.943892781911245,13.696585948363097,0.5459081487201191,0.007798134349286556,0.04379263147711754,0.03599449712783098,377997,1.498586979353105,0.9572849266735382,13.806205459068222,0.9134178674984987,0.38264731620438397,0.5309440558776259,0.14829673967324197,2,high_frequency_shift;large_tiled_support
BraTS-MET-00613-001,t2w,1535698745,3373356,377997,3373356,1.3320501403816751,0.8538294747124987,14.317819281242647,0.549095489491563,-0.007081070449203253,0.08340334892272949,0.09048441937193274,377997,1.1752137743147686,0.8454440334812584,14.861856277248433,0.9087845751788847,0.4984734244644642,0.560618341085501,0.06214491662103683,1,large_tiled_support
BraTS-MET-00613-001,t2f,800662427,3373356,377997,3373356,1.4141933836371252,0.8840542564804443,14.057936997194588,0.5657324184910051,-0.034631069749593735,0.18348924815654755,0.21812031790614128,377997,3.4045106958513713,1.499163992498671,10.242477978405498,0.9331595279835614,1.1797683658078313,2.570706353522837,1.3909379877150059,2,high_frequency_shift;large_tiled_support
BraTS-MET-00625-000,t1c,1529453769,9854,426,9854,1.437310159419518,0.8970096460772855,13.987520054307357,0.711857057942492,-0.013752229511737823,-0.05273924395442009,0.038987014442682266,426,3.0750300035109897,1.236090568479636,10.684531431613182,0.9080474876505938,1.3331791503396744,0.23648346962181677,1.0966956807178576,1,large_tiled_support
BraTS-MET-00625-000,t1n,146621651,9854,426,9854,1.4920453864488756,0.9641435317339799,13.825204666490677,0.722533033310206,-0.0147223686799407,-0.09609121084213257,0.08136884216219187,426,0.8446500412982629,0.7271391930932534,16.29625693136231,0.9198244884013201,0.8254083697283932,0.18266396594663092,0.6427444037817622,1,large_tiled_support
BraTS-MET-00625-000,t2w,1585010251,9854,426,9854,1.4007454063357787,0.9635170546075315,14.099432938691907,0.707447036047444,0.0040759798139333725,0.14682161808013916,0.1427456382662058,426,0.8543672110249263,0.7514471789623721,16.24657928152319,0.9185551330264403,-0.01076599640890663,0.5810580369598028,0.5918240333687095,1,large_tiled_support
BraTS-MET-00625-000,t2f,732462296,9854,426,9854,1.3809409852244319,0.9158664133434972,14.161273814493505,0.7020286423328191,-0.0148927578702569,0.11037040501832962,0.12526316288858652,426,2.38010454885844,1.2851841393440082,11.79706466401926,0.9012124910916102,1.1167532132440101,0.24247971250952105,0.8742735007344891,1,large_tiled_support
BraTS-MET-00663-000,t1c,1589466086,150854,13959,150854,1.5286638401814234,0.9015877762868537,13.719905080987509,0.7639049955916861,-0.01422318909317255,0.10214406251907349,0.11636725161224604,13959,1.2342942081386234,0.7776934812588808,14.648838096747234,0.9439028081663013,0.43671784026082605,0.17274213850032538,0.26397570176050067,1,large_tiled_support
BraTS-MET-00663-000,t1n,908327131,150854,13959,150854,1.8942623574838415,1.0699218034195346,12.788623716561487,0.7653944359226544,-0.034242164343595505,-0.1186593696475029,0.0844172053039074,13959,1.5135299678330512,0.974422523599101,13.763114763761287,0.9443515178503726,0.402708349050954,-0.0896595863159746,0.4923679353669286,1,large_tiled_support
BraTS-MET-00663-000,t2w,1337848180,150854,13959,150854,1.5701274591009189,0.930241955411613,13.603675919648346,0.7627280377687713,0.0034892414696514606,0.06137826666235924,0.05788902519270778,13959,1.2220153405239684,0.8578166845261606,14.692258429269618,0.9418938922920735,0.2774688687932212,0.20917389675742015,0.06829497203580104,1,large_tiled_support
BraTS-MET-00663-000,t2f,2087369261,150854,13959,150854,1.455239904428921,0.9151330599577111,13.93367905671403,0.7717918331253959,-0.019500063732266426,0.41752493381500244,0.43702499754726887,13959,1.6902738016295957,0.9516558008578073,13.28345440588291,0.963528896830517,1.4797086615581065,1.1879052692092955,0.29180339234881103,1,large_tiled_support
BraTS-MET-00682-000,t1c,402178708,160721,18016,160721,1.4163650158100578,0.8755672311680738,14.051273096144834,0.7703843045997996,2.930216169261257e-06,0.005723311100155115,0.005720380883985854,18016,1.3344226062457007,0.8003882535196715,14.310091100960733,0.9455304778859236,0.5850723017938435,0.20370477007236332,0.3813675317214802,1,large_tiled_support
BraTS-MET-00682-000,t1n,550299616,160721,18016,160721,1.5582109977762921,0.9565019301050124,13.63676235514512,0.7765434404726679,0.0046688891015946865,0.12736481428146362,0.12269592517986894,18016,2.0022754210049465,1.0447874894382563,12.547786845692466,0.9449288467956173,0.7700904086232185,0.3524456567829475,0.41764475184027106,1,large_tiled_support
BraTS-MET-00682-000,t2w,262703036,160721,18016,160721,1.571531853434077,0.9381898361778321,13.599793125944394,0.7664406268851218,-0.002122984966263175,0.1405886560678482,0.14271164103411138,18016,0.8350804189886739,0.7133756934257501,16.34574200324059,0.9412650482975261,0.20229540928266943,0.2873577163554728,0.08506230707280338,1,large_tiled_support
BraTS-MET-00682-000,t2f,1726052336,160721,18016,160721,1.3769501270174906,0.894316282201859,14.173842903239791,0.7778398105383033,0.013173101469874382,0.2078114002943039,0.1946382988244295,18016,1.605757543444827,0.9317566122773285,13.506225298701773,0.9602312290867325,1.4463136901613325,0.9220186402089894,0.5242950499523431,1,large_tiled_support
BraTS-MET-00699-000,t1c,962271948,31080,5510,31080,1.554143142972776,0.9412882942228045,13.648114841529516,0.0860903963641849,6.284186326865893e-08,0.27339327335357666,0.2733932105117134,5510,1.5223192629517355,0.9209984108347601,13.73796757926802,0.41133313870163857,0.5957614951184951,0.6274110641679727,0.03164956904947758,0,
BraTS-MET-00699-000,t1n,793769623,31080,5510,31080,1.9156083580856482,1.0735194616374613,12.739957775008321,0.057572580228778696,-2.9457121186737822e-08,0.171804741024971,0.1718047704820922,5510,1.5122406232770755,1.0075699803088705,13.76681600444007,0.3603297540452125,0.07910965622431831,-0.0376723799854517,0.11678203620977001,0,
BraTS-MET-00699-000,t2w,326306774,31080,5510,31080,1.7952254632340976,1.03145363508354,13.02183501173599,0.07098665233560732,1.0211802248250024e-07,0.3476240634918213,0.3476239613737988,5510,1.3712337581431397,0.9444392018669047,14.191910042432871,0.33158788338460665,0.6034763039788231,0.23098943766672164,0.3724868663121015,0,
BraTS-MET-00699-000,t2f,1398199268,31080,5510,31080,1.72269145946481,1.0403621722478162,13.200950001334693,0.10574712502543149,5.8914242373475645e-08,0.6866260170936584,0.6866259581794161,5510,1.0704438314586844,0.8431843802649617,15.267386169252786,0.6168182087195168,1.1769857632461935,1.5348923116689548,0.35790654842276126,0,
BraTS-MET-00787-000,t1c,1191121370,12075,384,12075,1.6669587371243053,0.9911388378381768,13.343776510658644,0.9484336499236152,-2.0218685392592306e-08,0.09901627898216248,0.09901629920084787,384,2.0767730136397433,1.1578562184152663,12.389134689942257,0.9910037102679704,0.7456404003569332,0.20653513143770397,0.5391052689192293,1,large_tiled_support
BraTS-MET-00787-000,t1n,795026166,12075,384,12075,1.77226938672374,1.0472709263346325,13.077727650020181,0.9504209974810641,-1.2131211235555384e-07,0.26648539304733276,0.2664855143594451,384,2.0360887638058798,1.237669247336574,12.475057935118079,0.9906907514926528,-0.6811558914178022,-0.13350322222686373,0.5476526691909385,1,large_tiled_support
BraTS-MET-00787-000,t2w,1720526191,12075,384,12075,1.5374917064693114,0.915821464013873,13.694897189828104,0.9514201574278368,5.0546713481480765e-08,0.13742220401763916,0.13742215347092568,384,1.2331298360757055,0.809663990212016,14.652936949561202,0.9925728844446978,0.3209611239726655,-0.11178421408112627,0.4327453380537918,1,large_tiled_support
BraTS-MET-00787-000,t2f,237058122,12075,384,12075,1.6981849954053891,0.9415445767976911,13.263175014863034,0.9490691518210647,-1.2889411493688385e-07,0.06339868903160095,0.06339881792571589,384,1.7208255679685134,1.0809958952578806,13.205656506071124,0.9911336546740264,0.2951703368416929,0.04586498924618354,0.24930534759550937,1,large_tiled_support
BraTS-MET-00791-000,t1c,2052100218,57720,10568,57720,1.544279045732278,0.895282898793851,13.6757672220802,0.06720713499753934,-1.948324239720023e-07,0.10306868702173233,0.1030688818541563,10568,2.258235900123873,1.0865263434545394,12.025331934835581,0.48846795304500884,0.38275645379326306,0.19288646499626338,0.18986998879699968,0,
BraTS-MET-00791-000,t1n,1802431085,57720,10568,57720,1.6914448026796305,1.0014388263712017,13.280446708471237,0.07657211047474159,7.63335989972802e-08,0.038321997970342636,0.03832192163674364,10568,1.558881080407889,1.009075631135001,13.634895145665865,0.4887846102109833,0.5832504506688565,-0.27838122873799875,0.8616316794068553,0,
BraTS-MET-00791-000,t2w,623753627,57720,10568,57720,1.3016718833403946,0.8275988471441416,14.418009767603854,0.0809849629324573,-2.0091267316502126e-08,0.029824422672390938,0.029824442763658254,10568,2.9063802097059166,1.2629503967050006,10.929500731259436,0.5083973683545155,1.0741000542184338,0.012338598215137608,1.0617614560032962,0,
BraTS-MET-00791-000,t2f,1779200030,57720,10568,57720,1.196956763868252,0.8324876840197856,14.782240375392938,0.08291833118112729,1.0997325716743944e-07,0.3361969292163849,0.3361968192431277,10568,1.1673268752963504,0.8216457178744561,14.89110016393078,0.6800683724185793,1.3491767261875793,0.9106313867960125,0.4385453393915668,0,
BraTS-MET-00796-000,t1c,755335023,20145,1847,20145,1.801921344472903,0.9820989359932306,13.005666710648251,0.9500192470014382,5.7566044375789716e-08,0.34957265853881836,0.349572600972774,1847,2.1921022992013897,1.1122007321182779,12.15441683189451,0.9893515099586724,0.9966420631099027,0.3639917660620995,0.6326502970478032,1,large_tiled_support
BraTS-MET-00796-000,t1n,816311710,20145,1847,20145,2.5579646865511396,1.2796215625829945,11.484079561453084,0.9503618438754871,3.181281371666955e-08,-0.6711292862892151,0.6711293181020288,1847,2.1419075978263815,1.1605895672955449,12.255017693880273,0.986044152574104,0.4077400977985235,-0.6590760570252314,1.066816154823755,1,large_tiled_support
BraTS-MET-00796-000,t2w,1851446681,20145,1847,20145,1.3435016373437632,0.8737773938695443,14.280643007171712,0.9501023468217116,-9.846823445514019e-08,0.21398988366127014,0.2139899821295046,1847,0.6465011426653944,0.6291857518964523,17.457332039517453,0.9889888847992825,0.5009115087668761,0.2777468408457935,0.22316466792108258,1,large_tiled_support
BraTS-MET-00796-000,t2f,916731749,20145,1847,20145,1.912739445979646,1.047399071899024,12.74646686453573,0.9480339286367983,1.0680016515607349e-07,0.08389472961425781,0.08389462281409266,1847,0.8885084960190344,0.724753149681229,16.076409158330083,0.9910428092988746,1.0302258568262914,0.6466148126346525,0.38361104419163894,1,large_tiled_support
BraTS-MET-00799-000,t1c,1588109349,200364,29769,200364,1.2539842346984957,0.8203069787791388,14.580104242618146,0.8088792417332445,0.04603732377290726,0.07717651128768921,0.031139187514781952,29769,1.0141446342258646,0.7476324820423751,15.502026035936245,0.949778328459233,0.23896363310632296,0.1708559412509203,0.06810769185540266,1,large_tiled_support
BraTS-MET-00799-000,t1n,1945880344,200364,29769,200364,1.8692537571998333,1.050488002056045,12.846342385158351,0.80601354872234,0.0506916344165802,0.060091644525527954,0.009400010108947754,29769,1.9871016449897752,1.0866381758287202,12.580824178904258,0.9500510945965391,0.45421411845018156,0.43712150627106894,0.01709261217911262,1,large_tiled_support
BraTS-MET-00799-000,t2w,1363609454,200364,29769,200364,1.3353976622369126,0.900109315415038,14.306918891502619,0.8061212763094956,-0.056325919926166534,0.11272300034761429,0.16904892027378082,29769,1.4937619879672814,0.9583597048210689,13.820210970945567,0.9443793661696587,0.5158159099519253,0.7020948921563104,0.1862789822043851,1,large_tiled_support
BraTS-MET-00799-000,t2f,700169178,200364,29769,200364,1.913466320030628,0.9614615478575179,12.74481678394685,0.8159627784926998,0.008685718290507793,0.40653273463249207,0.39784701634198427,29769,4.292959829123157,1.5007352766671969,9.235456761293975,0.9635972224831681,1.3308605728670955,2.3349899533204734,1.004129380453378,1,large_tiled_support
BraTS-MET-00807-000,t1c,30222862,152627,16869,152627,1.3830860849686872,0.9143812395766752,14.154532887972612,0.899786978026373,0.0019089491106569767,0.11675848811864853,0.11484953900799155,16869,1.3396945068249657,0.9109617134316629,14.29296724138288,0.9796738864048224,0.12800845949095674,0.3177424439927563,0.18973398450179957,1,large_tiled_support
BraTS-MET-00807-000,t1n,62106447,152627,16869,152627,1.6756006037542113,1.0296392757573207,13.321319925926225,0.9017243463857766,0.002548462012782693,0.06029466912150383,0.05774620710872114,16869,1.2118142259487572,0.9039868597713572,14.728664542285122,0.9791939416113192,-0.06653882957471069,0.18538649223046377,0.25192532180517446,1,large_tiled_support
BraTS-MET-00807-000,t2w,995548825,152627,16869,152627,1.5465012584766336,0.9207605270205207,13.669522230176561,0.900943004342222,-0.0022673269268125296,0.034793052822351456,0.037060379749163985,16869,1.1136641531966438,0.8162274515264476,15.095482600230714,0.9801827450413549,0.26673371682409197,0.12038537062471732,0.14634834619937465,1,large_tiled_support
BraTS-MET-00807-000,t2f,627512474,152627,16869,152627,1.4366834848113161,0.8907027567764345,13.989414013461726,0.9015196209073627,0.0019954354502260685,0.2344510704278946,0.23245563497766852,16869,1.035395714900022,0.8008950705321622,15.411961374936018,0.9859793226195023,1.1999003982637078,0.9498389521613717,0.25006144610233605,1,large_tiled_support
BraTS-MET-01058-001,t1c,106624232,148225,30782,148225,1.652784750649505,0.9291874166418258,13.380862035734243,0.05653192558902537,0.0515606552362442,-0.04760020971298218,0.09916086494922638,30782,2.783218057503619,1.172095320997398,11.117552673183777,0.5217678188153471,0.42038340259023244,-0.2039273362424865,0.6243107388327189,1,large_tiled_support
BraTS-MET-01058-001,t1n,978452706,148225,30782,148225,1.8045788239004081,1.0037906350054264,12.99926643999173,0.05853509180677149,0.07215050607919693,0.05366867035627365,0.01848183572292328,30782,2.9753935229835387,1.3438695655784239,10.827580874899827,0.5021284229735089,0.6430899044498801,-0.12711686770489905,0.7702067721547792,1,large_tiled_support
BraTS-MET-01058-001,t2w,2076070894,148225,30782,148225,1.3284945994916335,0.8315286299131707,14.32942707482602,0.0766997003054001,-0.010445257648825645,0.09762699156999588,0.10807224921882153,30782,1.7198085653233297,0.9608454470694476,13.208223931915528,0.5178319340103529,0.2285203909559641,0.5959345427800145,0.36741415182405035,1,large_tiled_support
BraTS-MET-01058-001,t2f,183713974,148225,30782,148225,1.295360035263656,0.8414260494882071,14.439120067928163,0.1035915171990672,0.06479353457689285,0.4242004454135895,0.3594069108366966,30782,1.8163525152568036,1.073150059050532,12.971023611121893,0.6231319073021364,0.9987850023899227,1.3490326490427833,0.35024764665286057,1,large_tiled_support
BraTS-MET-01060-001,t1c,496559897,168762,36904,168762,1.1646576391976817,0.7260510202356291,14.901042211209422,0.7646594007965479,1.880653321961745e-08,0.06519754976034164,0.06519753095380842,36904,1.8091599354358485,0.959721340548485,12.988255392104262,0.9160932791886802,0.08046127431589412,0.278394768740327,0.19793349442443287,1,large_tiled_support
BraTS-MET-01060-001,t1n,620514963,168762,36904,168762,1.2556086329012874,0.796447163418604,14.574482077497134,0.7779385528828291,-2.893312700535944e-09,-0.007646406535059214,0.007646403641746513,36904,0.8285697967880705,0.6945367651663034,16.37973402516269,0.9210046286624035,0.12903603486483917,0.021099561017763335,0.10793647384707583,1,large_tiled_support
BraTS-MET-01060-001,t2w,2028790017,168762,36904,168762,1.254891248543526,0.8339972947685929,14.576964101724755,0.7614857780163333,8.46293986001001e-08,0.060952238738536835,0.060952154109138235,36904,1.27297899955216,0.8725686212766655,14.514812616492513,0.9126053983834332,0.6104492671438493,0.33183065641787834,0.27861861072597094,1,large_tiled_support
BraTS-MET-01060-001,t2f,588630500,168762,36904,168762,1.237295354659199,0.8275109903018603,14.638291183671813,0.7661482418122009,-8.390607320052368e-08,0.1462448388338089,0.1462449227398821,36904,0.9380364993019307,0.7788193766895015,15.84082763521458,0.9286260613577109,0.7827858560485765,0.9883324012043886,0.20554654515581205,1,large_tiled_support
BraTS-MET-01096-000,t1c,649653404,10143,1153,10143,1.1733616439385552,0.8353486899404604,14.868706133230527,0.10501866941219926,-1.7450651057515643e-07,-0.061097562313079834,0.06109738780656926,1153,1.5373961036648942,0.9269527397875259,13.695167246968332,0.3270958527114326,0.6066648470514338,-0.11096389418526087,0.7176287412366946,0,
BraTS-MET-01096-000,t1n,250512877,10143,1153,10143,2.223644985985051,1.1831973818003194,12.092370492128516,0.15587586916866636,-1.8804580292908213e-07,0.33984094858169556,0.3398411366274985,1153,0.7246728656342485,0.665691185055534,16.96160500696334,0.37038461880096885,0.5778972976113437,0.3050992062781006,0.27279809133324306,0,
BraTS-MET-01096-000,t2w,1035069329,10143,1153,10143,1.8144353821967207,0.9905516075341012,12.975609945603344,0.08210785096761081,1.0530564864552616e-08,-0.19403909146785736,0.19403910199842223,1153,0.8494851714402842,0.6554677327720756,16.271466985132136,0.38974648886705815,-0.2463879847273347,-0.11181108184973709,0.1345769028775976,0,
BraTS-MET-01096-000,t2f,377671096,10143,1153,10143,1.334617394166834,0.8188752384845384,14.309457200236677,0.13830750352034918,-5.114846146625496e-08,0.2804934084415436,0.28049345959000505,1153,1.0992384068017604,0.8532590495908338,15.152106067699016,0.4189692249387752,1.2391424667730462,0.4374108476913534,0.8017316190816928,0,
BraTS-MET-01096-001,t1c,105032340,12696,1686,12696,1.6278540854482104,1.0134249218357771,13.446870269491802,0.10199900054380652,-7.691890857586259e-08,0.37687960267066956,0.37687967958957813,1686,1.1525253248468093,0.8716883099511429,14.946520236944195,0.2928951699171967,0.6382026780047454,0.1711431371513754,0.46705954085337,0,
BraTS-MET-01096-001,t1n,1157165171,12696,1686,12696,1.497358323195016,0.9311594600395003,13.809767597663178,0.19171839500315963,1.7066383861674694e-07,-0.18259494006633759,0.1825951107301762,1686,0.7273199441006144,0.6324217702885747,16.945770040880767,0.46404664422044517,0.45212461108894786,0.34698054994805716,0.1051440611408907,0,
BraTS-MET-01096-001,t2w,1696730084,12696,1686,12696,1.3392897239764685,0.9017191536969743,14.294279641484295,0.05636293464360152,-6.249661765878045e-08,0.14250551164150238,0.14250557413812004,1686,0.577278841269584,0.6328569605325297,17.949168609687497,0.3024817941381806,-0.17946870759260491,0.31300707324407995,0.49247578083668486,0,
BraTS-MET-01096-001,t2f,723468484,12696,1686,12696,1.8538883693941914,1.0344877588332257,12.882189209133376,0.07794684136676763,-3.1248308829390226e-08,0.22104625403881073,0.22104628528711956,1686,0.6314783108364594,0.6084072081025036,17.559440621796668,0.6029318659277416,0.9660191608854802,0.6980939769273391,0.26792518395814113,0,
BraTS-MET-01096-002,t1c,1204916844,22475,2492,22475,1.5999864628570184,0.9875160277084515,13.521861925684677,0.0678876757437996,-5.091920840527564e-08,0.05928632616996765,0.05928637708917606,2492,0.9122033431292583,0.7244202408161323,15.962108412158774,0.5548246105506919,0.6991260501526995,0.3013190860292525,0.39780696412344696,0,
BraTS-MET-01096-002,t1n,1009982489,22475,2492,22475,1.5361455803881972,0.9666547138286076,13.69870125069665,0.10549387276007445,-1.4393162928172387e-07,-0.09466905146837234,0.09466890753674306,2492,0.8805053767752371,0.7391454898947544,16.11570488451855,0.5385539195582679,0.6397451821976574,0.056704779563006014,0.5830404026346514,0,
BraTS-MET-01096-002,t2w,798644192,22475,2492,22475,1.402724506642445,0.8941319174868795,14.093301162630237,0.062370647664607766,1.4664730940694426e-07,-0.039816491305828094,0.0398166379531375,2492,0.47795319950236437,0.49653770117964213,18.76917127571378,0.5286325274869657,-0.21307087291643256,-0.0567340793350013,0.15633679358143127,0,
BraTS-MET-01096-002,t2f,1828465764,22475,2492,22475,1.3125946709052339,0.8499670901589947,14.381718640652984,0.10708377437956351,-1.5717061785380793e-07,0.47794008255004883,0.4779402397206667,2492,0.42076643763079674,0.5162598218521336,19.322614096716364,0.7757774091086449,1.0382345143298153,0.9317663443507627,0.10646816997905262,0,
BraTS-MET-01105-001,t1c,1315637793,202395,21653,202395,1.57093040256207,0.8984073884190941,13.601455559900694,0.812972907232536,-0.03156412020325661,-0.03289563208818436,0.0013315118849277496,21653,1.9606188352540872,1.1256548721424942,12.639093302692814,0.9550721521011423,-0.5690269319238723,-0.5875956835297984,0.01856875160592608,1,large_tiled_support
BraTS-MET-01105-001,t1n,27881229,202395,21653,202395,2.1602794521426008,1.0689260965550038,12.217925659712929,0.8151300924990096,-0.11778266727924347,0.14445291459560394,0.2622355818748474,21653,2.3874651271818053,1.3051842241777265,11.783654640436998,0.9537422553208522,-0.10753595258574933,0.9169761606899556,1.024512113275705,1,large_tiled_support
BraTS-MET-01105-001,t2w,794328401,202395,21653,202395,1.4791759515470415,0.8558553285891864,13.862826633214965,0.8169393208372979,0.06446041911840439,0.09175373613834381,0.027293317019939423,21653,3.2630810701318804,1.3987162077655564,10.426746369476778,0.9587841111785946,1.4572111118613975,0.3873961179924663,1.0698149938689312,1,large_tiled_support
BraTS-MET-01105-001,t2f,730303723,202395,21653,202395,1.644422539418469,0.9277542056673589,13.402890799236424,0.8161477432919595,0.0329638235270977,0.13140875101089478,0.09844492748379707,21653,1.628079054488986,1.000849179792709,13.446270117038024,0.9644432885022426,0.5671238699214882,0.6724212943663588,0.10529742444487056,1,large_tiled_support
BraTS-MET-01105-002,t1c,1493251654,133668,13962,133668,1.4906615542593755,0.8595029232755304,13.829234500724132,0.840521799851048,-5.99310538973441e-08,0.02674422785639763,0.026744287787451526,13962,1.9844101819163042,1.045911514078657,12.586710540526447,0.9621980286239697,-0.4947974918104592,-0.055334033131657634,0.43946345867880154,1,large_tiled_support
BraTS-MET-01105-002,t1n,1399668600,133668,13962,133668,1.8400825494818784,0.9500904028847272,12.914651940728131,0.850201067367326,7.543322340097802e-07,-0.00033454177901148796,0.00033529611124549774,13962,1.1108959454616925,0.8506683575799076,15.10629119079492,0.963853542722049,-0.044080432150167326,0.012827027783941958,0.056907459934109283,1,large_tiled_support
BraTS-MET-01105-002,t2w,725682634,133668,13962,133668,1.3215238341735602,0.7873097663753904,14.352275005665163,0.8466179734286304,-1.2465659438021248e-07,0.03334816172719002,0.0333482863837844,13962,3.631814778736438,1.450750224907263,9.961788092177667,0.9626419076765583,1.4524011086614337,0.2505217094649197,1.201879399196514,1,large_tiled_support
BraTS-MET-01105-002,t2f,1012999283,133668,13962,133668,1.6116924358977736,0.8955115305457834,13.490203331100785,0.8428471284635337,2.0456467098028952e-07,0.11142319440841675,0.11142298984374577,13962,1.9574075727995317,1.0438640734762012,12.646212365869001,0.9685732338076458,0.7308687461627414,0.47373613851959817,0.2571326076431433,1,large_tiled_support
BraTS-MET-01109-001,t1c,1221570766,25158,2092,25158,1.9695906147470026,1.0151074321427387,12.619265346222168,0.9840210768216412,-6.550398268245772e-08,0.24451619386672974,0.24451625937071242,2092,3.7359480011433535,1.3838707562376849,9.83901677902397,0.9968309364027198,1.4539583961086464,0.7476971668365877,0.7062612292720587,1,large_tiled_support
BraTS-MET-01109-001,t1n,1553562820,25158,2092,25158,1.7407428335215573,1.018493961725961,13.155678848665023,0.9854664175720943,8.006042406805136e-08,0.061569880694150925,0.06156980063372686,2092,1.491939926159644,1.001602948343019,13.82551164401834,0.9965638931602288,0.4994445705651742,-0.2530332656460814,0.7524778362112556,1,large_tiled_support
BraTS-MET-01109-001,t2w,899337164,25158,2092,25158,2.292703809889355,1.1996243038977037,11.959545481041886,0.9834322098482821,7.39952383810305e-08,0.35446494817733765,0.35446487418209927,2092,2.271969688867457,1.23162178758838,11.998999677623798,0.9961822106832553,0.04295520418531851,0.779803242883645,0.7368480386983265,1,large_tiled_support
BraTS-MET-01109-001,t2f,153714562,25158,2092,25158,1.658721299846989,0.9941459031537317,13.365290792435003,0.9833951098146374,-7.581479444240813e-09,0.2537986636161804,0.25379867119765986,2092,0.7086240732453168,0.6578412068900131,17.058865987480925,0.9979009691342272,0.8781387820272357,0.717461225372972,0.16067755665426375,1,large_tiled_support
BraTS-MET-01109-002,t1c,2040495816,10312,245,10312,1.530418491306401,0.9912807578882079,13.714922963461806,0.9894995000794076,-1.1837695268468451e-07,0.26295095682144165,0.26295107519839434,245,2.675790638122979,1.3175499079920048,11.288503708437474,0.9988656735831385,1.7906167225874015,1.0957253933411266,0.6948913292462748,1,large_tiled_support
BraTS-MET-01109-002,t1n,1280746656,10312,245,10312,1.8578638554491782,1.0707547496359142,12.872886151104833,0.9906492707367106,-2.3675390536936902e-07,0.14614485204219818,0.14614508879610355,245,2.171473284610311,1.1580166700847294,12.195480101119564,0.9989157909186108,0.35766699110206446,-0.13415184428959037,0.49181883539165483,1,large_tiled_support
BraTS-MET-01109-002,t2w,1509019137,10312,245,10312,1.836267472161484,0.9923240881263417,12.923665596192295,0.9910569335127732,3.5513085805405353e-08,-0.33912935853004456,0.33912939404313036,245,1.3345934556399024,0.9485453655791222,14.309535098692338,0.9985681199830039,-0.2601352140790141,-0.07244920915400144,0.18768600492501264,1,large_tiled_support
BraTS-MET-01109-002,t2f,1930948403,10312,245,10312,2.0259742684814928,1.0882959394678544,12.496685756006094,0.9896479727798478,-7.5465308668754e-08,0.16684077680110931,0.16684085226641798,245,0.655871922642206,0.6289725040541772,17.394834612702788,0.9991245631907782,-0.029858984270688893,0.2873683857578726,0.3172273700285615,1,large_tiled_support
BraTS-MET-01109-003,t1c,1654011332,2002,50,2002,2.1812437684951127,1.22245128832186,12.175982971801593,0.13438893277002026,-7.431228254972666e-07,0.5800299644470215,0.580030707569847,50,6.950338209883031,2.1285065568983557,7.142965624919729,0.23232479020953178,2.940747825424978,0.8919362995147821,2.048811525910196,0,
BraTS-MET-01109-003,t1n,1793715602,2002,50,2002,1.460010665396744,0.9825917884685238,13.919464724444701,0.26774926620414824,4.5349548827289254e-07,0.6000153422355652,0.6000148887400769,50,0.07079089004047674,0.2129577822983265,27.063251281016978,0.9278908733810697,0.5296966809343644,0.6027688472440786,0.07307216630971425,1,z_continuity_shift
BraTS-MET-01109-003,t2w,1948404010,2002,50,2002,2.487260171409282,1.1916601773500644,11.60581285220844,0.232769692028078,-1.1051570680820078e-07,0.9016646146774292,0.901664725193136,50,3.6380159680797637,1.4981206754222511,9.954378998183524,0.5591177551874092,1.6089061053347677,1.6868786966006155,0.07797259126584777,0,
BraTS-MET-01109-003,t2f,230357336,2002,50,2002,2.2518135490892544,1.2247647493262208,12.037700728268561,0.042484639584965685,3.9633218307244533e-07,-0.18585920333862305,0.18585959967080612,50,2.5481235108140643,1.4134895662777125,11.500820257833382,0.31959869007446934,1.734602900621553,0.5188056074575798,1.2157972931639733,0,
BraTS-MET-01117-001,t1c,2028612442,63756,9695,63756,1.426490729853855,0.8651915716715224,14.020335470569814,0.08107344396445558,-3.3602077564864885e-07,0.051581572741270065,0.051581908762045714,9695,0.9809486397029812,0.7056760312388004,15.646562314887731,0.5578735431259619,0.25302568315055396,0.07515921149934002,0.17786647165121394,0,
BraTS-MET-01117-001,t1n,858952941,63756,9695,63756,1.9135310089487418,1.0631550373160246,12.74466996367098,0.10328584905801551,1.780622795877207e-07,-0.06163601204752922,0.06163619010980881,9695,0.8245000085656268,0.7109064295478467,16.40111836274919,0.5562354216029592,0.4843494219276181,0.39664662844734266,0.08770279348027543,0,
BraTS-MET-01117-001,t2w,646159747,63756,9695,63756,1.371815882180713,0.8549256864758733,14.190066741769405,0.1270186914512794,-1.2828142814669263e-07,0.0268254317343235,0.02682556001575165,9695,0.8690986554651452,0.6989104175933657,16.172334227165127,0.5373664830699934,-0.12126058377725712,0.342074979793324,0.46333556357058114,0,
BraTS-MET-01117-001,t2f,204270983,63756,9695,63756,1.344968996140217,0.8435978962868256,14.275902275518447,0.13793926822432262,1.7231833737696434e-07,0.2915704548358917,0.29157028251755435,9695,0.7270151953185094,0.6849574944578103,16.94759012640005,0.7940661941143327,1.1196660728892311,1.5106779083616857,0.39101183547245455,0,
BraTS-MET-01117-002,t1c,535616550,6400,299,6400,2.5735744388191217,1.2373190302844819,11.457657663389222,0.127143872563726,-9.536743306171047e-08,-0.34433823823928833,0.34433814287185527,299,2.7427749219862987,1.3366039126463558,11.181123308404946,0.26960807976652945,0.44525813487291543,-0.3008222778025811,0.7460804126754965,0,
BraTS-MET-01117-002,t1n,1568154785,6400,299,6400,1.1623413227475803,0.7737970996891022,14.909688229547388,0.17029255059649373,5.7220457705398076e-08,-0.1271807998418808,0.1271808570623385,299,0.6360691237645059,0.5885001043789089,17.52798186316604,0.4206877936121777,-0.06990318571872933,-0.008668865319123142,0.06123432039960619,0,
BraTS-MET-01117-002,t2w,1936179772,6400,299,6400,1.5667420541433126,0.8364004545668081,13.613049999486304,0.13715004012108337,5.7220457705398076e-08,-0.01733877696096897,0.017338834181426677,299,0.6171057176422675,0.6116114345080933,17.659429304848363,0.4222187740236018,-0.20538325996375306,0.19143205515911177,0.39681531512286483,0,
BraTS-MET-01117-002,t2f,290165251,6400,299,6400,1.4548415046861332,0.9499592267907542,13.934868183660264,0.13898782389777747,1.1444091541079615e-07,0.42995530366897583,0.4299551892280604,299,1.030438401840782,0.8821007063103073,15.432804653897739,0.3251215611941401,0.12964981312717327,0.6630170162316062,0.533367203104433,0,
BraTS-MET-01119-000,t1c,407428521,156111,27012,156111,1.6880916821784822,0.9548924912126113,13.28906470810039,0.9569934272948409,-0.00014586570614483207,0.24931594729423523,0.24946181300038006,27012,2.2288351067429124,1.0714304591152592,12.082245609907698,0.9883467655050715,0.541206359383068,0.6396533501247177,0.09844699074164964,1,large_tiled_support
BraTS-MET-01119-000,t1n,80791162,156111,27012,156111,1.7992697749235544,1.0108174980042246,13.012062162561737,0.9588752420861641,0.00447154650464654,-0.026411285623908043,0.030882832128554583,27012,1.7925844658349297,1.045337706268462,13.028228721698422,0.987721664930348,0.006578822202300216,-0.0357906931785692,0.042369515380869416,1,large_tiled_support
BraTS-MET-01119-000,t2w,294800862,156111,27012,156111,1.6128220208169979,0.9384723662847554,13.487160562808612,0.9590373460560943,-0.0040353392250835896,-0.04820353537797928,0.04416819615289569,27012,1.5113746392031793,0.9554544611635168,13.769303702657893,0.9881476638687366,0.4489628656738205,-0.12100084220219287,0.5699637078760134,1,large_tiled_support
BraTS-MET-01119-000,t2f,2006128628,156111,27012,156111,1.5365527017255407,0.9372410571168197,13.697550401930682,0.9579839134618386,0.006356557831168175,0.30040982365608215,0.294053265824914,27012,1.5006515293845715,0.9608875248729722,13.800226455896018,0.9900578303152374,0.9715941137110349,0.944815208640648,0.026778905070386827,1,large_tiled_support
BraTS-MET-01119-001,t1c,231169235,302422,62127,302422,1.7555895847595602,0.9652017068038814,13.118795050894917,0.9390423005226854,-0.005154480691999197,0.08690333366394043,0.09205781435593963,62127,2.3473460850289944,1.0927995919750801,11.85725375490067,0.9812907169087506,0.0868839243412367,0.37654940182255814,0.28966547748132143,1,large_tiled_support
BraTS-MET-01119-001,t1n,1297321442,302422,62127,302422,1.9279485191868229,1.0425311910687443,12.712070677417554,0.9411193031487192,0.0018546136561781168,-0.05938694253563881,0.061241556191816926,62127,1.3547465262170009,0.8923032269657434,14.244444546807344,0.9819999038214714,0.3451969577145064,-0.15747419876424829,0.5026711564787547,1,large_tiled_support
BraTS-MET-01119-001,t2w,1997140433,302422,62127,302422,1.6923914489053768,0.9721414759679307,13.278016784489608,0.941467588632541,-0.004734007176011801,0.0640714019536972,0.068805409129709,62127,1.3732529939761862,0.9318527779906899,14.185519462208639,0.9810957457134354,0.4260499570227694,0.23641402527937316,0.1896359317433962,1,large_tiled_support
BraTS-MET-01119-001,t2f,997192916,302422,62127,302422,1.5016324560676713,0.9165179195867273,13.7973885427416,0.9415443690796644,0.005710661876946688,0.33845624327659607,0.3327455813996494,62127,0.7964130950661249,0.6991225809551451,16.55164108442299,0.9868218672259856,1.0364131903043017,0.9515188100631349,0.0848943802411668,1,large_tiled_support
BraTS-MET-01119-003,t1c,46613082,654880,114316,654880,1.841709556775214,0.9279426931363287,12.910813590733808,0.907135464505227,0.006838194560259581,0.11052201688289642,0.10368382232263684,114316,3.773252604581909,1.2097950731439946,9.795866202671158,0.9760027363645237,0.0905042475569644,0.3980390409997199,0.30753479344275547,2,extreme_zscore_signal;large_tiled_support
BraTS-MET-01119-003,t1n,331142538,654880,114316,654880,1.8435817032691726,1.01129446493374,12.906401114735518,0.9086017464231159,-0.00017219243454746902,0.00889144279062748,0.009063635225174949,114316,1.5579814217026398,0.9562779779847629,13.637402261856408,0.9758564311330983,0.30650282235001214,0.09056638307447429,0.21593643927553785,1,large_tiled_support
BraTS-MET-01119-003,t2w,1427909438,654880,114316,654880,1.5079488568063302,0.8993742079773402,13.779158884002749,0.9096494171563057,-0.038232363760471344,0.08163188397884369,0.11986424773931503,114316,1.3666524728506948,0.8606210264123524,14.206444092510907,0.9756241204537689,0.3769016172736883,0.32173575440538116,0.05516586286830716,1,large_tiled_support
BraTS-MET-01119-003,t2f,1982616383,654880,114316,654880,1.5529402314087064,0.906406815279102,13.651477595711789,0.9112787717988452,0.021394604817032814,0.31650930643081665,0.29511470161378384,114316,2.005510613946183,0.9733167945446004,12.540775359873626,0.9832783796063553,1.04058878950309,1.600026016792981,0.5594372272898909,1,large_tiled_support
BraTS-MET-01134-000,t1c,45780273,5508,430,5508,2.375444581439955,1.184110627268123,11.805575978813835,0.04499323270969757,-9.419005664312863e-08,0.49278438091278076,0.4927844751028374,430,5.503852891839468,1.9773056970331222,8.156356833007633,0.1021089266245271,0.25117733730439795,2.195507492273464,1.944330154969066,0,
BraTS-MET-01134-000,t1n,1454217354,5508,430,5508,1.9044626171193795,0.9509330525969023,12.765300484949801,0.27688312735347,-4.4324732328959726e-08,0.8410771489143372,0.8410771932390695,430,0.19623910762114732,0.372016220374661,22.635169404777056,0.6456523860929383,0.3880937134654232,0.5091301458305679,0.12103643236514472,0,
BraTS-MET-01134-000,t2w,1352511347,5508,430,5508,3.543814581906629,1.4456792062085528,10.068315099454416,0.07741287508510451,9.97306486283378e-08,0.9336199760437012,0.9336198763130525,430,1.745274046180829,1.035976824601354,13.144388703892712,0.30851157639942056,0.4035166818903235,1.1492334616486914,0.7457167797583679,0,
BraTS-MET-01134-000,t2f,3376692,5508,430,5508,1.1788411403841281,0.7384345257255132,14.848472168791558,0.2028270722078186,-1.1081183259875615e-07,0.14264877140522003,0.14264888221705263,430,0.7190064399381556,0.685513938830754,16.995697205136405,0.3417777199798099,0.7175800154000171,0.05327228779060533,0.6643077276094118,0,
BraTS-MET-01134-003,t1c,1234415487,1573,23,1573,2.137491056050145,0.8647429216295694,12.263981945910277,0.08233975798240174,8.245372384863003e-08,-0.1721552461385727,0.17215532859229654,23,0.472723652874276,0.5593187441624216,18.81695167861907,0.5386080912181309,-0.1511271484168617,-0.5572028661335935,0.4060757177167318,0,
BraTS-MET-01134-003,t1n,248654651,1573,23,1573,1.724040614912571,0.9008799229333878,13.197550080578024,0.10297940552106072,1.2610568944637635e-07,0.31538110971450806,0.3153809836088186,23,1.0468127199814004,0.8561073381291784,15.364335095887359,0.13763568550348282,-0.3714347098861026,0.4109782139712479,0.7824129238573505,0,
BraTS-MET-01134-003,t2w,1244038823,1573,23,1573,1.0801332464816529,0.7450878304001657,15.228251669079086,0.20626509417765967,-1.8915854127499188e-07,-0.22915130853652954,0.22915111937798827,23,3.9424781420164625,1.8729132653578469,9.605332065857382,0.006172399344255349,1.6733051654327937,-0.19956950682171737,1.872874672254511,1,high_frequency_shift
BraTS-MET-01134-003,t2f,699812919,1573,23,1573,1.7203678523057326,0.8962772100395767,13.206811822634428,0.1589282499236764,-1.2610568944637635e-07,0.7133185267448425,0.713318652850532,23,0.21867991049211788,0.38985541527685913,22.16493613308821,0.838305686201368,0.6177052179492648,0.9815965383604635,0.36389132041119865,0,
BraTS-MET-01149-000,t1c,696559584,5220402,1119701,5220402,1.375923285730884,0.8306601995562984,14.177082801763136,0.049034070249747395,0.0012598768807947636,0.05797157809138298,0.05671170121058822,1119701,1.3812102265866617,0.8976638304189579,14.160427155282475,0.5762522525040625,-0.342872878536582,0.1671856123721227,0.5100584909087047,1,large_tiled_support
BraTS-MET-01149-000,t1n,174535837,5220402,1119701,5220402,1.714245545153502,0.9880119342787924,13.222294712387509,0.03612665257830796,-0.017252186313271523,0.058769259601831436,0.07602144591510296,1119701,2.1992475330395953,1.207751498381268,12.140283872850413,0.5764353107842749,-0.2718045481014997,0.327722197456751,0.5995267455582507,1,large_tiled_support
BraTS-MET-01149-000,t2w,254734402,5220402,1119701,5220402,1.3260946628568764,0.8445742105949005,14.337279736148378,0.045262587976948654,-0.028687505051493645,0.08362853527069092,0.11231604032218456,1119701,1.5042553703154775,0.9801257518091766,13.789809301337819,0.5788747607184046,0.5808161571621895,0.45042909536277875,0.13038706179941073,1,large_tiled_support
BraTS-MET-01149-000,t2f,1573533657,5220402,1119701,5220402,1.502726007058762,0.9227590358843376,13.794226981377246,0.07437571718697675,-0.035074539482593536,0.1188538521528244,0.15392839163541794,1119701,2.462486638752804,1.2994644448351809,11.649286180368952,0.6243141361252506,0.7393380226567388,1.943928712978959,1.2045906903222203,1,large_tiled_support
BraTS-MET-01149-001,t1c,250365123,133950,22583,133950,1.3442240398580232,0.8541011762425299,14.278308427896212,0.029155486816162333,1.4581000407076772e-08,0.0454971082508564,0.04549709366985599,22583,1.9377190522778107,0.9771612789357691,12.690116913602614,0.5878597302628737,-0.16869187392512686,0.18955787069353391,0.35824974461866077,0,
BraTS-MET-01149-001,t1n,735736565,133950,22583,133950,1.5220836422021071,0.8815317465509747,13.73863982137774,0.11156987898371333,-4.4472051285993075e-07,0.04359440132975578,0.04359484605026864,22583,0.8834006983851662,0.731116700298987,16.101447625070115,0.6369781229506565,0.10509087449281651,0.11194484252337134,0.0068539680305548245,0,
BraTS-MET-01149-001,t2w,1950371016,133950,22583,133950,1.4269322686279253,0.893992456667798,14.018991415694265,0.0676552151028725,1.5674575593038753e-07,0.04521319270133972,0.04521303595558379,22583,1.4688776725721506,0.9822486378808105,13.893168713071862,0.5597704510158045,0.5308946018340066,0.5324530597645207,0.0015584579305141233,0,
BraTS-MET-01149-001,t2f,774239839,133950,22583,133950,1.230780375079656,0.7534149829152086,14.661219380070785,0.10963792592476224,6.039723530193442e-07,0.18732525408267975,0.18732465011032673,22583,0.5905569264881568,0.6050661843535773,17.85040733164803,0.7382316289242931,0.9793398258334491,1.1207316293910026,0.14139180355755343,0,
BraTS-MET-01172-001,t1c,1829289135,267440,31424,267440,1.6196339998967828,0.8713484939149677,13.468856157206947,0.25759139503047573,0.026062708348035812,0.021247783675789833,0.004814924672245979,31424,1.865086575507009,0.9834267410635358,12.85603504626716,0.7716964483581776,-0.26241940341424197,-0.01309577960637398,0.249323623807868,1,large_tiled_support
BraTS-MET-01172-001,t1n,1669744782,267440,31424,267440,1.9372885570507803,1.0031904746266607,12.691081875332774,0.2586634600745827,-0.06922464072704315,0.06967667490243912,0.13890131562948227,31424,1.6774470993421733,1.000784314392438,13.316536677987138,0.7701015523830465,0.24086930695921183,0.32101111457450315,0.08014180761529133,1,large_tiled_support
BraTS-MET-01172-001,t2w,417684291,267440,31424,267440,1.3231448236773435,0.8199034897581357,14.346951186495724,0.271477813234673,-0.04429641366004944,0.01740375906229019,0.06170017272233963,31424,1.3920942039194866,0.9144370199242782,14.126338755084793,0.7905320349052962,0.740537365199998,0.3348453033831902,0.40569206181680784,1,large_tiled_support
BraTS-MET-01172-001,t2f,75363208,267440,31424,267440,2.1446639907163663,1.0087040676429817,12.249432408006262,0.2725881113237974,-0.0024015011731535196,0.35795876383781433,0.36036026501096785,31424,4.9401705163436995,1.509898739373059,8.62560561351922,0.8371563963255494,1.1199364671483636,1.8999388166703284,0.7800023495219648,2,extreme_zscore_signal;large_tiled_support
BraTS-MET-01172-002,t1c,94024070,38144,3211,38144,1.537252691846274,0.8964532665045548,13.695572385672971,0.6047819661570034,5.7604488290508016e-08,-0.048433635383844376,0.048433692988332666,3211,1.6864754856613053,1.041937448486839,13.293224680315125,0.8758211268572607,-0.8520257299678633,-0.22799467237928184,0.6240310575885815,1,large_tiled_support
BraTS-MET-01172-002,t1n,166986080,38144,3211,38144,1.6133068265609471,0.9834407740336084,13.485855292802745,0.6205181639626379,-3.0082344437687425e-07,0.03922637179493904,0.03922667261838342,3211,1.247868154022392,0.9454058870757636,14.60133799239302,0.8735208768376556,-0.37746788577351253,0.3058275390212657,0.6832954247947782,1,large_tiled_support
BraTS-MET-01172-002,t2w,68482922,38144,3211,38144,1.6637246383342652,0.962062786323416,13.352210525793307,0.6161217981580287,-7.60059215565434e-09,0.04345324635505676,0.04345325395564892,3211,3.8458556606375853,1.624108630803405,9.713095201276806,0.8654960819024451,1.1895511953043751,-0.05160114862519549,1.2411523439295706,1,large_tiled_support
BraTS-MET-01172-002,t2f,171064068,38144,3211,38144,1.8719186243872155,1.0053247154142557,12.840155355039562,0.6043909367963749,2.816219364376593e-07,0.0847824364900589,0.08478215486812246,3211,1.2771174045377314,0.8692433919078509,14.500716772711684,0.8806678595474099,0.22106566935326555,0.17158029261918273,0.04948537673408282,1,large_tiled_support
BraTS-MET-01172-004,t1c,701066572,53020,4226,53020,1.4897277324669786,0.8500784067515792,13.831955981884976,0.85789170301518,7.367502519173286e-08,0.0859670415520668,0.08596696787704161,4226,1.304890380031244,0.8406919024087093,14.407284713513455,0.9666129822211139,-0.44531568238016916,-0.02408381854183972,0.42123186383832945,1,large_tiled_support
BraTS-MET-01172-004,t1n,587775557,53020,4226,53020,2.0079654304750822,1.0659322093682286,12.535462691285433,0.8613247722414638,-2.417461928416742e-07,-0.010529579594731331,0.01052933784853849,4226,0.744246569056576,0.6533342367563735,16.845856595220635,0.9684474812062174,0.07368264550314052,0.05834718425103347,0.015335461252107052,1,large_tiled_support
BraTS-MET-01172-004,t2w,1092617236,53020,4226,53020,1.2359197371367243,0.8250252526238011,14.643122329679365,0.8606524950821475,-1.9569929676777065e-08,0.15189605951309204,0.15189607908302172,4226,0.7656670035959867,0.6843894001568745,16.722625691819815,0.9771442587512097,0.7584848999686074,0.5689552506664768,0.18952964930213057,1,large_tiled_support
BraTS-MET-01172-004,t2f,14875205,53020,4226,53020,1.7205661486012571,0.9629066667766557,13.20631126675628,0.8583332940956424,9.66984714523278e-08,-0.11351792514324188,0.11351802184171333,4226,2.5737012528655123,1.2174341550907217,11.457443668088075,0.9663691803610674,0.5355932847451186,-0.4080223529599607,0.9436156377050793,1,large_tiled_support
BraTS-MET-01180-000,t1c,2058509759,47970,8036,47970,1.5308253297858894,0.9298354496889837,13.713768611061056,0.04988762296981558,1.0178887954737093e-08,-0.07716991752386093,0.07716992770274889,8036,1.9317698752423957,1.035916684872794,12.703471115371913,0.41622611443060975,-0.12085037852739333,-0.16026352562766988,0.03941314710027655,0,
BraTS-MET-01180-000,t1n,1773770279,47970,8036,47970,1.737314663599329,0.9742588333751085,13.164240154874749,0.07167778507353263,-4.071555181894837e-08,-0.04546509310603142,0.0454650523904796,8036,2.2550231470993185,1.1009290297404368,12.031514966349432,0.5122940813146964,0.48118757155316416,-0.43179672707628924,0.9129842986294534,0,
BraTS-MET-01180-000,t2w,1442395624,47970,8036,47970,1.3303866495953598,0.8415519015260139,14.323246226707958,0.12683021042373432,-1.0560596308550885e-07,0.107304148375988,0.10730425398195109,8036,2.7177316487044343,1.2515784496163906,11.220959288860772,0.5153297136524349,1.2368719284422696,0.6154641801294929,0.6214077483127767,0,
BraTS-MET-01180-000,t2f,1837999806,47970,8036,47970,1.3429531758945292,0.9106785069126261,14.282416301723881,0.07395889441025953,2.137566497140142e-07,0.1754467934370041,0.17544657968035438,8036,2.7552343339699092,1.3392942958727592,11.161439590596503,0.5572074372584146,1.6668132842169143,0.6756212776963366,0.9911920065205777,0,
BraTS-MET-01180-003,t1c,1280581179,47685,5588,47685,1.3523649377520297,0.8729511060618079,14.252085983143512,0.8415487871683535,1.0239724446137188e-07,-0.018529577180743217,0.01852967957798768,5588,1.657246154311744,0.9275552263812172,13.369154808696194,0.9505617490209315,0.590386216135812,0.03702389285899699,0.553362323276815,1,large_tiled_support
BraTS-MET-01180-003,t1n,157175666,47685,5588,47685,1.4591780941401595,0.8958183959960633,13.921941995646492,0.8512113801892386,-1.0239724446137188e-07,0.1303568184375763,0.13035692083482076,5588,0.8096915372915732,0.6949261209982176,16.479829006127314,0.9594309107359623,0.6939216040482279,0.5064058739080792,0.18751573014014866,1,large_tiled_support
BraTS-MET-01180-003,t2w,274957515,47685,5588,47685,1.5808488397478486,0.9314868058025756,13.574121559469795,0.8479587184945125,4.6078760362888715e-08,0.16884149610996246,0.1688414500312021,5588,1.0216146519524891,0.7469406698484399,15.470153878348686,0.9492367671359325,0.21306372280378127,0.3197552613855805,0.10669153858179925,1,large_tiled_support
BraTS-MET-01180-003,t2f,1707300030,47685,5588,47685,1.487576304275008,0.9797138275284007,13.838232489376868,0.8403934476414303,1.1263696819696634e-07,0.24503467977046967,0.24503456713350147,5588,1.9933774013292416,1.0796369472504397,12.567129703567826,0.9639129699110383,1.5171921291621402,0.7897797114565037,0.7274124177056365,1,large_tiled_support
BraTS-MET-01181-001,t1c,1998772618,565779,104617,565779,1.6578404081160156,0.8997472135771749,13.367597798669763,0.660043562982325,0.0458257794380188,0.07543504983186722,0.02960927039384842,104617,2.6098340050868276,1.1112852328437632,11.39689615255589,0.8940621209237394,-0.4016308020800352,0.13039048679638654,0.5320212888764217,2,extreme_zscore_signal;large_tiled_support
BraTS-MET-01181-001,t1n,2136822945,565779,104617,565779,1.621071741025089,0.9712473269789861,13.46500265658509,0.666163938688084,0.09449174255132675,0.045954570174217224,0.04853717237710953,104617,2.039344869895734,1.1142320897615325,12.468118260299118,0.8947951814624968,0.03555605374276638,0.323358006804483,0.28780195306171663,1,large_tiled_support
BraTS-MET-01181-001,t2w,324627711,565779,104617,565779,1.3221739696360435,0.8564577900169217,14.350138980517876,0.6725282776662223,-0.02585688605904579,0.10858016461133957,0.13443705067038536,104617,1.6586368488967016,1.0157930357337612,13.365511911651346,0.8981898743029058,0.895198829472065,0.637272041713004,0.25792678775906097,1,large_tiled_support
BraTS-MET-01181-001,t2f,1199335416,565779,104617,565779,1.809522251128837,0.909666872567891,12.987385729069016,0.681566539381503,-0.03860893100500107,0.38449668884277344,0.4231056198477745,104617,5.13923445792659,1.595758319281966,8.454040696045777,0.9171856192560078,1.132158316206187,2.1870026996475644,1.0548443834413774,2,extreme_zscore_signal;large_tiled_support
BraTS-MET-01181-002,t1c,1829882469,334979,59583,334979,1.4546875699934196,0.851285418802796,13.935327728734157,0.776851338670223,0.06121697276830673,-0.03307977318763733,0.09429674595594406,59583,1.909027503899563,0.9679378051827284,12.754903153250272,0.9339993734789673,0.17053029718226753,-0.14015241283777868,0.3106827100200462,1,large_tiled_support
BraTS-MET-01181-002,t1n,2054232010,334979,59583,334979,1.8425489248683922,1.0465418151716173,12.90883472340256,0.7776415702653529,0.07634799927473068,0.04066142812371254,0.03568657115101814,59583,2.513955511876389,1.2307115837547717,11.559449128260793,0.9319575155159199,0.21787848853273317,0.1789656995460973,0.03891278898663586,1,large_tiled_support
BraTS-MET-01181-002,t2w,361430568,334979,59583,334979,1.5008061945259803,0.905770168148383,13.799778871930528,0.7787682898222691,-0.0022011634428054094,0.0821162685751915,0.08431743201799691,59583,1.9879704581010547,1.0855168347904287,12.578925744177758,0.9288360271340829,0.6135539503302425,0.2930986197316088,0.32045533059863374,1,large_tiled_support
BraTS-MET-01181-002,t2f,1190349214,334979,59583,334979,1.514232569434915,0.9262604215156038,13.761099176340627,0.779046151535499,0.0233378317207098,0.21395307779312134,0.19061524607241154,59583,2.676260348799218,1.2261067979659757,11.287741410933943,0.9414752808216249,0.9809273327700794,1.1239842408685945,0.14305690809851512,1,large_tiled_support
BraTS-MET-01187-000,t1c,977673063,166791,15337,166791,1.2529375483924334,0.7693935508638668,14.583730762731271,0.9709380631352659,-1.8662834833094166e-08,0.03158951178193092,0.03158953044476576,15337,4.015089393248333,1.5501801789973388,9.526072817721932,0.9940379493051973,1.132952298867167,0.27950892154240137,0.8534433773247656,1,large_tiled_support
BraTS-MET-01187-000,t1n,364731341,166791,15337,166791,1.6625937680269944,0.9773814000302935,13.355163524833799,0.9709949568616684,-1.449114250817729e-07,0.004008424933999777,0.004008569845424859,15337,1.545345815321807,0.9598086675684437,13.672768203199656,0.9942385545134328,0.06528031103698595,-0.07237396330492629,0.13765427434191224,1,large_tiled_support
BraTS-MET-01187-000,t2w,839829294,166791,15337,166791,1.1538265329691493,0.8078766348108857,14.941619791546989,0.9694823031453432,-3.878942322899093e-08,0.04292254149913788,0.04292258028856111,15337,1.134723659333656,0.8476997618822508,15.014123906379853,0.9943033241830166,0.030651465267510503,0.052491800241114106,0.021840334973603603,1,large_tiled_support
BraTS-MET-01187-000,t2f,1566322360,166791,15337,166791,1.3819009081384495,0.9014676431925984,14.158255985334431,0.96993685459735,-6.202647995223742e-08,0.06170938163995743,0.06170944366643738,15337,1.3406413239058521,0.8943267367719325,14.28989898817379,0.9953758077127739,0.5255261461570626,0.7420557284813185,0.2165295823242559,1,large_tiled_support
BraTS-MET-01191-001,t1c,1834409708,161616,37585,161616,1.6141589355577308,0.8633203153677789,13.48356206169724,0.06630963007677512,-0.025082645937800407,0.07851795852184296,0.10360060445964336,37585,3.3535915914227252,1.1527192947411093,10.307923287200245,0.5019582624359777,0.193624998209998,0.24323768550675595,0.04961268729675794,2,extreme_zscore_signal;large_tiled_support
BraTS-MET-01191-001,t1n,383864295,161616,37585,161616,1.4726474196445356,0.9102589356070953,13.882037200018697,0.08258905891002787,0.0868590846657753,0.12296062707901001,0.03610154241323471,37585,1.0954918398819202,0.8203603904412324,15.16693353838571,0.4892013107968725,0.2872813459689496,0.2956680743081961,0.008386728339246474,1,large_tiled_support
BraTS-MET-01191-001,t2w,911138508,161616,37585,161616,1.4363834114545242,0.9215026825006156,13.990321198767184,0.06556672087774026,0.06000500172376633,0.1596614122390747,0.09965641051530838,37585,1.0484558855215578,0.8104127753011814,15.357523388105701,0.4884222837377866,0.5826746292586904,0.5168398366076872,0.06583479265100323,1,large_tiled_support
BraTS-MET-01191-001,t2f,225251197,161616,37585,161616,1.568639020010654,0.9398970738443745,13.607794868517642,0.1221519566999162,0.11400080472230911,0.3616712689399719,0.2476704642176628,37585,1.665547252055527,0.9658612157290598,13.347455425057035,0.6233425942421132,0.8554364870942663,1.1483907787769567,0.2929542916826904,1,large_tiled_support
BraTS-MET-01191-002,t1c,342438313,236250,35172,236250,1.4563341025809975,0.8675065276254635,13.930414813793995,0.032888445302891395,-0.06802818179130554,0.07625077664852142,0.14427895843982697,35172,2.4242215215899177,0.9851731669287567,11.717301983058643,0.661546049333168,0.10225400590570644,0.31833113805623725,0.21607713215053082,2,extreme_zscore_signal;large_tiled_support
BraTS-MET-01191-002,t1n,1366857332,236250,35172,236250,1.6847676202142963,1.0140211295218808,13.297624936123603,0.05399707812950257,0.05686338618397713,0.07884684950113297,0.021983463317155838,35172,1.3270271237157794,0.9042494975482597,14.334227010681072,0.6443452349942149,0.3218692582595395,0.2942259272822412,0.02764333097729832,1,large_tiled_support
BraTS-MET-01191-002,t2w,5394583,236250,35172,236250,1.6774038358811887,0.9842428617949016,13.316648689416187,0.05355115366754901,0.0788828432559967,0.11856154352426529,0.039678700268268585,35172,1.2342437035883072,0.8831535073285592,14.64901580394316,0.6361691397014129,0.5536499815480056,0.12647697963984683,0.42717300190815877,1,large_tiled_support
BraTS-MET-01191-002,t2f,445297078,236250,35172,236250,1.6312070158161696,0.9340419288544128,13.43793420094006,0.09419750104121621,-0.024470999836921692,0.30792900919914246,0.33240000903606415,35172,1.3146092569159036,0.8716353339616676,14.375058146962518,0.7726154911318845,1.0367492508376017,1.600431640894385,0.5636823900567833,1,large_tiled_support
BraTS-MET-01191-003,t1c,725161600,237276,34805,237276,1.5000665072048136,0.8835975159669046,13.801919863304386,0.042813072794576475,-0.05192909389734268,0.0999390035867691,0.15186809748411179,34805,2.865530203234479,1.1306465596100364,10.990975104027838,0.6540209217327021,0.2863466537964996,0.7155409569568292,0.4291943031603296,2,extreme_zscore_signal;large_tiled_support
BraTS-MET-01191-003,t1n,2050031924,237276,34805,237276,1.5478999092696335,0.9553392012435113,13.665596259819477,0.06113962245394112,0.035426586866378784,0.009389565326273441,0.026037021540105343,34805,1.164659112586279,0.8316328703345719,14.901036717027171,0.617338983522077,0.2480426212518978,0.04556922017764009,0.2024734010742577,1,large_tiled_support
BraTS-MET-01191-003,t2w,2076507503,237276,34805,237276,1.7165727195427785,0.9605585041361098,13.216402945043855,0.06746531197945918,0.07445365190505981,0.09246396273374557,0.01801031082868576,34805,1.825746990384081,1.0126907767779765,12.948619073572164,0.6168152706569501,0.47054883351302124,0.4635952077805996,0.006953625732421642,1,large_tiled_support
BraTS-MET-01191-003,t2f,1489698928,237276,34805,237276,1.712478477262357,0.9855014230629687,13.226773788597189,0.09396335751206143,-0.01736587844789028,0.39677080512046814,0.4141366835683584,34805,1.5925096914832213,0.9545455108272756,13.542204167803844,0.7558640824417576,0.9558340163202956,1.6838725474081002,0.7280385310878046,1,large_tiled_support
BraTS-MET-01191-004,t1c,1775064021,725504,105598,725504,1.6295787611715107,0.9050262814129646,13.442271450391239,0.022001781304387187,-0.03205438330769539,0.09276316314935684,0.12481754645705223,105598,3.144142375795789,1.094097509384264,10.588002968533337,0.68586620903722,0.16818345728097484,0.6303559824718832,0.46217252519090835,2,extreme_zscore_signal;large_tiled_support
BraTS-MET-01191-004,t1n,1810710831,725504,105598,725504,1.7176654682407084,1.0302996881019642,13.213639160357502,0.041524865119524086,0.04505575820803642,-0.010871301405131817,0.05592705961316824,105598,1.6061224015446547,0.9673470599368473,13.505238612631132,0.6876065671024608,0.42597720737103373,-0.027339540858520195,0.4533167482295539,1,large_tiled_support
BraTS-MET-01191-004,t2w,289897745,725504,105598,725504,1.5772501045876461,0.9686689243140958,13.584019358911451,0.0315989706174186,0.08320235460996628,0.13574151694774628,0.05253916233778,105598,1.1906089151109602,0.8399839269365305,14.805333706037956,0.6784931389066855,0.34867889306042343,0.49557626189198345,0.14689736883156002,1,large_tiled_support
BraTS-MET-01191-004,t2f,139371458,725504,105598,725504,1.6997926687963034,1.0237471259841098,13.259065489707352,0.06713447601914922,-0.014869777485728264,0.2528091073036194,0.26767888478934765,105598,2.7512530099755166,1.3520958836779584,11.167719700709288,0.7711439943526038,0.9459620239213109,2.189553336240351,1.2435913123190403,1,large_tiled_support
BraTS-MET-01217-000,t1c,1207219988,28011,1317,28011,1.6370689927925524,0.9304913311066352,13.4223551802138,0.9851245862186492,-3.050559271855491e-08,0.0519598163664341,0.051959846872026816,1317,3.5578023482799717,1.411003780786693,10.05120683336321,0.9974230612799794,0.8714476433051459,0.32736551911330025,0.5440821241918457,1,large_tiled_support
BraTS-MET-01217-000,t1n,1441305042,28011,1317,28011,2.002188280570469,1.111656621004011,12.547975857818285,0.9865259696729859,-7.081655706286938e-09,0.07888869196176529,0.078888699043421,1317,1.3512620889525984,0.9566830257808829,14.255629084094947,0.9980659126522449,0.9036857952687569,0.35344873212306993,0.550237063145687,1,large_tiled_support
BraTS-MET-01217-000,t2w,1850469402,28011,1317,28011,1.7050205737395139,1.0105108657186672,13.245728769650844,0.9859034595977899,-3.48635360580829e-08,0.1539103090763092,0.15391034393984526,1317,2.1675184554449114,1.0950824712617635,12.203396967810862,0.9979925700529464,0.6957206241604581,0.38821460111648776,0.30750602304397034,1,large_tiled_support
BraTS-MET-01217-000,t2f,1435905144,28011,1317,28011,1.3675616780973587,0.9087810924437955,14.203555783005516,0.9857865113023393,-2.1789710036301813e-09,0.005237965378910303,0.005237967557881307,1317,2.238522466993927,1.274791030095468,12.063410432171231,0.9976637308957401,0.9245917675089004,-0.03450869050129768,0.959100458010198,1,large_tiled_support
BraTS-MET-01250-001,t1c,1773308418,1573,32,1573,1.5008480731515141,0.9572937322826524,13.79965768771437,0.09058021435267315,-8.730394540634734e-08,0.14942599833011627,0.14942608563406168,32,1.2454417063467411,0.8746978384442627,14.609790958352765,0.31894346858773914,0.2501986726330756,0.5629164367119301,0.31271776407885454,0,
BraTS-MET-01250-001,t1n,1119041996,1573,32,1573,1.7743515644432992,1.0508238285157099,13.072628270017129,0.09837216595755424,9.700437786364091e-09,-0.036835551261901855,0.03683556096233964,32,0.1806177430379712,0.34876252751564607,22.99542089645921,0.707293723310743,0.08359074965768798,0.24337231716685892,0.15978156750917094,0,
BraTS-MET-01250-001,t2w,1442586512,1573,32,1573,3.567521955840332,1.552817201195022,10.039358461646364,0.2071392154006773,-1.9400875572728182e-08,1.3260687589645386,1.3260687783654141,32,2.4693255370204326,1.515287739224732,11.637241529932894,0.03846800849506898,-0.033363957595955895,1.4818301292762044,1.5151940868721603,0,
BraTS-MET-01250-001,t2f,960650618,1573,32,1573,1.4865921782365832,0.900569329419554,13.84110657351902,0.2294898892861119,9.215415985863729e-08,0.5136006474494934,0.5136005552953335,32,0.7939884096899686,0.7639277065172791,16.564883379427467,0.23598053838525498,0.03518230426280056,0.5143661938709556,0.47918388960815506,0,
BraTS-MET-01268-002,t1c,942701247,350350,46913,350350,1.7716236183368184,0.9400358537816664,13.079310393346411,0.033956782360234965,-0.00015411904314532876,0.06856735795736313,0.06872147700050846,46913,3.240659404779719,1.329320653771665,10.456691119435394,0.6839071844947741,0.3773612716322532,0.34733386305742897,0.03002740857482422,1,large_tiled_support
BraTS-MET-01268-002,t1n,1927472896,350350,46913,350350,2.050649469595738,1.1014162604171531,12.444110707405478,0.04617658707911122,-0.0073617142625153065,-0.01641353964805603,0.009051825385540724,46913,1.9107497788402843,1.069572259895198,12.750986827776835,0.6844301251105829,0.023577112868224503,-0.23827817054552725,0.26185528341375175,1,large_tiled_support
BraTS-MET-01268-002,t2w,902570082,350350,46913,350350,1.7123238843886663,1.0028100671052644,13.227165862795587,0.03887887153941631,0.0015767327276989818,0.03201491758227348,0.0304381848545745,46913,1.660416718463493,1.003532485332535,13.360854031989124,0.6746583370981696,0.28310589605825953,0.28282132650383573,0.00028456955442379694,1,large_tiled_support
BraTS-MET-01268-002,t2f,39308437,350350,46913,350350,1.7687178304217372,0.9734225679458546,13.086439468090997,0.07622879948567085,-0.035410962998867035,0.2191247195005417,0.2545356824994087,46913,2.6269892410431157,1.2458448253471153,11.368442066508685,0.7610056500714314,0.9188151261769235,1.6287101561342752,0.7098950299573517,1,large_tiled_support
BraTS-MET-01270-001,t1c,539448473,821032,131311,821032,1.5901385817178377,0.8881453126154125,13.548675257218807,0.8176610868689664,0.026941612362861633,0.017919423058629036,0.009022189304232597,131311,2.120693103095596,1.0388149696304365,12.298246767937364,0.9533206687807976,-0.010253104555886239,-0.1080886137788184,0.09783550922293216,1,large_tiled_support
BraTS-MET-01270-001,t1n,152764130,821032,131311,821032,1.8539317365371073,1.0208549824882056,12.88208761784617,0.8189094478161553,0.011334255337715149,-0.0703350082039833,0.08166926354169846,131311,2.273078274709463,1.1671532472576762,11.996881096137727,0.9545433499791945,0.2169597317406442,-0.5364523108873982,0.7534120426280424,1,large_tiled_support
BraTS-MET-01270-001,t2w,578932119,821032,131311,821032,1.2967618037776028,0.8365707239108144,14.434422909170515,0.8234692991249747,-0.013057741336524487,0.10837917774915695,0.12143691908568144,131311,1.4302354034054803,0.9388599555123647,14.008949765986273,0.9565515695095201,0.8362485116813332,0.6375838468738948,0.19866466480743838,1,large_tiled_support
BraTS-MET-01270-001,t2f,1571774862,821032,131311,821032,1.5235812214869875,0.8975733883296738,13.734368895316198,0.8257557080267335,-0.027444906532764435,0.3118920624256134,0.33933696895837784,131311,1.7511658784451531,0.9818434754892085,13.129752143747005,0.9658840393491792,1.0599862115923315,1.5572481249691918,0.4972619133768603,1,large_tiled_support
BraTS-MET-01270-002,t1c,958236830,154266,23627,154266,1.5997644439041483,0.9509608880752075,13.522464607637579,0.9535192926155491,4.431266376059284e-08,0.0427839457988739,0.04278390148621014,23627,1.7315366014001397,0.9554290423980402,13.17870824623011,0.9888597796328186,0.099906033516163,0.011486968694953248,0.08841906482120976,1,large_tiled_support
BraTS-MET-01270-002,t1n,326422504,154266,23627,154266,1.9040068412646274,1.0498375603242431,12.766339962576241,0.9554218090340466,-3.560839161309559e-07,-0.0584835521876812,0.05848319610376507,23627,1.5059601101600733,0.927113729836058,13.784890323334158,0.9890702430866833,0.17081536968180444,-0.25570116373273777,0.4265165334145422,1,large_tiled_support
BraTS-MET-01270-002,t2w,738752808,154266,23627,154266,1.3438432528523798,0.8696834743788954,14.279538856143944,0.9545520096188141,1.3689448508102942e-07,-0.04548591375350952,0.0454860506479946,23627,1.7623622385037458,0.9971681469541931,13.102073219951755,0.9886780818861776,0.48290932024247013,-0.15657611990172882,0.639485440144199,1,large_tiled_support
BraTS-MET-01270-002,t2f,396846666,154266,23627,154266,1.5283594588136427,0.9523579568100188,13.720769916717755,0.9536328814059561,1.503465369978585e-07,0.14201578497886658,0.14201563463232958,23627,1.8565505327840834,1.0494553325167697,12.875957261382588,0.9906239864760931,1.2652799376519397,0.6491851773462258,0.6160947603057139,1,large_tiled_support
BraTS-MET-01270-003,t1c,1625208642,67205,6000,67205,1.5238312627756776,0.9141449326326444,13.733656214950605,0.9759995014358774,-1.816387396047503e-08,0.04742848873138428,0.04742850689525824,6000,2.480410988394035,1.1518047836817695,11.617788541332049,0.9957155680769095,-0.2558717289066408,0.13710977620939957,0.39298150511604035,1,large_tiled_support
BraTS-MET-01270-003,t1n,1884255257,67205,6000,67205,1.5388163968751054,0.9185368937108842,13.691156954782077,0.9780852614156155,5.812439596297736e-08,0.15361028909683228,0.1536102309724363,6000,1.2057697603510902,0.824011088638256,14.750381128263893,0.9962149966792115,0.05090303327278889,0.11054715437057894,0.05964412109779005,1,large_tiled_support
BraTS-MET-01270-003,t2w,1136486787,67205,6000,67205,1.478444773580675,0.9149060957447861,13.864973944125072,0.9766940092522339,1.5439292511132408e-08,-0.07197585701942444,0.07197587245871695,6000,1.5595923229256081,0.998840540221976,13.632914120554245,0.9956955584054659,0.39395150722702965,-0.05096802822663449,0.44491953545366414,1,large_tiled_support
BraTS-MET-01270-003,t2f,1475476117,67205,6000,67205,1.5048741121958562,0.8790916131778995,13.788023295187404,0.9774065817702369,4.1776910819635305e-08,0.20318299531936646,0.20318295354245564,6000,0.4925739848561795,0.5473709181867114,18.638310297882757,0.9974411900962175,0.8670690528233536,0.7342144548456417,0.13285459797771182,1,large_tiled_support
BraTS-MET-01276-001,t1c,1447605896,23664,1759,23664,1.627102111433552,0.8547822212430188,13.44887692120173,0.059818616965501066,0.0,-0.23305192589759827,0.23305192589759827,1759,8.757118932944005,2.519292563809006,6.139412527416309,0.5299340492810412,1.885406206434709,-0.059654408221831545,1.9450606146565406,0,
BraTS-MET-01276-001,t1n,240919337,23664,1759,23664,1.3356758394194586,0.9015954669788496,14.30601430526991,0.09563770452718616,-4.6426336552940484e-08,-0.22009272873401642,0.22009268230767987,1759,0.8732637930816081,0.6475556667613733,16.15157046781768,0.6194169400648353,-0.00387150474750797,-0.23041800272767432,0.22654649798016635,0,
BraTS-MET-01276-001,t2w,957424606,23664,1759,23664,1.0730542526624587,0.8009207500521296,15.25680820705999,0.054696065154781516,2.5792408209213136e-08,0.24300625920295715,0.24300623341054894,1759,1.4352399317621174,0.9902050782856566,13.993779918017406,0.5009906924450376,-0.16922858328234724,0.039495905162766576,0.20872448844511382,0,
BraTS-MET-01276-001,t2f,2091854552,23664,1759,23664,1.283571123615236,0.8729768459532338,14.478825625180374,0.09136070926576699,-2.1923547421920375e-08,0.18269871175289154,0.18269873367643896,1759,1.8100536758011385,1.1106224467051682,12.986110470259447,0.49730958729644936,0.4284669696717174,0.44104165775934234,0.012574688087624963,0,
BraTS-MET-01284-000,t1c,1377729718,3587439,624396,3587439,1.386688044756287,0.822654226521626,14.143237294408886,0.5738655212231637,0.0062884376384317875,0.07006004452705383,0.06377160688862205,624396,1.8272093605549384,0.9343226559345683,12.945141893619184,0.8782711142201196,-0.1318790540099144,0.17056336812675,0.3024424221366644,1,large_tiled_support
BraTS-MET-01284-000,t1n,1162505180,3587439,624396,3587439,1.666086395147958,0.9592003056329155,13.346049827102174,0.5737884028792424,-0.023189954459667206,0.06481292098760605,0.08800287544727325,624396,1.485530412268391,0.9763993396820403,13.844209535167696,0.8768260460125751,-0.10451665194705129,0.23766096401959658,0.34217761596664786,1,large_tiled_support
BraTS-MET-01284-000,t2w,1071111734,3587439,624396,3587439,1.3071572453790996,0.8315062018002003,14.39974666290998,0.5809775256437232,-0.03196035325527191,0.11130444705486298,0.1432648003101349,624396,1.6426882490820853,1.0091384832104044,13.407473503267163,0.8767449126514815,0.6518865851685405,0.5129993346054107,0.13888725056312978,1,large_tiled_support
BraTS-MET-01284-000,t2f,1753279696,3587439,624396,3587439,1.7546972646519527,0.9580008680052471,13.121003016931867,0.5878959737310301,-0.011306787841022015,0.33860376477241516,0.3499105526134372,624396,3.5978027269623,1.4881983619403645,10.002651541369914,0.9080404799659421,1.0009870659559965,2.24766083387658,1.2466737679205835,1,large_tiled_support
BraTS-MET-01284-002,t1c,88253706,152928,16769,152928,1.8101156496694732,1.018956616158646,12.985961776059685,0.9429752408359625,1.197331158664383e-07,0.0915081799030304,0.09150806016991453,16769,2.3377914650701594,1.13093191729858,11.874967320118229,0.9873352675481987,0.35751065718068276,0.3311032747733407,0.026407382407342084,1,large_tiled_support
BraTS-MET-01284-002,t1n,1538340074,152928,16769,152928,1.7406136071213716,0.9921685431075352,13.156001265019103,0.9450447933272268,3.192883113456446e-08,-0.050006940960884094,0.05000697288971523,16769,1.2188197698226313,0.8676890767471992,14.703630107013552,0.9884352698888849,0.378577527764719,-0.047045039653312415,0.4256225674180314,1,large_tiled_support
BraTS-MET-01284-002,t2w,2017887791,152928,16769,152928,1.5900631477224794,0.9469823267552079,13.548881285456796,0.9450646202399298,-3.0831280639631586e-08,0.16579917073249817,0.1657992015637788,16769,1.2132925769398095,0.8405568166211413,14.72336960223138,0.9882005938396446,0.5012003216834273,0.28940619877539575,0.21179412290803157,1,large_tiled_support
BraTS-MET-01284-002,t2f,438463589,152928,16769,152928,1.494164337051149,0.9251169389925803,13.819041343793012,0.9450466013002171,1.7560857656917506e-08,0.23237234354019165,0.232372325979334,16769,1.0153357392288371,0.7768665616029471,15.496928274003501,0.9914377178971259,1.0221357271366287,0.887487982341554,0.1346477447950747,1,large_tiled_support
BraTS-MET-01287-001,t1c,1130022271,378651,66928,378651,1.4401670955873476,0.8517357027608001,13.978896166710124,0.05473650166451846,-0.010409548878669739,-0.01255921833217144,0.0021496694535017014,66928,1.0675997558104964,0.8014579384646777,15.278940349869297,0.6281042128315095,-0.4094632144551724,-0.37067010637838393,0.038793108076788485,1,large_tiled_support
BraTS-MET-01287-001,t1n,1392496378,378651,66928,378651,1.7417286899172755,0.9567429878019815,13.153219951291906,0.0651862582798489,-0.0924244076013565,0.018396571278572083,0.11082097887992859,66928,1.9299047041107675,1.0324817569052618,12.707666360603564,0.6350201145141722,0.11264776135794818,0.4166223113425076,0.3039745499845594,1,large_tiled_support
BraTS-MET-01287-001,t2w,230287748,378651,66928,378651,1.6252945039476938,0.9076297224744977,13.453704340057548,0.07213148256539177,-0.01851840876042843,0.17799682915210724,0.19651523791253567,66928,2.252395961390681,1.1036466831241607,12.036577607998407,0.6196544058151087,0.6488562026061118,0.6252784230746329,0.023577779531478882,1,large_tiled_support
BraTS-MET-01287-001,t2f,187601049,378651,66928,378651,2.2197050971770063,1.0074791798299902,12.10007221441036,0.08145547943132654,-0.09128610044717789,0.3464335799217224,0.4377196803689003,66928,6.296505671650399,1.8205334112122138,7.572029018755002,0.6955247652389763,0.991141798440367,2.2081847820663825,1.2170429836260155,2,extreme_zscore_signal;large_tiled_support
BraTS-MET-01287-002,t1c,1758775176,90748,12977,90748,1.4306688745409215,0.8476585244820961,14.007633719692251,0.4026772278208241,0.0020857087802141905,-0.07488111406564713,0.07696682284586132,12977,1.3097533078989667,0.885304193081656,14.39112996796413,0.7726381046232376,-0.4066592669405509,-0.4098435283958679,0.003184261455317028,1,large_tiled_support
BraTS-MET-01287-002,t1n,459836567,90748,12977,90748,1.7518971093040618,1.0568768438031866,13.127939047421048,0.39291225242972827,0.0057555609382689,0.17084901034832,0.1650934494100511,12977,3.111520580266887,1.5132433139078056,10.63329822920111,0.7671103564019501,-0.8007597050745972,0.49784593514050357,1.2986056402151007,1,large_tiled_support
BraTS-MET-01287-002,t2w,1499850052,90748,12977,90748,1.4942449412175245,0.8954730209160379,13.81880706567764,0.42080312749074167,-0.0033133195247501135,0.2038736790418625,0.2071869985666126,12977,2.1708581689084223,1.1524182442026067,12.196710506304932,0.784352073968911,0.8157260689185932,0.46106792404316366,0.35465814487542957,1,large_tiled_support
BraTS-MET-01287-002,t2f,1897110560,90748,12977,90748,1.7794416542140588,1.01937745331355,13.060187481960622,0.38856031739327507,-0.00026584762963466346,0.006795215420424938,0.007061063050059602,12977,2.378877498251154,1.2009436937357498,11.799304224136504,0.797618378244516,0.9236604020697996,-0.045140110785723664,0.9688005128555233,1,large_tiled_support
BraTS-MET-01301-000,t1c,1142514654,140196,23608,140196,1.3867049575372223,0.8321966517930705,14.14318432587952,0.3983386768611785,0.0016746297478675842,0.047934576869010925,0.04625994712114334,23608,1.2042626600731328,0.7005522152374182,14.7558128014162,0.7839522482984687,-0.06828193571709562,-0.061516802466940135,0.006765133250155486,1,large_tiled_support
BraTS-MET-01301-000,t1n,1736025334,140196,23608,140196,1.4456244582932427,0.8974643520186398,13.962470133920995,0.43069382183145394,0.0017977412790060043,0.11049649119377136,0.10869874991476536,23608,1.0425645086463602,0.8467874353210326,15.381995643326242,0.7962519586360518,0.32079309539403766,0.4658891508006491,0.1450960554066114,1,large_tiled_support
BraTS-MET-01301-000,t2w,1380621050,140196,23608,140196,1.4514432643236754,0.9010825786021159,13.945024364678185,0.4057487200058216,-0.0024742064997553825,0.08233432471752167,0.08480853121727705,23608,0.9947186461432588,0.8265110520160587,15.586022418370947,0.7826594799879113,0.6059917211532593,0.22806131234392524,0.37793040880933404,1,large_tiled_support
BraTS-MET-01301-000,t2f,567339921,140196,23608,140196,0.9926712649073313,0.7466156367071834,15.594970503321202,0.4361769096235425,0.00561796547845006,0.23299044370651245,0.2273724782280624,23608,0.675173266300161,0.6676999389399748,17.26887262837151,0.8804639456518226,1.5284910332411528,1.1565677504986525,0.3719232827425003,1,large_tiled_support
BraTS-MET-01301-001,t1c,1985847429,2352,62,2352,1.5969598915586873,1.0208996476412597,13.530084920135756,0.06088878411553062,-3.114038520379836e-07,-0.5889155864715576,0.5889152750677056,62,4.341394980826441,1.7911956671084608,9.186732009479684,-0.0037534146091123453,1.5049960544920395,-0.28606462945754174,1.7910606839495813,0,
BraTS-MET-01301-001,t1n,919860230,2352,62,2352,1.4280303371132688,0.8453694165794016,14.015650670659685,0.11804391435080445,3.114038520379836e-07,0.1311412751674652,0.13114096376361317,62,1.2939007636156887,0.8257838676893904,14.444015315959447,0.09446571855213885,-0.28135433868976634,0.4704048039729969,0.7517591426627632,2,high_frequency_shift;z_continuity_shift
BraTS-MET-01301-001,t2w,1206566628,2352,62,2352,1.271158452488467,0.7610872295997261,14.521028111477879,0.04715068075356551,-1.1677644806695753e-07,-0.19401349127292633,0.19401337449647826,62,0.31147348142389264,0.4606591876551148,20.628814236453753,0.4221443165248881,0.0016249685949931703,-0.2631794973058277,0.26480446590082085,2,high_frequency_shift;z_continuity_shift
BraTS-MET-01301-001,t2f,834791387,2352,62,2352,2.323681754370283,1.2375180400218584,11.901258528601172,0.14037898880433172,4.930561203764228e-07,-0.7541309595108032,0.7541314525669236,62,7.7159712082165175,2.6121047022902677,6.6891190234183995,0.5273541905577682,1.2722029818914962,-1.3397308823332423,2.6119338642247385,0,
BraTS-MET-01310-001,t1c,453962962,1560,31,1560,1.2274052027529136,0.8501515222196945,14.673145409182073,0.10130554034644342,0.0,0.20397186279296875,0.20397186279296875,31,0.1470091251749037,0.33940644514176155,23.889582075830017,0.8349118147577558,0.8413301749071707,0.5078986167641233,0.33343155814304737,0,
BraTS-MET-01310-001,t1n,1188129191,1560,31,1560,1.0421681531266205,0.8846061753724616,15.383647030291348,0.07592736118567141,-1.5650040552372957e-07,0.0798843502998352,0.07988450680024073,31,0.6697296875929623,0.6688936480711545,17.304029501183436,0.4001925644420442,0.19547264920268503,0.3318188030677902,0.13634615386510518,1,boundary_gradient_shift
BraTS-MET-01310-001,t2w,561085513,1560,31,1560,1.0682205949598091,0.8497736738579428,15.27641553991332,0.29422951365139605,-7.825020276186478e-08,0.22800545394420624,0.228005532194409,31,1.3810491366123843,1.1162762352896314,14.160933700670139,0.01447558404123854,-0.7314325503537589,0.3685839329091323,1.1000164832628911,0,
BraTS-MET-01310-001,t2f,1126033233,1560,31,1560,1.99208361327454,1.1303261580065458,12.569949377530703,0.07843444768237164,7.825020276186478e-08,-0.02784010022878647,0.02784017847898923,31,2.9100062403813767,1.2391759574623598,10.924085804548195,0.022490642643311902,0.021082129837661334,-0.9020955336493159,0.9231776634869773,0,
BraTS-MET-01310-002,t1c,14742628,1188,9,1188,1.377649501617659,0.9480904005682496,14.171637613345712,0.05539492283792306,2.568819645887288e-08,-0.02813783288002014,0.0281378585682166,9,2.6958002305069746,1.5072879824373457,11.256147946558519,0.19893266757329306,1.370867627346911,-0.136419925094458,1.507287552441369,0,
BraTS-MET-01310-002,t1n,968077794,1188,9,1188,2.7933972306153305,1.4147960578105847,11.10169802517917,0.21361396364291732,1.5412918230595096e-07,0.15330789983272552,0.15330774570354322,9,0.5935883118659984,0.5954793882038858,17.828171599486012,0.6933688024679819,0.535139898966186,0.09543858911251846,0.4397013098536675,0,
BraTS-MET-01310-002,t2w,493233847,1188,9,1188,1.5440562278905177,0.9628828446394905,13.67639389341437,0.2544965420885827,-7.706459115297548e-08,-0.36254268884658813,0.362542611781997,9,0.1690221035749969,0.32855336533652413,23.28358998325521,0.9159514407316843,-0.861404281649925,-0.5434105928043209,0.3179936888456041,0,
BraTS-MET-01310-002,t2f,1021548921,1188,9,1188,1.1631374357405113,0.8024793106618721,14.906714669870297,0.26720351670742415,2.568819645887288e-08,0.36272937059402466,0.3627293449058282,9,0.3217212281174066,0.4642145352231132,20.488227828864943,0.8184322516123453,0.7658949135287259,0.31315255726713076,0.4527423562615951,0,
BraTS-MET-01331-002,t1c,649677232,56426,6904,56426,1.3350152244296625,0.78414214816681,14.308162823714934,0.9280889634658984,8.653479710574175e-09,-0.014672487042844296,0.014672495696324006,6904,3.942930229425148,1.2830431417278367,9.6048340851368,0.9815358522011166,0.9391601623428869,0.008028711996303173,0.9311314503465837,1,large_tiled_support
BraTS-MET-01331-002,t1n,478948767,56426,6904,56426,1.3487800520292357,0.858505865986784,14.263613664979571,0.9326997164408927,6.490109782930631e-09,-0.11150825023651123,0.11150825672662101,6904,3.402162716087326,1.466119295266053,10.245474198831772,0.9815332593677485,0.7539688608885626,-0.2921163554347004,1.046085216323263,1,large_tiled_support
BraTS-MET-01331-002,t2w,1263913709,56426,6904,56426,1.5114519337725796,0.9034018198356008,13.769081601891154,0.9319196651503258,2.758296702154439e-08,0.09411755949258804,0.09411753190962102,6904,2.1067430486647525,1.1125759790371517,12.326909311544389,0.9797466093662073,-0.13030505589358654,0.34694808344283956,0.4772531393364261,1,large_tiled_support
BraTS-MET-01331-002,t2f,751342032,56426,6904,56426,1.6513491294191378,0.9592872414586657,13.384635989455955,0.9318210350289244,3.3532234766653346e-08,0.1688995063304901,0.16889947279825535,6904,2.8237674944518507,1.3332458810424026,11.05473566189778,0.980957900812148,-0.06682647083880511,0.5670632739820576,0.6338897448208627,1,large_tiled_support
BraTS-MET-01351-000,t1c,1393239381,30603,3361,30603,1.7869578212003225,0.984674364963437,13.041881990932815,0.9862174307842889,3.988835040047434e-09,0.4200098514556885,0.42000984746685344,3361,3.033045394335138,1.3014651127344732,10.744235905022123,0.9973582178872005,1.0082501925098768,1.4587278314793366,0.4504776389694598,1,large_tiled_support
BraTS-MET-01351-000,t1n,1449535592,30603,3361,30603,1.6209892125360819,0.9606915773508584,13.465223760801802,0.9866064806940422,-1.5955340160189735e-08,0.18360325694084167,0.18360327289618183,3361,1.1741635778851618,0.864708340641992,14.865738961690287,0.9971060754042934,-0.1904736917927039,-0.0009090190251299646,0.18956467276757394,1,large_tiled_support
BraTS-MET-01351-000,t2w,938478404,30603,3361,30603,1.6607999071210082,0.9596991189709358,13.359851888865165,0.9863205023874826,-3.5899514472248484e-08,0.34170442819595337,0.34170446409546784,3361,1.3349422556892645,0.8413785042728031,14.308400205182995,0.9973173523827932,0.5403577991255588,0.6966946724496665,0.15633687332410773,1,large_tiled_support
BraTS-MET-01351-000,t2f,490865827,30603,3361,30603,1.4831487598340736,0.9041651057983727,13.85117787813761,0.9867761022134985,-2.3534126114554965e-07,0.47108909487724304,0.4710893302185042,3361,1.0222503064599708,0.7787829760863282,15.467452513439419,0.9982899116086879,1.0308629078572267,0.9893723815548583,0.04149052630236838,1,large_tiled_support
BraTS-MET-01351-002,t1c,513995149,527329,41943,527329,1.6728636823513232,0.9371329161883417,13.328419479786257,0.9389110292656226,0.010568322613835335,0.023316187784075737,0.012747865170240402,41943,2.9231157899569182,1.2078378704489083,10.904564818712409,0.9886493846469928,0.49130705086281523,0.28200600948730425,0.20930104137551098,1,large_tiled_support
BraTS-MET-01351-002,t1n,2134836742,527329,41943,527329,1.7457028817243814,0.9971515351276887,13.143321719406755,0.9430848420620629,-0.02509060874581337,0.0458308681845665,0.07092147693037987,41943,1.1447691513096374,0.8178315568132587,14.975845830174109,0.9901694140928218,0.24965712582343258,0.04996569425566122,0.19969143156777136,1,large_tiled_support
BraTS-MET-01351-002,t2w,906046274,527329,41943,527329,1.5718458509560445,0.9423966874978318,13.59892547716401,0.9409008859948127,0.0005973402294330299,0.06655954569578171,0.06596220546634868,41943,1.215928113771221,0.8540779602662866,14.713946007609408,0.9897726701876828,0.46156935834733304,0.17226722789928317,0.28930213044804987,1,large_tiled_support
BraTS-MET-01351-002,t2f,526511282,527329,41943,527329,1.6116997893070677,0.9652621300482006,13.490183516291687,0.9412580461042183,-0.0045426408760249615,0.18982917070388794,0.1943718115799129,41943,0.972511378188081,0.7541907018529425,15.684078095814797,0.9917809236759764,0.9638220186461695,0.712589529750403,0.25123248889576644,1,large_tiled_support
BraTS-MET-01351-003,t1c,1626473840,33690,579,33690,1.5079964047553494,0.9253408984596654,13.779021946425335,0.9912897009141362,4.3027156948483025e-08,-0.011380529031157494,0.011380572058314442,579,4.039125616948144,1.6946735234169286,9.500151408136702,0.9989310248031019,1.671937349381551,0.10487933527838322,1.5670580141031678,1,large_tiled_support
BraTS-MET-01351-003,t1n,906722163,33690,579,33690,1.8806178024128881,1.0371391760670032,12.82001957831804,0.9919880218480445,-1.4855692143100896e-07,0.26302358508110046,0.2630237336380219,579,1.277460323870503,0.850815474496437,14.499550803297648,0.9992346662970853,0.44257505761038374,0.17443983277189545,0.2681352248384883,1,large_tiled_support
BraTS-MET-01351-003,t2w,993685682,33690,579,33690,1.8156038299753265,1.0347377696247757,12.97281410561096,0.9916081887431484,-1.2681688588145335e-08,0.03386048600077629,0.03386049868246488,579,1.8984911041050259,1.1221246095784394,12.77893934291287,0.9991673177775411,-0.30980359230966314,0.12330483106416068,0.4331084233738238,1,large_tiled_support
BraTS-MET-01351-003,t2f,1265934627,33690,579,33690,1.742767851422318,1.0375627186541323,13.150629607949782,0.9917060986204924,6.159677212735915e-08,0.32486385107040405,0.3248637894736319,579,2.0641009072718677,1.1652914366192955,12.41571576029098,0.9989801675461089,-0.3923283867425198,0.3164295571477851,0.7087579438903049,1,large_tiled_support
