source_case_id,modality,region,voxel_count,mse,mae,psnr,ssim,contrast_reference,contrast_generated,contrast_abs_error
BraTS-MET-00006-000,t1c,support,844142,1.4121513807440154,0.7287796294576345,14.064212457669122,0.5751024373655007,-0.03435615077614784,0.12573833763599396,0.1600944884121418
BraTS-MET-00006-000,t1c,tumour_all,148609,3.6642168634514527,1.2153384689970537,9.923213316739908,0.8783717351225117,0.33303201850503683,1.046585445292294,0.7135534267872572
BraTS-MET-00006-000,t1c,NETC,310,8.709412002178519,2.3278762872075482,6.163136652578144,0.9606282808459996,-0.3660514419898391,1.9236855367198586,2.2897369787096977
BraTS-MET-00006-000,t1c,SNFH,85738,0.6865375011392012,0.6182670916156097,17.196382358252524,0.8331479100812793,-0.36606892695999704,-0.2500875471159816,0.11598137984401546
BraTS-MET-00006-000,t1c,ET,62561,7.720038584218743,2.0280943237673577,6.686830298523525,0.9394667285256859,1.285616222769022,2.794198545627296,1.508582322858274
BraTS-MET-00006-000,t1c,RC,0,,,,,,,
BraTS-MET-00006-000,t1n,support,844142,1.6792088556939087,0.9042486396851029,13.311977848351201,0.563396527571468,-0.026671970263123512,0.047504447400569916,0.07417641766369343
BraTS-MET-00006-000,t1n,tumour_all,148609,2.1328573570106606,1.12709247661502,12.273406894503697,0.8664927018839529,0.14839229313656688,-0.1355747519992292,0.28396704513579607
BraTS-MET-00006-000,t1n,NETC,310,2.1105221433870565,1.1368908700122942,12.319125876787272,0.9767176995018655,-0.3671084332745522,-1.103324316907674,0.7362158836331218
BraTS-MET-00006-000,t1n,SNFH,85738,1.872759680432969,1.062373061155148,12.838204501182162,0.8206986213405711,0.1494487184099853,0.39880128152435645,0.24935256311437115
BraTS-MET-00006-000,t1n,ET,62561,2.4894242039383223,1.2157399685148518,11.60203593016809,0.9318647571324021,0.1466257879510522,-0.8585329037159681,1.0051586916670203
BraTS-MET-00006-000,t1n,RC,0,,,,,,,
BraTS-MET-00006-000,t2w,support,844142,1.2909326481112933,0.7980226051163457,14.45398916375881,0.5660429796243555,-0.011601760052144527,0.11432920396327972,0.12593096401542425
BraTS-MET-00006-000,t2w,tumour_all,148609,1.5369597175759673,0.9775535431506588,13.696400156121943,0.8657335615993716,0.5327627500519156,0.3682291805744171,0.16453356947749853
BraTS-MET-00006-000,t2w,NETC,310,3.116735503530609,1.4241588326681767,10.62602552590896,0.972142609370928,0.5953137567266822,-0.24697399605065584,0.842287752777338
BraTS-MET-00006-000,t2w,SNFH,85738,1.5914927068919793,1.0041319084008196,13.544978479854628,0.8202282217881511,0.6869593188166618,0.6687642326578498,0.018195086158812046
BraTS-MET-00006-000,t2w,ET,62561,1.4543958210330383,0.9389156773945373,13.936198827613001,0.9318062958673642,0.31128839403390884,-0.04668192192912102,0.35797031596302986
BraTS-MET-00006-000,t2w,RC,0,,,,,,,
BraTS-MET-00006-000,t2f,support,844142,1.6905108499882593,0.9057540040091374,13.28284538280165,0.5713304654703936,-0.0065292054787278175,0.3230869472026825,0.3296161526814103
BraTS-MET-00006-000,t2f,tumour_all,148609,3.873499546885474,1.5136018255317416,9.681989912674746,0.8930638049928533,0.9721228182315826,2.25584739074111,1.2837245725095272
BraTS-MET-00006-000,t2f,NETC,310,5.521304568713422,1.9591024841553712,8.142607962166629,0.9664079508772079,0.055631094437558204,1.461618509143591,1.4059874147060327
BraTS-MET-00006-000,t2f,SNFH,85738,4.348427691265352,1.5565655373223006,9.179702480527217,0.869454584442664,1.2099438169971108,2.539954885840416,1.330011068843305
BraTS-MET-00006-000,t2f,ET,62561,3.214459429246553,1.4525138006332867,10.491945520091894,0.9427506685591098,0.6326575940474868,1.82746022939682,1.1948026353493333
BraTS-MET-00006-000,t2f,RC,0,,,,,,,
BraTS-MET-00009-000,t1c,support,540270,1.3859390750197058,0.7723364242314259,14.14558361374841,0.07757410440126984,-0.0006806033779866993,0.05306801199913025,0.05374861537711695
BraTS-MET-00009-000,t1c,tumour_all,97361,2.865390267160872,1.1858314864911959,10.991187193743315,0.636997065351369,0.3579867142252624,0.47667796444147825,0.11869125021621585
BraTS-MET-00009-000,t1c,NETC,12407,3.0195202028064876,1.322977863989427,10.763645610643742,0.6420865777047895,-0.37194862560136244,-0.580983773805201,0.20903514820383862
BraTS-MET-00009-000,t1c,SNFH,50811,0.9991322263743857,0.7673947070896185,15.566795336777107,0.6941003593376749,-0.2017068099230528,-0.20855343015864491,0.006846620235592127
BraTS-MET-00009-000,t1c,ET,34143,5.586713736066564,1.7587048746689482,8.09146082142359,0.6982793515273773,1.4486706461757421,1.8710362175479531,0.422365571372211
BraTS-MET-00009-000,t1c,RC,0,,,,,,,
BraTS-MET-00009-000,t1n,support,540270,1.703640656570642,0.9588261310280616,13.249245050115057,0.05180601570903349,0.0004575743223540485,0.04272785037755966,0.04227027605520561
BraTS-MET-00009-000,t1n,tumour_all,97361,1.7629726718452137,1.048078740617118,13.100569204922486,0.6120814710594494,-0.03568374674068764,0.062422498944215477,0.09810624568490312
BraTS-MET-00009-000,t1n,NETC,12407,2.9539512279894673,1.414871697141742,10.858991802686436,0.6750105546235007,-0.30046345776645467,-0.49547226214781404,0.19500880438135937
BraTS-MET-00009-000,t1n,SNFH,50811,1.539484495675707,0.9879536991891077,13.689271813354056,0.7021186482603535,0.12361997965490445,0.36694260040530935,0.2433226207504049
BraTS-MET-00009-000,t1n,ET,34143,1.662781908680495,1.0042692706934915,13.354672100972751,0.6364352847877478,-0.17520527791930363,-0.18783087190240622,0.01262559398310259
BraTS-MET-00009-000,t1n,RC,0,,,,,,,
BraTS-MET-00009-000,t2w,support,540270,1.3795367680243775,0.8385325082782459,14.165692207891249,0.07087021822856714,-0.04261317104101181,0.09859353303909302,0.14120670408010483
BraTS-MET-00009-000,t2w,tumour_all,97361,1.6069359617025019,0.9622188965819187,13.503039308075437,0.6115743779055,0.47404935164377093,0.5718369523820002,0.09778760073822923
BraTS-MET-00009-000,t2w,NETC,12407,2.3274618638867173,1.2398845660173405,11.894199270921018,0.7689533413198154,1.9093102598562837,1.4119989057071507,0.49731135414913297
BraTS-MET-00009-000,t2w,SNFH,50811,1.6162228659937856,0.9334090576984475,13.478012539836099,0.6878451357743327,0.1455848002806306,0.5391720852348953,0.39358728495426476
BraTS-MET-00009-000,t2w,ET,34143,1.3312881931307894,0.9041940822077505,14.320304203953555,0.6633883372465894,0.43041622964665294,0.3038065112195909,0.12660971842706203
BraTS-MET-00009-000,t2w,RC,0,,,,,,,
BraTS-MET-00009-000,t2f,support,540270,1.5698447084735052,0.8820864030884854,13.604458073317351,0.09439828983326683,-0.011746799573302269,0.2778848111629486,0.2896316107362509
BraTS-MET-00009-000,t2f,tumour_all,97361,3.269349790739629,1.3087270613445812,10.418411121351777,0.6922903672539519,1.2698554936796427,1.9179958859458566,0.6481403922662139
BraTS-MET-00009-000,t2f,NETC,12407,3.0944723889137915,1.4146168524993894,10.657158888057925,0.841492940588301,2.5238700904883444,1.7962724501267076,0.7275976403616369
BraTS-MET-00009-000,t2f,SNFH,50811,4.152781517708804,1.4530615316098083,9.379634177550336,0.7825591874139525,1.0343275121413171,2.14004227751866,1.1057147653773427
BraTS-MET-00009-000,t2f,ET,34143,2.0181900931565955,1.0554524982568565,12.51340430778762,0.7784559753321258,1.1395804909989238,1.5972796278074384,0.4576991368085146
BraTS-MET-00009-000,t2f,RC,0,,,,,,,
BraTS-MET-00014-000,t1c,support,748118,1.4491135010912806,0.7896581750488924,13.95200098065497,0.6278445921434356,0.012585384771227837,0.04055633768439293,0.027970952913165092
BraTS-MET-00014-000,t1c,tumour_all,114933,2.5357737983352733,0.9627275898493886,11.521919907201653,0.895909247597115,0.44605277478694916,0.20458664593752474,0.24146612884942442
BraTS-MET-00014-000,t1c,NETC,249,3.0490483464315763,1.3212382652750987,10.721381900713101,0.9935963856173305,0.04852248670067638,0.5558047518134117,0.5072822651127353
BraTS-MET-00014-000,t1c,SNFH,92346,0.6906304147487671,0.6090239984284876,17.170568003902574,0.8798810308758804,-0.05428830592427403,-0.12351200170814991,0.06922369578387588
BraTS-MET-00014-000,t1c,ET,22338,10.157933595013738,2.4209531559329025,5.494971313585211,0.9630022945980826,2.49328226596117,1.5420679731469136,0.9512142928142566
BraTS-MET-00014-000,t1c,RC,0,,,,,,,
BraTS-MET-00014-000,t1n,support,748118,1.6648321552194867,0.9475519310635319,13.349320453492012,0.6222125965397759,-0.021130792796611786,-0.018231451511383057,0.0028993412852287292
BraTS-MET-00014-000,t1n,tumour_all,114933,1.2758403664745894,0.8895080256460495,14.505061620374722,0.8923257429734172,0.20529408007860184,0.06481896643526852,0.14047511364333332
BraTS-MET-00014-000,t1n,NETC,249,1.0801334545804218,0.8272830040444691,15.22825083236622,0.995187401443174,-0.5365263548446819,-0.07903826236724854,0.4574880924774334
BraTS-MET-00014-000,t1n,SNFH,92346,1.325228817964151,0.910201713356546,14.3401162943819,0.8772138712120354,0.25571617018431425,0.10766049334779382,0.14805567683652043
BraTS-MET-00014-000,t1n,ET,22338,1.0738484728317632,0.804653282386369,15.25359496923059,0.9620951727605394,0.002459086652379483,-0.11065228038933128,0.11311136704171076
BraTS-MET-00014-000,t1n,RC,0,,,,,,,
BraTS-MET-00014-000,t2w,support,748118,1.429749562426068,0.8670265666322584,14.010425284641032,0.6303513450296251,0.02685784548521042,0.0501619353890419,0.023304089903831482
BraTS-MET-00014-000,t2w,tumour_all,114933,2.299231954271263,1.158635808624402,11.947197141963224,0.8973857291554861,1.1134684896096587,0.2607202408253215,0.8527482487843372
BraTS-MET-00014-000,t2w,NETC,249,10.23842878265761,2.799842613796894,5.460691870355081,0.9919079410073549,2.541181278647855,-0.0826099026016891,2.623791181249544
BraTS-MET-00014-000,t2w,SNFH,92346,1.8057360046517201,1.0356158695696427,12.996482432192218,0.8843417904010246,1.023437320254743,0.3094470390351489,0.7139902812195942
BraTS-MET-00014-000,t2w,ET,22338,4.250862223467171,1.6489097273934428,9.278254716782193,0.9596530141298468,1.4433691664598882,0.059220194816589355,1.3841489716432989
BraTS-MET-00014-000,t2w,RC,0,,,,,,,
BraTS-MET-00014-000,t2f,support,748118,1.4259801406226722,0.8557842985742771,14.021890235530151,0.6368152592515175,0.03290904685854912,0.2861241400241852,0.25321509316563606
BraTS-MET-00014-000,t2f,tumour_all,114933,2.0556546770133837,1.0400910992455004,12.433523400858334,0.9281702267439401,1.4183665262535214,1.6148742134682834,0.19650768721476197
BraTS-MET-00014-000,t2f,NETC,249,2.223254518026846,1.2610407085048791,12.093133172193093,0.9956770759993572,1.514996888814494,0.4304268844425678,1.0845700043719262
BraTS-MET-00014-000,t2f,SNFH,92346,2.1613198482246596,1.050433058990442,12.215834589927157,0.9290957318668475,1.440911159850657,1.7685083891265094,0.32759722927585244
BraTS-MET-00014-000,t2f,ET,22338,1.6169632874042483,0.9948742012549919,13.476023412559092,0.9709444764039463,1.2949966801679693,0.9640202429145575,0.33097643725341186
BraTS-MET-00014-000,t2f,RC,0,,,,,,,
BraTS-MET-00016-000,t1c,support,1864262,1.286764342392175,0.7898272116533334,14.468034831323813,0.32630907410656723,0.04496762529015541,0.06524854153394699,0.02028091624379158
BraTS-MET-00016-000,t1c,tumour_all,288858,1.544168041072905,0.8398346851011134,13.67607940946562,0.803593680520334,-0.021522930823266506,0.12961999606341124,0.15114292688667774
BraTS-MET-00016-000,t1c,NETC,0,,,,,,,
BraTS-MET-00016-000,t1c,SNFH,279740,1.0255072072845126,0.7594151595171178,15.453637838221471,0.8049248987430826,-0.07560131419450045,-0.0005580000579357147,0.07504331413656473
BraTS-MET-00016-000,t1c,ET,9118,17.456668769737632,3.3071036132505847,3.143411292643605,0.975339449483266,1.5886085131205618,3.9941619792953134,2.4055534661747515
BraTS-MET-00016-000,t1c,RC,0,,,,,,,
BraTS-MET-00016-000,t1n,support,1864262,1.5803133680561907,0.9241423981868148,13.575592868993567,0.3245033562892309,0.03759479895234108,0.06604919582605362,0.02845439687371254
BraTS-MET-00016-000,t1n,tumour_all,288858,2.1430022578523085,1.1264394435475007,12.252798721555651,0.7999616006347072,0.11280470853671432,0.3453701823018491,0.2325654737651348
BraTS-MET-00016-000,t1n,NETC,0,,,,,,,
BraTS-MET-00016-000,t1n,SNFH,279740,2.046187017227074,1.0990467101907015,12.45357175966937,0.8029350222691081,0.14014180237427354,0.3331659403629601,0.19302413798868656
BraTS-MET-00016-000,t1n,ET,9118,5.113291291906155,1.9668477819145964,8.476019666239669,0.9762762052785977,-0.707523780874908,0.6867699343711138,1.3942937152460217
BraTS-MET-00016-000,t1n,RC,0,,,,,,,
BraTS-MET-00016-000,t2w,support,1864262,1.2467459000969559,0.8225029634631795,14.605245520446797,0.3258125132806234,-0.03988092020153999,0.09788888692855835,0.13776980713009834
BraTS-MET-00016-000,t2w,tumour_all,288858,1.4523958214076451,0.9237805354955428,13.94217510004684,0.8003173235614212,0.44679843075573444,0.5875944155268371,0.14079598477110267
BraTS-MET-00016-000,t2w,NETC,0,,,,,,,
BraTS-MET-00016-000,t2w,SNFH,279740,1.4294800428390335,0.9141703484030234,14.011244042739683,0.8032558980828035,0.4281269945204258,0.5991971350740641,0.17107014055363834
BraTS-MET-00016-000,t2w,ET,9118,2.1554513047135653,1.2186208225389032,12.227642849126052,0.9768812407997335,0.9742283709347248,0.20556394755840302,0.7686644233763218
BraTS-MET-00016-000,t2w,RC,0,,,,,,,
BraTS-MET-00016-000,t2f,support,1864262,1.8443429545663304,0.9458776950583972,12.904608197183958,0.34724581749732186,0.0010773795656859875,0.25623705983161926,0.2551596802659333
BraTS-MET-00016-000,t2f,tumour_all,288858,5.558488148896276,1.884336187993224,8.113458167169483,0.839518447129318,0.9448240585625172,2.667049616575241,1.722225558012724
BraTS-MET-00016-000,t2f,NETC,0,,,,,,,
BraTS-MET-00016-000,t2f,SNFH,279740,5.433861574970785,1.8548176659470077,8.211939299890714,0.8415133258618092,0.9745451845228672,2.6600613109767437,1.6855161264538765
BraTS-MET-00016-000,t2f,ET,9118,9.38202815656429,2.789963667397522,5.840057687856348,0.9735290639314912,0.0013760964648099616,2.7076578065752983,2.7062817101104883
BraTS-MET-00016-000,t2f,RC,0,,,,,,,
BraTS-MET-00019-000,t1c,support,844224,1.3331841519542365,0.7659853932387576,14.314123583648527,0.4195569896475696,0.0025330057833343744,0.0682661160826683,0.06573311029933393
BraTS-MET-00019-000,t1c,tumour_all,101536,2.4190311769924158,1.079188018925569,11.726610350889484,0.8603308758096406,-0.4877471453510225,0.15666028717532754,0.64440743252635
BraTS-MET-00019-000,t1c,NETC,363,17.735920395557564,3.5252136612495732,3.0744876990801777,0.9687742699780106,3.3475566529887146,1.577606802340597,1.7699498506481177
BraTS-MET-00019-000,t1c,SNFH,96570,1.6013133244210886,0.9630371975632089,13.518261833679466,0.784811293167647,-0.6341296872124076,-0.03892254317179322,0.5952071440406144
BraTS-MET-00019-000,t1c,ET,4603,18.36667015949816,3.32311100628153,2.9227207404438604,0.982109781970931,2.2605039163609035,4.101876045111567,1.8413721287506633
BraTS-MET-00019-000,t1c,RC,0,,,,,,,
BraTS-MET-00019-000,t1n,support,844224,1.6818964537813652,0.9132926454657015,13.305032458901891,0.4141899554183602,-0.02599676325917244,0.06868099421262741,0.09467775747179985
BraTS-MET-00019-000,t1n,tumour_all,101536,2.339034995269471,1.226867389324192,11.872657812502549,0.8559746768661404,-0.286774770822376,0.5782997763235471,0.8650745471459231
BraTS-MET-00019-000,t1n,NETC,363,1.3755300087339948,0.8890501575707394,14.178324313157244,0.9689044181822428,-0.02901711082085967,-0.41675096610561013,0.38773385528475046
BraTS-MET-00019-000,t1n,SNFH,96570,2.3609906526150026,1.234815555258209,11.832082330980311,0.7792287485900721,-0.29853732377523556,0.5958761083857098,0.8944134321609454
BraTS-MET-00019-000,t1n,ET,4603,1.95439334422764,1.0867573026151964,12.652905258083184,0.9808393835015388,-0.05615914147347212,0.27831054572016,0.3344696871936321
BraTS-MET-00019-000,t1n,RC,0,,,,,,,
BraTS-MET-00019-000,t2w,support,844224,1.1059334028387533,0.7535045692093331,15.125735253813016,0.4252225065088833,-0.040890730917453766,0.11111430823802948,0.15200503915548325
BraTS-MET-00019-000,t2w,tumour_all,101536,1.7406247267813482,1.0594229736641447,13.155973520828645,0.8683872337849146,1.259509028866887,0.7700262917205691,0.48948273714631796
BraTS-MET-00019-000,t2w,NETC,363,2.019621487481545,1.113056367795806,12.51032518103602,0.9667281333033004,0.35348867112770677,0.9879775512963533,0.6344888801686466
BraTS-MET-00019-000,t2w,SNFH,96570,1.757629829403448,1.0649190040904866,13.113750862156746,0.8025947887807415,1.2824704833328724,0.7689592815004289,0.5135112018324435
BraTS-MET-00019-000,t2w,ET,4603,1.361859012171242,0.9398877617715444,14.221703516379488,0.9840879665817536,0.8247165842913091,0.756938586011529,0.06777799827978015
BraTS-MET-00019-000,t2w,RC,0,,,,,,,
BraTS-MET-00019-000,t2f,support,844224,1.7877871811702617,0.8816577133226616,13.039866818020176,0.44162574137726246,-0.04256283864378929,0.27731940150260925,0.31988224014639854
BraTS-MET-00019-000,t2f,tumour_all,101536,7.1593696061106185,2.134726953743841,7.014277170963678,0.8932894041984712,1.30351847037673,3.198212088085711,1.894693617708981
BraTS-MET-00019-000,t2f,NETC,363,8.35824158998969,2.8208198089650627,6.341875807551995,0.9586600161964122,0.26233022287487984,3.0530159566551447,2.790685733780265
BraTS-MET-00019-000,t2f,SNFH,96570,7.0455153532293116,2.098683583558164,7.08389735134843,0.8401188413973039,1.3236214350908995,3.1743352627381682,1.8507138276472688
BraTS-MET-00019-000,t2f,ET,4603,9.45346360363393,2.8368031111163154,5.807115442845006,0.982778552276868,0.9377130512148142,3.6304994001984596,2.6927863489836454
BraTS-MET-00019-000,t2f,RC,0,,,,,,,
BraTS-MET-00022-000,t1c,support,543012,1.4172776584044562,0.8272656470789341,14.048475596939952,0.6532850940745132,0.011089232750236988,0.11392758041620255,0.10283834766596556
BraTS-MET-00022-000,t1c,tumour_all,73114,3.574737581178127,1.3709653442185163,10.030583346943285,0.9024556160254928,0.9415820087306201,0.711736018769443,0.2298459899611771
BraTS-MET-00022-000,t1c,NETC,2682,6.187862224102393,1.970711585929295,7.647618654196918,0.9786455012680317,0.9711780602810904,0.9772758125327528,0.006097752251662314
BraTS-MET-00022-000,t1c,SNFH,36661,1.644205433676667,0.8995397143812763,13.403464216640659,0.8915697600112167,0.08745366623043083,0.15714591136202216,0.06969224513159133
BraTS-MET-00022-000,t1c,ET,33771,5.462950508459763,1.8351036757809442,8.1887523472098,0.9370622311703972,1.8571972083300352,1.2856654613278806,0.5715317470021546
BraTS-MET-00022-000,t1c,RC,0,,,,,,,
BraTS-MET-00022-000,t1n,support,543012,1.515266311018248,0.928346701652168,13.758135331160315,0.6495706465324321,-0.005478927865624428,0.0751698762178421,0.08064880408346653
BraTS-MET-00022-000,t1n,tumour_all,73114,0.9845897839093968,0.7545319677011411,15.630471755409847,0.9017767990670856,0.1012773064430803,0.056889661587774754,0.04438764485530555
BraTS-MET-00022-000,t1n,NETC,2682,0.9665341685852497,0.748240560984495,15.710852891013916,0.9841098072381753,-0.38652064056077506,-0.33856207225471735,0.047958568306057714
BraTS-MET-00022-000,t1n,SNFH,36661,1.0059589302880863,0.7647449760877751,15.537222503787403,0.9014919359178415,0.1722931662807241,0.12674620328471065,0.04554696299601346
BraTS-MET-00022-000,t1n,ET,33771,0.9628258706379578,0.7439446132358201,15.727547497372473,0.9389782330725344,0.06212190008955076,0.012054622638970613,0.05006727745058015
BraTS-MET-00022-000,t1n,RC,0,,,,,,,
BraTS-MET-00022-000,t2w,support,543012,1.3687681321336673,0.8444553244005831,14.199726154262438,0.6559239820092394,-0.00764871621504426,0.11134010553359985,0.11898882174864411
BraTS-MET-00022-000,t2w,tumour_all,73114,1.2547168629821726,0.8349875209542299,14.577567659601328,0.895769357902525,0.1689116326160729,0.2370722908526659,0.06816065823659301
BraTS-MET-00022-000,t2w,NETC,2682,2.6365214034096156,1.3092532656811937,11.352711994616628,0.9823852769896118,1.0684933647862636,0.02900504320859909,1.0394883215776645
BraTS-MET-00022-000,t2w,SNFH,36661,1.1974536403929035,0.8114240902401014,14.780437921347826,0.8977301897105621,0.008558981178794056,0.30033598141744733,0.2917770002386533
BraTS-MET-00022-000,t2w,ET,33771,1.207141346293854,0.8229025428977005,14.745443753912092,0.9344561928127196,0.26963321154471487,0.1827464192174375,0.08688679232727736
BraTS-MET-00022-000,t2w,RC,0,,,,,,,
BraTS-MET-00022-000,t2f,support,543012,1.4702642745458077,0.8726397318402835,13.889070961814749,0.6559097381093235,0.009416141547262669,0.22922131419181824,0.21980517264455557
BraTS-MET-00022-000,t2f,tumour_all,73114,1.6440401461586043,0.9011828712244544,13.403900823063992,0.9237129576098524,0.9384199064224958,1.010171233676374,0.07175132725387812
BraTS-MET-00022-000,t2f,NETC,2682,1.559782675145196,0.8807821583072386,13.63238408541106,0.9876382762420214,1.136408989696065,0.9861185541376472,0.1502904355584178
BraTS-MET-00022-000,t2f,SNFH,36661,1.5915757271315294,0.901974338587828,13.544751935985538,0.9262264381465972,0.8505246737040579,1.026475202292204,0.17595052858814597
BraTS-MET-00022-000,t2f,ET,33771,1.7076857771203628,0.9019438414958509,13.23894539459439,0.9540245822662714,1.0091106437612325,0.9847962548956275,0.024314388865604997
BraTS-MET-00022-000,t2f,RC,0,,,,,,,
BraTS-MET-00025-000,t1c,support,225000,1.4679915308885596,0.8226272810036843,13.895789507042483,0.6956059265652601,-0.061766162514686584,0.02087174542248249,0.08263790793716908
BraTS-MET-00025-000,t1c,tumour_all,55643,1.5746403363436505,0.90427792504438,13.591211285329397,0.8686718302217948,-0.10016155877383426,0.09137054359598551,0.19153210236981977
BraTS-MET-00025-000,t1c,NETC,3411,3.0566336203274926,1.3803046708382878,10.710591151016608,0.9755782088954614,-1.0595632853219286,-1.2427399524021894,0.1831766670802608
BraTS-MET-00025-000,t1c,SNFH,41476,0.8285396352557503,0.7046672577042076,16.37989211957457,0.8806811625595723,-0.36350346004473977,-0.08786743233213201,0.27563602771260776
BraTS-MET-00025-000,t1c,ET,10756,3.981686969539342,1.5230325558270101,9.562353869004864,0.9551352824602293,1.2176130027510226,1.202384838659782,0.015228164091240615
BraTS-MET-00025-000,t1c,RC,0,,,,,,,
BraTS-MET-00025-000,t1n,support,225000,1.854761390328196,0.9475146728452587,12.880144539478426,0.6988002655292906,-0.12751619517803192,-0.01503040548413992,0.112485789693892
BraTS-MET-00025-000,t1n,tumour_all,55643,1.31968666268276,0.91734747806418,14.35831673214166,0.8595061048124515,-0.18456411408260465,0.0893874992034398,0.27395161328604445
BraTS-MET-00025-000,t1n,NETC,3411,1.7016070203615008,1.120276800906877,13.25443232089604,0.9782361547959426,-1.0781224430538714,-0.22900842773378827,0.8491140153200831
BraTS-MET-00025-000,t1n,SNFH,41476,1.360614434934383,0.9253709864547939,14.225674266320121,0.8772676785915958,-0.0422775549814105,0.14578589261509478,0.18806344759650528
BraTS-MET-00025-000,t1n,ET,10756,1.04074926755906,0.8220541576638885,15.389563868487993,0.9473828237828886,-0.4453364808578044,-0.027448964188806713,0.4178875166689977
BraTS-MET-00025-000,t1n,RC,0,,,,,,,
BraTS-MET-00025-000,t2w,support,225000,1.3894155998368498,0.839858072835978,14.134703301061432,0.6953936210819491,0.05479084700345993,0.08782690763473511,0.03303606063127518
BraTS-MET-00025-000,t2w,tumour_all,55643,1.7225470447620914,1.0680525303500432,13.201314089385237,0.8662334445871791,0.9339168933220208,0.2560998569242656,0.6778170363977551
BraTS-MET-00025-000,t2w,NETC,3411,3.923966955061397,1.7231047203381693,9.625771593720465,0.976399063624823,2.1608204986550845,0.5613332218490541,1.5994872768060304
BraTS-MET-00025-000,t2w,SNFH,41476,1.6321788194497633,1.041370588441165,13.435347629879551,0.8842076750933616,0.8691395388450474,0.25710415525827557,0.6120353835867718
BraTS-MET-00025-000,t2w,ET,10756,1.3728881752030717,0.9632066027341206,14.186673363419317,0.9494690185367449,0.7812838129757438,0.15202988870441914,0.6292539242713246
BraTS-MET-00025-000,t2w,RC,0,,,,,,,
BraTS-MET-00025-000,t2f,support,225000,1.8764956345640746,0.9329660462210279,12.829549423496216,0.7092763265907529,0.007086265366524458,0.6186563968658447,0.6115701314993203
BraTS-MET-00025-000,t2f,tumour_all,55643,3.350856771307509,1.2492647178067873,10.311466359759397,0.9059622912030787,1.0370694687590003,1.997155416989699,0.9600859482306987
BraTS-MET-00025-000,t2f,NETC,3411,2.9924406914736763,1.5414021582201576,10.802769490809723,0.9725602796427287,-0.1352481445937883,1.3201993955299258,1.4554475401237141
BraTS-MET-00025-000,t2f,SNFH,41476,3.8947602088102804,1.3250421533961974,9.658217764214164,0.9286838871995031,1.2369195125065744,2.2496022563427687,1.0126827438361943
BraTS-MET-00025-000,t2f,ET,10756,1.367184241970234,0.8644166583277645,14.204754566608184,0.9642383177481156,0.6276637546252459,1.2159128477796912,0.5882490931544453
BraTS-MET-00025-000,t2f,RC,0,,,,,,,
BraTS-MET-00098-000,t1c,support,94300,1.492263298287166,0.9082426174248377,13.824570429760657,0.06358310758190298,1.967623290966003e-07,0.12871040403842926,0.12871020727610016
BraTS-MET-00098-000,t1c,tumour_all,17585,0.5836524086642886,0.5543974281852462,17.901482186223316,0.5652501704338375,0.04465438517945586,0.297552703646943,0.2528983184674871
BraTS-MET-00098-000,t1c,NETC,0,,,,,,,
BraTS-MET-00098-000,t1c,SNFH,17380,0.45215820250360317,0.5263955348270299,19.01012087076879,0.5666550598251331,0.006536426044476684,0.2956395068904385,0.2891030808459618
BraTS-MET-00098-000,t1c,ET,205,11.731795350482399,2.928411606554987,4.869380222285827,0.15119060706722667,3.26992247322778,0.45828052365686744,2.8116419495709124
BraTS-MET-00098-000,t1c,RC,0,,,,,,,
BraTS-MET-00098-000,t1n,support,94300,1.8464521307166477,0.9790230397911353,12.8996444772158,0.07793548700573755,3.2362226676241335e-08,0.1090724915266037,0.10907245916437702
BraTS-MET-00098-000,t1n,tumour_all,17585,0.8430062098216186,0.6905986967088917,16.304717269950604,0.5969154094441357,0.5549027833621949,0.29566105717094615,0.25924172619124874
BraTS-MET-00098-000,t1n,NETC,0,,,,,,,
BraTS-MET-00098-000,t1n,SNFH,17380,0.8494742282850202,0.6936708544280937,16.271522931753893,0.6011341426831327,0.5584985929308459,0.2935464949114248,0.2649520980194211
BraTS-MET-00098-000,t1n,ET,205,0.29464444936347817,0.43013966666142706,20.87004236681846,0.5847563148955955,0.24848185281643964,0.4734391645761207,0.22495731175968103
BraTS-MET-00098-000,t1n,RC,0,,,,,,,
BraTS-MET-00098-000,t2w,support,94300,1.6146765049283727,0.9182686250911949,13.482169748414387,0.0780227591780648,1.3462685899412463e-07,0.026049183681607246,0.026049049054748252
BraTS-MET-00098-000,t2w,tumour_all,17585,0.7356335643429509,0.6410188380937993,16.89640964436724,0.5008088022779221,0.19416339049348608,0.2961084184644278,0.10194502797094174
BraTS-MET-00098-000,t2w,NETC,0,,,,,,,
BraTS-MET-00098-000,t2w,SNFH,17380,0.7371892904919732,0.6404427070243124,16.887234833819765,0.505967898192779,0.1968917369376868,0.292379560531117,0.09548782359343022
BraTS-MET-00098-000,t2w,ET,205,0.6037383425380355,0.689863511204447,17.75453742631374,0.3157366646000913,-0.03745826795807261,0.6104837724706158,0.6479420404286884
BraTS-MET-00098-000,t2w,RC,0,,,,,,,
BraTS-MET-00098-000,t2f,support,94300,1.024736753758272,0.7806467404798139,15.456901876424903,0.10617232024462904,9.967565262058997e-08,0.2555842399597168,0.2555841402840642
BraTS-MET-00098-000,t2f,tumour_all,17585,0.8135027767713803,0.7423643387887573,16.459434610919146,0.6971553885580858,1.4813014182727784,1.1099634154816158,0.3713380027911626
BraTS-MET-00098-000,t2f,NETC,0,,,,,,,
BraTS-MET-00098-000,t2f,SNFH,17380,0.8200706054312024,0.7463216103566865,16.42451255421242,0.7069566685647158,1.4837842169217765,1.1059634535340592,0.3778207633877173
BraTS-MET-00098-000,t2f,ET,205,0.2566790591727989,0.40686492488333365,21.46912062001067,0.9078093280846422,1.2654552148742368,1.4440940227359533,0.1786388078617165
BraTS-MET-00098-000,t2f,RC,0,,,,,,,
BraTS-MET-00129-000,t1c,support,841920,1.467416328185621,0.8417244334330819,13.897491535346912,0.10063789206588293,0.039970919489860535,0.028167642652988434,0.0118032768368721
BraTS-MET-00129-000,t1c,tumour_all,176477,1.7076572500827878,0.9375438993297279,13.239017944466573,0.5962898507917485,-0.2235667807981372,-0.05345371435396373,0.17011306644417346
BraTS-MET-00129-000,t1c,NETC,16393,4.176707599799226,1.590097909350169,9.354684282406481,0.8259697690616995,-0.32264286279678345,-1.4476033449172974,1.124960482120514
BraTS-MET-00129-000,t1c,SNFH,147991,1.00125189424853,0.7817965946364753,15.557591500411297,0.6189211124730557,-0.3237731335684657,-0.017953082220628858,0.30582005134783685
BraTS-MET-00129-000,t1c,ET,12093,7.0054735597136535,1.958951447712595,7.108650024846758,0.8611489412560392,1.1365859685465693,1.4120636312873103,0.2754776627407409
BraTS-MET-00129-000,t1c,RC,0,,,,,,,
BraTS-MET-00129-000,t1n,support,841920,1.8604947325303298,1.0051539430973797,12.86674055991164,0.09978286975826574,0.014169580303132534,0.013637439347803593,0.0005321409553289413
BraTS-MET-00129-000,t1n,tumour_all,176477,2.10544671230503,1.1435487684046632,12.329582466256976,0.5969693288550983,0.096239619248081,0.13716135267168283,0.040921733423601836
BraTS-MET-00129-000,t1n,NETC,16393,3.6866948005821443,1.536672572654702,9.896653143163828,0.8327978620290396,0.20306357054505497,-1.1969951172359288,1.4000586877809837
BraTS-MET-00129-000,t1n,SNFH,147991,1.942467133237405,1.106404243760727,12.679488215436995,0.6254677209677195,0.07612916698417393,0.33143127569928765,0.2553021087151137
BraTS-MET-00129-000,t1n,ET,12093,1.956444064051508,1.0652040089165216,12.648350651015253,0.8508422117839612,0.18597690400201827,-0.40757614467293024,0.5935530486749485
BraTS-MET-00129-000,t1n,RC,0,,,,,,,
BraTS-MET-00129-000,t2w,support,841920,1.1914083894811487,0.8062852743257027,14.8024184684386,0.11558177072429787,-0.052631549537181854,0.09929332882165909,0.15192487835884094
BraTS-MET-00129-000,t2w,tumour_all,176477,1.5077819555493777,0.9630577117910364,13.779639591993622,0.6206209652098846,0.727787559852004,0.647968583041802,0.079818976810202
BraTS-MET-00129-000,t2w,NETC,16393,2.0915367389757993,1.1405973377954775,12.358370031658064,0.8565390768043315,0.8329542381688952,1.1870858347974718,0.3541315966285765
BraTS-MET-00129-000,t2w,SNFH,147991,1.4293438254291126,0.9395411060142185,14.011657908526725,0.6506708661966147,0.758586635813117,0.5830169962719083,0.17556963954120874
BraTS-MET-00129-000,t2w,ET,12093,1.6763625517553462,1.0101790974212543,13.319345501967861,0.8554607873758643,0.1545392689295113,0.647198292426765,0.49265902349725366
BraTS-MET-00129-000,t2w,RC,0,,,,,,,
BraTS-MET-00129-000,t2f,support,841920,1.5709267154163777,0.9009995460765003,13.601465753279758,0.15835131594831084,-0.08583486825227737,0.3236761689186096,0.409511037170887
BraTS-MET-00129-000,t2f,tumour_all,176477,3.5139552737422357,1.4639994983656983,10.105062713514831,0.6721018037485962,0.9402298014611006,2.203950459137559,1.2637206576764584
BraTS-MET-00129-000,t2f,NETC,16393,1.8337123405635043,1.0782025077948019,12.92971293045277,0.8580222679733848,0.8511796602979302,1.3035480435937643,0.45236838329583406
BraTS-MET-00129-000,t2f,SNFH,147991,3.7175275421693867,1.5084244649339882,9.86048305989469,0.7020744597309336,0.9959119129925966,2.34040302131325,1.3444911083206534
BraTS-MET-00129-000,t2f,ET,12093,3.300390304487025,1.4433160318165281,10.377371981434544,0.8649317758668327,0.3128665992990136,1.5990565549582243,1.2861899556592107
BraTS-MET-00129-000,t2f,RC,0,,,,,,,
BraTS-MET-00133-000,t1c,support,553380,1.4263242162415897,0.8001216426515698,14.020842450128018,0.7375738195901892,-0.046310167759656906,0.0827052965760231,0.12901546433568
BraTS-MET-00133-000,t1c,tumour_all,82996,2.595923355676072,1.0875933312421475,11.420106349418568,0.9319411142509653,0.5239832932129502,0.5198158340062946,0.0041674592066556215
BraTS-MET-00133-000,t1c,NETC,0,,,,,,,
BraTS-MET-00133-000,t1c,SNFH,63146,1.1241938540725944,0.7776871458336395,15.054612940762057,0.9171162937049374,-0.08385308110155165,-0.08149307919666171,0.002360001904889941
BraTS-MET-00133-000,t1c,ET,19850,7.277728449290842,2.0734540860938178,6.9430665385544765,0.9761420327639708,2.440780548378825,2.4160082326852717,0.024772315693553537
BraTS-MET-00133-000,t1c,RC,0,,,,,,,
BraTS-MET-00133-000,t1n,support,553380,1.7593891213967099,0.9627786254557322,13.10940598441144,0.7345742939149881,-0.059429846704006195,0.07151228934526443,0.13094213604927063
BraTS-MET-00133-000,t1n,tumour_all,82996,1.2508669501916199,0.8642567198203549,14.590913828169159,0.9283156538356663,0.06489577703177929,0.0962399949785322,0.031344217946752906
BraTS-MET-00133-000,t1n,NETC,0,,,,,,,
BraTS-MET-00133-000,t1n,SNFH,63146,1.1660756390458098,0.8385318316368103,14.89575778341915,0.9194829973050718,0.15400017891079187,0.2192613340448588,0.06526115513406694
BraTS-MET-00133-000,t1n,ET,19850,1.520601566494558,0.9460916714192518,13.742870672144798,0.9699538350757534,-0.2181018297560513,-0.2945727864280343,0.076470956671983
BraTS-MET-00133-000,t1n,RC,0,,,,,,,
BraTS-MET-00133-000,t2w,support,553380,1.496697887218314,0.8598415143567331,13.811683551705634,0.7330570839090919,-0.0042723859660327435,0.11765861511230469,0.12193100107833743
BraTS-MET-00133-000,t2w,tumour_all,82996,1.1526149495756486,0.8226850490019469,14.946182526257967,0.9268782889449757,0.4046988836489618,0.3750635788310319,0.029635304817929864
BraTS-MET-00133-000,t2w,NETC,0,,,,,,,
BraTS-MET-00133-000,t2w,SNFH,63146,1.0835324783656726,0.7915299274632273,15.214605671478207,0.9170441323581113,0.4172407949808985,0.4359394246712327,0.0186986296903342
BraTS-MET-00133-000,t2w,ET,19850,1.372377253204119,0.9217944346283444,14.188289896415318,0.9715369343734552,0.3592575282091275,0.1770316045731306,0.18222592363599688
BraTS-MET-00133-000,t2w,RC,0,,,,,,,
BraTS-MET-00133-000,t2f,support,553380,1.5423417557280938,0.9074253469150217,13.681218843923379,0.7350049491172844,-0.011651762761175632,0.2727111577987671,0.2843629205599427
BraTS-MET-00133-000,t2f,tumour_all,82996,1.6935431759520898,0.9833727444024555,13.275062275464744,0.9477500177781337,1.117036790587008,1.5080471963156015,0.39101040572859347
BraTS-MET-00133-000,t2f,NETC,0,,,,,,,
BraTS-MET-00133-000,t2f,SNFH,63146,1.714275119498703,0.980982244556252,13.222219788091094,0.9463086726428824,1.1870161490514874,1.5116585320793092,0.3246423830278218
BraTS-MET-00133-000,t2f,ET,19850,1.6275915735745363,0.9909773037620705,13.447570680251857,0.98269316151012,0.8796668343711644,1.4752348540350795,0.595568019663915
BraTS-MET-00133-000,t2f,RC,0,,,,,,,
BraTS-MET-00137-000,t1c,support,16746,1.4398138108588816,0.9004832613972981,13.979961657169033,0.5717774995400013,-0.006850051693618298,-0.026205837726593018,0.01935578603297472
BraTS-MET-00137-000,t1c,tumour_all,200,1.9015198521148904,1.069691907762317,12.772016369050686,0.9284629323358592,1.1171412122712354,0.40219770784460707,0.7149435044266284
BraTS-MET-00137-000,t1c,NETC,0,,,,,,,
BraTS-MET-00137-000,t1c,SNFH,0,,,,,,,
BraTS-MET-00137-000,t1c,ET,200,1.9015198521148904,1.069691907762317,12.772016369050686,0.9284629323358592,1.1171412122712354,0.40219770784460707,0.7149435044266284
BraTS-MET-00137-000,t1c,RC,0,,,,,,,
BraTS-MET-00137-000,t1n,support,16746,2.099279574572248,1.105613406816594,12.34232220541885,0.6109606920587972,-0.005673339124768972,0.04248881712555885,0.048162156250327826
BraTS-MET-00137-000,t1n,tumour_all,200,1.7189172564065855,1.0872168257739394,13.21047529229114,0.9350652654035174,0.4285530207998818,-0.4899122826755047,0.9184653034753865
BraTS-MET-00137-000,t1n,NETC,0,,,,,,,
BraTS-MET-00137-000,t1n,SNFH,0,,,,,,,
BraTS-MET-00137-000,t1n,ET,200,1.7189172564065855,1.0872168257739394,13.21047529229114,0.9350652654035174,0.4285530207998818,-0.4899122826755047,0.9184653034753865
BraTS-MET-00137-000,t1n,RC,0,,,,,,,
BraTS-MET-00137-000,t2w,support,16746,1.5114385987905028,0.9710034414352364,13.76911991825802,0.5720140595203215,0.008984478190541267,-0.006511401850730181,0.015495880041271448
BraTS-MET-00137-000,t2w,tumour_all,200,1.8195109842729926,1.1725576568651013,12.963478190287379,0.9152139168030151,0.23740969589380256,-0.38084722938469895,0.6182569252785015
BraTS-MET-00137-000,t2w,NETC,0,,,,,,,
BraTS-MET-00137-000,t2w,SNFH,0,,,,,,,
BraTS-MET-00137-000,t2w,ET,200,1.8195109842729926,1.1725576568651013,12.963478190287379,0.9152139168030151,0.23740969589380256,-0.38084722938469895,0.6182569252785015
BraTS-MET-00137-000,t2w,RC,0,,,,,,,
BraTS-MET-00137-000,t2f,support,16746,1.6601975671488043,0.9596255424688638,13.361427276567523,0.6010589651370715,0.003466301830485463,0.10434769839048386,0.10088139655999839
BraTS-MET-00137-000,t2f,tumour_all,200,0.8279890453050511,0.7614668800018262,16.382779098701363,0.9482678480302152,0.5912099550005223,0.04131422446516808,0.5498957305353542
BraTS-MET-00137-000,t2f,NETC,0,,,,,,,
BraTS-MET-00137-000,t2f,SNFH,0,,,,,,,
BraTS-MET-00137-000,t2f,ET,200,0.8279890453050511,0.7614668800018262,16.382779098701363,0.9482678480302152,0.5912099550005223,0.04131422446516808,0.5498957305353542
BraTS-MET-00137-000,t2f,RC,0,,,,,,,
BraTS-MET-00147-000,t1c,support,86218,1.5841058063831126,0.9253868260171971,13.565183149319271,0.5408202394985401,2.0494186969699513e-07,0.12333846092224121,0.12333825598037151
BraTS-MET-00147-000,t1c,tumour_all,17921,2.2753552923083014,1.0422206700884804,11.992532802394782,0.8010008607971862,0.36923026328440756,0.4107166805770248,0.04148641729261726
BraTS-MET-00147-000,t1c,NETC,1136,6.797698451783947,2.029760451830389,7.239406055439222,0.267924159788906,-0.6433493143849773,0.979287532158196,1.6226368465431733
BraTS-MET-00147-000,t1c,SNFH,13903,0.9398411570818055,0.720106397814712,15.832480412442802,0.5204982871748914,-0.010557705847531906,0.26170890702633187,0.2722666128738638
BraTS-MET-00147-000,t1c,ET,2882,6.935407753408107,2.2068665879800125,7.152305011331334,0.8886603099235982,2.5966049769776873,0.9026079921168275,1.6939969848608598
BraTS-MET-00147-000,t1c,RC,0,,,,,,,
BraTS-MET-00147-000,t1n,support,86218,2.0452138985679715,1.0892114800263182,12.4556376538731,0.5421133875291795,-2.6051333179566427e-07,0.11089150607585907,0.11089176658919087
BraTS-MET-00147-000,t1n,tumour_all,17921,1.4621031066726382,0.9089448190896511,13.913245008677066,0.8149840128615117,0.26786531967809424,0.4418073965207441,0.17394207684264984
BraTS-MET-00147-000,t1n,NETC,1136,4.029306482080807,1.9285731120299445,9.510721982798207,0.46232461774401507,-0.9095247123259469,1.018039513088297,1.927564225414244
BraTS-MET-00147-000,t1n,SNFH,13903,1.1520410189614247,0.7664785531532631,14.948345581458467,0.5940846246296465,0.4683246032218449,0.2906841037911363,0.1776404994307086
BraTS-MET-00147-000,t1n,ET,2882,1.9459511882081413,1.1943059414121455,12.671705584411852,0.9039526279180907,-0.2350205347611336,0.9407286839559674,1.175749218717101
BraTS-MET-00147-000,t1n,RC,0,,,,,,,
BraTS-MET-00147-000,t2w,support,86218,1.616120109524633,0.9445939332416622,13.478288665036215,0.5560393720439122,-1.2565520535190444e-07,0.07657945901155472,0.07657958466676007
BraTS-MET-00147-000,t2w,tumour_all,17921,2.407240983493461,1.1646234215120133,11.747829320698493,0.7919836759998499,0.8722243634983897,0.06053058890393004,0.8116937745944597
BraTS-MET-00147-000,t2w,NETC,1136,9.015400691382398,2.894807597346814,6.013174669701943,0.22713717355742785,3.448529345856514,0.5526136411353946,2.8959157047211193
BraTS-MET-00147-000,t2w,SNFH,13903,0.9739288676832878,0.7827861397650776,15.677752620619165,0.5085124544118612,0.34093990590190515,0.005208161368500441,0.3357317445334047
BraTS-MET-00147-000,t2w,ET,2882,6.716910975841487,2.3246492731356474,7.291329084544528,0.8635265967675001,2.4123053846415132,0.1327999354689382,2.279505449172575
BraTS-MET-00147-000,t2w,RC,0,,,,,,,
BraTS-MET-00147-000,t2f,support,86218,0.9854961833724124,0.7626679399207268,15.626475540833427,0.5728751096664358,8.494999370611822e-09,0.33135291934013367,0.3313529108451343
BraTS-MET-00147-000,t2f,tumour_all,17921,0.6098377083496946,0.6050655120495848,17.710882259955913,0.8895248785585753,1.4664288945496082,1.4352593087824062,0.03116958576720208
BraTS-MET-00147-000,t2f,NETC,1136,0.49961781357336615,0.6019152268311534,18.576645862799673,0.7866775547728462,0.9698412628931692,1.4356081162113696,0.46576685331820045
BraTS-MET-00147-000,t2f,SNFH,13903,0.656697871200979,0.6215651810404488,17.389368923176196,0.7863477072593571,1.551033163908869,1.4369763954891823,0.1140567684196867
BraTS-MET-00147-000,t2f,ET,2882,0.4272259652353648,0.5267115307963434,19.256448611106467,0.9725004787024267,1.2478307459678035,1.420248779002577,0.17241803303477354
BraTS-MET-00147-000,t2f,RC,0,,,,,,,
BraTS-MET-00161-000,t1c,support,112800,1.330690156431088,0.7943436108786514,14.322255565001015,0.05727079443689446,1.0172526287988148e-07,0.02890891581773758,0.0289088140924747
BraTS-MET-00161-000,t1c,tumour_all,26090,2.1187983831050277,1.090889788053848,12.302128679219035,0.4642310835195843,0.3255103789269924,0.29134216596139595,0.03416821296559647
BraTS-MET-00161-000,t1c,NETC,779,2.664987816242603,1.2756231607488488,11.306072729021452,0.5979677758078384,-0.18657078678188554,-0.7527221870259382,0.5661514002440526
BraTS-MET-00161-000,t1c,SNFH,14296,1.0432771453935812,0.796719528370107,15.379028071762388,0.529404147283421,-0.37952174042584375,0.028045283863320947,0.4075670242891647
BraTS-MET-00161-000,t1c,ET,11015,3.476053947872043,1.4596188606920104,10.15215992748619,0.5443101358297175,1.2752936683828011,0.7058122637681663,0.5694814046146348
BraTS-MET-00161-000,t1c,RC,0,,,,,,,
BraTS-MET-00161-000,t1n,support,112800,1.57628125773544,0.9346954845587604,13.586687890196654,0.07204950762062784,-3.408878512800584e-08,0.09739906340837479,0.09739909749715991
BraTS-MET-00161-000,t1n,tumour_all,26090,0.7424006335797139,0.6824732912631419,16.8566416692063,0.49617966951486064,0.1341120412980672,0.2035697739920579,0.06945773269399069
BraTS-MET-00161-000,t1n,NETC,779,0.5818382238586273,0.66891673006758,17.915002519456504,0.606180913125496,-0.10560430377881858,0.21656018879730254,0.3221644925761211
BraTS-MET-00161-000,t1n,SNFH,14296,0.7298045885509951,0.6644460990223485,16.93095911160263,0.6006593667927713,0.17560033116023988,0.27019605122040957,0.0945957200601697
BraTS-MET-00161-000,t1n,ET,11015,0.7701038725178248,0.7068289246218097,16.697531934924083,0.4909219500715525,0.09677437041682424,0.11547537334263325,0.018701002925809007
BraTS-MET-00161-000,t1n,RC,0,,,,,,,
BraTS-MET-00161-000,t2w,support,112800,1.3472227667312848,0.8468024307458776,14.26863087402818,0.0653198425527693,-4.2205162031905274e-08,0.07402418553829193,0.07402422774345396
BraTS-MET-00161-000,t2w,tumour_all,26090,0.7861811778903424,0.6929081424148623,16.607798586836402,0.5049979958433498,0.4681926864432171,0.28835713907756144,0.17983554736565566
BraTS-MET-00161-000,t2w,NETC,779,1.3833227392390273,0.971794455537551,14.153789847803866,0.7063637329409077,1.2293622279175906,0.3716203920193948,0.8577418358981959
BraTS-MET-00161-000,t2w,SNFH,14296,0.84764802562339,0.7077128746720651,16.280869459890816,0.5943299095593805,0.41339222353417426,0.27050474734278396,0.1428874761913903
BraTS-MET-00161-000,t2w,ET,11015,0.6641745204702537,0.6539702495168556,17.340202898954978,0.5158232733971063,0.483707892766688,0.3045829629409127,0.17912492982577533
BraTS-MET-00161-000,t2w,RC,0,,,,,,,
BraTS-MET-00161-000,t2f,support,112800,1.3486905447161848,0.8513592041127164,14.26390187966639,0.08953288103596775,1.212045646070692e-07,0.18294286727905273,0.18294274607448813
BraTS-MET-00161-000,t2f,tumour_all,26090,0.8158230844132626,0.7175736786289949,16.4470651087783,0.6476318490083031,0.946714342571795,1.0967642774339765,0.15004993486218154
BraTS-MET-00161-000,t2f,NETC,779,0.7086943781146073,0.6852489054927154,17.05843513135569,0.7906518442812526,0.5924992154687061,1.0889466786757112,0.49644746320700506
BraTS-MET-00161-000,t2f,SNFH,14296,0.6770346688695809,0.6591264025965361,17.256915926238747,0.7826764999223761,1.089087120257318,0.9706086259684525,0.11847849428886548
BraTS-MET-00161-000,t2f,ET,11015,1.0035282547100508,0.7957165071749043,15.547728960494972,0.705169369068779,0.7836650663521141,1.2570337629294954,0.47336869657738134
BraTS-MET-00161-000,t2f,RC,0,,,,,,,
BraTS-MET-00162-000,t1c,support,29165,1.9696597460202647,1.0574210660025911,12.619112914527006,0.9504986724469291,-0.02231869101524353,-0.1798473298549652,0.15752863883972168
BraTS-MET-00162-000,t1c,tumour_all,1470,5.2070089956873185,1.6866759690627944,8.39714172798914,0.9899052579499916,0.6918187893752474,-0.5160580184310675,1.207876807806315
BraTS-MET-00162-000,t1c,NETC,0,,,,,,,
BraTS-MET-00162-000,t1c,SNFH,1128,2.349564906889761,1.2022617217779765,11.853150538281083,0.9719149429719843,0.03783328191639157,-0.54555247456301,0.5833857564794016
BraTS-MET-00162-000,t1c,ET,342,14.631561428914345,3.284393135546053,3.910118257850519,0.99478049111725,2.848458876120276,-0.41865604266058654,3.2671149187808624
BraTS-MET-00162-000,t1c,RC,0,,,,,,,
BraTS-MET-00162-000,t1n,support,29165,1.919513174549022,1.0656660189598273,12.731114035301665,0.9560424671494684,-0.02100989781320095,0.3182770609855652,0.33928695879876614
BraTS-MET-00162-000,t1n,tumour_all,1470,1.0151822645864874,0.8162902203046394,15.497584788156896,0.9924524542702394,0.16922328928194474,0.7469567597145215,0.5777334704325767
BraTS-MET-00162-000,t1n,NETC,0,,,,,,,
BraTS-MET-00162-000,t1n,SNFH,1128,0.9537224915795249,0.799007140655452,15.768804760717243,0.9779193885799137,0.12510719348210841,0.6431207506684586,0.5180135571863502
BraTS-MET-00162-000,t1n,ET,342,1.217891691346294,0.8732940619545907,14.706938331125922,0.9973080920914191,0.3146734953406849,1.089214476174675,0.77454098083399
BraTS-MET-00162-000,t1n,RC,0,,,,,,,
BraTS-MET-00162-000,t2w,support,29165,1.5734922195895589,0.9176721116128942,13.59437900958579,0.950615669440389,0.01982230506837368,0.10213323682546616,0.08231093175709248
BraTS-MET-00162-000,t2w,tumour_all,1470,0.9833072165218224,0.7193031354336509,15.636132742929401,0.9931425963838877,0.12608748202910647,0.18182550443452783,0.05573802240542136
BraTS-MET-00162-000,t2w,NETC,0,,,,,,,
BraTS-MET-00162-000,t2w,SNFH,1128,1.18462871328317,0.8002382777817568,14.827202458125978,0.9810681121863646,0.17603231995963142,0.2321976828679908,0.056165362908359384
BraTS-MET-00162-000,t2w,ET,342,0.31929947281772936,0.45235915716270486,20.521042992730667,0.997880863269503,-0.03866028650372755,0.015654369664844126,0.05431465616857167
BraTS-MET-00162-000,t2w,RC,0,,,,,,,
BraTS-MET-00162-000,t2f,support,29165,1.8430428112061596,1.0134555109333847,12.90767077401357,0.9516936015896534,-0.00575359258800745,0.2869391441345215,0.29269273672252893
BraTS-MET-00162-000,t2f,tumour_all,1470,1.00661203298116,0.7901160094282965,15.534403831443907,0.9948037512489544,1.0884135926462477,0.9450334650464356,0.1433801275998121
BraTS-MET-00162-000,t2f,NETC,0,,,,,,,
BraTS-MET-00162-000,t2f,SNFH,1128,1.1503139758572634,0.844523264591939,14.954861044386753,0.9871457993884685,1.144281319808215,1.0247783812810667,0.11950293852714822
BraTS-MET-00162-000,t2f,ET,342,0.5326477301617314,0.6106675187131249,18.298624201193405,0.9979051589095361,0.9038889550647582,0.68179954320658,0.2220894118581782
BraTS-MET-00162-000,t2f,RC,0,,,,,,,
BraTS-MET-00167-000,t1c,support,561660,1.2501954663333923,0.7403457207068417,14.593245811084861,0.2889617062246943,-0.01451917178928852,0.07868126779794693,0.09320043958723545
BraTS-MET-00167-000,t1c,tumour_all,115028,1.067659822578198,0.7427353908037411,15.278696008000708,0.6903755000822077,0.12666947860270739,0.16133881104178727,0.03466933243907988
BraTS-MET-00167-000,t1c,NETC,0,,,,,,,
BraTS-MET-00167-000,t1c,SNFH,109102,0.7850878313078405,0.6753755499236581,16.613842548264333,0.6903953211409574,0.0012545924982987344,0.02930692443624139,0.028052331937942654
BraTS-MET-00167-000,t1c,ET,5926,6.270017127940759,1.982879393452881,7.590337735633654,0.9388233211772631,2.405850156676024,2.5600865217857063,0.15423636510968208
BraTS-MET-00167-000,t1c,RC,0,,,,,,,
BraTS-MET-00167-000,t1n,support,561660,1.776294349942221,0.9556325071851834,13.067875663723793,0.2920175887020358,0.035078492015600204,0.13962216675281525,0.10454367473721504
BraTS-MET-00167-000,t1n,tumour_all,115028,2.545414523948441,1.2550968996006515,11.50543982933825,0.6722393824390454,-0.11514381202869117,0.6427818561787717,0.7579256682074629
BraTS-MET-00167-000,t1n,NETC,0,,,,,,,
BraTS-MET-00167-000,t1n,SNFH,109102,2.6160445311605414,1.275616950109767,11.38657368350267,0.6762843195672869,-0.13016364071518183,0.6785832095774822,0.808746850292664
BraTS-MET-00167-000,t1n,ET,5926,1.245064364168721,0.8773077415437045,14.611106977043885,0.9239554194266192,0.16100041172467172,-0.024445172399282455,0.18544558412395418
BraTS-MET-00167-000,t1n,RC,0,,,,,,,
BraTS-MET-00167-000,t2w,support,561660,1.1486101573707856,0.7807918694111944,14.961298482592127,0.3052924689015555,-0.08767998218536377,0.15096187591552734,0.2386418581008911
BraTS-MET-00167-000,t2w,tumour_all,115028,1.6147306277521811,0.9960944683179495,13.482024178390159,0.7143934114753681,0.9906266424804926,0.8024483061744832,0.18817833630600944
BraTS-MET-00167-000,t2w,NETC,0,,,,,,,
BraTS-MET-00167-000,t2w,SNFH,109102,1.6601632667891335,1.0109946284507194,13.361517004507817,0.7214765020358257,1.0250654350966215,0.8508237892528996,0.17424164584372193
BraTS-MET-00167-000,t2w,ET,5926,0.7782824697687994,0.7217716079052764,16.651652523671068,0.9310236970404943,0.3396869283169508,-0.09750514291226864,0.43719207122921944
BraTS-MET-00167-000,t2w,RC,0,,,,,,,
BraTS-MET-00167-000,t2f,support,561660,2.2830348053956055,1.007480735621511,11.977899683063864,0.32948548950665574,-0.05674056336283684,0.4711250364780426,0.5278655998408794
BraTS-MET-00167-000,t2f,tumour_all,115028,6.401873676753059,1.9302020287525155,7.499954004734425,0.7528682493676698,1.0559376031160355,2.749728581868112,1.6937909787520766
BraTS-MET-00167-000,t2f,NETC,0,,,,,,,
BraTS-MET-00167-000,t2f,SNFH,109102,6.660906970858507,1.980516353119577,7.327691326148482,0.7582709804751304,1.0840388406068087,2.825577987357974,1.7415391467511654
BraTS-MET-00167-000,t2f,ET,5926,1.6328810251343253,1.0038784686622082,13.433479584127346,0.9410809514045547,0.5187349105253816,1.3021828159689903,0.7834479054436088
BraTS-MET-00167-000,t2f,RC,0,,,,,,,
BraTS-MET-00175-000,t1c,support,71475,1.3168518730693275,0.7517969491718558,14.367655749525174,0.4729593300543674,0.001785787520930171,0.021446039900183678,0.019660252379253507
BraTS-MET-00175-000,t1c,tumour_all,15324,0.7997145174546979,0.5957284332148419,16.533675208019947,0.7462201918328191,-0.07468435131886508,-0.06000957955257036,0.014674771766294725
BraTS-MET-00175-000,t1c,NETC,452,1.4624881648590962,0.9660119723242221,13.912101405137081,0.208789533036315,-0.7290281104469614,-0.00591861447901465,0.7231094959679467
BraTS-MET-00175-000,t1c,SNFH,13537,0.67889041290139,0.5428758200576417,17.245028250335686,0.4845415193699365,-0.13760111895680893,-0.1088237710064277,0.028777347950381227
BraTS-MET-00175-000,t1c,ET,1335,1.8004802213583233,1.0062884816280104,13.009141458470532,0.9223903580088031,0.7843025754627888,0.4162273818947142,0.3680751935680746
BraTS-MET-00175-000,t1c,RC,0,,,,,,,
BraTS-MET-00175-000,t1n,support,71475,1.5714938452973854,0.9452456852714707,13.599898163100407,0.48645686393262205,-0.0037643699906766415,0.1986619234085083,0.20242629339918494
BraTS-MET-00175-000,t1n,tumour_all,15324,0.8704761603156016,0.7563838894300681,16.16545619150994,0.7517079131344053,0.2768301257165149,0.5132280057878233,0.23639788007130846
BraTS-MET-00175-000,t1n,NETC,452,0.6407208832422515,0.6688011774317562,17.496336214311622,0.23186334878200404,-0.09418932481821685,0.39850059035234153,0.4926899151705584
BraTS-MET-00175-000,t1n,SNFH,13537,0.9168410172110393,0.7812906838364431,15.940084664428989,0.47658083951612473,0.29864055034704506,0.5537185469875112,0.25507799664046615
BraTS-MET-00175-000,t1n,ET,1335,0.47812284004864597,0.5334806009987108,18.767630102190285,0.9409960767809991,0.18045214150333777,0.1399238280719146,0.04052831343142316
BraTS-MET-00175-000,t1n,RC,0,,,,,,,
BraTS-MET-00175-000,t2w,support,71475,1.324147861298973,0.8023830066107455,14.343660173548551,0.481694657172266,0.00030946594779379666,0.16081883013248444,0.16050936418469064
BraTS-MET-00175-000,t2w,tumour_all,15324,1.4310160847863542,0.8752872937970082,14.00657985459854,0.747392500867646,0.7936752082314342,0.49938615306746215,0.2942890551639721
BraTS-MET-00175-000,t2w,NETC,452,10.528387167974673,3.015428099497963,5.339406535795427,0.22214897722168664,3.786595267476514,0.7789819544414058,3.007613313035108
BraTS-MET-00175-000,t2w,SNFH,13537,0.9498582260476721,0.7577093509605972,15.786437125731506,0.48829268711792484,0.5829081911942922,0.45281638065353036,0.1300918105407618
BraTS-MET-00175-000,t2w,ET,1335,3.22983421523161,1.3429344608379556,10.471222698472989,0.9536442691235465,1.9112109583511483,0.8742091638268903,1.037001794524258
BraTS-MET-00175-000,t2w,RC,0,,,,,,,
BraTS-MET-00175-000,t2f,support,71475,1.5292816366762483,0.9362495492818962,13.718150271332972,0.4984775048468687,-0.003569517284631729,0.4675804078578949,0.4711499251425266
BraTS-MET-00175-000,t2f,tumour_all,15324,1.738502677311779,1.0552746595860791,13.161271369295822,0.8105203717435764,0.858035191311501,1.730541881697718,0.8725066903862171
BraTS-MET-00175-000,t2f,NETC,452,1.528399801910405,1.1356806483086759,13.720655280380292,0.6686678680576089,1.1864968077206868,2.280525842681527,1.0940290349608404
BraTS-MET-00175-000,t2f,SNFH,13537,1.7666317782836407,1.04945556218894,13.091564624796565,0.620207196223806,0.8268322732765228,1.6840422626119107,0.857209989335388
BraTS-MET-00175-000,t2f,ET,1335,1.5244074412258868,1.0870571424044,13.73201440701628,0.9561365638850075,1.0592121285299072,2.007975756889209,0.948763628359302
BraTS-MET-00175-000,t2f,RC,0,,,,,,,
BraTS-MET-00180-000,t1c,support,556920,1.2056852879291455,0.7301625439722529,14.750685391922174,0.0824254926164786,-0.0023307378869503736,-0.0294670220464468,0.027136284159496427
BraTS-MET-00180-000,t1c,tumour_all,105159,1.1974858966167177,0.8045155128372232,14.780320935513371,0.5843397254596596,-0.23392758099362254,-0.034250162076205015,0.19967741891741753
BraTS-MET-00180-000,t1c,NETC,1786,8.39281398722584,2.466278457406352,6.323949029629629,0.40373929250755597,1.7197100457269698,-0.22559549135621637,1.9453055370831862
BraTS-MET-00180-000,t1c,SNFH,100187,0.9072974199170164,0.7352110813176186,15.985528248920975,0.5862401244427112,-0.346463703783229,-0.062393017928116024,0.28407068585511297
BraTS-MET-00180-000,t1c,ET,3186,6.289217517861238,2.0523166621323083,7.577058853401825,0.4938559628864985,2.1793763170135207,0.9496062949765474,1.2297700220369734
BraTS-MET-00180-000,t1c,RC,0,,,,,,,
BraTS-MET-00180-000,t1n,support,556920,1.5251444430034504,0.8915430954105855,13.729915240820514,0.056880740102157615,-0.04951384663581848,0.10160985589027405,0.15112370252609253
BraTS-MET-00180-000,t1n,tumour_all,105159,1.739707874099777,1.0320998796962213,13.158261716327173,0.5728424615531605,0.11643881117925048,0.5100954951194581,0.3936566839402076
BraTS-MET-00180-000,t1n,NETC,1786,0.6057855470159774,0.592973340319319,17.73983593153885,0.5317111681860422,-0.30838882829993963,-0.34100075950846076,0.03261193120852113
BraTS-MET-00180-000,t1n,SNFH,100187,1.7946247120480068,1.0526251656429386,13.023288570602308,0.5791834092058884,0.13450345629826188,0.5500712712819222,0.41556781498366036
BraTS-MET-00180-000,t1n,ET,3186,0.6484436031181,0.6328259236960236,17.444302904623456,0.47559501152433614,-0.21138857398182154,-0.2742154090665281,0.06282683508470654
BraTS-MET-00180-000,t1n,RC,0,,,,,,,
BraTS-MET-00180-000,t2w,support,556920,1.224389171769388,0.7964692570905518,14.6838302063062,0.0903010646059564,-0.08197947591543198,0.14611342549324036,0.22809290140867233
BraTS-MET-00180-000,t2w,tumour_all,105159,1.6587624296339407,1.0123786540832362,13.365183105760568,0.601105953310963,0.8377646366134286,0.8098745918832719,0.02789004473015666
BraTS-MET-00180-000,t2w,NETC,1786,1.4036949770375677,0.9795581291460074,14.090297549259512,0.42844514150670737,0.9086697711609304,0.24912595748901367,0.6595438136719167
BraTS-MET-00180-000,t2w,SNFH,100187,1.6592186622088814,1.0101658561493192,13.363988769291941,0.6082267379415172,0.8339178366586566,0.8416452712262981,0.007727434567641467
BraTS-MET-00180-000,t2w,ET,3186,1.787400815494446,1.1003607771664874,13.04080549023441,0.4258707077852811,0.8879714389331639,0.10736586898565292,0.780605569947511
BraTS-MET-00180-000,t2w,RC,0,,,,,,,
BraTS-MET-00180-000,t2f,support,556920,2.205016153266696,0.9476769952430049,12.128907254446569,0.1219969943045237,-0.052441034466028214,0.43784308433532715,0.49028411880135536
BraTS-MET-00180-000,t2f,tumour_all,105159,7.146748047685287,1.9285525921192455,7.021940290661117,0.6640274020230722,1.0938756633549929,2.8823286360129714,1.7884529726579785
BraTS-MET-00180-000,t2f,NETC,1786,0.9164490936862238,0.8060780818054906,15.941941547043877,0.6110723238521687,0.6189355382230133,1.1956321988254786,0.5766966606024653
BraTS-MET-00180-000,t2f,SNFH,100187,7.449649805242763,1.9822210988932307,6.841666429485633,0.6714831393827533,1.1125770136713982,2.9560691635124385,1.8434921498410404
BraTS-MET-00180-000,t2f,ET,3186,1.1142607744371245,0.8701259716720045,15.093156585421983,0.6312703058052479,0.73970041051507,1.4322181697934866,0.6925177592784166
BraTS-MET-00180-000,t2f,RC,0,,,,,,,
BraTS-MET-00194-000,t1c,support,658560,1.4526779776279861,0.8500962875464309,13.941331480239628,0.04962814225028403,0.015266035683453083,0.04009873792529106,0.02483270224183798
BraTS-MET-00194-000,t1c,tumour_all,116079,1.207602709437572,0.8658547099568067,14.743784220104086,0.6020610611006076,-0.23508245777338743,0.09991921903565526,0.3350016768090427
BraTS-MET-00194-000,t1c,NETC,592,4.810109344320974,1.8726523536221262,8.74147551816434,0.43400090553561577,1.7422058435622603,0.5383257202338427,1.2038801233284175
BraTS-MET-00194-000,t1c,SNFH,109059,1.0359504640658097,0.8156356429788599,15.409635114750744,0.6008853482749275,-0.3749200743623078,0.06310942233540118,0.43802949669770896
BraTS-MET-00194-000,t1c,ET,6428,3.788115823959673,1.6251604069851264,9.778792514134675,0.3936614928806822,1.9342293569643516,0.6741754747927189,1.2600538821716327
BraTS-MET-00194-000,t1c,RC,0,,,,,,,
BraTS-MET-00194-000,t1n,support,658560,1.664635583290757,0.9291617295539663,13.349833268817155,0.04882541965764917,-0.05879577621817589,0.07627061754465103,0.13506639376282692
BraTS-MET-00194-000,t1n,tumour_all,116079,1.264301483755198,0.8747379914350717,14.544518531508285,0.6283178369364277,0.18844396201893687,0.22329827584326267,0.0348543138243258
BraTS-MET-00194-000,t1n,NETC,592,0.5827867994788342,0.5838696822937817,17.90792794626142,0.599002813694745,-0.12372355069965124,-0.5758879776112735,0.4521644269116223
BraTS-MET-00194-000,t1n,SNFH,109059,1.3095776777102928,0.8929842317651918,14.391712370282356,0.6300030652066227,0.20960832247510552,0.2707071874756366,0.06109886500053108
BraTS-MET-00194-000,t1n,ET,6428,0.5589001546548474,0.5919559931228549,18.089682709765075,0.3861397153433179,-0.14279293408617377,-0.5041407058015466,0.3613477717153728
BraTS-MET-00194-000,t1n,RC,0,,,,,,,
BraTS-MET-00194-000,t2w,support,658560,1.502073137236843,0.8793953829324191,13.796114214113322,0.05834543992797876,0.03832840919494629,0.1289146989583969,0.09058628976345062
BraTS-MET-00194-000,t2w,tumour_all,116079,1.4178903864588641,0.9357736495041226,14.04659842837097,0.619952725874084,0.6810494377277792,0.4860506628174335,0.19499877491034567
BraTS-MET-00194-000,t2w,NETC,592,0.2056075643259893,0.3286718424946279,22.432634124060854,0.7289331228223739,0.09295646380633116,0.07240732572972775,0.020549138076603413
BraTS-MET-00194-000,t2w,SNFH,109059,1.4927385347421631,0.9721130814852991,13.823187565807512,0.620324485248401,0.7166536469012499,0.507630294887349,0.20902335201390088
BraTS-MET-00194-000,t2w,ET,6428,0.25964633342126553,0.37514237341739126,21.419203066540632,0.4610535968416249,0.11985270609147847,0.1492168391123414,0.029364133020862937
BraTS-MET-00194-000,t2w,RC,0,,,,,,,
BraTS-MET-00194-000,t2f,support,658560,1.4823770714352136,0.8723838379294211,13.85343811824346,0.10906186371064357,-0.036189813166856766,0.2593342363834381,0.2955240495502949
BraTS-MET-00194-000,t2f,tumour_all,116079,2.7675023061062873,1.2937169009554466,11.142145093271616,0.6876829169399014,0.9718702733516693,2.1110509634017944,1.1391806900501251
BraTS-MET-00194-000,t2f,NETC,592,0.4633249174220316,0.5690159536742048,18.904168437588254,0.556790556443533,0.08212790032848716,0.5571128111332655,0.47498491080477834
BraTS-MET-00194-000,t2f,SNFH,109059,2.9030060838102942,1.3331988113043194,10.934545547866396,0.6935763566617349,1.0315282437950373,2.20416645007208,1.1726382062770426
BraTS-MET-00194-000,t2f,ET,6428,0.6807204955088674,0.6906001150271308,17.23333673987569,0.4124699088150847,0.027259212220087647,0.6359625533223152,0.6087033411022276
BraTS-MET-00194-000,t2f,RC,0,,,,,,,
BraTS-MET-00195-000,t1c,support,742050,1.371901565554908,0.8098390942873852,14.189795490685249,0.048618598775420366,0.071637824177742,0.04947493597865105,0.022162888199090958
BraTS-MET-00195-000,t1c,tumour_all,165080,1.3897069891629674,0.8740101979426955,14.133792590771908,0.5284337925408423,-0.22463311068713665,0.08534807222895324,0.3099811829160899
BraTS-MET-00195-000,t1c,NETC,4463,10.961537234463089,3.0273814881216285,5.164310373461368,0.3578768678059148,2.3043467705138028,-0.6059585022740066,2.9103052727878094
BraTS-MET-00195-000,t1c,SNFH,156406,0.9801747005128781,0.7805579437700352,15.64999012108581,0.534162084986886,-0.3648246368393302,0.07065232656896114,0.43547696340829134
BraTS-MET-00195-000,t1c,ET,4211,6.4560163583939,2.0628007935400703,7.463378786271266,0.5321933879728888,2.2297891569323838,1.3482800424098969,0.8815091145224869
BraTS-MET-00195-000,t1c,RC,0,,,,,,,
BraTS-MET-00195-000,t1n,support,742050,1.6449478401673996,0.9174666446960693,13.401503693546196,0.04597854016899871,-0.011342517100274563,0.04167339578270912,0.053015912882983685
BraTS-MET-00195-000,t1n,tumour_all,165080,1.742028618193809,1.031255690192667,13.152472154104748,0.5327548824544185,0.18926430866122246,0.30910585983656347,0.11984155117534101
BraTS-MET-00195-000,t1n,NETC,4463,2.7436393921045155,1.3348049592059164,11.179754711052556,0.3041792420747063,0.29001377196982503,-0.9186593573540449,1.20867312932387
BraTS-MET-00195-000,t1n,SNFH,156406,1.7128418999217054,1.0219876530034384,13.225852225421978,0.5442001379389824,0.188962338026613,0.35661900672130287,0.16765666869468987
BraTS-MET-00195-000,t1n,ET,4211,1.7645384671852984,1.0537767628624157,13.09671370287672,0.4478307431631019,0.07965740701183677,-0.14696850860491395,0.22662591561675072
BraTS-MET-00195-000,t1n,RC,0,,,,,,,
BraTS-MET-00195-000,t2w,support,742050,1.2560549497853157,0.8247016164762468,14.572938614723775,0.050156587247053235,-0.036454249173402786,0.13942527770996094,0.17587952688336372
BraTS-MET-00195-000,t2w,tumour_all,165080,1.5349740709545319,0.9847220728475389,13.702014570690508,0.5372186163922721,0.7744287308305502,0.5839206054224633,0.19050812540808693
BraTS-MET-00195-000,t2w,NETC,4463,1.5885988602475056,0.9727021445019218,13.552882541417262,0.3125546905562312,0.27150870743207633,0.4792790040373802,0.20777029660530388
BraTS-MET-00195-000,t2w,SNFH,156406,1.5102102635077563,0.9781150315553604,13.772650833257874,0.5492049214268013,0.7799239251762629,0.5920354928821325,0.18788843229413033
BraTS-MET-00195-000,t2w,ET,4211,2.397923639443212,1.2428616692738044,11.764671516526937,0.4885324974972153,1.050116234458983,0.3558096196502447,0.6943066148087382
BraTS-MET-00195-000,t2w,RC,0,,,,,,,
BraTS-MET-00195-000,t2f,support,742050,1.9326650523624331,0.9634531575853474,12.701459072225658,0.10949532943219659,-0.053608741611242294,0.3646269142627716,0.4182356558740139
BraTS-MET-00195-000,t2f,tumour_all,165080,5.023462331399891,1.7609291825704438,8.552993507312102,0.5979080523950306,0.9528106674551964,2.5178477875888348,1.5650371201336384
BraTS-MET-00195-000,t2f,NETC,4463,0.5647794397648194,0.591472769274607,18.044236224955174,0.48927575998180084,0.3569000195711851,0.48226187005639076,0.12536185048520565
BraTS-MET-00195-000,t2f,SNFH,156406,5.228376307377365,1.8118831252474636,8.379356628044475,0.6107389648177622,0.9783857762813568,2.6055010547861457,1.6271152785047889
BraTS-MET-00195-000,t2f,ET,4211,2.1380019701161963,1.107825790073987,12.262943997026671,0.6211873840095107,0.5809018472209573,1.2907419688999653,0.709840121679008
BraTS-MET-00195-000,t2f,RC,0,,,,,,,
BraTS-MET-00200-000,t1c,support,873500,1.4329980328801601,0.8399067434940186,14.000569065387342,0.6177628253266083,-0.007796097081154585,0.06730502843856812,0.0751011255197227
BraTS-MET-00200-000,t1c,tumour_all,147715,1.5533687349129661,0.9043639800719373,13.650279410273223,0.8901486873958906,-0.2102391596417874,0.06952956644818187,0.2797687260899693
BraTS-MET-00200-000,t1c,NETC,9062,4.928169151459783,1.6637133641701132,8.636168948972715,0.9752471433298974,-0.9709913197439164,-0.019901117775589228,0.9510902019683272
BraTS-MET-00200-000,t1c,SNFH,123313,1.0312639749642634,0.7845685822060144,15.429326539159812,0.8848541657224063,-0.2901542673353106,-0.043742022942751646,0.24641224439255893
BraTS-MET-00200-000,t1c,ET,15340,3.7567496272732703,1.4187776553224511,9.81490248774692,0.9713503143514711,0.8837960753589869,1.0187159683555365,0.1349198929965496
BraTS-MET-00200-000,t1c,RC,0,,,,,,,
BraTS-MET-00200-000,t1n,support,873500,1.7675705567230193,0.9650996065861033,13.089257420698475,0.61638589910942,-0.019337408244609833,0.06324122846126556,0.0825786367058754
BraTS-MET-00200-000,t1n,tumour_all,147715,1.2950422718173131,0.8759580680076423,14.440185561976035,0.8918886450963578,0.1599764609709382,0.12325055990368128,0.03672590106725693
BraTS-MET-00200-000,t1n,NETC,9062,1.478813532797904,0.9310637373484081,13.863890845677581,0.9780550199208774,-0.10819581197574735,-0.40512943314388394,0.2969336211681366
BraTS-MET-00200-000,t1n,SNFH,123313,1.2843983937755998,0.8757947584314378,14.47602746986206,0.8865703163161085,0.19462798768654466,0.17581345071084797,0.018814536975696683
BraTS-MET-00200-000,t1n,ET,15340,1.2720431431309813,0.8447175607197991,14.51800659497368,0.9705496140183922,0.03596446686424315,0.012515163514763117,0.023449303349480033
BraTS-MET-00200-000,t1n,RC,0,,,,,,,
BraTS-MET-00200-000,t2w,support,873500,1.3758284928905749,0.8331924350516692,14.177382014852096,0.6248236278267284,-0.008427944034337997,0.11172934621572495,0.12015729025006294
BraTS-MET-00200-000,t2w,tumour_all,147715,1.4614273474349926,0.9314737586668758,13.915252708051767,0.8954843011255543,0.7442023614421487,0.5206331305671483,0.22356923087500036
BraTS-MET-00200-000,t2w,NETC,9062,3.159364734777262,1.5388993698289144,10.56702734578078,0.9798848914230579,1.776455364190042,0.5534013714641333,1.2230539927259088
BraTS-MET-00200-000,t2w,SNFH,123313,1.284080209148289,0.8649449874877719,14.477103482941686,0.8919918812840496,0.6240405095741153,0.5254696221090853,0.09857088746502995
BraTS-MET-00200-000,t2w,ET,15340,1.8840152913367316,1.1074432157762917,12.812180774079799,0.9727817171743345,1.053942290134728,0.4388781376183033,0.6150641525164247
BraTS-MET-00200-000,t2w,RC,0,,,,,,,
BraTS-MET-00200-000,t2f,support,873500,1.5732219928630933,0.8952187364360467,13.59512491765708,0.6310700291233522,0.01497332938015461,0.3170565962791443,0.3020832668989897
BraTS-MET-00200-000,t2f,tumour_all,147715,2.7106782862463215,1.1856805003783426,11.232245238724573,0.9215188455831709,1.1356228422373533,1.934202236123383,0.7985793938860297
BraTS-MET-00200-000,t2f,NETC,9062,2.5427784260615893,1.1290182042660855,11.509939827194827,0.9821782387649243,0.34519408794585615,1.224739208817482,0.8795451208716258
BraTS-MET-00200-000,t2f,SNFH,123313,2.8458961272053354,1.2198681609733821,11.020834561099552,0.9230883171158016,1.2369111943989992,2.064864448038861,0.8279532536398619
BraTS-MET-00200-000,t2f,ET,15340,1.7228941213711773,0.9443304831953668,13.200439116054593,0.9784816198265053,0.7462374777678633,1.2269078325480223,0.48067035478015896
BraTS-MET-00200-000,t2f,RC,0,,,,,,,
BraTS-MET-00202-000,t1c,support,493457,2.4715197763057937,0.9568895992852707,11.633384108719213,0.6822018105839093,-0.07324874401092529,0.15734794735908508,0.23059669137001038
BraTS-MET-00202-000,t1c,tumour_all,108683,7.050477466776931,1.738376498329872,7.080839718375934,0.8836333026571739,-0.49520642030984163,0.8802593108266592,1.3754657311365008
BraTS-MET-00202-000,t1c,NETC,247,11.217233053087208,2.662429371444548,5.064167577483278,0.9786901554984727,-0.2928470144979656,1.4979138541966677,1.7907608686946332
BraTS-MET-00202-000,t1c,SNFH,62442,1.2846560786022965,0.8375546894289645,14.475156245838722,0.8881673235859843,-0.38968971732538193,0.004887716844677925,0.39457743417005986
BraTS-MET-00202-000,t1c,ET,45994,14.855848395388962,2.9563804625802335,3.844050420079622,0.936513994324656,-0.6322565969312564,2.0506472249981016,2.682903821929358
BraTS-MET-00202-000,t1c,RC,0,,,,,,,
BraTS-MET-00202-000,t1n,support,493457,1.9112543143954883,0.9464877147711541,12.74984021985347,0.6796340881119338,-0.08662137389183044,0.06750867515802383,0.15413004904985428
BraTS-MET-00202-000,t1n,tumour_all,108683,2.087554636728717,1.0975538794379627,12.36664649847925,0.8811789652237825,-0.024642001371830702,0.16978356102481484,0.19442556239664555
BraTS-MET-00202-000,t1n,NETC,247,0.39875197578169863,0.5106139597252034,19.55599652804963,0.987573383921009,-0.11015958478674293,-0.24607049045152962,0.1359109056647867
BraTS-MET-00202-000,t1n,SNFH,62442,2.1943506775318244,1.1039380501373097,12.149964677076785,0.8873281481029085,0.19564007362350821,0.26048148318659514,0.06484140956308693
BraTS-MET-00202-000,t1n,ET,45994,1.9516363838571746,1.092038676875898,12.659035948108102,0.9371258815895261,-0.32233443576842546,0.04671424371190369,0.36904867948032916
BraTS-MET-00202-000,t1n,RC,0,,,,,,,
BraTS-MET-00202-000,t2w,support,493457,1.2290794779562733,0.7856100207363759,14.667225334855448,0.68336874387295,0.004592180252075195,0.10057950019836426,0.09598731994628906
BraTS-MET-00202-000,t2w,tumour_all,108683,1.6625585060614971,1.0050154165660454,13.355255635364536,0.8875267188296916,0.35474108485504985,0.15641161985695362,0.19832946499809623
BraTS-MET-00202-000,t2w,NETC,247,11.910302406259154,3.1947103554254723,4.803797122733988,0.9734378359758573,2.9734381351445336,-0.22589690005406737,3.199335035198601
BraTS-MET-00202-000,t2w,SNFH,62442,1.5863174141260334,0.9992262370472192,13.559124089516361,0.8961010247606948,0.8923446889966726,0.4141556841786951,0.47818900481797755
BraTS-MET-00202-000,t2w,ET,45994,1.711031209442055,1.0011156317596852,13.230445695635026,0.9380211598963608,-0.3929339812602848,-0.19301280239596963,0.19992117886431515
BraTS-MET-00202-000,t2w,RC,0,,,,,,,
BraTS-MET-00202-000,t2f,support,493457,2.645355794183872,1.053945930204813,11.338184088728198,0.6857328035662411,-0.030145851895213127,0.44850337505340576,0.4786492269486189
BraTS-MET-00202-000,t2f,tumour_all,108683,7.68701121604897,2.033360670333784,6.705449860223828,0.9049892997339785,0.37374965380877256,2.1101657561957836,1.736416102387011
BraTS-MET-00202-000,t2f,NETC,247,1.382700692154409,0.9127892385564955,14.155743205232598,0.9830190892023484,1.0859743349719793,0.21074695512652397,0.8752273798454553
BraTS-MET-00202-000,t2f,SNFH,62442,4.8006639098547685,1.4923075499154563,8.750011982983745,0.922488583013261,1.1372326398268342,2.17918583098799,1.0419531911611557
BraTS-MET-00202-000,t2f,ET,45994,11.639406380478686,2.7739185711210643,4.903716692727044,0.9419828946511284,-0.6699932172195986,1.9969432577490807,2.6669364749686792
BraTS-MET-00202-000,t2f,RC,0,,,,,,,
BraTS-MET-00214-000,t1c,support,165695,1.544057521408106,0.8439260773464481,13.676390255157514,0.8048110697417116,-0.0013145549455657601,0.08906339108943939,0.09037794603500515
BraTS-MET-00214-000,t1c,tumour_all,22375,2.791271711133242,1.2200917856321793,11.105003866354178,0.9377627683174542,0.5413347770227119,0.22421896667219698,0.31711581035051495
BraTS-MET-00214-000,t1c,NETC,2885,4.106973491387905,1.5822141106622987,9.427806010743629,0.4126671517639604,0.4223949779989198,-0.6774058372247964,1.0998008152237162
BraTS-MET-00214-000,t1c,SNFH,8684,1.853366120320117,0.9194758698864748,12.883412809472548,0.9362997575087416,-0.132098786169081,0.07483508542645723,0.20693387159553822
BraTS-MET-00214-000,t1c,ET,10806,3.193730763010577,1.3649951453049352,10.520041991925355,0.9486180599569313,1.1127503601601347,0.5845289260032587,0.5282214341568761
BraTS-MET-00214-000,t1c,RC,0,,,,,,,
BraTS-MET-00214-000,t1n,support,165695,1.6205592938658053,0.931176019022521,13.466375749161035,0.8056245151120752,-0.0013181044487282634,-0.09529484063386917,0.09397673618514091
BraTS-MET-00214-000,t1n,tumour_all,22375,1.4227236318663419,0.9198291541634859,14.031819554351335,0.9347112610884837,0.015783445494889747,-0.3013659124262631,0.31714935792115284
BraTS-MET-00214-000,t1n,NETC,2885,2.3408742879491955,1.3298166762218904,11.869244093756324,0.39426135872337764,0.11174049714099965,-1.1235574133461341,1.2352979104871338
BraTS-MET-00214-000,t1n,SNFH,8684,1.4055051373540492,0.8471046402327492,14.084700634026696,0.9400032294949496,-0.06646507727418793,-0.16825815534684807,0.10179307807266014
BraTS-MET-00214-000,t1n,ET,10806,1.1914318276414404,0.868813577431672,14.802333032045441,0.9427339060353409,0.05620570453902474,-0.18771699105855078,0.2439226955975755
BraTS-MET-00214-000,t1n,RC,0,,,,,,,
BraTS-MET-00214-000,t2w,support,165695,1.3175718178936884,0.8164488635121571,14.36528203816393,0.8111599176002061,-0.0023135030642151833,0.008142965845763683,0.010456468909978867
BraTS-MET-00214-000,t2w,tumour_all,22375,1.7998550512049027,0.981732352482807,13.010649695509892,0.9351447857655231,0.661663347738795,0.06259331000455859,0.5990700377342364
BraTS-MET-00214-000,t2w,NETC,2885,4.4404667692439945,1.7401434871365185,9.088738764517243,0.5127857984972097,2.3307991352048703,0.655393820215977,1.6754053149888932
BraTS-MET-00214-000,t2w,SNFH,8684,1.0766572162526793,0.7079810295264717,15.242250451812268,0.9433467001978264,0.18854684761026874,-0.08215789799578488,0.2707047456060536
BraTS-MET-00214-000,t2w,ET,10806,1.6760428350455772,0.9992448793268619,13.320173869585885,0.9407125118293728,0.5938784367172047,0.0203448351676343,0.5735336015495704
BraTS-MET-00214-000,t2w,RC,0,,,,,,,
BraTS-MET-00214-000,t2f,support,165695,1.3655690852590974,0.8749164232581084,14.209888244220023,0.8026276452872527,-0.0016394946724176407,0.19802454113960266,0.1996640358120203
BraTS-MET-00214-000,t2f,tumour_all,22375,1.5771642385257958,0.9958237027522073,13.584255796822248,0.9363960026744811,0.8072360067162663,0.920606225146912,0.11337021843064576
BraTS-MET-00214-000,t2f,NETC,2885,2.0740987674471794,1.2227773753703415,12.394730673565084,0.7842146770586338,2.717004803242162,1.5954232660587877,1.1215815371833742
BraTS-MET-00214-000,t2f,SNFH,8684,1.8715779672599064,1.1016920559591674,12.840945768533459,0.934041514349198,0.3080892623984255,0.869684484321624,0.5615952219231986
BraTS-MET-00214-000,t2f,ET,10806,1.207893006222889,0.8501525825641119,14.742740340855889,0.9522646072836369,0.6956197585095651,0.7783470551948994,0.0827272966853343
BraTS-MET-00214-000,t2f,RC,0,,,,,,,
BraTS-MET-00260-000,t1c,support,1104552,1.5823404473282472,0.8613423390565469,13.57002571233226,0.03752378107732502,0.009082566946744919,0.039583832025527954,0.030501265078783035
BraTS-MET-00260-000,t1c,tumour_all,173337,2.1471217517606,0.9401963834706766,12.244458291216294,0.6584111347260877,-0.10754911135882139,0.19426172995008528,0.3018108413089067
BraTS-MET-00260-000,t1c,NETC,2141,6.209562345598786,1.8466168843051622,7.6324150889818485,0.5208804256375751,-0.33622147992718965,0.4775196616537869,0.8137411415809765
BraTS-MET-00260-000,t1c,SNFH,152570,0.8573609585199324,0.7150882258938234,16.23138797526196,0.6752809316679598,-0.23944685840979218,-0.14956093346700072,0.08988592494279146
BraTS-MET-00260-000,t1c,ET,18626,12.244894698894772,2.679920710176027,4.683474460460868,0.5024525774639659,0.9871062018792145,2.92812267690897,1.9410164750297554
BraTS-MET-00260-000,t1c,RC,0,,,,,,,
BraTS-MET-00260-000,t1n,support,1104552,1.6975232512468377,0.9605078979694595,13.264867691731915,0.03401980726462012,-0.055984485894441605,0.052028391510248184,0.10801287740468979
BraTS-MET-00260-000,t1n,tumour_all,173337,1.4480542653807043,0.9447156242575313,13.955176635513203,0.6642997242614659,0.3686033934354782,0.31297049243585207,0.055632900999626145
BraTS-MET-00260-000,t1n,NETC,2141,2.8924960101896615,1.3358653482949912,10.950297321940823,0.515989616173104,-0.030509504955261946,-0.7139506689272821,0.6834411639720201
BraTS-MET-00260-000,t1n,SNFH,152570,1.3174638382832904,0.9075688457523192,14.365637972239206,0.6861037827094613,0.3892797492444515,0.44648429832886904,0.05720454908441752
BraTS-MET-00260-000,t1n,ET,18626,2.3517175149574516,1.2040323018789225,11.84917347080483,0.4611962381605371,0.2334929695352912,-0.6580732855945826,0.8915662551298738
BraTS-MET-00260-000,t1n,RC,0,,,,,,,
BraTS-MET-00260-000,t2w,support,1104552,1.4605314541491505,0.877897078295654,13.917915863482957,0.04748368592149262,-0.047348592430353165,0.09225744009017944,0.1396060325205326
BraTS-MET-00260-000,t2w,tumour_all,173337,1.2581734122827837,0.8866157675383346,14.56561997331173,0.6602450087825632,0.5062626171857119,0.5454399375012144,0.039177320315502584
BraTS-MET-00260-000,t2w,NETC,2141,2.0503650920244394,1.1938804108517227,12.444713014997097,0.6163937992449764,1.3401260576210916,0.26547353994101286,1.0746525176800787
BraTS-MET-00260-000,t2w,SNFH,152570,1.2573120405841431,0.8841074268237015,14.568594261950787,0.6850711472982555,0.4826624495908618,0.6158007860649377,0.1331383364740759
BraTS-MET-00260-000,t2w,ET,18626,1.1741691759322341,0.8718430810515754,14.865718255928302,0.4879889503198072,0.5810683276504278,-0.0110872307268437,0.5921555583772715
BraTS-MET-00260-000,t2w,RC,0,,,,,,,
BraTS-MET-00260-000,t2f,support,1104552,1.8797480902234633,0.967618924532355,12.822028485016112,0.07496985665918897,-0.10000856220722198,0.27421334385871887,0.37422190606594086
BraTS-MET-00260-000,t2f,tumour_all,173337,5.596800926181129,1.9289244265876875,8.083626410999011,0.707128421433443,0.8751102518290281,2.7141274847090244,1.8390172328799963
BraTS-MET-00260-000,t2f,NETC,2141,1.980150426915034,1.0854024501174966,12.596043170221165,0.7040841745670352,0.5850642742589116,1.518881369382143,0.9338170951232314
BraTS-MET-00260-000,t2f,SNFH,152570,6.054314182014833,2.023292407769011,7.742375463246491,0.7303520631251955,0.9138566125184298,2.8614952648058534,1.9476386522874236
BraTS-MET-00260-000,t2f,ET,18626,2.264923511619798,1.2528940208531334,12.012489606623012,0.5777597600097832,0.5620644520968199,1.5578487124294043,0.9957842603325844
BraTS-MET-00260-000,t2f,RC,0,,,,,,,
BraTS-MET-00264-000,t1c,support,470400,1.0876614317106341,0.6528401444510622,15.19808771969981,0.061428160984018994,0.017439601942896843,0.07066448032855988,0.05322487838566303
BraTS-MET-00264-000,t1c,tumour_all,116458,1.7514217969041805,0.8343290021203373,13.129117504531244,0.5032146122369642,-0.2843958013691008,0.09550787205807865,0.37990367342717946
BraTS-MET-00264-000,t1c,NETC,1857,11.113235608029425,2.6867125722780014,5.104619789883797,0.5701190813612048,1.419170524168294,0.7285126214846969,0.6906579026835971
BraTS-MET-00264-000,t1c,SNFH,108121,0.779242217401993,0.680611707192782,16.64630027266273,0.5175416783904842,-0.49543646117672324,-0.10383120458573103,0.3916052565909922
BraTS-MET-00264-000,t1c,ET,6480,15.289715017289435,2.868309149509138,3.7190311002939884,0.6004865776509366,2.7173076125327498,3.199140032287687,0.4818324197549373
BraTS-MET-00264-000,t1c,RC,0,,,,,,,
BraTS-MET-00264-000,t1n,support,470400,1.6563983864289242,0.9648188289797098,13.371377020022424,0.06301502585271813,0.11801119148731232,0.05501280725002289,0.06299838423728943
BraTS-MET-00264-000,t1n,tumour_all,116458,2.383079575207193,1.1817483537468076,11.79163956324155,0.4791223560105054,-0.17865777108818293,0.30500310577917844,0.48366087686736137
BraTS-MET-00264-000,t1n,NETC,1857,7.691333863527538,2.332658690232285,6.703008372551542,0.46191274854454784,-0.14105050172656775,-2.2075200413819402,2.0664695396553725
BraTS-MET-00264-000,t1n,SNFH,108121,2.2602456089373493,1.1497630669568033,12.021468665709754,0.4995074696099399,-0.16667016595602036,0.42358190775848925,0.5902520737145096
BraTS-MET-00264-000,t1n,ET,6480,2.9113979476841743,1.385612659019731,10.92200929244212,0.4843802360866247,-0.3815337838605046,-0.9402232933789492,0.5586895095184445
BraTS-MET-00264-000,t1n,RC,0,,,,,,,
BraTS-MET-00264-000,t2w,support,470400,1.1617416868705925,0.7840144422527051,14.911929273066297,0.08746386459247833,-0.052343230694532394,0.17133991420269012,0.22368314489722252
BraTS-MET-00264-000,t2w,tumour_all,116458,1.6092190403205004,1.0130624387924692,13.496873382543384,0.5115761065735955,0.9965301882475615,0.7135769950691611,0.2829531931784004
BraTS-MET-00264-000,t2w,NETC,1857,3.107996040088376,1.3435947841086187,10.638220439745956,0.6276619416226447,0.5557682369835675,1.6273254724219441,1.0715572354383767
BraTS-MET-00264-000,t2w,SNFH,108121,1.5467858045211667,0.9999661015391182,13.668723230440554,0.5407318643445719,1.0463708881288767,0.683961680624634,0.36240920750424266
BraTS-MET-00264-000,t2w,ET,6480,2.221428145149331,1.1368572713414593,12.096702307572844,0.5854391358778089,0.26928320014849305,0.9175477148965001,0.6482645147480071
BraTS-MET-00264-000,t2w,RC,0,,,,,,,
BraTS-MET-00264-000,t2f,support,470400,2.457162086509458,1.0185465676495498,11.658686951399314,0.11182064395013543,0.0058879246935248375,0.5831366777420044,0.5772487530484796
BraTS-MET-00264-000,t2f,tumour_all,116458,6.850327264703249,1.9697819995962917,7.20591180974179,0.5619673155802405,0.9559113355353475,2.585208165459335,1.6292968299239874
BraTS-MET-00264-000,t2f,NETC,1857,4.736780905687739,1.7936224359588602,8.808192033628174,0.4895140506901627,0.03892914083553478,1.680297477170825,1.6413683363352902
BraTS-MET-00264-000,t2f,SNFH,108121,7.023399342909224,1.9895433967351586,7.097551381332616,0.587006511026878,1.0350597072392702,2.67316201783251,1.63810231059324
BraTS-MET-00264-000,t2f,ET,6480,4.568248471645133,1.6905391430566745,8.965527831718612,0.4635681574646355,-0.11694869573693722,1.3121496550738811,1.4290983508108184
BraTS-MET-00264-000,t2f,RC,0,,,,,,,
BraTS-MET-00268-000,t1c,support,220524,1.5293418974451893,0.8217729211460995,13.71797914259393,0.08637482147646551,0.04483168199658394,-0.0008499857503920794,0.04568166774697602
BraTS-MET-00268-000,t1c,tumour_all,45253,1.769613883263332,0.9595698066410441,13.084239839314463,0.5747356431510464,0.27921644976595417,0.3243820993229747,0.045165649557020515
BraTS-MET-00268-000,t1c,NETC,461,6.315334033491209,1.9189361467435522,7.559061743691427,0.668516758162433,0.49224901862908155,1.9182590252530645,1.426010006623983
BraTS-MET-00268-000,t1c,SNFH,30716,0.82764943501852,0.6856613475080718,16.384560778425037,0.60717051892566,-0.27715380885638297,-0.23118148412322626,0.04597232473315671
BraTS-MET-00268-000,t1c,ET,14076,3.6762495043938084,1.525860254775537,9.908975218006956,0.4916877868960842,1.4820321302395314,1.479821756714955,0.0022103735245764256
BraTS-MET-00268-000,t1c,RC,0,,,,,,,
BraTS-MET-00268-000,t1n,support,220524,1.7089228753669612,0.9280731822502857,13.235800375540727,0.07200922151362452,-0.12196740508079529,0.08437754958868027,0.20634495466947556
BraTS-MET-00268-000,t1n,tumour_all,45253,1.1281702208321265,0.8027243434336591,15.039278688586519,0.5613990915810979,0.18586612958461046,0.33565076399827376,0.1497846344136633
BraTS-MET-00268-000,t1n,NETC,461,0.6600404192627718,0.5854922282429202,17.36731969278001,0.8057454458678182,0.16784727107733488,-0.2654976376798004,0.43334490875713527
BraTS-MET-00268-000,t1n,SNFH,30716,1.4104138950330174,0.9333060266778949,14.069559228980014,0.6255202725017064,0.2396194450557232,0.5531712853407953,0.3135518402850721
BraTS-MET-00268-000,t1n,ET,14076,0.5276026690964705,0.5248895198028676,18.33995516829016,0.43403273812904986,0.06803603586740792,-0.12083188304677606,0.18886791891418397
BraTS-MET-00268-000,t1n,RC,0,,,,,,,
BraTS-MET-00268-000,t2w,support,220524,1.4121100054493247,0.8288912188486159,14.064339705538318,0.085661054183256,-0.018047481775283813,0.1292726695537567,0.14732015132904053
BraTS-MET-00268-000,t2w,tumour_all,45253,1.6546087763629305,0.9477772148539426,13.376071771884277,0.5617191312191839,0.5755121291149408,0.5247937798849307,0.05071834923001006
BraTS-MET-00268-000,t2w,NETC,461,1.5248681641405646,0.9097606384222945,13.73070203354173,0.7505499304243135,0.6565975374251138,0.44430429162457585,0.212293245800538
BraTS-MET-00268-000,t2w,SNFH,30716,1.917788247401996,1.0203346271111078,12.735018479126747,0.6314162857236656,0.6418541111052036,0.7247007664409466,0.08284665533574298
BraTS-MET-00268-000,t2w,ET,14076,1.084559741821766,0.7906908385285593,15.210490211077829,0.4406681067666693,0.4241986251436174,0.08823091513477266,0.33596771000884473
BraTS-MET-00268-000,t2w,RC,0,,,,,,,
BraTS-MET-00268-000,t2f,support,220524,1.6937373787058538,0.9120418865342381,13.27456428787227,0.12773439216208865,-0.01689019426703453,0.42904189229011536,0.4459320865571499
BraTS-MET-00268-000,t2f,tumour_all,45253,2.941922213749443,1.20193476274298,10.87671315239811,0.6805295330340988,1.1337820221669972,1.9899666966521181,0.8561846744851209
BraTS-MET-00268-000,t2f,NETC,461,1.138729046217046,0.7562415631974839,14.998821021768249,0.870418340770503,0.7436516016023234,1.2907977402210236,0.5471461386187002
BraTS-MET-00268-000,t2f,SNFH,30716,3.9313892608818692,1.4440444566372395,9.617564537715616,0.7337124401385791,1.3033750555478036,2.4357515079900622,1.1323764524422586
BraTS-MET-00268-000,t2f,ET,14076,0.8418087035556976,0.6882109212634686,16.310890891121478,0.6265598055949426,0.769004606641829,1.0275761410593987,0.25857153441756964
BraTS-MET-00268-000,t2f,RC,0,,,,,,,
BraTS-MET-00292-000,t1c,support,592690,1.3466237370249357,0.7591950594761139,14.27056235230572,0.4032471187695058,-0.05668358877301216,0.12142307311296463,0.1781066618859768
BraTS-MET-00292-000,t1c,tumour_all,114883,3.3361780418607445,1.2591772153614698,10.330532811833624,0.789044095161548,0.39389312732964754,0.8626346432138234,0.4687415158841759
BraTS-MET-00292-000,t1c,NETC,4065,4.424232277810255,1.6608206406197685,9.104645808605344,0.7367364202617791,0.4639868726953864,0.24671085830777884,0.21727601438760757
BraTS-MET-00292-000,t1c,SNFH,63086,0.9058726705515894,0.7127253311738533,15.992353432262611,0.8325522657518809,-0.5042397420329507,-0.2959068836644292,0.20833285836852156
BraTS-MET-00292-000,t1c,ET,47732,6.455580207813871,1.947201665252214,7.463672193502953,0.7984909079679067,1.5664443196728826,2.4298196737654507,0.8633753540925682
BraTS-MET-00292-000,t1c,RC,0,,,,,,,
BraTS-MET-00292-000,t1n,support,592690,1.750242974731323,0.9653447745019756,13.132041576465854,0.3876423725889349,0.0648917704820633,0.03266889974474907,0.032222870737314224
BraTS-MET-00292-000,t1n,tumour_all,114883,1.6934399816512846,1.0162889562401463,13.275326916375738,0.7627542738156231,0.27089913259260356,-0.04790201876312494,0.3188011513557285
BraTS-MET-00292-000,t1n,NETC,4065,2.395724208287917,1.2059235876183318,11.768656794175364,0.7375374273928007,0.1804094142280519,-0.5675145762506872,0.7479239904787391
BraTS-MET-00292-000,t1n,SNFH,63086,1.5868499323814258,0.984555718394142,13.557666430863375,0.8191141913120786,0.29069384071044624,0.15684804366901517,0.13384579704143107
BraTS-MET-00292-000,t1n,ET,47732,1.774508331332011,1.04208000346634,13.072244580625288,0.7589042390161408,0.24810190265998244,-0.2727945854421705,0.5208964881021529
BraTS-MET-00292-000,t1n,RC,0,,,,,,,
BraTS-MET-00292-000,t2w,support,592690,1.4047787555127837,0.8691416522403032,14.086945699966423,0.3862532534185331,-0.06006861478090286,0.07066059857606888,0.13072921335697174
BraTS-MET-00292-000,t2w,tumour_all,114883,1.584017310924288,0.9966246718125396,13.565425773030713,0.7675768526643941,0.6939218202605844,0.34709728803136386,0.3468245322292205
BraTS-MET-00292-000,t2w,NETC,4065,4.71372813930946,1.8231186766211827,8.829379694611232,0.7398017803523502,1.543602084275335,0.5240936405025423,1.0195084437727928
BraTS-MET-00292-000,t2w,SNFH,63086,1.2483927429737267,0.8839864396102837,14.599512653619655,0.8276118500883167,0.6196041004732251,0.4830889746081084,0.13651512586511672
BraTS-MET-00292-000,t2w,ET,47732,1.7610670255045149,1.0751086529397575,13.105266154116993,0.7673530549975253,0.7079239250160754,0.14685474964790046,0.5610691753681749
BraTS-MET-00292-000,t2w,RC,0,,,,,,,
BraTS-MET-00292-000,t2f,support,592690,1.585823740816919,0.90292908352635,13.56047585531284,0.41477574009327883,-0.07219275087118149,0.27313336730003357,0.34532611817121506
BraTS-MET-00292-000,t2f,tumour_all,114883,3.1534036086827175,1.3909487925250494,10.575229404837714,0.8133458382464075,1.0795619748532772,2.1896226052194834,1.1100606303662062
BraTS-MET-00292-000,t2f,NETC,4065,3.5826130904890867,1.5730224549778875,10.02102592332889,0.8355562621619186,1.1160866799764335,2.0760407522320747,0.9599540722556412
BraTS-MET-00292-000,t2f,SNFH,63086,2.8713343622752787,1.3004536169882484,10.982187324310225,0.8786742162449578,1.1643466958776116,2.1588902838993818,0.9945435880217701
BraTS-MET-00292-000,t2f,ET,47732,3.4896535863772766,1.4950477032357639,10.135201835478863,0.822775862070879,0.9469392746686935,2.2041266090236604,1.2571873343549669
BraTS-MET-00292-000,t2f,RC,0,,,,,,,
BraTS-MET-00299-000,t1c,support,1079319,1.2765351744301434,0.7733502427334483,14.502697146466417,0.48858899565057806,-0.024435818195343018,0.018015729263424873,0.04245154745876789
BraTS-MET-00299-000,t1c,tumour_all,130410,1.3787250412019558,0.8425560484663088,14.168248371985523,0.8737552398500215,-0.1957399068196537,-0.1259362637065351,0.0698036431131186
BraTS-MET-00299-000,t1c,NETC,1604,15.135885338651493,3.4921684224418574,3.7629467167914954,0.9390109740249084,2.5814656196162105,-0.6346554083283991,3.2161210279446095
BraTS-MET-00299-000,t1c,SNFH,121817,0.8952991626905528,0.7397722264960529,16.043343224388384,0.8747862189114244,-0.3804243444465101,-0.21364868991076946,0.16677565453574061
BraTS-MET-00299-000,t1c,ET,6989,6.647433744237383,2.02596406006938,7.336484834068564,0.9801651336466602,2.350721267517656,1.5042943214066327,0.8464269461110234
BraTS-MET-00299-000,t1c,RC,0,,,,,,,
BraTS-MET-00299-000,t1n,support,1079319,1.7051670225355682,0.9367657464824538,13.245355758476231,0.48207262689968877,-0.03378058597445488,0.046850185841321945,0.08063077181577682
BraTS-MET-00299-000,t1n,tumour_all,130410,1.6640325389884423,1.034414881281909,13.351406864057548,0.8721109706823833,0.0809340039268136,0.480240510776639,0.3993065068498254
BraTS-MET-00299-000,t1n,NETC,1604,2.0401263097452706,1.1276430748407382,12.466454441613806,0.9415320110331791,-0.2125848038122058,-1.177392574492842,0.9648077706806362
BraTS-MET-00299-000,t1n,SNFH,121817,1.6742442407446085,1.0397281767388964,13.324836870919585,0.8749999533343684,0.09456914942711592,0.5507708749501035,0.45620172552298754
BraTS-MET-00299-000,t1n,ET,6989,1.3997295942002197,0.9204089097334521,14.102583558671641,0.9753774595864195,-0.08900747960433364,-0.36890244437381625,0.2798949647694826
BraTS-MET-00299-000,t1n,RC,0,,,,,,,
BraTS-MET-00299-000,t2w,support,1079319,1.1877146794779099,0.7841098621035545,14.815903766294639,0.49279444839681663,-0.03690752014517784,0.1018306240439415,0.13873814418911934
BraTS-MET-00299-000,t2w,tumour_all,130410,1.3569244694763183,0.9359837482441802,14.237468265803404,0.882268595412386,0.9226289596408606,0.6765659251250327,0.2460630345158279
BraTS-MET-00299-000,t2w,NETC,1604,0.481260085090629,0.5580500807101676,18.73922657256823,0.9748710817799793,0.8186189029365778,0.8657490219920874,0.04713011905550957
BraTS-MET-00299-000,t2w,SNFH,121817,1.399252226852847,0.9528286231189389,14.104064940260157,0.8862193223019488,0.9304117374122143,0.6839738157577813,0.246437921654433
BraTS-MET-00299-000,t2w,ET,6989,0.820127395820297,0.7291177416775857,16.424211813050682,0.9810780027068119,0.7812979719601572,0.482705470174551,0.29859250178560615
BraTS-MET-00299-000,t2w,RC,0,,,,,,,
BraTS-MET-00299-000,t2f,support,1079319,1.6589746892008854,0.8956553275614125,13.364627406767674,0.5016414440955306,-0.035522885620594025,0.2417057901620865,0.2772286757826805
BraTS-MET-00299-000,t2f,tumour_all,130410,4.858622693636439,1.7631137970673045,8.697893264283065,0.9078334754518887,1.166384894400835,2.7823176495730877,1.6159327551722527
BraTS-MET-00299-000,t2f,NETC,1604,4.436554018989866,1.6259559547109703,9.09256726958672,0.953670215844869,0.6612581899389625,2.2454301733523607,1.5841719834133983
BraTS-MET-00299-000,t2f,SNFH,121817,4.96562950216181,1.791474684552446,8.603281881200868,0.9126151688103382,1.1895535290241241,2.831846360117197,1.642292831093073
BraTS-MET-00299-000,t2f,ET,6989,3.090379706084271,1.3002668874038457,10.66290657547607,0.9848508964574192,0.8441724353469908,1.959030019119382,1.114857583772391
BraTS-MET-00299-000,t2f,RC,0,,,,,,,
BraTS-MET-00300-000,t1c,support,483840,1.368479996719649,0.8474960529404495,14.20064047123277,0.04423898611317251,0.10412880778312683,0.08494598418474197,0.019182823598384857
BraTS-MET-00300-000,t1c,tumour_all,102385,1.552934596949417,0.9257343510215793,13.651493353040806,0.5574855800057833,-0.3808282632380724,-0.011580671649426222,0.3692475915886462
BraTS-MET-00300-000,t1c,NETC,757,17.77406700326087,4.0590258452022026,3.0651568776323375,0.25903564763224124,3.5951031730510294,-0.46321492036804557,4.058318093419075
BraTS-MET-00300-000,t1c,SNFH,98863,1.156931762218399,0.8443954290722558,14.92994756479288,0.5588311946797363,-0.5224871300160885,-0.026526335161179304,0.4959607948549092
BraTS-MET-00300-000,t1c,ET,2765,11.271065164195303,2.976189388844813,5.043375400829335,0.41089045704761024,3.551706947386265,0.6410549003630877,2.910652047023177
BraTS-MET-00300-000,t1c,RC,0,,,,,,,
BraTS-MET-00300-000,t1n,support,483840,1.5024098503706709,0.8816390275159905,13.795140784360376,0.04939555654357315,0.02956099808216095,0.1554912030696869,0.12593020498752594
BraTS-MET-00300-000,t1n,tumour_all,102385,1.489841829778702,0.9417854682623481,13.831623371205007,0.5576191232810045,0.2721710486803204,0.38575723487883806,0.11358618619851768
BraTS-MET-00300-000,t1n,NETC,757,0.9589724190075761,0.8139397759566298,15.744963841545662,0.47925491253330016,0.35648099973332137,-0.3444334678351879,0.7009144675685093
BraTS-MET-00300-000,t1n,SNFH,98863,1.5134946686618245,0.9494425258809539,13.763216052895809,0.564060666562944,0.2720615431899205,0.40386783704161644,0.13180629385169595
BraTS-MET-00300-000,t1n,ET,2765,0.7894720407919356,0.7030077112016548,16.589657467203683,0.5103346996590925,0.2452323343604803,-0.0658152149990201,0.3110475493595004
BraTS-MET-00300-000,t1n,RC,0,,,,,,,
BraTS-MET-00300-000,t2w,support,483840,1.1602247314470977,0.8156796156024291,14.9176038207966,0.06318493282586056,-0.03594271093606949,0.1072036474943161,0.1431463584303856
BraTS-MET-00300-000,t2w,tumour_all,102385,1.4622806916441515,0.973442794634268,13.912717552784741,0.5660547557333467,0.9316619196906686,0.4867758558539208,0.4448860638367478
BraTS-MET-00300-000,t2w,NETC,757,1.8015448398030727,1.174492986875099,13.006574247407311,0.44661481033987854,1.3790750207845122,0.24652933096513152,1.1325456898193806
BraTS-MET-00300-000,t2w,SNFH,98863,1.4498870367021717,0.9685109735724678,13.949683338757644,0.5715450483712877,0.9193751495331526,0.4965288578532636,0.42284629167988896
BraTS-MET-00300-000,t2w,ET,2765,1.8125341991930268,1.0947374167342419,12.9801629110732,0.5276564608390676,1.2172801843844354,0.19378225784748793,1.0234979265369475
BraTS-MET-00300-000,t2w,RC,0,,,,,,,
BraTS-MET-00300-000,t2f,support,483840,1.690980651023669,0.8920205024587678,13.28163862537805,0.13455605544196142,-0.02886715531349182,0.38657379150390625,0.41544094681739807
BraTS-MET-00300-000,t2f,tumour_all,102385,3.8602821140186188,1.417084227539715,9.696834561772757,0.6671691554200462,1.1840950725600123,2.3201519697904587,1.1360568972304463
BraTS-MET-00300-000,t2f,NETC,757,0.4322790863802373,0.4875786030896333,19.20538275849794,0.8148154710522957,0.9047799459658563,1.032777052372694,0.1279971064068377
BraTS-MET-00300-000,t2f,SNFH,98863,3.9742700345940296,1.4459380616528728,9.570451285446058,0.6779034775662611,1.1935570128262043,2.359683221206069,1.1661262083798647
BraTS-MET-00300-000,t2f,ET,2765,0.7231430543713675,0.6398904321616293,16.97078281510732,0.8047706268540413,0.8922927831299603,1.208598518744111,0.31630573561415076
BraTS-MET-00300-000,t2f,RC,0,,,,,,,
BraTS-MET-00380-000,t1c,support,300118,1.569497558719495,0.8727019615375581,13.605418562555819,0.7278241347505928,0.02738253027200699,0.06590920686721802,0.03852667659521103
BraTS-MET-00380-000,t1c,tumour_all,46719,2.277992382939788,1.0652280544183144,11.987502331983713,0.9221194332543088,0.5650137776974589,0.29222076712176204,0.2727930105756968
BraTS-MET-00380-000,t1c,NETC,5835,3.363072259612207,1.4467623846497832,10.295663020183062,0.7951595298106559,0.5673161505837925,-0.22659644996747375,0.7939126005512662
BraTS-MET-00380-000,t1c,SNFH,25676,0.7482789869787935,0.6461016239628196,16.82238951144001,0.8300362991306373,0.030641638266388327,0.04071278218179941,0.010071143915411085
BraTS-MET-00380-000,t1c,ET,15208,4.444318005921834,1.6264614454937127,9.08497374153747,0.9466128042736902,1.4600177992833778,0.9129051804193296,0.5471126188640483
BraTS-MET-00380-000,t1c,RC,0,,,,,,,
BraTS-MET-00380-000,t1n,support,300118,1.7748129143638862,0.9716835748584641,13.071499205827163,0.728738648413635,-0.04341612011194229,0.0017777590546756983,0.04519387916661799
BraTS-MET-00380-000,t1n,tumour_all,46719,1.6247147263524642,0.9552359671328886,13.455253838506124,0.9211600071115601,0.3775814431719482,-0.01364987604029011,0.3912313192122383
BraTS-MET-00380-000,t1n,NETC,5835,2.264937351621902,1.1686839565346294,12.012463068781232,0.8335174139847376,0.36975287203677,-0.5550566778983921,0.9248095499351621
BraTS-MET-00380-000,t1n,SNFH,25676,1.3329960928795357,0.8835953140251172,14.314736243041741,0.8322404271600555,0.43719978211447597,0.26659064035629854,0.17060914175817743
BraTS-MET-00380-000,t1n,ET,15208,1.871589306481591,0.9942928050495101,12.840919456263414,0.9432985041021793,0.27654691075440496,-0.2781584217445925,0.5547053324989974
BraTS-MET-00380-000,t1n,RC,0,,,,,,,
BraTS-MET-00380-000,t2w,support,300118,1.4074863980618186,0.8670802692979585,14.07858294242297,0.7281807234680958,-0.023749561980366707,0.08841969072818756,0.11216925270855427
BraTS-MET-00380-000,t2w,tumour_all,46719,1.0881202606107394,0.7927870510605874,15.19625603903892,0.9171427397726136,0.19585485802963376,0.32576933328527957,0.1299144752556458
BraTS-MET-00380-000,t2w,NETC,5835,1.3404325032421462,0.9142082181268067,14.290575505628997,0.81093221562061,0.6735665624728426,0.4258861285634339,0.24768043390940875
BraTS-MET-00380-000,t2w,SNFH,25676,1.0235049553770872,0.7459182851755962,15.46212551093907,0.8238442819879642,0.0847792043350637,0.34122985135763884,0.25645064702257514
BraTS-MET-00380-000,t2w,ET,15208,1.1004046268275325,0.8253297866623522,15.147500929850814,0.9433713097686681,0.197867218288593,0.25822083838284016,0.06035362009424716
BraTS-MET-00380-000,t2w,RC,0,,,,,,,
BraTS-MET-00380-000,t2f,support,300118,1.8441833915285808,0.9553658190468298,12.904983942619134,0.7304165288819532,-0.01713874377310276,0.4069935083389282,0.424132252112031
BraTS-MET-00380-000,t2f,tumour_all,46719,4.165692812872722,1.4314963224881174,9.366152597818505,0.9346002430512859,1.1839454006403685,1.8219375652261078,0.6379921645857394
BraTS-MET-00380-000,t2f,NETC,5835,1.6527125914083056,1.0577756705159806,13.38105164932054,0.8715845074378463,1.2363591431640089,1.2972963908687234,0.06093724770471454
BraTS-MET-00380-000,t2f,SNFH,25676,6.0513363604154184,1.7282810326303493,7.74451207128795,0.876009900329271,1.4014099328778684,2.3408209355548024,0.939411002676934
BraTS-MET-00380-000,t2f,ET,15208,1.9462988008749975,1.0738171922044162,12.670929856933501,0.9576797183278613,0.786106194020249,1.1315200319513679,0.3454138379311189
BraTS-MET-00380-000,t2f,RC,0,,,,,,,
BraTS-MET-00532-000,t1c,support,47915,1.2061308872431826,0.811822590332661,14.749080615178238,0.03210486285099366,-1.3375125718084746e-07,0.013286630623042583,0.013286764374299764
BraTS-MET-00532-000,t1c,tumour_all,9663,1.138993215725087,0.724925767460834,14.99781363502878,0.40706617018995894,-0.26005835729301907,-0.028916659255628474,0.2311416980373906
BraTS-MET-00532-000,t1c,NETC,0,,,,,,,
BraTS-MET-00532-000,t1c,SNFH,9311,0.5874776603285874,0.6303436204172789,17.873111441732764,0.41082743222698803,-0.40246471093269065,-0.041487365029752254,0.3609773459029384
BraTS-MET-00532-000,t1c,ET,352,15.727519739295566,3.2267847763316904,3.596422618355804,0.06863986276883766,3.5035944893897977,0.3033264760670136,3.200268013322784
BraTS-MET-00532-000,t1c,RC,0,,,,,,,
BraTS-MET-00532-000,t1n,support,47915,1.2649653563641372,0.8938532079287606,14.542238691257372,0.0602861148434904,-1.3757272654402186e-07,0.2089644819498062,0.20896461952253276
BraTS-MET-00532-000,t1n,tumour_all,9663,0.8205263811838699,0.7622154786066924,16.422099519188265,0.42414345130702524,-0.1950014622998424,0.20435251167509705,0.39935397397493944
BraTS-MET-00532-000,t1n,NETC,0,,,,,,,
BraTS-MET-00532-000,t1n,SNFH,9311,0.8100594482681709,0.7557373176327469,16.477856089164888,0.43089772452280595,-0.17725595383672044,0.20205580414040014,0.3793117579771206
BraTS-MET-00532-000,t1n,ET,352,1.0973945981670328,0.9335738786873911,15.159396826801663,0.16550617274404444,-0.6635221770593489,0.2646170733496547,0.9281392504090036
BraTS-MET-00532-000,t1n,RC,0,,,,,,,
BraTS-MET-00532-000,t2w,support,47915,1.1901566270032784,0.8110004074530006,14.80698381587267,0.11717200947178337,-4.458375357785371e-08,0.018087053671479225,0.018087098255232803
BraTS-MET-00532-000,t2w,tumour_all,9663,1.5823130824780267,1.0005195919481726,13.570100819470134,0.4644549251261247,0.8989525761571713,0.2028772301855497,0.6960753459716216
BraTS-MET-00532-000,t2w,NETC,0,,,,,,,
BraTS-MET-00532-000,t2w,SNFH,9311,1.5645961057383453,0.9888940628818138,13.619002558098906,0.4693043770789233,0.8971045960788615,0.22333606382017024,0.6737685322586913
BraTS-MET-00532-000,t2w,ET,352,2.0509573166347708,1.3080346519960917,12.443458785963266,0.09863030542058797,0.9459114487253828,-0.33817414973600535,1.2840855984613881
BraTS-MET-00532-000,t2w,RC,0,,,,,,,
BraTS-MET-00532-000,t2f,support,47915,1.2872010890549217,0.8877133850934356,14.466561022350906,0.07219691319422598,7.260782552975797e-08,0.40064677596092224,0.4006467033530967
BraTS-MET-00532-000,t2f,tumour_all,9663,1.0325881003728323,0.8179416477144941,15.423753848713007,0.6017083747828937,1.3215992528712377,1.1098042665980756,0.21179498627316207
BraTS-MET-00532-000,t2f,NETC,0,,,,,,,
BraTS-MET-00532-000,t2f,SNFH,9311,1.0574915609444606,0.8308200997863312,15.320255904884126,0.6176865693561305,1.3146988863591105,1.101719161029905,0.2129797253292054
BraTS-MET-00532-000,t2f,ET,352,0.37384911917275043,0.477284638507461,19.836061390261687,0.875123727764965,1.501193224437884,1.3211354915983975,0.18005773283948656
BraTS-MET-00532-000,t2f,RC,0,,,,,,,
BraTS-MET-00552-000,t1c,support,270500,1.2210201866681754,0.7513835049261017,14.695796567354877,0.685499028341543,-0.04302775859832764,-0.01250920444726944,0.030518554151058197
BraTS-MET-00552-000,t1c,tumour_all,49616,1.8565431344486987,0.8761161509234295,12.875974568008928,0.8917732249532191,-0.1416632878826931,0.06373210524907336,0.20539539313176647
BraTS-MET-00552-000,t1c,NETC,0,,,,,,,
BraTS-MET-00552-000,t1c,SNFH,46874,0.9731080185899175,0.7478743135784385,15.681414495289951,0.8932705336216129,-0.30424895000760444,-0.15052113885758445,0.15372781115002
BraTS-MET-00552-000,t1c,ET,2742,16.9587085687173,3.0683874433045784,3.269097237684387,0.9835311571489919,2.625454890076071,3.7075730892829597,1.0821181992068887
BraTS-MET-00552-000,t1c,RC,0,,,,,,,
BraTS-MET-00552-000,t1n,support,270500,1.6236154722687974,0.9314511821816006,13.45819319486326,0.6807911624929549,-0.05744718760251999,0.05990594998002052,0.11735313758254051
BraTS-MET-00552-000,t1n,tumour_all,49616,2.4106796302286284,1.148587726304237,11.741630025709613,0.8875769736084409,-0.16914127371273935,0.28386551899893675,0.4530067927116761
BraTS-MET-00552-000,t1n,NETC,0,,,,,,,
BraTS-MET-00552-000,t1n,SNFH,46874,2.2700639488678145,1.115437079195618,12.002644091031394,0.8901281957435646,-0.16649075935129076,0.2224357848172076,0.38892654416849837
BraTS-MET-00552-000,t1n,ET,2742,4.814479574833581,1.7152921145498246,8.737531521921689,0.9788695250448805,-0.21245060302317142,1.325822378275916,1.5382729812990874
BraTS-MET-00552-000,t1n,RC,0,,,,,,,
BraTS-MET-00552-000,t2w,support,270500,1.25160575286252,0.8504393234791111,14.588349501036895,0.6821008701712622,-0.008765647187829018,0.12539289891719818,0.1341585461050272
BraTS-MET-00552-000,t2w,tumour_all,49616,1.4280518724263283,0.9451354324443507,14.015585177673547,0.8919966941790157,0.6443716224748641,0.33779803686775267,0.30657358560711145
BraTS-MET-00552-000,t2w,NETC,0,,,,,,,
BraTS-MET-00552-000,t2w,SNFH,46874,1.4063040941461318,0.9364929042536941,14.082232596497468,0.8950637570521307,0.6418778286315501,0.350490604294464,0.2913872243370861
BraTS-MET-00552-000,t2w,ET,2742,1.7998262557618299,1.092877907429335,13.010719177783264,0.9820964394321248,0.680024007364409,0.11834589135833085,0.5616781160060782
BraTS-MET-00552-000,t2w,RC,0,,,,,,,
BraTS-MET-00552-000,t2f,support,270500,1.7512169673193305,0.8971390921067383,13.12962544362814,0.6981835553245203,-0.02543099969625473,0.47902822494506836,0.5044592246413231
BraTS-MET-00552-000,t2f,tumour_all,49616,4.803004861842714,1.5552725866432253,8.74789474513419,0.9202513956588481,1.226648676674813,2.237796292407438,1.0111476157326251
BraTS-MET-00552-000,t2f,NETC,0,,,,,,,
BraTS-MET-00552-000,t2f,SNFH,46874,4.884972531698849,1.5678392508037853,8.674403747524455,0.9233202591447651,1.2355576762929559,2.2586470681708306,1.0230893918778747
BraTS-MET-00552-000,t2f,ET,2742,3.401782193412201,1.3404477085024227,10.245959972601009,0.9867346138325782,1.0622230927692726,1.8596135843545198,0.7973904915852472
BraTS-MET-00552-000,t2f,RC,0,,,,,,,
BraTS-MET-00572-000,t1c,support,15120,1.188751326407,0.8281800459293885,14.812114862363956,0.025542817785726497,-4.0367167386534675e-09,0.07018686085939407,0.07018686489611081
BraTS-MET-00572-000,t1c,tumour_all,1955,0.9920325163964097,0.6831803942311798,15.597765932702735,0.3843959438378846,0.5596901783865178,0.07689177623251453,0.48279840215400327
BraTS-MET-00572-000,t1c,NETC,0,,,,,,,
BraTS-MET-00572-000,t1c,SNFH,1780,0.4991441886631561,0.5532158653585376,18.580764816062892,0.3998250039745218,0.3930806980933994,0.05141880622250028,0.3416618918708991
BraTS-MET-00572-000,t1c,ET,175,6.005410935626073,2.005105316478626,7.7775977029919545,0.12148359648144327,2.2537043977899884,0.3358943283528788,1.9178100694371096
BraTS-MET-00572-000,t1c,RC,0,,,,,,,
BraTS-MET-00572-000,t1n,support,15120,2.324705464588044,1.2174497398206388,11.89934564275545,0.07849881471695495,3.229373390922774e-08,-0.4172894060611725,0.4172894383549064
BraTS-MET-00572-000,t1n,tumour_all,1955,2.600510798515124,1.381630085086893,11.412438392625528,0.3383748536722818,0.6443245535629103,-0.714230541489087,1.3585550950519973
BraTS-MET-00572-000,t1n,NETC,0,,,,,,,
BraTS-MET-00572-000,t1n,SNFH,1780,2.5406291915695753,1.385181105559106,11.513612169867397,0.3476977456598961,0.6622099427622743,-0.7033996170503087,1.365609559812583
BraTS-MET-00572-000,t1n,ET,175,3.2095922863041415,1.3455111339981003,10.498526331768298,0.20007489787450242,0.4621321768981943,-0.824025874666404,1.2861580515645983
BraTS-MET-00572-000,t1n,RC,0,,,,,,,
BraTS-MET-00572-000,t2w,support,15120,1.8703294351250093,1.0375808922919283,12.843843919548322,0.043082901760686534,1.1706478630912898e-07,0.4063250422477722,0.4063249251829859
BraTS-MET-00572-000,t2w,tumour_all,1955,1.4147035449037535,0.9830340753982018,14.056370589997888,0.22215790355280546,-0.13939102787844604,0.8122349940240383,0.9516260219024844
BraTS-MET-00572-000,t2w,NETC,0,,,,,,,
BraTS-MET-00572-000,t2w,SNFH,1780,1.4110751175219742,0.9744380948664503,14.067523670576323,0.23007708961736206,-0.190914959031943,0.7505739434272982,0.9414889024592412
BraTS-MET-00572-000,t2w,ET,175,1.4516098348441375,1.0704674773783023,13.944525988275876,0.2855067054547059,0.38463388978198054,1.438884315546602,1.0542504257646215
BraTS-MET-00572-000,t2w,RC,0,,,,,,,
BraTS-MET-00572-000,t2f,support,15120,1.8600456740295177,1.058524294835119,12.867788921754762,0.10031194574280229,1.6348703013591148e-07,0.23166966438293457,0.23166950089590443
BraTS-MET-00572-000,t2f,tumour_all,1955,1.0384129349986781,0.7851954613223938,15.399324114847593,0.6582454428342868,1.3068474373721983,0.8959909855184378,0.4108564518537605
BraTS-MET-00572-000,t2f,NETC,0,,,,,,,
BraTS-MET-00572-000,t2f,SNFH,1780,0.9995883685165441,0.7603716549589141,15.56481306852762,0.678460116718207,1.245117058919277,0.8950158316874877,0.3501012272317894
BraTS-MET-00572-000,t2f,ET,175,1.433314239788385,1.0376890346195016,13.99961085216509,0.613548417078952,1.9339620816354,0.9054735115496442,1.0284885700857558
BraTS-MET-00572-000,t2f,RC,0,,,,,,,
BraTS-MET-00577-001,t1c,support,49248,1.542881146265185,0.9322610438540333,13.679700286958923,0.9439425149864594,-3.036389983890331e-08,-0.009239825420081615,0.009239795056181777
BraTS-MET-00577-001,t1c,tumour_all,4756,3.340173622896686,1.3667725291319397,10.325334586544697,0.9854091697036645,0.9996965877653565,0.31701020765831345,0.6826863801070431
BraTS-MET-00577-001,t1c,NETC,0,,,,,,,
BraTS-MET-00577-001,t1c,SNFH,2305,1.0505961368407246,0.783699623772174,15.348667012465526,0.9619534419656817,0.0005201653887585422,0.026724946870672284,0.02620478148191374
BraTS-MET-00577-001,t1c,ET,2451,5.4933666483389505,1.9151132255229064,8.164639143007498,0.9901140162987774,1.9392449847509852,0.5899691534650628,1.3492758312859223
BraTS-MET-00577-001,t1c,RC,0,,,,,,,
BraTS-MET-00577-001,t1n,support,49248,1.9370982645928863,1.1010911860092516,12.69150848717244,0.9461083282133411,8.597940848176222e-08,-0.12620972096920013,0.12620980694860862
BraTS-MET-00577-001,t1n,tumour_all,4756,1.3891628642387017,0.9193585574981171,14.135493357396914,0.9860169608427738,-0.02130551883874432,-0.21648066713532899,0.19517514829658467
BraTS-MET-00577-001,t1n,NETC,0,,,,,,,
BraTS-MET-00577-001,t1n,SNFH,2305,1.2349788919854183,0.8934306740958501,14.646429659834226,0.964781005134337,0.04475135381335349,-0.4172956724069081,0.4620470262202616
BraTS-MET-00577-001,t1n,ET,2451,1.5341624791076605,0.9437419810975564,13.704311437337662,0.9911370050127655,-0.0834253662133051,-0.027602631264016964,0.05582273494928813
BraTS-MET-00577-001,t1n,RC,0,,,,,,,
BraTS-MET-00577-001,t2w,support,49248,1.5789492226289725,0.9540713653063277,13.579343369949836,0.9463760473830217,-1.5104490103112767e-08,-0.06000080704689026,0.060000791942400156
BraTS-MET-00577-001,t2w,tumour_all,4756,1.914022954165181,1.0888658513501932,12.743553589630885,0.9861145816181444,0.6940565842305659,-0.14749738686077762,0.8415539710913436
BraTS-MET-00577-001,t2w,NETC,0,,,,,,,
BraTS-MET-00577-001,t2w,SNFH,2305,1.6062323344740148,1.0344418888454783,13.504941364857814,0.9673852105705898,0.5422571766721376,-0.19471699641871965,0.7369741730908572
BraTS-MET-00577-001,t2w,ET,2451,2.203479248897183,1.1400479131916328,12.131935358382464,0.9908592820975592,0.8367361051095941,-0.10307373821706278,0.9398098433266568
BraTS-MET-00577-001,t2w,RC,0,,,,,,,
BraTS-MET-00577-001,t2f,support,49248,1.722997619905641,1.0286126678352236,13.200178232394912,0.9448427488814078,-5.019338544798302e-08,0.24800774455070496,0.2480077947440904
BraTS-MET-00577-001,t2f,tumour_all,4756,2.3955130122763637,1.2577713281131984,11.769039665063424,0.989513782753115,1.7532781935151434,0.6248192376224324,1.128458955892711
BraTS-MET-00577-001,t2f,NETC,0,,,,,,,
BraTS-MET-00577-001,t2f,SNFH,2305,2.0948902545690014,1.1873513609673128,12.351412243401569,0.9738759046548527,1.7869199386695982,0.7194063945789821,1.067513544090616
BraTS-MET-00577-001,t2f,ET,2451,2.67822841681144,1.3239965522140822,11.284548870418412,0.9926233197988654,1.721442638503504,0.5357956253865268,1.1856470131169772
BraTS-MET-00577-001,t2f,RC,0,,,,,,,
BraTS-MET-00613-000,t1c,support,14343,1.445033862717998,0.9182195460781182,13.964244763603581,0.8619659466865436,-1.0425721796991638e-07,-0.035870857536792755,0.035870753279574785
BraTS-MET-00613-000,t1c,tumour_all,1166,1.9364627817733844,1.0792912178595648,12.692933463730323,0.9632677182663899,0.6603948499978287,-0.03582352313242154,0.6962183731302503
BraTS-MET-00613-000,t1c,NETC,0,,,,,,,
BraTS-MET-00613-000,t1c,SNFH,693,0.8246242058280157,0.7051703801091476,16.40046421935169,0.8215390254242857,-0.03129587310399984,-0.2770244458079105,0.24572857270391069
BraTS-MET-00613-000,t1c,ET,473,3.565435579088693,1.6274217475869202,10.041899068209101,0.9763497945289286,1.673666196547856,0.3175605180003913,1.3561056785474648
BraTS-MET-00613-000,t1c,RC,0,,,,,,,
BraTS-MET-00613-000,t1n,support,14343,1.4417441171236096,0.9108059323589648,13.974143127710292,0.8781070112092748,1.4255579117161687e-07,0.5055908560752869,0.5055907135194957
BraTS-MET-00613-000,t1n,tumour_all,1166,0.9011505592452437,0.7783980695161358,16.01505144209033,0.9667463127820569,0.16893970747514686,0.7462435876950622,0.5773038802199153
BraTS-MET-00613-000,t1n,NETC,0,,,,,,,
BraTS-MET-00613-000,t1n,SNFH,693,0.9693368287730486,0.7960694547921344,15.69827787226246,0.8393383504000487,0.06758180495262422,0.7121072771260515,0.6445254721734273
BraTS-MET-00613-000,t1n,ET,473,0.8012497457510177,0.7525074352745565,16.525345960487723,0.978113359696013,0.31740899472606543,0.7961327292141505,0.47872373448808503
BraTS-MET-00613-000,t1n,RC,0,,,,,,,
BraTS-MET-00613-000,t2w,support,14343,1.3094722044088252,0.8435508105087742,14.392062164863614,0.8634452370637132,4.6809365272793e-08,0.09290654957294464,0.09290650276357937
BraTS-MET-00613-000,t2w,tumour_all,1166,0.5103654866025178,0.5293745125711202,18.48421203167192,0.9674379291544555,0.2838257479816093,-0.10526256053708494,0.38908830851869425
BraTS-MET-00613-000,t2w,NETC,0,,,,,,,
BraTS-MET-00613-000,t2w,SNFH,693,0.6118655400010234,0.5815850161990315,17.696465061567267,0.8395604761709695,0.33488360925548477,-0.07799707178492099,0.41288068104040576
BraTS-MET-00613-000,t2w,ET,473,0.3616561060419166,0.4528800537674363,19.980066988360893,0.979741608098579,0.20897516246714076,-0.14519119070610031,0.3541663531732411
BraTS-MET-00613-000,t2w,RC,0,,,,,,,
BraTS-MET-00613-000,t2f,support,14343,1.3351063447106817,0.8806767991356845,14.307866409980752,0.8584352817735735,5.159668603482714e-07,0.27974286675453186,0.2797423507876715
BraTS-MET-00613-000,t2f,tumour_all,1166,2.374818424715627,1.132022551154008,11.806720910837196,0.9679093297124838,1.4703060829197057,0.4360811851511244,1.0342248977685813
BraTS-MET-00613-000,t2f,NETC,0,,,,,,,
BraTS-MET-00613-000,t2f,SNFH,693,2.192654214793939,1.0774039004929867,12.153323526499687,0.8443086854478492,1.4269726138736587,0.42231956907198764,1.004653044801671
BraTS-MET-00613-000,t2f,ET,473,2.6417101741357736,1.2120452253782952,11.344173319543245,0.9784878273440607,1.5335500671644695,0.45617096629575826,1.0773791008687112
BraTS-MET-00613-000,t2f,RC,0,,,,,,,
BraTS-MET-00613-001,t1c,support,3373356,1.3356376878520269,0.8366188424713555,14.306138356715339,0.5453534526538296,0.007928765378892422,0.06689248234033585,0.058963716961443424
BraTS-MET-00613-001,t1c,tumour_all,377997,1.3696995988771046,0.7686095837036372,14.196771721914951,0.9088122297571846,0.12240464970818721,0.14260642509907484,0.020201775390887633
BraTS-MET-00613-001,t1c,NETC,141,5.454339912632995,1.9598937156933842,8.195603012319253,0.07955280231219453,0.3448655902175233,1.0855110599659383,0.740645469748415
BraTS-MET-00613-001,t1c,SNFH,352060,0.6687299834955239,0.6322826893712703,17.310517048969412,0.8773501101887389,0.029075206868583336,-0.07037758501246572,0.09945279188104905
BraTS-MET-00613-001,t1c,ET,25796,10.91410293687523,2.6226673971647365,5.183144552320092,0.9889393153740631,1.3826447444880614,3.018547174986452,1.6359024304983905
BraTS-MET-00613-001,t1c,RC,0,,,,,,,
BraTS-MET-00613-001,t1n,support,3373356,1.5368939674698945,0.943892781911245,13.696585948363097,0.5459081487201191,0.007798134349286556,0.04379263147711754,0.03599449712783098
BraTS-MET-00613-001,t1n,tumour_all,377997,1.498586979353105,0.9572849266735382,13.806205459068222,0.9134178674984987,0.38264731620438397,0.5309440558776259,0.14829673967324197
BraTS-MET-00613-001,t1n,NETC,141,0.530587376072285,0.6168277750110851,18.315455878902323,0.19929720978718252,0.0023980565019883215,-0.5840648538433015,0.5864629103452899
BraTS-MET-00613-001,t1n,SNFH,352060,1.4422236709432836,0.9403063074739733,13.972698814910121,0.8849278564968056,0.4122464437969029,0.5647877851733938,0.1525413413764909
BraTS-MET-00613-001,t1n,ET,25796,2.273116142898791,1.19086754156667,11.996808745753409,0.9879790539055661,-0.022644884593319148,0.0696346596814692,0.09227954427478835
BraTS-MET-00613-001,t1n,RC,0,,,,,,,
BraTS-MET-00613-001,t2w,support,3373356,1.3320501403816751,0.8538294747124987,14.317819281242647,0.549095489491563,-0.007081070449203253,0.08340334892272949,0.09048441937193274
BraTS-MET-00613-001,t2w,tumour_all,377997,1.1752137743147686,0.8454440334812584,14.861856277248433,0.9087845751788847,0.4984734244644642,0.560618341085501,0.06214491662103683
BraTS-MET-00613-001,t2w,NETC,141,0.48382347463940506,0.5717083955999358,18.716155646888616,0.30035033100362246,0.36467920924769714,0.370459470897913,0.005780261650215834
BraTS-MET-00613-001,t2w,SNFH,352060,1.1604274405172221,0.8391103464206777,14.916845107949632,0.8791198647511019,0.5258600302040577,0.6008183851372451,0.07495835493318737
BraTS-MET-00613-001,t2w,ET,25796,1.380794589519388,0.933381488570775,14.161734241244828,0.9892868979515625,0.11978249275125563,0.007681549992412329,0.1121009427588433
BraTS-MET-00613-001,t2w,RC,0,,,,,,,
BraTS-MET-00613-001,t2f,support,3373356,1.4141933836371252,0.8840542564804443,14.057936997194588,0.5657324184910051,-0.034631069749593735,0.18348924815654755,0.21812031790614128
BraTS-MET-00613-001,t2f,tumour_all,377997,3.4045106958513713,1.499163992498671,10.242477978405498,0.9331595279835614,1.1797683658078313,2.570706353522837,1.3909379877150059
BraTS-MET-00613-001,t2f,NETC,141,1.8793425349666049,1.2208959620779525,12.822965575543613,0.4769404136389494,0.8183557798620313,2.0212632631883025,1.2029074833262712
BraTS-MET-00613-001,t2f,SNFH,352060,3.4339925568404275,1.5055851448897726,10.20503151272219,0.912761045664061,1.20465321931988,2.605302949436009,1.400649730116129
BraTS-MET-00613-001,t2f,ET,25796,3.0104831230058897,1.4130500555114616,10.776663039047245,0.9910804993701069,0.8243831838481128,2.060761846601963,1.2363786627538502
BraTS-MET-00613-001,t2f,RC,0,,,,,,,
BraTS-MET-00625-000,t1c,support,9854,1.437310159419518,0.8970096460772855,13.987520054307357,0.711857057942492,-0.013752229511737823,-0.05273924395442009,0.038987014442682266
BraTS-MET-00625-000,t1c,tumour_all,426,3.0750300035109897,1.236090568479636,10.684531431613182,0.9080474876505938,1.3331791503396744,0.23648346962181677,1.0966956807178576
BraTS-MET-00625-000,t1c,NETC,0,,,,,,,
BraTS-MET-00625-000,t1c,SNFH,186,0.9726313636587508,0.7608479356020188,15.683542309656122,0.5247059470019956,0.6124346305387007,0.09590306652444269,0.516531564014258
BraTS-MET-00625-000,t1c,ET,240,4.704388949396475,1.604403608959789,8.837992796223531,0.922658877220793,1.891747583428696,0.3454317932764752,1.5463157901522209
BraTS-MET-00625-000,t1c,RC,0,,,,,,,
BraTS-MET-00625-000,t1n,support,9854,1.4920453864488756,0.9641435317339799,13.825204666490677,0.722533033310206,-0.0147223686799407,-0.09609121084213257,0.08136884216219187
BraTS-MET-00625-000,t1n,tumour_all,426,0.8446500412982629,0.7271391930932534,16.29625693136231,0.9198244884013201,0.8254083697283932,0.18266396594663092,0.6427444037817622
BraTS-MET-00625-000,t1n,NETC,0,,,,,,,
BraTS-MET-00625-000,t1n,SNFH,186,0.7099427030468883,0.6419180333363994,17.05079200998464,0.605487068903418,1.0003197792316314,0.40542750527856697,0.5948922739530644
BraTS-MET-00625-000,t1n,ET,240,0.9490482284430783,0.7931855919048151,15.790142179348381,0.925622691136216,0.6898465009503525,0.010020801642895094,0.6798256993074574
BraTS-MET-00625-000,t1n,RC,0,,,,,,,
BraTS-MET-00625-000,t2w,support,9854,1.4007454063357787,0.9635170546075315,14.099432938691907,0.707447036047444,0.0040759798139333725,0.14682161808013916,0.1427456382662058
BraTS-MET-00625-000,t2w,tumour_all,426,0.8543672110249263,0.7514471789623721,16.24657928152319,0.9185551330264403,-0.01076599640890663,0.5810580369598028,0.5918240333687095
BraTS-MET-00625-000,t2w,NETC,0,,,,,,,
BraTS-MET-00625-000,t2w,SNFH,186,0.6941175723495882,0.6671439250230148,17.148694615834,0.4091499749998975,-0.2951261696476877,0.3299521452609042,0.6250783149085919
BraTS-MET-00625-000,t2w,ET,240,0.9785606809983135,0.816782200765374,15.65714739137485,0.9368130827062068,0.20961341820851942,0.7756613775727601,0.5660479593642407
BraTS-MET-00625-000,t2w,RC,0,,,,,,,
BraTS-MET-00625-000,t2f,support,9854,1.3809409852244319,0.9158664133434972,14.161273814493505,0.7020286423328191,-0.0148927578702569,0.11037040501832962,0.12526316288858652
BraTS-MET-00625-000,t2f,tumour_all,426,2.38010454885844,1.2851841393440082,11.79706466401926,0.9012124910916102,1.1167532132440101,0.24247971250952105,0.8742735007344891
BraTS-MET-00625-000,t2f,NETC,0,,,,,,,
BraTS-MET-00625-000,t2f,SNFH,186,2.967447748654233,1.5326613783060263,10.839194202075241,0.35436756888926246,1.6604918821140018,0.18310964958800469,1.477382232525997
BraTS-MET-00625-000,t2f,ET,240,1.9249135690166999,1.0933892791484443,12.71891266840595,0.9262982649635174,0.6953476469616362,0.28848990044025413,0.40685774652138207
BraTS-MET-00625-000,t2f,RC,0,,,,,,,
BraTS-MET-00663-000,t1c,support,150854,1.5286638401814234,0.9015877762868537,13.719905080987509,0.7639049955916861,-0.01422318909317255,0.10214406251907349,0.11636725161224604
BraTS-MET-00663-000,t1c,tumour_all,13959,1.2342942081386234,0.7776934812588808,14.648838096747234,0.9439028081663013,0.43671784026082605,0.17274213850032538,0.26397570176050067
BraTS-MET-00663-000,t1c,NETC,30,2.9872592902766217,1.599296896159649,10.810295803228252,0.0011380909168615795,-0.21767147243372165,1.379538481705822,1.5972099541395437
BraTS-MET-00663-000,t1c,SNFH,11600,0.7263393282773353,0.6418037366449968,16.95162940715194,0.9470646444048116,0.22170697763795033,0.14069888170342892,0.0810080959345214
BraTS-MET-00663-000,t1c,ET,2329,3.741674050958205,1.443933470556447,9.832365487192318,0.9726307019637809,1.5136386022204533,0.3161285729147494,1.197510029305704
BraTS-MET-00663-000,t1c,RC,0,,,,,,,
BraTS-MET-00663-000,t1n,support,150854,1.8942623574838415,1.0699218034195346,12.788623716561487,0.7653944359226544,-0.034242164343595505,-0.1186593696475029,0.0844172053039074
BraTS-MET-00663-000,t1n,tumour_all,13959,1.5135299678330512,0.974422523599101,13.763114763761287,0.9443515178503726,0.402708349050954,-0.0896595863159746,0.4923679353669286
BraTS-MET-00663-000,t1n,NETC,30,2.6647318898477876,1.5773604402939478,11.30648981444904,0.1507316727764663,-0.7452281463192776,0.8336560421157628,1.5788841884350404
BraTS-MET-00663-000,t1n,SNFH,11600,1.5481964800002597,0.9894569839437263,13.664764250631098,0.945616270082036,0.45701789564918727,-0.1106460397131741,0.5676639353623614
BraTS-MET-00663-000,t1n,ET,2329,1.326038512787941,0.8917742292674141,14.337463630873762,0.9759033325715666,0.14616852946346626,0.0031069967662915587,0.1430615326971747
BraTS-MET-00663-000,t1n,RC,0,,,,,,,
BraTS-MET-00663-000,t2w,support,150854,1.5701274591009189,0.930241955411613,13.603675919648346,0.7627280377687713,0.0034892414696514606,0.06137826666235924,0.05788902519270778
BraTS-MET-00663-000,t2w,tumour_all,13959,1.2220153405239684,0.8578166845261606,14.692258429269618,0.9418938922920735,0.2774688687932212,0.20917389675742015,0.06829497203580104
BraTS-MET-00663-000,t2w,NETC,30,1.7514321797835348,1.2193645050128301,13.129091758512486,0.30580194460021126,1.67171523412253,0.4513053453993052,1.2204098887232249
BraTS-MET-00663-000,t2w,SNFH,11600,1.1432446544254868,0.8234627922258105,14.981633213805999,0.9418310326101489,0.18887408947921358,0.23866080440348014,0.04978671492426656
BraTS-MET-00663-000,t2w,ET,2329,1.6075273429132346,1.0242652530403125,13.501441320635037,0.9753951723935327,0.6994992813270073,0.058763975161127746,0.6407353061658796
BraTS-MET-00663-000,t2w,RC,0,,,,,,,
BraTS-MET-00663-000,t2f,support,150854,1.455239904428921,0.9151330599577111,13.93367905671403,0.7717918331253959,-0.019500063732266426,0.41752493381500244,0.43702499754726887
BraTS-MET-00663-000,t2f,tumour_all,13959,1.6902738016295957,0.9516558008578073,13.28345440588291,0.963528896830517,1.4797086615581065,1.1879052692092955,0.29180339234881103
BraTS-MET-00663-000,t2f,NETC,30,32.81344093611043,5.662242031097412,0.4025072630292258,0.2379465527418587,7.62952882645186,1.9594077444635332,5.670121081988327
BraTS-MET-00663-000,t2f,SNFH,11600,1.2814917925825875,0.8604286512620365,14.485866717121102,0.9665446860709973,1.428552373079583,1.237150862812996,0.19140151026658714
BraTS-MET-00663-000,t2f,ET,2329,3.3253859918017175,1.345351527952592,10.34460437780746,0.9800595767867176,1.6508251945488155,0.9296234608627856,0.7212017336860299
BraTS-MET-00663-000,t2f,RC,0,,,,,,,
BraTS-MET-00682-000,t1c,support,160721,1.4163650158100578,0.8755672311680738,14.051273096144834,0.7703843045997996,2.930216169261257e-06,0.005723311100155115,0.005720380883985854
BraTS-MET-00682-000,t1c,tumour_all,18016,1.3344226062457007,0.8003882535196715,14.310091100960733,0.9455304778859236,0.5850723017938435,0.20370477007236332,0.3813675317214802
BraTS-MET-00682-000,t1c,NETC,760,1.9765503814915555,1.1748208089991654,12.603946119517389,0.9374773201898723,1.63052507948305,0.8003889250430802,0.8301361544399697
BraTS-MET-00682-000,t1c,SNFH,13348,0.6811782390133194,0.5615398592252503,17.23041735269135,0.9367720482963136,0.2891868166043423,0.042647249156289035,0.24653956744805328
BraTS-MET-00682-000,t1c,ET,3908,3.4407400844010163,1.543371780868064,10.19650633776639,0.9732189128861798,1.3888287629233673,0.6362926692963811,0.7525360936269863
BraTS-MET-00682-000,t1c,RC,0,,,,,,,
BraTS-MET-00682-000,t1n,support,160721,1.5582109977762921,0.9565019301050124,13.63676235514512,0.7765434404726679,0.0046688891015946865,0.12736481428146362,0.12269592517986894
BraTS-MET-00682-000,t1n,tumour_all,18016,2.0022754210049465,1.0447874894382563,12.547786845692466,0.9449288467956173,0.7700904086232185,0.3524456567829475,0.41764475184027106
BraTS-MET-00682-000,t1n,NETC,760,11.84911762853537,3.3406950748372384,4.826164899423452,0.8996150044839231,3.264851677027764,-0.06910866172984242,3.3339603387576062
BraTS-MET-00682-000,t1n,SNFH,13348,0.9289129904430563,0.7749122827404187,15.883274644272014,0.9366516390487939,0.5359343005111441,0.48143482103478163,0.05449947947636247
BraTS-MET-00682-000,t1n,ET,3908,3.7534631501290487,1.5200701133122352,9.818703442585479,0.972891123744597,1.0805495259701274,-0.007020802004262805,1.0875703279743902
BraTS-MET-00682-000,t1n,RC,0,,,,,,,
BraTS-MET-00682-000,t2w,support,160721,1.571531853434077,0.9381898361778321,13.599793125944394,0.7664406268851218,-0.002122984966263175,0.1405886560678482,0.14271164103411138
BraTS-MET-00682-000,t2w,tumour_all,18016,0.8350804189886739,0.7133756934257501,16.34574200324059,0.9412650482975261,0.20229540928266943,0.2873577163554728,0.08506230707280338
BraTS-MET-00682-000,t2w,NETC,760,1.556770044930637,1.0714705122197445,13.64078034373387,0.9191933507115715,0.9751658243476413,0.02825105469673872,0.9469147696509026
BraTS-MET-00682-000,t2w,SNFH,13348,0.7861467654534365,0.6851834036229709,16.607988688799836,0.926831484981222,0.22632590919965878,0.33365623326972127,0.10733032407006249
BraTS-MET-00682-000,t2w,ET,3908,0.8618670852303468,0.7400283602640461,16.20862205478334,0.9781907603150498,-0.030854559689032612,0.17866376554593444,0.20951832523496705
BraTS-MET-00682-000,t2w,RC,0,,,,,,,
BraTS-MET-00682-000,t2f,support,160721,1.3769501270174906,0.894316282201859,14.173842903239791,0.7778398105383033,0.013173101469874382,0.2078114002943039,0.1946382988244295
BraTS-MET-00682-000,t2f,tumour_all,18016,1.605757543444827,0.9317566122773285,13.506225298701773,0.9602312290867325,1.4463136901613325,0.9220186402089894,0.5242950499523431
BraTS-MET-00682-000,t2f,NETC,760,10.795199616193281,2.926158393786509,5.2307182339674,0.9119307392082989,3.3795074502522766,0.4902373752556741,2.8892700749966025
BraTS-MET-00682-000,t2f,SNFH,13348,0.9875491023316078,0.7640013602823915,15.617438021989102,0.9584447641727445,1.639469916233793,1.0868926271796227,0.5525772890541703
BraTS-MET-00682-000,t2f,ET,3908,1.9301869950032768,1.116877326115978,12.707031156123033,0.9764939557750826,0.40546287334291264,0.43984374473802745,0.03438087139511481
BraTS-MET-00682-000,t2f,RC,0,,,,,,,
BraTS-MET-00699-000,t1c,support,31080,1.554143142972776,0.9412882942228045,13.648114841529516,0.0860903963641849,6.284186326865893e-08,0.27339327335357666,0.2733932105117134
BraTS-MET-00699-000,t1c,tumour_all,5510,1.5223192629517355,0.9209984108347601,13.73796757926802,0.41133313870163857,0.5957614951184951,0.6274110641679727,0.03164956904947758
BraTS-MET-00699-000,t1c,NETC,62,2.495653500827616,1.3013837141916156,11.591182134767141,0.2697499051782084,0.558371438580707,1.225953810964711,0.667582372384004
BraTS-MET-00699-000,t1c,SNFH,3851,0.8223032904286702,0.7377589369965154,16.412704726847586,0.410753915945584,0.12597307508985978,0.44273259048350155,0.3167595153936418
BraTS-MET-00699-000,t1c,ET,1597,3.172547683388818,1.348093792765227,10.548943425058194,0.45011948789119227,1.7291777723585255,1.0487751761102118,0.6804025962483138
BraTS-MET-00699-000,t1c,RC,0,,,,,,,
BraTS-MET-00699-000,t1n,support,31080,1.9156083580856482,1.0735194616374613,12.739957775008321,0.057572580228778696,-2.9457121186737822e-08,0.171804741024971,0.1718047704820922
BraTS-MET-00699-000,t1n,tumour_all,5510,1.5122406232770755,1.0075699803088705,13.76681600444007,0.3603297540452125,0.07910965622431831,-0.0376723799854517,0.11678203620977001
BraTS-MET-00699-000,t1n,NETC,62,0.5809503650011998,0.6403138697628052,17.921634718656264,0.38808432851492625,-0.37268654771696674,-0.10197215684456751,0.27071439087239924
BraTS-MET-00699-000,t1n,SNFH,3851,1.352950799738693,0.9422104071277645,14.250204970673018,0.3880776321369245,0.24207374182151398,-0.2220041905529797,0.4640779323744937
BraTS-MET-00699-000,t1n,ET,1597,1.932506813921669,1.1794357255651606,12.70181466873761,0.2253180630604966,-0.2962891963798029,0.4092384413233958,0.7055276377031987
BraTS-MET-00699-000,t1n,RC,0,,,,,,,
BraTS-MET-00699-000,t2w,support,31080,1.7952254632340976,1.03145363508354,13.02183501173599,0.07098665233560732,1.0211802248250024e-07,0.3476240634918213,0.3476239613737988
BraTS-MET-00699-000,t2w,tumour_all,5510,1.3712337581431397,0.9444392018669047,14.191910042432871,0.33158788338460665,0.6034763039788231,0.23098943766672164,0.3724868663121015
BraTS-MET-00699-000,t2w,NETC,62,3.1248807037044783,1.7228803564043296,10.614690585149678,0.08865655662080871,1.3402525296396561,-0.383928592200391,1.7241811218400471
BraTS-MET-00699-000,t2w,SNFH,3851,1.2267709219389211,0.9024065281412459,14.675390273850555,0.4094199492508563,0.5237152366898954,0.2647326388396323,0.2589825978502631
BraTS-MET-00699-000,t2w,ET,1597,1.651509444804156,1.0155753790342132,13.384214390495131,0.24546516475866473,0.7665666584216524,0.17329644854180515,0.5932702098798472
BraTS-MET-00699-000,t2w,RC,0,,,,,,,
BraTS-MET-00699-000,t2f,support,31080,1.72269145946481,1.0403621722478162,13.200950001334693,0.10574712502543149,5.8914242373475645e-08,0.6866260170936584,0.6866259581794161
BraTS-MET-00699-000,t2f,tumour_all,5510,1.0704438314586844,0.8431843802649617,15.267386169252786,0.6168182087195168,1.1769857632461935,1.5348923116689548,0.35790654842276126
BraTS-MET-00699-000,t2f,NETC,62,0.6156702789638787,0.6849980258172558,17.669543119208655,0.893036761401612,1.700013565890913,2.350499796681106,0.6504862307901931
BraTS-MET-00699-000,t2f,SNFH,3851,0.9038538126989428,0.7751457247964642,16.002043064336583,0.6940086454382388,1.2129243575618602,1.4796737299766392,0.2667493724147789
BraTS-MET-00699-000,t2f,ET,1597,1.489813977043182,1.0133937830106985,13.831704563732782,0.506637717873693,1.06889784662053,1.6348541409242898,0.5659562943037599
BraTS-MET-00699-000,t2f,RC,0,,,,,,,
BraTS-MET-00787-000,t1c,support,12075,1.6669587371243053,0.9911388378381768,13.343776510658644,0.9484336499236152,-2.0218685392592306e-08,0.09901627898216248,0.09901629920084787
BraTS-MET-00787-000,t1c,tumour_all,384,2.0767730136397433,1.1578562184152663,12.389134689942257,0.9910037102679704,0.7456404003569332,0.20653513143770397,0.5391052689192293
BraTS-MET-00787-000,t1c,NETC,0,,,,,,,
BraTS-MET-00787-000,t1c,SNFH,110,1.3792500830744918,0.9546976629390636,14.166594819792408,0.6248689463998057,0.15583501535820687,-0.5287791536684381,0.684614169026645
BraTS-MET-00787-000,t1c,ET,274,2.356800467516305,1.2394162224385594,11.839796851181328,0.9929270651785084,0.9824094674331718,0.5017346480599372,0.48067481937323464
BraTS-MET-00787-000,t1c,RC,0,,,,,,,
BraTS-MET-00787-000,t1n,support,12075,1.77226938672374,1.0472709263346325,13.077727650020181,0.9504209974810641,-1.2131211235555384e-07,0.26648539304733276,0.2664855143594451
BraTS-MET-00787-000,t1n,tumour_all,384,2.0360887638058798,1.237669247336574,12.475057935118079,0.9906907514926528,-0.6811558914178022,-0.13350322222686373,0.5476526691909385
BraTS-MET-00787-000,t1n,NETC,0,,,,,,,
BraTS-MET-00787-000,t1n,SNFH,110,1.3760913278331683,1.004374553561634,14.176552428432409,0.6936899117082441,0.007766570807440587,-0.28224287353805266,0.29000944434549325
BraTS-MET-00787-000,t1n,ET,274,2.3010512381014934,1.331327701041842,11.943762114437158,0.9924748640672967,-0.9577189755200379,-0.07378582970704883,0.8839331458129891
BraTS-MET-00787-000,t1n,RC,0,,,,,,,
BraTS-MET-00787-000,t2w,support,12075,1.5374917064693114,0.915821464013873,13.694897189828104,0.9514201574278368,5.0546713481480765e-08,0.13742220401763916,0.13742215347092568
BraTS-MET-00787-000,t2w,tumour_all,384,1.2331298360757055,0.809663990212016,14.652936949561202,0.9925728844446978,0.3209611239726655,-0.11178421408112627,0.4327453380537918
BraTS-MET-00787-000,t2w,NETC,0,,,,,,,
BraTS-MET-00787-000,t2w,SNFH,110,0.40603646263164966,0.517379100180485,19.47737465198285,0.7985248424128191,0.2121763740476581,-0.13346925856603775,0.34564563261369585
BraTS-MET-00787-000,t2w,ET,274,1.565174621034998,0.9270046394947473,13.617397034718262,0.9935362641463048,0.3646266902842399,-0.10307559752254747,0.46770228780678735
BraTS-MET-00787-000,t2w,RC,0,,,,,,,
BraTS-MET-00787-000,t2f,support,12075,1.6981849954053891,0.9415445767976911,13.263175014863034,0.9490691518210647,-1.2889411493688385e-07,0.06339868903160095,0.06339881792571589
BraTS-MET-00787-000,t2f,tumour_all,384,1.7208255679685134,1.0809958952578806,13.205656506071124,0.9911336546740264,0.2951703368416929,0.04586498924618354,0.24930534759550937
BraTS-MET-00787-000,t2f,NETC,0,,,,,,,
BraTS-MET-00787-000,t2f,SNFH,110,1.2899940876688563,1.029300297898325,14.457147809321276,0.7083493731457345,1.2161073316638067,0.21095556190994103,1.0051517697538657
BraTS-MET-00787-000,t2f,ET,274,1.893787111154507,1.1017496022270452,12.78971344287666,0.9926636094884014,-0.07456299001432853,-0.020414588689163793,0.05414840132516474
BraTS-MET-00787-000,t2f,RC,0,,,,,,,
BraTS-MET-00791-000,t1c,support,57720,1.544279045732278,0.895282898793851,13.6757672220802,0.06720713499753934,-1.948324239720023e-07,0.10306868702173233,0.1030688818541563
BraTS-MET-00791-000,t1c,tumour_all,10568,2.258235900123873,1.0865263434545394,12.025331934835581,0.48846795304500884,0.38275645379326306,0.19288646499626338,0.18986998879699968
BraTS-MET-00791-000,t1c,NETC,2316,2.6390078959521386,1.3328190821486654,11.348618111295366,0.2549700834158041,-0.08275057367609406,-0.8666616827831604,0.7839111091070663
BraTS-MET-00791-000,t1c,SNFH,4813,0.6740814666782686,0.5861077998384376,17.275901140379418,0.5555791960412901,-0.042066615702424315,0.15046726074069738,0.1925338764431217
BraTS-MET-00791-000,t1c,ET,3439,4.218883572655257,1.62101324883654,9.31104960322845,0.410670316742257,1.289865835220553,0.965440375439357,0.32442545978119597
BraTS-MET-00791-000,t1c,RC,0,,,,,,,
BraTS-MET-00791-000,t1n,support,57720,1.6914448026796305,1.0014388263712017,13.280446708471237,0.07657211047474159,7.63335989972802e-08,0.038321997970342636,0.03832192163674364
BraTS-MET-00791-000,t1n,tumour_all,10568,1.558881080407889,1.009075631135001,13.634895145665865,0.4887846102109833,0.5832504506688565,-0.27838122873799875,0.8616316794068553
BraTS-MET-00791-000,t1n,NETC,2316,2.960735927609262,1.6019529806469355,10.8490282701407,0.3564410422906662,1.0635041311907116,-0.5391076144878753,1.6026117456785869
BraTS-MET-00791-000,t1n,SNFH,4813,0.9585467915733547,0.7485719348589883,15.746891828999921,0.5850154506082209,0.3202139525092207,-0.19959934850339778,0.5198133010126185
BraTS-MET-00791-000,t1n,ET,3439,1.454988409876408,0.974385415580133,13.934429669276762,0.40813583278476057,0.6264986821624916,-0.21236671681981534,0.8388653989823069
BraTS-MET-00791-000,t1n,RC,0,,,,,,,
BraTS-MET-00791-000,t2w,support,57720,1.3016718833403946,0.8275988471441416,14.418009767603854,0.0809849629324573,-2.0091267316502126e-08,0.029824422672390938,0.029824442763658254
BraTS-MET-00791-000,t2w,tumour_all,10568,2.9063802097059166,1.2629503967050006,10.929500731259436,0.5083973683545155,1.0741000542184338,0.012338598215137608,1.0617614560032962
BraTS-MET-00791-000,t2w,NETC,2316,8.716603504170253,2.8184569689662546,6.159552092690916,0.20178527687974082,2.799445129581727,-0.019936067998060025,2.819381197579787
BraTS-MET-00791-000,t2w,SNFH,4813,0.3581530102746491,0.4495803399681797,20.022338950138867,0.6133142488116967,0.11846229743241565,0.06210045075567905,0.056361846676736604
BraTS-MET-00791-000,t2w,ET,3439,2.559808636831035,1.3537316882773343,11.480950007189875,0.3171074131971926,1.2467636563524138,-0.03558463309309445,1.2823482894455083
BraTS-MET-00791-000,t2w,RC,0,,,,,,,
BraTS-MET-00791-000,t2f,support,57720,1.196956763868252,0.8324876840197856,14.782240375392938,0.08291833118112729,1.0997325716743944e-07,0.3361969292163849,0.3361968192431277
BraTS-MET-00791-000,t2f,tumour_all,10568,1.1673268752963504,0.8216457178744561,14.89110016393078,0.6800683724185793,1.3491767261875793,0.9106313867960125,0.4385453393915668
BraTS-MET-00791-000,t2f,NETC,2316,3.2129324644913395,1.6527541001515933,10.494009039449947,0.5774826214052264,2.7742801952990703,1.1218397982884198,1.6524403970106505
BraTS-MET-00791-000,t2f,SNFH,4813,0.38026268993548085,0.48067967760808905,19.762187847431164,0.7769517162231664,0.589683433965547,0.7443506971467286,0.15466726318118162
BraTS-MET-00791-000,t2f,ET,3439,0.8912342261443496,0.7391282821222533,16.063106443691776,0.7320248833619059,1.4489558822242543,0.9989383099600673,0.45001757226418704
BraTS-MET-00791-000,t2f,RC,0,,,,,,,
BraTS-MET-00796-000,t1c,support,20145,1.801921344472903,0.9820989359932306,13.005666710648251,0.9500192470014382,5.7566044375789716e-08,0.34957265853881836,0.349572600972774
BraTS-MET-00796-000,t1c,tumour_all,1847,2.1921022992013897,1.1122007321182779,12.15441683189451,0.9893515099586724,0.9966420631099027,0.3639917660620995,0.6326502970478032
BraTS-MET-00796-000,t1c,NETC,133,2.832181479995969,1.303314500925336,11.04181422217211,0.26265870497995314,0.4025096056916482,0.7607782942941412,0.35826868860249306
BraTS-MET-00796-000,t1c,SNFH,494,1.2747350312985448,0.7636660767546176,14.50882579843494,0.9697958727040172,0.427848796474791,0.08564202539855614,0.3422067710762349
BraTS-MET-00796-000,t1c,ET,1220,2.493781724855755,1.2324941653136134,11.594440627872288,0.9910394333964406,1.2916013660869794,0.43339274649042636,0.858208619596553
BraTS-MET-00796-000,t1c,RC,0,,,,,,,
BraTS-MET-00796-000,t1n,support,20145,2.5579646865511396,1.2796215625829945,11.484079561453084,0.9503618438754871,3.181281371666955e-08,-0.6711292862892151,0.6711293181020288
BraTS-MET-00796-000,t1n,tumour_all,1847,2.1419075978263815,1.1605895672955449,12.255017693880273,0.986044152574104,0.4077400977985235,-0.6590760570252314,1.066816154823755
BraTS-MET-00796-000,t1n,NETC,133,0.4251744105311722,0.5095654297287443,19.27735382497245,0.2887879633947907,0.43498293843140345,-0.06466643477324396,0.4996493732046474
BraTS-MET-00796-000,t1n,SNFH,494,2.8119481060767604,1.3781715110152901,11.072951991607763,0.9563873106310528,0.525679826258056,-0.8113176218466833,1.3369974481047393
BraTS-MET-00796-000,t1n,ET,1220,2.0577481739202965,1.1434590181962254,12.429102758066934,0.9885616562803882,0.356947859054344,-0.6621335045201704,1.0190813635745144
BraTS-MET-00796-000,t1n,RC,0,,,,,,,
BraTS-MET-00796-000,t2w,support,20145,1.3435016373437632,0.8737773938695443,14.280643007171712,0.9501023468217116,-9.846823445514019e-08,0.21398988366127014,0.2139899821295046
BraTS-MET-00796-000,t2w,tumour_all,1847,0.6465011426653944,0.6291857518964523,17.457332039517453,0.9889888847992825,0.5009115087668761,0.2777468408457935,0.22316466792108258
BraTS-MET-00796-000,t2w,NETC,133,0.3853149783420671,0.48978923809455527,19.704866091047364,0.7461032149692376,0.8721244319258403,0.6907314577547368,0.18139297417110356
BraTS-MET-00796-000,t2w,SNFH,494,0.46634694444498226,0.5125809838337453,18.8759336520295,0.9735877781556445,0.33415452851295413,0.2512516063870862,0.08290292212586792
BraTS-MET-00796-000,t2w,ET,1220,0.7479223998587434,0.6915976303871324,16.824459604715557,0.990351436229829,0.5278902791396831,0.2434062220272608,0.2844840571124223
BraTS-MET-00796-000,t2w,RC,0,,,,,,,
BraTS-MET-00796-000,t2f,support,20145,1.912739445979646,1.047399071899024,12.74646686453573,0.9480339286367983,1.0680016515607349e-07,0.08389472961425781,0.08389462281409266
BraTS-MET-00796-000,t2f,tumour_all,1847,0.8885084960190344,0.724753149681229,16.076409158330083,0.9910428092988746,1.0302258568262914,0.6466148126346525,0.38361104419163894
BraTS-MET-00796-000,t2f,NETC,133,1.1671237512550876,0.9248151068848774,14.891855936183845,0.6716163867049747,1.83514861189542,1.009508037546766,0.8256405743486539
BraTS-MET-00796-000,t2f,SNFH,494,1.0377434158698378,0.7771702987940319,15.402125141592439,0.9739496364213553,0.9918466053532029,0.45996472735714633,0.5318818779960566
BraTS-MET-00796-000,t2f,ET,1220,0.7977069555660083,0.6817184677387619,16.544591218904763,0.9933096680779409,0.9578500359784812,0.6825340903742472,0.275315945604234
BraTS-MET-00796-000,t2f,RC,0,,,,,,,
BraTS-MET-00799-000,t1c,support,200364,1.2539842346984957,0.8203069787791388,14.580104242618146,0.8088792417332445,0.04603732377290726,0.07717651128768921,0.031139187514781952
BraTS-MET-00799-000,t1c,tumour_all,29769,1.0141446342258646,0.7476324820423751,15.502026035936245,0.949778328459233,0.23896363310632296,0.1708559412509203,0.06810769185540266
BraTS-MET-00799-000,t1c,NETC,320,4.453144952080562,1.713681495323749,9.07635668904836,0.9705759425799676,1.4580417212564498,0.11636686511337757,1.3416748561430722
BraTS-MET-00799-000,t1c,SNFH,27934,0.8673041979387914,0.7047272671152276,16.181310522932122,0.9076369635327264,0.13689019455341622,0.10825960477814078,0.02863058977527544
BraTS-MET-00799-000,t1c,ET,1515,2.9952407698889694,1.3346810559862026,10.79870762245166,0.9944826800034703,1.8560949753737077,1.3318124572979286,0.5242825180757791
BraTS-MET-00799-000,t1c,RC,0,,,,,,,
BraTS-MET-00799-000,t1n,support,200364,1.8692537571998333,1.050488002056045,12.846342385158351,0.80601354872234,0.0506916344165802,0.060091644525527954,0.009400010108947754
BraTS-MET-00799-000,t1n,tumour_all,29769,1.9871016449897752,1.0866381758287202,12.580824178904258,0.9500510945965391,0.45421411845018156,0.43712150627106894,0.01709261217911262
BraTS-MET-00799-000,t1n,NETC,320,2.613541215818144,1.4412248209453877,11.39073147410141,0.9672417121421807,-0.03207331488374621,1.3156077594030648,1.347681074286811
BraTS-MET-00799-000,t1n,SNFH,27934,2.0062060279182763,1.0879898927994764,12.539269697930347,0.9099523560737638,0.46696953097125515,0.41146677307551727,0.055502757895737886
BraTS-MET-00799-000,t1n,ET,1515,1.5025323411020952,0.9868186455987249,13.794786720652114,0.9917538295737984,0.31897513882722706,0.7198262055171654,0.4008510666899383
BraTS-MET-00799-000,t1n,RC,0,,,,,,,
BraTS-MET-00799-000,t2w,support,200364,1.3353976622369126,0.900109315415038,14.306918891502619,0.8061212763094956,-0.056325919926166534,0.11272300034761429,0.16904892027378082
BraTS-MET-00799-000,t2w,tumour_all,29769,1.4937619879672814,0.9583597048210689,13.820210970945567,0.9443793661696587,0.5158159099519253,0.7020948921563104,0.1862789822043851
BraTS-MET-00799-000,t2w,NETC,320,1.3742234412105192,0.96861301642748,14.182451483965197,0.9785942868895979,1.3169677041005343,1.2911956454627216,0.025772058637812734
BraTS-MET-00799-000,t2w,SNFH,27934,1.4904991329955564,0.9561698320716605,13.829707730221568,0.9017903806081976,0.4979659174568951,0.6963625987700652,0.19839668131317012
BraTS-MET-00799-000,t2w,ET,1515,1.5791725000084254,0.9965714841398282,13.57872928257444,0.9918950131294912,0.670774779166095,0.6776570708025247,0.006882291636429727
BraTS-MET-00799-000,t2w,RC,0,,,,,,,
BraTS-MET-00799-000,t2f,support,200364,1.913466320030628,0.9614615478575179,12.74481678394685,0.8159627784926998,0.008685718290507793,0.40653273463249207,0.39784701634198427
BraTS-MET-00799-000,t2f,tumour_all,29769,4.292959829123157,1.5007352766671969,9.235456761293975,0.9635972224831681,1.3308605728670955,2.3349899533204734,1.004129380453378
BraTS-MET-00799-000,t2f,NETC,320,8.460317208848004,2.7077182490378617,6.289158541030083,0.971031715455609,1.271913559467066,3.6758136516436934,2.4039000921766274
BraTS-MET-00799-000,t2f,SNFH,27934,4.108664390240359,1.4460306027425622,9.42601832715283,0.9348161664024867,1.3330665794201195,2.3140616732416674,0.9809950938215479
BraTS-MET-00799-000,t2f,ET,1515,6.810817537532478,2.2544552834342784,7.23103255120451,0.993104468162189,1.2925709213523078,2.4186109816655517,1.1260400603132439
BraTS-MET-00799-000,t2f,RC,0,,,,,,,
BraTS-MET-00807-000,t1c,support,152627,1.3830860849686872,0.9143812395766752,14.154532887972612,0.899786978026373,0.0019089491106569767,0.11675848811864853,0.11484953900799155
BraTS-MET-00807-000,t1c,tumour_all,16869,1.3396945068249657,0.9109617134316629,14.29296724138288,0.9796738864048224,0.12800845949095674,0.3177424439927563,0.18973398450179957
BraTS-MET-00807-000,t1c,NETC,184,3.3138424904527968,1.4195670991852556,10.359706385526646,0.3598736945256305,0.433698681412352,0.21134348842315376,0.22235519298919826
BraTS-MET-00807-000,t1c,SNFH,14275,0.9773214645812951,0.812942213191159,15.66265063629199,0.9507647781660112,-0.18261841087951325,0.21097146649844944,0.3935898773779627
BraTS-MET-00807-000,t1c,ET,2410,3.3353924109913033,1.452723113827734,10.331555644929368,0.9939047820743122,1.9416882990626618,0.9563497536582872,0.9853385454043746
BraTS-MET-00807-000,t1c,RC,0,,,,,,,
BraTS-MET-00807-000,t1n,support,152627,1.6756006037542113,1.0296392757573207,13.321319925926225,0.9017243463857766,0.002548462012782693,0.06029466912150383,0.05774620710872114
BraTS-MET-00807-000,t1n,tumour_all,16869,1.2118142259487572,0.9039868597713572,14.728664542285122,0.9791939416113192,-0.06653882957471069,0.18538649223046377,0.25192532180517446
BraTS-MET-00807-000,t1n,NETC,184,0.7248115426149356,0.6714523187581859,16.960773999091572,0.4807213032348889,0.577298979897023,0.23464942898135632,0.3426495509156666
BraTS-MET-00807-000,t1n,SNFH,14275,1.137162145328791,0.8754904293115897,15.004801066152666,0.952102887656454,-0.04705533807282336,0.16469750105170533,0.2117528391245287
BraTS-MET-00807-000,t1n,ET,2410,1.6911781033692725,1.0905316317048028,13.281131538215922,0.9924132073934796,-0.2307273354017525,0.30336148355854675,0.5340888189602992
BraTS-MET-00807-000,t1n,RC,0,,,,,,,
BraTS-MET-00807-000,t2w,support,152627,1.5465012584766336,0.9207605270205207,13.669522230176561,0.900943004342222,-0.0022673269268125296,0.034793052822351456,0.037060379749163985
BraTS-MET-00807-000,t2w,tumour_all,16869,1.1136641531966438,0.8162274515264476,15.095482600230714,0.9801827450413549,0.26673371682409197,0.12038537062471732,0.14634834619937465
BraTS-MET-00807-000,t2w,NETC,184,0.3238334962714788,0.47253503621781734,20.459807320340524,0.7139516775528868,-0.7165745182628598,-0.2945867133093998,0.42198780495346
BraTS-MET-00807-000,t2w,SNFH,14275,1.1147077824877256,0.8205791145870373,15.091414675409464,0.9538088496061922,0.3511254659970291,0.1666281974175945,0.1844972685794346
BraTS-MET-00807-000,t2w,ET,2410,1.1677849136713487,0.8166919387575141,14.889396403603305,0.9940985021624102,-0.1583105871736734,-0.121886815817561,0.03642377135611241
BraTS-MET-00807-000,t2w,RC,0,,,,,,,
BraTS-MET-00807-000,t2f,support,152627,1.4366834848113161,0.8907027567764345,13.989414013461726,0.9015196209073627,0.0019954354502260685,0.2344510704278946,0.23245563497766852
BraTS-MET-00807-000,t2f,tumour_all,16869,1.035395714900022,0.8008950705321622,15.411961374936018,0.9859793226195023,1.1999003982637078,0.9498389521613717,0.25006144610233605
BraTS-MET-00807-000,t2f,NETC,184,2.9260770885239826,1.6278825405752286,10.900167371873014,0.20031625390033794,-0.12216233032449964,1.5017797900363803,1.62394212036088
BraTS-MET-00807-000,t2f,SNFH,14275,0.9622298852285035,0.7736999796463971,15.73023659541134,0.9707963691899425,1.3393142796121538,0.9964328466448933,0.3428814329672605
BraTS-MET-00807-000,t2f,ET,2410,1.3244234517523537,0.8988387335638522,14.34275638505692,0.9938870628319408,0.4720001685927855,0.6287591559812427,0.15675898738845717
BraTS-MET-00807-000,t2f,RC,0,,,,,,,
BraTS-MET-01058-001,t1c,support,148225,1.652784750649505,0.9291874166418258,13.380862035734243,0.05653192558902537,0.0515606552362442,-0.04760020971298218,0.09916086494922638
BraTS-MET-01058-001,t1c,tumour_all,30782,2.783218057503619,1.172095320997398,11.117552673183777,0.5217678188153471,0.42038340259023244,-0.2039273362424865,0.6243107388327189
BraTS-MET-01058-001,t1c,NETC,13672,5.2063530140952,1.8360071275862306,8.397688888811548,0.4330806928716214,0.6481667374700919,-0.5460293485821239,1.1941960860522158
BraTS-MET-01058-001,t1c,SNFH,15162,0.5280015174300877,0.5348205673305245,18.336673301074015,0.6381380003325058,0.12884226435562596,0.047681225987616926,0.08116103836800903
BraTS-MET-01058-001,t1c,ET,1948,3.329671884030716,1.4725868997523357,10.339010618482927,0.6185503814977478,1.088946990283148,0.23955735065828776,0.8493896396248601
BraTS-MET-01058-001,t1c,RC,0,,,,,,,
BraTS-MET-01058-001,t1n,support,148225,1.8045788239004081,1.0037906350054264,12.99926643999173,0.05853509180677149,0.07215050607919693,0.05366867035627365,0.01848183572292328
BraTS-MET-01058-001,t1n,tumour_all,30782,2.9753935229835387,1.3438695655784239,10.827580874899827,0.5021284229735089,0.6430899044498801,-0.12711686770489905,0.7702067721547792
BraTS-MET-01058-001,t1n,NETC,13672,5.014671011365322,1.8679250930989817,8.56060054464752,0.4278233553709023,1.1286241588531993,-0.543918314302573,1.6725424731557723
BraTS-MET-01058-001,t1n,SNFH,15162,1.277897691782008,0.9034292872779763,14.498064150772095,0.6123766497182447,0.2909773985738866,0.19048712677613366,0.10049027179775294
BraTS-MET-01058-001,t1n,ET,1948,1.8749982311569822,1.093904641210005,12.833016384097494,0.6666288653791222,-0.026611124369082972,0.32666897126910044,0.3532800956381834
BraTS-MET-01058-001,t1n,RC,0,,,,,,,
BraTS-MET-01058-001,t2w,support,148225,1.3284945994916335,0.8315286299131707,14.32942707482602,0.0766997003054001,-0.010445257648825645,0.09762699156999588,0.10807224921882153
BraTS-MET-01058-001,t2w,tumour_all,30782,1.7198085653233297,0.9608454470694476,13.208223931915528,0.5178319340103529,0.2285203909559641,0.5959345427800145,0.36741415182405035
BraTS-MET-01058-001,t2w,NETC,13672,2.722162708637873,1.284002001802001,11.213884205496033,0.45322086063993094,0.2834017778659472,0.9126431176810001,0.6292413398150529
BraTS-MET-01058-001,t2w,SNFH,15162,0.7707676246783995,0.6509039054087978,16.693790365052184,0.6441485043320347,0.26206339716736693,0.3759406311583007,0.11387723399093375
BraTS-MET-01058-001,t2w,ET,1948,2.0715400307555707,1.1051664113175474,12.400091706790654,0.6729805061188279,-0.41856638366061816,0.0829974063381087,0.5015637899987269
BraTS-MET-01058-001,t2w,RC,0,,,,,,,
BraTS-MET-01058-001,t2f,support,148225,1.295360035263656,0.8414260494882071,14.439120067928163,0.1035915171990672,0.06479353457689285,0.4242004454135895,0.3594069108366966
BraTS-MET-01058-001,t2f,tumour_all,30782,1.8163525152568036,1.073150059050532,12.971023611121893,0.6231319073021364,0.9987850023899227,1.3490326490427833,0.35024764665286057
BraTS-MET-01058-001,t2f,NETC,13672,2.395759810810186,1.2916732646982254,11.768592254759591,0.5499778488436071,1.364884246577276,1.3084626714116894,0.056421575165586546
BraTS-MET-01058-001,t2f,SNFH,15162,1.0964966113201509,0.8086015281016355,15.162952069217653,0.7862075399322265,0.8144344327956787,1.3868314850260504,0.5723970522303716
BraTS-MET-01058-001,t2f,ET,1948,3.352696802054382,1.5985276558841577,10.309082205709688,0.6566402236581524,-0.13977545421221294,1.333987160527613,1.473762614739826
BraTS-MET-01058-001,t2f,RC,0,,,,,,,
BraTS-MET-01060-001,t1c,support,168762,1.1646576391976817,0.7260510202356291,14.901042211209422,0.7646594007965479,1.880653321961745e-08,0.06519754976034164,0.06519753095380842
BraTS-MET-01060-001,t1c,tumour_all,36904,1.8091599354358485,0.959721340548485,12.988255392104262,0.9160932791886802,0.08046127431589412,0.278394768740327,0.19793349442443287
BraTS-MET-01060-001,t1c,NETC,3971,2.586897904246286,1.2468638523644147,11.435232117868924,0.44595005337212684,-0.5174257722537732,0.048806474602315575,0.5662322468560888
BraTS-MET-01060-001,t1c,SNFH,23816,0.6746628720654894,0.6309699788216492,17.272156899757892,0.9001045408498214,-0.46358982822857797,-0.04060194591875188,0.4229878823098261
BraTS-MET-01060-001,t1c,ET,9117,4.434012911972235,1.6934385190573435,9.095055473090419,0.9685500195338119,1.761038382537663,1.2103586058676683,0.5506797766699947
BraTS-MET-01060-001,t1c,RC,0,,,,,,,
BraTS-MET-01060-001,t1n,support,168762,1.2556086329012874,0.796447163418604,14.574482077497134,0.7779385528828291,-2.893312700535944e-09,-0.007646406535059214,0.007646403641746513
BraTS-MET-01060-001,t1n,tumour_all,36904,0.8285697967880705,0.6945367651663034,16.37973402516269,0.9210046286624035,0.12903603486483917,0.021099561017763335,0.10793647384707583
BraTS-MET-01060-001,t1n,NETC,3971,1.263738332890431,0.9056203915881205,14.54645341651668,0.5522974717390441,-0.775337174141896,-0.3505850302976796,0.42475214384421633
BraTS-MET-01060-001,t1n,SNFH,23816,0.7214076084453241,0.6308420634694967,16.981217824018056,0.9126890020094441,0.4686048028524965,0.1967728009185521,0.2718320019339444
BraTS-MET-01060-001,t1n,ET,9117,0.9189636128139967,0.7689844930471974,15.930041853190989,0.9650046235690009,-0.363886371938861,-0.27567190541594755,0.08821446652291343
BraTS-MET-01060-001,t1n,RC,0,,,,,,,
BraTS-MET-01060-001,t2w,support,168762,1.254891248543526,0.8339972947685929,14.576964101724755,0.7614857780163333,8.46293986001001e-08,0.060952238738536835,0.060952154109138235
BraTS-MET-01060-001,t2w,tumour_all,36904,1.27297899955216,0.8725686212766655,14.514812616492513,0.9126053983834332,0.6104492671438493,0.33183065641787834,0.27861861072597094
BraTS-MET-01060-001,t2w,NETC,3971,2.529303274634632,1.2671942617818817,11.53301594474021,0.5772010347187232,1.4752484893833753,0.4614123691280838,1.0138361202552915
BraTS-MET-01060-001,t2w,SNFH,23816,0.924255128107002,0.7572942532181979,15.905106318901222,0.9022526630466079,0.5310279540717602,0.4355668878686174,0.09546106620314276
BraTS-MET-01060-001,t2w,ET,9117,1.6367328688057947,1.0018124439413854,13.42324696780125,0.9665731841332208,0.4391526849503862,0.0035255670663900673,0.4356271178839961
BraTS-MET-01060-001,t2w,RC,0,,,,,,,
BraTS-MET-01060-001,t2f,support,168762,1.237295354659199,0.8275109903018603,14.638291183671813,0.7661482418122009,-8.390607320052368e-08,0.1462448388338089,0.1462449227398821
BraTS-MET-01060-001,t2f,tumour_all,36904,0.9380364993019307,0.7788193766895015,15.84082763521458,0.9286260613577109,0.7827858560485765,0.9883324012043886,0.20554654515581205
BraTS-MET-01060-001,t2f,NETC,3971,1.4346854581945636,1.031379136499452,13.995458043968616,0.4917392823872503,-0.09556793393494445,0.8275363197899424,0.9231042537248868
BraTS-MET-01060-001,t2f,SNFH,23816,0.725412043671933,0.670606659839876,16.957177390778174,0.9339239205011634,1.1790337694110349,1.1084740327278269,0.07055973668320803
BraTS-MET-01060-001,t2f,ET,9117,1.2771470641282316,0.9514945174469182,14.500615913958423,0.9647866802992782,0.1285298219663673,0.7416672692052089,0.6131374472388416
BraTS-MET-01060-001,t2f,RC,0,,,,,,,
BraTS-MET-01096-000,t1c,support,10143,1.1733616439385552,0.8353486899404604,14.868706133230527,0.10501866941219926,-1.7450651057515643e-07,-0.061097562313079834,0.06109738780656926
BraTS-MET-01096-000,t1c,tumour_all,1153,1.5373961036648942,0.9269527397875259,13.695167246968332,0.3270958527114326,0.6066648470514338,-0.11096389418526087,0.7176287412366946
BraTS-MET-01096-000,t1c,NETC,0,,,,,,,
BraTS-MET-01096-000,t1c,SNFH,781,0.7932787907917616,0.6655081004966689,16.56876657681458,0.35239939767294426,0.2365440338908229,-0.12588564491306897,0.3624296788038919
BraTS-MET-01096-000,t1c,ET,372,3.0996423976270355,1.4758459206642984,10.649909081251497,0.2646911889438906,1.383566243428504,-0.07961686411726987,1.463183107545774
BraTS-MET-01096-000,t1c,RC,0,,,,,,,
BraTS-MET-01096-000,t1n,support,10143,2.223644985985051,1.1831973818003194,12.092370492128516,0.15587586916866636,-1.8804580292908213e-07,0.33984094858169556,0.3398411366274985
BraTS-MET-01096-000,t1n,tumour_all,1153,0.7246728656342485,0.665691185055534,16.96160500696334,0.37038461880096885,0.5778972976113437,0.3050992062781006,0.27279809133324306
BraTS-MET-01096-000,t1n,NETC,0,,,,,,,
BraTS-MET-01096-000,t1n,SNFH,781,0.8344500779341378,0.7268865575682116,16.349021412094928,0.3832741561803447,0.5399596576935437,0.3093219333095476,0.2306377243839961
BraTS-MET-01096-000,t1n,ET,372,0.49419973981109344,0.537213803516821,18.623999883508343,0.48093234382256317,0.6574327884700324,0.29617651758599095,0.36125627088404144
BraTS-MET-01096-000,t1n,RC,0,,,,,,,
BraTS-MET-01096-000,t2w,support,10143,1.8144353821967207,0.9905516075341012,12.975609945603344,0.08210785096761081,1.0530564864552616e-08,-0.19403909146785736,0.19403910199842223
BraTS-MET-01096-000,t2w,tumour_all,1153,0.8494851714402842,0.6554677327720756,16.271466985132136,0.38974648886705815,-0.2463879847273347,-0.11181108184973709,0.1345769028775976
BraTS-MET-01096-000,t2w,NETC,0,,,,,,,
BraTS-MET-01096-000,t2w,SNFH,781,0.8243317606843812,0.6316185842369381,16.40200467665984,0.4276039575877808,-0.2750635128686554,-0.20178700603719335,0.07327650683146203
BraTS-MET-01096-000,t2w,ET,372,0.902293810688565,0.7055381225729962,16.00954522445424,0.23730902121027164,-0.18614123387760628,0.07710185839096084,0.2632430922685671
BraTS-MET-01096-000,t2w,RC,0,,,,,,,
BraTS-MET-01096-000,t2f,support,10143,1.334617394166834,0.8188752384845384,14.309457200236677,0.13830750352034918,-5.114846146625496e-08,0.2804934084415436,0.28049345959000505
BraTS-MET-01096-000,t2f,tumour_all,1153,1.0992384068017604,0.8532590495908338,15.152106067699016,0.4189692249387752,1.2391424667730462,0.4374108476913534,0.8017316190816928
BraTS-MET-01096-000,t2f,NETC,0,,,,,,,
BraTS-MET-01096-000,t2f,SNFH,781,1.165258011984113,0.896840396585693,14.89880403066524,0.4480530382088653,1.3041890549648087,0.45691627997439355,0.8472727749904152
BraTS-MET-01096-000,t2f,ET,372,0.9606327303302081,0.7617616517333469,15.737451210880788,0.39627574484411887,1.1023517351750343,0.3963792729191482,0.7059724622558861
BraTS-MET-01096-000,t2f,RC,0,,,,,,,
BraTS-MET-01096-001,t1c,support,12696,1.6278540854482104,1.0134249218357771,13.446870269491802,0.10199900054380652,-7.691890857586259e-08,0.37687960267066956,0.37687967958957813
BraTS-MET-01096-001,t1c,tumour_all,1686,1.1525253248468093,0.8716883099511429,14.946520236944195,0.2928951699171967,0.6382026780047454,0.1711431371513754,0.46705954085337
BraTS-MET-01096-001,t1c,NETC,0,,,,,,,
BraTS-MET-01096-001,t1c,SNFH,1179,0.8065491694282902,0.7335751421664279,16.496716524639158,0.2853985757279184,0.23379823858704185,0.05160939326742664,0.1821888453196152
BraTS-MET-01096-001,t1c,ET,507,1.9570734259088087,1.1928627178765452,12.646953808482653,0.3371299623313903,1.5783637682980043,0.44904058740939945,1.1293231808886048
BraTS-MET-01096-001,t1c,RC,0,,,,,,,
BraTS-MET-01096-001,t1n,support,12696,1.497358323195016,0.9311594600395003,13.809767597663178,0.19171839500315963,1.7066383861674694e-07,-0.18259494006633759,0.1825951107301762
BraTS-MET-01096-001,t1n,tumour_all,1686,0.7273199441006144,0.6324217702885747,16.945770040880767,0.46404664422044517,0.45212461108894786,0.34698054994805716,0.1051440611408907
BraTS-MET-01096-001,t1n,NETC,0,,,,,,,
BraTS-MET-01096-001,t1n,SNFH,1179,0.8345147737482999,0.6603967887155895,16.34868471195318,0.5130741162220305,0.49515036302182125,0.14302126417169347,0.3521290988501278
BraTS-MET-01096-001,t1n,ET,507,0.47804439349978367,0.5673674374967593,18.768342716096644,0.5376144416477273,0.35194960460466973,0.8211387333285529,0.4691891287238832
BraTS-MET-01096-001,t1n,RC,0,,,,,,,
BraTS-MET-01096-001,t2w,support,12696,1.3392897239764685,0.9017191536969743,14.294279641484295,0.05636293464360152,-6.249661765878045e-08,0.14250551164150238,0.14250557413812004
BraTS-MET-01096-001,t2w,tumour_all,1686,0.577278841269584,0.6328569605325297,17.949168609687497,0.3024817941381806,-0.17946870759260491,0.31300707324407995,0.49247578083668486
BraTS-MET-01096-001,t2w,NETC,0,,,,,,,
BraTS-MET-01096-001,t2w,SNFH,1179,0.6318369765893086,0.6527648460248153,17.55697462517578,0.3708003110410005,-0.2445665502527845,0.253070519931498,0.4976370701842825
BraTS-MET-01096-001,t2w,ET,507,0.45040696446099365,0.5865622919025401,19.026974035518958,0.3184208368224539,-0.028048324400060665,0.4522855258692289,0.48033385026928954
BraTS-MET-01096-001,t2w,RC,0,,,,,,,
BraTS-MET-01096-001,t2f,support,12696,1.8538883693941914,1.0344877588332257,12.882189209133376,0.07794684136676763,-3.1248308829390226e-08,0.22104625403881073,0.22104628528711956
BraTS-MET-01096-001,t2f,tumour_all,1686,0.6314783108364594,0.6084072081025036,17.559440621796668,0.6029318659277416,0.9660191608854802,0.6980939769273391,0.26792518395814113
BraTS-MET-01096-001,t2f,NETC,0,,,,,,,
BraTS-MET-01096-001,t2f,SNFH,1179,0.6707476750350191,0.6261448557020589,17.29743324784789,0.6367663201271054,0.9985584602400195,0.7790799338399665,0.21947852640005294
BraTS-MET-01096-001,t2f,ET,507,0.5401596118421758,0.5671593056964372,18.23780392240946,0.5838036944725313,0.8900809805818426,0.5095816265675239,0.38049935401431867
BraTS-MET-01096-001,t2f,RC,0,,,,,,,
BraTS-MET-01096-002,t1c,support,22475,1.5999864628570184,0.9875160277084515,13.521861925684677,0.0678876757437996,-5.091920840527564e-08,0.05928632616996765,0.05928637708917606
BraTS-MET-01096-002,t1c,tumour_all,2492,0.9122033431292583,0.7244202408161323,15.962108412158774,0.5548246105506919,0.6991260501526995,0.3013190860292525,0.39780696412344696
BraTS-MET-01096-002,t1c,NETC,0,,,,,,,
BraTS-MET-01096-002,t1c,SNFH,1986,0.527024792778184,0.5720506537995006,18.34471454599355,0.573539472963294,0.4159366086460068,0.25014946727606,0.16578714136994677
BraTS-MET-01096-002,t1c,ET,506,2.4239910921356476,1.3224558135731102,11.717714812480562,0.36174967745576825,1.8100809383395244,0.5019738578994293,1.3081070804400952
BraTS-MET-01096-002,t1c,RC,0,,,,,,,
BraTS-MET-01096-002,t1n,support,22475,1.5361455803881972,0.9666547138286076,13.69870125069665,0.10549387276007445,-1.4393162928172387e-07,-0.09466905146837234,0.09466890753674306
BraTS-MET-01096-002,t1n,tumour_all,2492,0.8805053767752371,0.7391454898947544,16.11570488451855,0.5385539195582679,0.6397451821976574,0.056704779563006014,0.5830404026346514
BraTS-MET-01096-002,t1n,NETC,0,,,,,,,
BraTS-MET-01096-002,t1n,SNFH,1986,1.046442739300026,0.8285412986959544,15.36587031768069,0.5526642451468695,0.6720756210706895,-0.0500422457116656,0.7221178667823551
BraTS-MET-01096-002,t1n,ET,506,0.22921762583802224,0.388275773927989,21.960544908319967,0.6808880457770584,0.5125666831263516,0.47557388778659515,0.03699279533975641
BraTS-MET-01096-002,t1n,RC,0,,,,,,,
BraTS-MET-01096-002,t2w,support,22475,1.402724506642445,0.8941319174868795,14.093301162630237,0.062370647664607766,1.4664730940694426e-07,-0.039816491305828094,0.0398166379531375
BraTS-MET-01096-002,t2w,tumour_all,2492,0.47795319950236437,0.49653770117964213,18.76917127571378,0.5286325274869657,-0.21307087291643256,-0.0567340793350013,0.15633679358143127
BraTS-MET-01096-002,t2w,NETC,0,,,,,,,
BraTS-MET-01096-002,t2w,SNFH,1986,0.5366795768141944,0.5218051791089549,18.26587432116478,0.5390656575026992,-0.23490462352856412,0.022071383900765795,0.2569760074293299
BraTS-MET-01096-002,t2w,ET,506,0.2474579715551424,0.39736534709344606,21.62801052130527,0.467888185267862,-0.12728839319697727,-0.36595502883574227,0.238666635638765
BraTS-MET-01096-002,t2w,RC,0,,,,,,,
BraTS-MET-01096-002,t2f,support,22475,1.3125946709052339,0.8499670901589947,14.381718640652984,0.10708377437956351,-1.5717061785380793e-07,0.47794008255004883,0.4779402397206667
BraTS-MET-01096-002,t2f,tumour_all,2492,0.42076643763079674,0.5162598218521336,19.322614096716364,0.7757774091086449,1.0382345143298153,0.9317663443507627,0.10646816997905262
BraTS-MET-01096-002,t2f,NETC,0,,,,,,,
BraTS-MET-01096-002,t2f,SNFH,1986,0.3880884678214608,0.4940774088903881,19.67371763041227,0.818165242549211,1.0742206895083655,0.8628081117058173,0.21141257780254818
BraTS-MET-01096-002,t2f,ET,506,0.5490242400840406,0.603323600788945,18.167109812673978,0.7707850205108195,0.8965184500993928,1.2019238019129261,0.30540535181353334
BraTS-MET-01096-002,t2f,RC,0,,,,,,,
BraTS-MET-01105-001,t1c,support,202395,1.57093040256207,0.8984073884190941,13.601455559900694,0.812972907232536,-0.03156412020325661,-0.03289563208818436,0.0013315118849277496
BraTS-MET-01105-001,t1c,tumour_all,21653,1.9606188352540872,1.1256548721424942,12.639093302692814,0.9550721521011423,-0.5690269319238723,-0.5875956835297984,0.01856875160592608
BraTS-MET-01105-001,t1c,NETC,0,,,,,,,
BraTS-MET-01105-001,t1c,SNFH,7936,1.2973153230920966,0.8820935074523446,14.43256953029392,0.9634987725525294,0.1967638706410071,-0.44907269398026983,0.6458365646212769
BraTS-MET-01105-001,t1c,ET,1906,3.005691093980742,1.2882772883696982,10.783581562772824,0.9830634261783674,0.946425442751206,0.9784392890433082,0.032013846292102244
BraTS-MET-01105-001,t1c,RC,11811,2.2376545602040965,1.2630644619191411,12.065094579746551,0.5428465597589265,-1.328037621358817,-0.9332757979245798,0.39476182343423716
BraTS-MET-01105-001,t1n,support,202395,2.1602794521426008,1.0689260965550038,12.217925659712929,0.8151300924990096,-0.11778266727924347,0.14445291459560394,0.2622355818748474
BraTS-MET-01105-001,t1n,tumour_all,21653,2.3874651271818053,1.3051842241777265,11.783654640436998,0.9537422553208522,-0.10753595258574933,0.9169761606899556,1.024512113275705
BraTS-MET-01105-001,t1n,NETC,0,,,,,,,
BraTS-MET-01105-001,t1n,SNFH,7936,1.9747128180366176,1.177022783655374,12.607985555443879,0.9648211888793115,0.485508682730142,1.1363179754262092,0.6508092926960671
BraTS-MET-01105-001,t1n,ET,1906,0.9871746362361312,0.7804683078900423,15.619085123886936,0.9832916463397989,0.09235662393621169,0.4675504501792602,0.37519382624304853
BraTS-MET-01105-001,t1n,RC,11811,2.8907718752233484,1.475973973430941,10.952886800204482,0.47358563249827756,-0.5382638826122275,0.8418957824032987,1.3801596650155261
BraTS-MET-01105-001,t2w,support,202395,1.4791759515470415,0.8558553285891864,13.862826633214965,0.8169393208372979,0.06446041911840439,0.09175373613834381,0.027293317019939423
BraTS-MET-01105-001,t2w,tumour_all,21653,3.2630810701318804,1.3987162077655564,10.426746369476778,0.9587841111785946,1.4572111118613975,0.3873961179924663,1.0698149938689312
BraTS-MET-01105-001,t2w,NETC,0,,,,,,,
BraTS-MET-01105-001,t2w,SNFH,7936,0.6022836618182568,0.5827943503986414,17.765014185670132,0.9699214711321135,-0.02287874268949963,0.0621037237579003,0.08498246644739993
BraTS-MET-01105-001,t2w,ET,1906,1.9957297534452938,1.0119941976901583,12.562007686924625,0.9842643824390254,0.8679952985257842,0.13223599320917856,0.7357593053166056
BraTS-MET-01105-001,t2w,RC,11811,5.255432254788688,2.0093544273293142,8.35694058585872,0.5303217750894491,2.5464819463377353,0.6470590799726779,1.8994228663650574
BraTS-MET-01105-001,t2f,support,202395,1.644422539418469,0.9277542056673589,13.402890799236424,0.8161477432919595,0.0329638235270977,0.13140875101089478,0.09844492748379707
BraTS-MET-01105-001,t2f,tumour_all,21653,1.628079054488986,1.000849179792709,13.446270117038024,0.9644432885022426,0.5671238699214882,0.6724212943663588,0.10529742444487056
BraTS-MET-01105-001,t2f,NETC,0,,,,,,,
BraTS-MET-01105-001,t2f,SNFH,7936,1.5765451123054475,0.9784741420677575,13.585960983157715,0.9793215568293682,1.309941588962829,1.5749428456038004,0.2650012566409714
BraTS-MET-01105-001,t2f,ET,1906,1.1095089725512717,0.8140566096164323,15.1117168206429,0.9853998022699284,0.8256043407272955,0.19858800485963002,0.6270163358676655
BraTS-MET-01105-001,t2f,RC,11811,1.7463897768107075,1.0460269749109206,13.141613203747777,0.5375017388342096,0.026132535022043157,0.14228176674805582,0.11614923172601266
BraTS-MET-01105-002,t1c,support,133668,1.4906615542593755,0.8595029232755304,13.829234500724132,0.840521799851048,-5.99310538973441e-08,0.02674422785639763,0.026744287787451526
BraTS-MET-01105-002,t1c,tumour_all,13962,1.9844101819163042,1.045911514078657,12.586710540526447,0.9621980286239697,-0.4947974918104592,-0.055334033131657634,0.43946345867880154
BraTS-MET-01105-002,t1c,NETC,0,,,,,,,
BraTS-MET-01105-002,t1c,SNFH,4771,0.3241018463516166,0.4330256859247794,20.45620995628213,0.9728107530974027,0.20862974917599786,0.045724002262431895,0.16290574691356596
BraTS-MET-01105-002,t1c,ET,1571,3.347596647948307,1.3717034739785505,10.315693764530023,0.9874070475062972,0.844016944904979,0.7740954161017726,0.06992152880320646
BraTS-MET-01105-002,t1c,RC,7620,2.7429095429193024,1.3624809520208376,11.180910153132388,0.4409427040916736,-1.211196379721514,-0.28961436882673297,0.921582010894781
BraTS-MET-01105-002,t1n,support,133668,1.8400825494818784,0.9500904028847272,12.914651940728131,0.850201067367326,7.543322340097802e-07,-0.00033454177901148796,0.00033529611124549774
BraTS-MET-01105-002,t1n,tumour_all,13962,1.1108959454616925,0.8506683575799076,15.10629119079492,0.963853542722049,-0.044080432150167326,0.012827027783941958,0.056907459934109283
BraTS-MET-01105-002,t1n,NETC,0,,,,,,,
BraTS-MET-01105-002,t1n,SNFH,4771,1.0092882078942036,0.7835932732790113,15.522873016014277,0.9742459925450807,0.5622751679311477,0.05667757649121086,0.5055975914399369
BraTS-MET-01105-002,t1n,ET,1571,1.3031487205072163,0.8606309283909048,14.413085188152998,0.9864698872765696,0.08769233748535044,0.1554360617817565,0.06774372429640607
BraTS-MET-01105-002,t1n,RC,7620,1.1348777573170699,0.8906111434664561,15.013534164908236,0.4487818080561042,-0.45090310418163426,-0.04403488672551248,0.4068682174561218
BraTS-MET-01105-002,t2w,support,133668,1.3215238341735602,0.7873097663753904,14.352275005665163,0.8466179734286304,-1.2465659438021248e-07,0.03334816172719002,0.0333482863837844
BraTS-MET-01105-002,t2w,tumour_all,13962,3.631814778736438,1.450750224907263,9.961788092177667,0.9626419076765583,1.4524011086614337,0.2505217094649197,1.201879399196514
BraTS-MET-01105-002,t2w,NETC,0,,,,,,,
BraTS-MET-01105-002,t2w,SNFH,4771,0.5096334756944292,0.5036852873451652,18.49044553512447,0.9729361616850575,-0.0869852745991011,-0.11405353261579876,0.027068258016697655
BraTS-MET-01105-002,t2w,ET,1571,1.4846262756169168,0.8455947985779757,13.846853581337728,0.9870419804138731,0.42064996937415344,0.11125170142258867,0.3093982679515648
BraTS-MET-01105-002,t2w,RC,7620,6.0293423555362,2.1684859193786643,7.76032556278463,0.45470494190369176,2.6287557224277407,0.5074689874345495,2.121286734993191
BraTS-MET-01105-002,t2f,support,133668,1.6116924358977736,0.8955115305457834,13.490203331100785,0.8428471284635337,2.0456467098028952e-07,0.11142319440841675,0.11142298984374577
BraTS-MET-01105-002,t2f,tumour_all,13962,1.9574075727995317,1.0438640734762012,12.646212365869001,0.9685732338076458,0.7308687461627414,0.47373613851959817,0.2571326076431433
BraTS-MET-01105-002,t2f,NETC,0,,,,,,,
BraTS-MET-01105-002,t2f,SNFH,4771,0.7560789037296356,0.6623096555854803,16.77735380310711,0.9828693627592269,1.0798709270529798,0.9370006901226589,0.14287023693032097
BraTS-MET-01105-002,t2f,ET,1571,0.8107249784363684,0.7096118732005918,16.474289469310072,0.9892405489165597,0.6236178523058697,0.479296577788773,0.14432127451709675
BraTS-MET-01105-002,t2f,RC,7620,2.9459872887938885,1.3516733037110586,10.870716321298477,0.4795340352023442,0.5343392149079591,0.1824454318266362,0.3518937830813229
BraTS-MET-01109-001,t1c,support,25158,1.9695906147470026,1.0151074321427387,12.619265346222168,0.9840210768216412,-6.550398268245772e-08,0.24451619386672974,0.24451625937071242
BraTS-MET-01109-001,t1c,tumour_all,2092,3.7359480011433535,1.3838707562376849,9.83901677902397,0.9968309364027198,1.4539583961086464,0.7476971668365877,0.7062612292720587
BraTS-MET-01109-001,t1c,NETC,10,0.5374698520364188,0.6431609824299812,18.259483921078832,0.6188360452651978,0.01856577430027695,0.6615935851441463,0.6430278108438694
BraTS-MET-01109-001,t1c,SNFH,916,1.1765746867527793,0.7151711550406505,14.856830001816459,0.996628792521782,0.40647744504803995,0.5444264066463802,0.13794896159834025
BraTS-MET-01109-001,t1c,ET,1166,5.774001806866196,1.9155482283084915,7.9482558531820455,0.9973410818627337,2.2891069997494924,0.9080941146094119,1.3810128851400805
BraTS-MET-01109-001,t1c,RC,0,,,,,,,
BraTS-MET-01109-001,t1n,support,25158,1.7407428335215573,1.018493961725961,13.155678848665023,0.9854664175720943,8.006042406805136e-08,0.061569880694150925,0.06156980063372686
BraTS-MET-01109-001,t1n,tumour_all,2092,1.491939926159644,1.001602948343019,13.82551164401834,0.9965638931602288,0.4994445705651742,-0.2530332656460814,0.7524778362112556
BraTS-MET-01109-001,t1n,NETC,10,0.297960635525594,0.4678067535161972,20.821436088496053,0.8734099864959717,-0.6942085936756541,-1.1620490246605186,0.4678404309848645
BraTS-MET-01109-001,t1n,SNFH,916,1.5802984243919578,0.9967806594597286,13.575633936681356,0.9965890415334518,0.568691457821842,-0.3014496072464681,0.8701410650683101
BraTS-MET-01109-001,t1n,ET,1166,1.4327661770391817,1.0099693107489902,14.00127180088948,0.9972507238244686,0.45526167930347583,-0.20719111637663445,0.6624527956801103
BraTS-MET-01109-001,t1n,RC,0,,,,,,,
BraTS-MET-01109-001,t2w,support,25158,2.292703809889355,1.1996243038977037,11.959545481041886,0.9834322098482821,7.39952383810305e-08,0.35446494817733765,0.35446487418209927
BraTS-MET-01109-001,t2w,tumour_all,2092,2.271969688867457,1.23162178758838,11.998999677623798,0.9961822106832553,0.04295520418531851,0.779803242883645,0.7368480386983265
BraTS-MET-01109-001,t2w,NETC,10,1.0503781402204093,0.986987154185772,15.349568258431743,0.36442115902900696,0.27956709360231713,-0.70761354851129,0.9871806421136071
BraTS-MET-01109-001,t2w,SNFH,916,3.051874228462226,1.4494239823919657,10.717358689321305,0.9950442345903459,-0.18377570597954218,0.9642458204907598,1.148021526470302
BraTS-MET-01109-001,t2w,ET,1166,1.669759875160478,1.062616243758141,13.336484801531856,0.9971312372576766,0.21904303869268915,0.6476312173181213,0.4285881786254322
BraTS-MET-01109-001,t2w,RC,0,,,,,,,
BraTS-MET-01109-001,t2f,support,25158,1.658721299846989,0.9941459031537317,13.365290792435003,0.9833951098146374,-7.581479444240813e-09,0.2537986636161804,0.25379867119765986
BraTS-MET-01109-001,t2f,tumour_all,2092,0.7086240732453168,0.6578412068900131,17.058865987480925,0.9979009691342272,0.8781387820272357,0.717461225372972,0.16067755665426375
BraTS-MET-01109-001,t2f,NETC,10,0.8457798330683263,0.8599501149728894,16.290451752313647,0.5336145758628845,0.1357734050586572,0.9955853687424678,0.8598119636838106
BraTS-MET-01109-001,t2f,SNFH,916,0.6230442621346066,0.6137609080675589,17.617835999861427,0.9979521418759811,0.941638210482779,0.6738137959619053,0.2678244145208737
BraTS-MET-01109-001,t2f,ET,1166,0.7746785752857803,0.690736974163203,16.671809555967766,0.9983076393654671,0.8345851221201883,0.7493361756714876,0.08524894644870074
BraTS-MET-01109-001,t2f,RC,0,,,,,,,
BraTS-MET-01109-002,t1c,support,10312,1.530418491306401,0.9912807578882079,13.714922963461806,0.9894995000794076,-1.1837695268468451e-07,0.26295095682144165,0.26295107519839434
BraTS-MET-01109-002,t1c,tumour_all,245,2.675790638122979,1.3175499079920048,11.288503708437474,0.9988656735831385,1.7906167225874015,1.0957253933411266,0.6948913292462748
BraTS-MET-01109-002,t1c,NETC,0,,,,,,,
BraTS-MET-01109-002,t1c,SNFH,53,1.1376105722904928,0.974471985915992,15.003088812827155,0.1720310196154363,0.9242635854146783,0.00884338163814391,0.9154202037765344
BraTS-MET-01109-002,t1c,ET,192,3.100392427128822,1.412253709398404,10.648858333361568,0.9989999239177154,2.0297628471062126,1.3957484620914329,0.6340143850147797
BraTS-MET-01109-002,t1c,RC,0,,,,,,,
BraTS-MET-01109-002,t1n,support,10312,1.8578638554491782,1.0707547496359142,12.872886151104833,0.9906492707367106,-2.3675390536936902e-07,0.14614485204219818,0.14614508879610355
BraTS-MET-01109-002,t1n,tumour_all,245,2.171473284610311,1.1580166700847294,12.195480101119564,0.9989157909186108,0.35766699110206446,-0.13415184428959037,0.49181883539165483
BraTS-MET-01109-002,t1n,NETC,0,,,,,,,
BraTS-MET-01109-002,t1n,SNFH,53,3.4669531376074674,1.6405422701236774,10.1635452937799,0.043618761175954056,0.17390411213560242,-1.4255295688199112,1.5994336809555136
BraTS-MET-01109-002,t1n,ET,192,1.8138668668558875,1.024819499240645,12.976970929669578,0.9990707965657452,0.40839248979989407,0.222323626610887,0.18606886318900706
BraTS-MET-01109-002,t1n,RC,0,,,,,,,
BraTS-MET-01109-002,t2w,support,10312,1.836267472161484,0.9923240881263417,12.923665596192295,0.9910569335127732,3.5513085805405353e-08,-0.33912935853004456,0.33912939404313036
BraTS-MET-01109-002,t2w,tumour_all,245,1.3345934556399024,0.9485453655791222,14.309535098692338,0.9985681199830039,-0.2601352140790141,-0.07244920915400144,0.18768600492501264
BraTS-MET-01109-002,t2w,NETC,0,,,,,,,
BraTS-MET-01109-002,t2w,SNFH,53,0.16348422539525506,0.3466240124741815,23.428266468554018,0.6972226848204931,-0.5210460449513903,-0.18430631629598793,0.33673972865540236
BraTS-MET-01109-002,t2w,ET,192,1.657868399405352,1.1147007390924653,13.36752447219144,0.9985923683673144,-0.18811214768004447,-0.041571709007257596,0.14654043867278688
BraTS-MET-01109-002,t2w,RC,0,,,,,,,
BraTS-MET-01109-002,t2f,support,10312,2.0259742684814928,1.0882959394678544,12.496685756006094,0.9896479727798478,-7.5465308668754e-08,0.16684077680110931,0.16684085226641798
BraTS-MET-01109-002,t2f,tumour_all,245,0.655871922642206,0.6289725040541772,17.394834612702788,0.9991245631907782,-0.029858984270688893,0.2873683857578726,0.3172273700285615
BraTS-MET-01109-002,t2f,NETC,0,,,,,,,
BraTS-MET-01109-002,t2f,SNFH,53,0.5604471879024542,0.5999068146009209,18.07767806375388,0.6048154308615873,0.41111677429725546,0.8547832877266046,0.44366651342934915
BraTS-MET-01109-002,t2f,ET,192,0.6822131254609917,0.6369958454136698,17.223824299931163,0.9991923877989769,-0.1515869696892196,0.13073711128890864,0.2823240809781282
BraTS-MET-01109-002,t2f,RC,0,,,,,,,
BraTS-MET-01109-003,t1c,support,2002,2.1812437684951127,1.22245128832186,12.175982971801593,0.13438893277002026,-7.431228254972666e-07,0.5800299644470215,0.580030707569847
BraTS-MET-01109-003,t1c,tumour_all,50,6.950338209883031,2.1285065568983557,7.142965624919729,0.23232479020953178,2.940747825424978,0.8919362995147821,2.048811525910196
BraTS-MET-01109-003,t1c,NETC,0,,,,,,,
BraTS-MET-01109-003,t1c,SNFH,17,0.6497325179242582,0.5666025635950706,17.435678978134263,0.8282788810985429,1.2650129688155118,0.9328625503148942,0.33215041850061766
BraTS-MET-01109-003,t1c,ET,33,10.196104778467854,2.9331237655697446,5.478682109966757,0.1732008308172226,3.8040035753597294,0.8708525412348536,2.933151034124876
BraTS-MET-01109-003,t1c,RC,0,,,,,,,
BraTS-MET-01109-003,t1n,support,2002,1.460010665396744,0.9825917884685238,13.919464724444701,0.26774926620414824,4.5349548827289254e-07,0.6000153422355652,0.6000148887400769
BraTS-MET-01109-003,t1n,tumour_all,50,0.07079089004047674,0.2129577822983265,27.063251281016978,0.9278908733810697,0.5296966809343644,0.6027688472440786,0.07307216630971425
BraTS-MET-01109-003,t1n,NETC,0,,,,,,,
BraTS-MET-01109-003,t1n,SNFH,17,0.08636446583973749,0.24120141171357212,26.199674094926642,0.9541506490537098,0.5062608795927446,0.6160354016483325,0.10977452205558791
BraTS-MET-01109-003,t1n,ET,33,0.06276813887116059,0.19840803381168481,27.585632491273778,0.9395571592308226,0.541769236379821,0.5959341132656846,0.05416487688586358
BraTS-MET-01109-003,t1n,RC,0,,,,,,,
BraTS-MET-01109-003,t2w,support,2002,2.487260171409282,1.1916601773500644,11.60581285220844,0.232769692028078,-1.1051570680820078e-07,0.9016646146774292,0.901664725193136
BraTS-MET-01109-003,t2w,tumour_all,50,3.6380159680797637,1.4981206754222511,9.954378998183524,0.5591177551874092,1.6089061053347677,1.6868786966006155,0.07797259126584777
BraTS-MET-01109-003,t2w,NETC,0,,,,,,,
BraTS-MET-01109-003,t2w,SNFH,17,4.418768184649672,1.7527788957471357,9.11001282361417,0.4487579124314444,0.9642925239301405,2.0042436109761184,1.0399510870459778
BraTS-MET-01109-003,t2w,ET,33,3.235810280755871,1.3669331073760986,10.463194502609884,0.6158345327490852,1.9409787232769986,1.5233864706024178,0.4175922526745808
BraTS-MET-01109-003,t2w,RC,0,,,,,,,
BraTS-MET-01109-003,t2f,support,2002,2.2518135490892544,1.2247647493262208,12.037700728268561,0.042484639584965685,3.9633218307244533e-07,-0.18585920333862305,0.18585959967080612
BraTS-MET-01109-003,t2f,tumour_all,50,2.5481235108140643,1.4134895662777125,11.500820257833382,0.31959869007446934,1.734602900621553,0.5188056074575798,1.2157972931639733
BraTS-MET-01109-003,t2f,NETC,0,,,,,,,
BraTS-MET-01109-003,t2f,SNFH,17,3.279474655203337,1.6963693311109262,10.404982218786367,0.2759922652372292,1.7641337457457666,0.06777181324105186,1.6963619325047148
BraTS-MET-01109-003,t2f,ET,33,2.171366860674136,1.2677636268181782,12.195692954122146,0.45646349376156214,1.7193886418576767,0.751155991516498,0.9682326503411787
BraTS-MET-01109-003,t2f,RC,0,,,,,,,
BraTS-MET-01117-001,t1c,support,63756,1.426490729853855,0.8651915716715224,14.020335470569814,0.08107344396445558,-3.3602077564864885e-07,0.051581572741270065,0.051581908762045714
BraTS-MET-01117-001,t1c,tumour_all,9695,0.9809486397029812,0.7056760312388004,15.646562314887731,0.5578735431259619,0.25302568315055396,0.07515921149934002,0.17786647165121394
BraTS-MET-01117-001,t1c,NETC,158,5.410159059210897,2.013608151491985,8.230924671723407,0.17196585376019358,-1.2307077318669144,0.5421516269525455,1.7728593588194599
BraTS-MET-01117-001,t1c,SNFH,8973,0.6782439939275011,0.6231283594430647,17.24916544136371,0.5797810790138943,0.2383162619171344,0.024045476071478333,0.21427078584565606
BraTS-MET-01117-001,t1c,ET,564,4.556043569243994,1.6525678468826546,8.977146322013631,0.3376037937923689,0.9026232115656967,0.7574441260094318,0.1451790855562649
BraTS-MET-01117-001,t1c,RC,0,,,,,,,
BraTS-MET-01117-001,t1n,support,63756,1.9135310089487418,1.0631550373160246,12.74466996367098,0.10328584905801551,1.780622795877207e-07,-0.06163601204752922,0.06163619010980881
BraTS-MET-01117-001,t1n,tumour_all,9695,0.8245000085656268,0.7109064295478467,16.40111836274919,0.5562354216029592,0.4843494219276181,0.39664662844734266,0.08770279348027543
BraTS-MET-01117-001,t1n,NETC,158,0.2025549593033269,0.29421298550088193,22.497596199635417,0.7888036958790487,0.45243387201747964,0.5756975841941312,0.12326371217665155
BraTS-MET-01117-001,t1n,SNFH,8973,0.8609769727682965,0.7317318281591314,16.21310964567287,0.5756281346354679,0.4913290729273285,0.39004297239443986,0.10128610053288867
BraTS-MET-01117-001,t1n,ET,564,0.4183998631629464,0.4963164693002625,19.34710966943411,0.5753646193688676,0.38214043248035523,0.45144387340769754,0.06930344092734231
BraTS-MET-01117-001,t1n,RC,0,,,,,,,
BraTS-MET-01117-001,t2w,support,63756,1.371815882180713,0.8549256864758733,14.190066741769405,0.1270186914512794,-1.2828142814669263e-07,0.0268254317343235,0.02682556001575165
BraTS-MET-01117-001,t2w,tumour_all,9695,0.8690986554651452,0.6989104175933657,16.172334227165127,0.5373664830699934,-0.12126058377725712,0.342074979793324,0.46333556357058114
BraTS-MET-01117-001,t2w,NETC,158,0.3880247773270632,0.5280559004610109,19.674430424079986,0.4080385462622588,0.06117014448440017,-0.24657304256834323,0.3077431870527434
BraTS-MET-01117-001,t2w,SNFH,8973,0.8650293062389195,0.7011313413475219,16.19271679635134,0.5612948091233828,-0.14128600703588745,0.35606962069232395,0.4973556277282114
BraTS-MET-01117-001,t2w,ET,564,1.0686091933246136,0.7114399652190198,15.274835946365,0.30106854863867344,0.14623029175464808,0.2842691744081094,0.13803888265346131
BraTS-MET-01117-001,t2w,RC,0,,,,,,,
BraTS-MET-01117-001,t2f,support,63756,1.344968996140217,0.8435978962868256,14.275902275518447,0.13793926822432262,1.7231833737696434e-07,0.2915704548358917,0.29157028251755435
BraTS-MET-01117-001,t2f,tumour_all,9695,0.7270151953185094,0.6849574944578103,16.94759012640005,0.7940661941143327,1.1196660728892311,1.5106779083616857,0.39101183547245455
BraTS-MET-01117-001,t2f,NETC,158,2.37583736521537,1.4398194687128585,11.804857924913655,0.27916808579530983,0.46538106491794906,1.8869066905899672,1.4215256256720181
BraTS-MET-01117-001,t2f,SNFH,8973,0.6607235474847027,0.654839839530362,17.362827158895954,0.8203371917702815,1.1850019297271501,1.5282370467757573,0.3432351170486072
BraTS-MET-01117-001,t2f,ET,564,1.3197830200863192,0.952648142918264,14.357999642015958,0.39615571788375786,0.26331597854220945,1.1255850224697497,0.8622690439275402
BraTS-MET-01117-001,t2f,RC,0,,,,,,,
BraTS-MET-01117-002,t1c,support,6400,2.5735744388191217,1.2373190302844819,11.457657663389222,0.127143872563726,-9.536743306171047e-08,-0.34433823823928833,0.34433814287185527
BraTS-MET-01117-002,t1c,tumour_all,299,2.7427749219862987,1.3366039126463558,11.181123308404946,0.26960807976652945,0.44525813487291543,-0.3008222778025811,0.7460804126754965
BraTS-MET-01117-002,t1c,NETC,136,2.65733981631935,1.293516339337015,11.318554059295414,0.027895126077990946,-0.03590341448704493,-0.17612995080526161,0.1402265363182167
BraTS-MET-01117-002,t1c,SNFH,0,,,,,,,
BraTS-MET-01117-002,t1c,ET,163,2.8140582003341823,1.372554280560898,11.06969425499904,0.3646164971707634,0.8467169847812102,-0.4048591978043987,1.2515761825856089
BraTS-MET-01117-002,t1c,RC,0,,,,,,,
BraTS-MET-01117-002,t1n,support,6400,1.1623413227475803,0.7737970996891022,14.909688229547388,0.17029255059649373,5.7220457705398076e-08,-0.1271807998418808,0.1271808570623385
BraTS-MET-01117-002,t1n,tumour_all,299,0.6360691237645059,0.5885001043789089,17.52798186316604,0.4206877936121777,-0.06990318571872933,-0.008668865319123142,0.06123432039960619
BraTS-MET-01117-002,t1n,NETC,136,0.4092013018602872,0.4907219541474821,19.443654940315646,0.27795727215269156,-0.1160964275273102,0.21380707849584724,0.32990350602315743
BraTS-MET-01117-002,t1n,SNFH,0,,,,,,,
BraTS-MET-01117-002,t1n,ET,163,0.8253576132060624,0.6700818738971546,16.3966033913768,0.5224833143541534,-0.03136132311850304,-0.19429295736244967,0.16293163424394663
BraTS-MET-01117-002,t1n,RC,0,,,,,,,
BraTS-MET-01117-002,t2w,support,6400,1.5667420541433126,0.8364004545668081,13.613049999486304,0.13715004012108337,5.7220457705398076e-08,-0.01733877696096897,0.017338834181426677
BraTS-MET-01117-002,t2w,tumour_all,299,0.6171057176422675,0.6116114345080933,17.659429304848363,0.4222187740236018,-0.20538325996375306,0.19143205515911177,0.39681531512286483
BraTS-MET-01117-002,t2w,NETC,136,0.47299017371220886,0.5267241274345639,18.814503823273473,0.3118106804534248,-0.13384269963030704,0.22505181175745292,0.35889451138775996
BraTS-MET-01117-002,t2w,SNFH,0,,,,,,,
BraTS-MET-01117-002,t2w,ET,163,0.737349361657531,0.6824376539068662,16.886291921620273,0.48212748877726974,-0.2650729974233741,0.16338067787899035,0.42845367530236445
BraTS-MET-01117-002,t2w,RC,0,,,,,,,
BraTS-MET-01117-002,t2f,support,6400,1.4548415046861332,0.9499592267907542,13.934868183660264,0.13898782389777747,1.1444091541079615e-07,0.42995530366897583,0.4299551892280604
BraTS-MET-01117-002,t2f,tumour_all,299,1.030438401840782,0.8821007063103073,15.432804653897739,0.3251215611941401,0.12964981312717327,0.6630170162316062,0.533367203104433
BraTS-MET-01117-002,t2f,NETC,136,1.1506463414336994,0.9178547225310467,14.953606398352747,0.14723370776614286,0.193070800142209,0.659024358190436,0.465953558048227
BraTS-MET-01117-002,t2f,SNFH,0,,,,,,,
BraTS-MET-01117-002,t2f,ET,163,0.9301422068430104,0.8522691344942304,15.8775314906729,0.41546703574149063,0.07673376957758649,0.666346327852807,0.5896125582752205
BraTS-MET-01117-002,t2f,RC,0,,,,,,,
BraTS-MET-01119-000,t1c,support,156111,1.6880916821784822,0.9548924912126113,13.28906470810039,0.9569934272948409,-0.00014586570614483207,0.24931594729423523,0.24946181300038006
BraTS-MET-01119-000,t1c,tumour_all,27012,2.2288351067429124,1.0714304591152592,12.082245609907698,0.9883467655050715,0.541206359383068,0.6396533501247177,0.09844699074164964
BraTS-MET-01119-000,t1c,NETC,1900,3.066828438738907,1.3045138720996328,10.696130189461936,0.9965762032512531,-0.18796337793492057,0.28684259089641273,0.4748059688313333
BraTS-MET-01119-000,t1c,SNFH,11971,0.6430041572115918,0.626117839215373,17.480887199920264,0.9897756453736004,0.10229635256655456,0.21443570096744224,0.11213934840088768
BraTS-MET-01119-000,t1c,ET,13141,3.552310867038708,1.4433944563872498,10.057915363600499,0.9927591748452326,1.0463043690979248,1.077822727180319,0.031518358082394116
BraTS-MET-01119-000,t1c,RC,0,,,,,,,
BraTS-MET-01119-000,t1n,support,156111,1.7992697749235544,1.0108174980042246,13.012062162561737,0.9588752420861641,0.00447154650464654,-0.026411285623908043,0.030882832128554583
BraTS-MET-01119-000,t1n,tumour_all,27012,1.7925844658349297,1.045337706268462,13.028228721698422,0.987721664930348,0.006578822202300216,-0.0357906931785692,0.042369515380869416
BraTS-MET-01119-000,t1n,NETC,1900,1.5737060248937098,1.0007842942977043,13.593788932592073,0.9969919643956571,-0.003144378116758162,-0.21438532596221194,0.21124094784545377
BraTS-MET-01119-000,t1n,SNFH,11971,1.489462193038691,0.9370157099863804,13.832730167563781,0.9897113624335451,0.3194712276927021,0.27125524124130607,0.04821598645139602
BraTS-MET-01119-000,t1n,ET,13141,2.100365134386188,1.150457111202427,12.340077002883195,0.991922340303977,-0.27705513536420767,-0.28966529459466983,0.012610159230462159
BraTS-MET-01119-000,t1n,RC,0,,,,,,,
BraTS-MET-01119-000,t2w,support,156111,1.6128220208169979,0.9384723662847554,13.487160562808612,0.9590373460560943,-0.0040353392250835896,-0.04820353537797928,0.04416819615289569
BraTS-MET-01119-000,t2w,tumour_all,27012,1.5113746392031793,0.9554544611635168,13.769303702657893,0.9881476638687366,0.4489628656738205,-0.12100084220219287,0.5699637078760134
BraTS-MET-01119-000,t2w,NETC,1900,2.3799002980168353,1.2677018630691792,11.79743737378045,0.9968520528709854,0.9268295797992323,-0.29478339998604497,1.2216129797852773
BraTS-MET-01119-000,t2w,SNFH,11971,1.0347268056212882,0.7741427364032596,15.414768007064104,0.9900793369906187,0.28930924504675204,-0.07702653884189203,0.3663357838886441
BraTS-MET-01119-000,t2w,ET,13141,1.8200081118508364,1.0754767268574732,12.962291771095721,0.9920314437265968,0.5251542834448628,-0.13589091116955387,0.6610451946144167
BraTS-MET-01119-000,t2w,RC,0,,,,,,,
BraTS-MET-01119-000,t2f,support,156111,1.5365527017255407,0.9372410571168197,13.697550401930682,0.9579839134618386,0.006356557831168175,0.30040982365608215,0.294053265824914
BraTS-MET-01119-000,t2f,tumour_all,27012,1.5006515293845715,0.9608875248729722,13.800226455896018,0.9900578303152374,0.9715941137110349,0.944815208640648,0.026778905070386827
BraTS-MET-01119-000,t2f,NETC,1900,1.2146056597859876,0.8819911721168625,14.718672002625668,0.9974739989819492,0.9206477141560754,0.978218861419009,0.057571147262933664
BraTS-MET-01119-000,t2f,SNFH,11971,0.9725746096846121,0.7988660384059733,15.683795732050864,0.9936991350042389,1.411559202344506,1.0543105879041832,0.35724861444032285
BraTS-MET-01119-000,t2f,ET,13141,2.0230696070016116,1.1198908187420122,12.50291675131114,0.9929866619496381,0.5778417901674402,0.8399248073401395,0.26208301717269933
BraTS-MET-01119-000,t2f,RC,0,,,,,,,
BraTS-MET-01119-001,t1c,support,302422,1.7555895847595602,0.9652017068038814,13.118795050894917,0.9390423005226854,-0.005154480691999197,0.08690333366394043,0.09205781435593963
BraTS-MET-01119-001,t1c,tumour_all,62127,2.3473460850289944,1.0927995919750801,11.85725375490067,0.9812907169087506,0.0868839243412367,0.37654940182255814,0.28966547748132143
BraTS-MET-01119-001,t1c,NETC,10893,2.930410495496762,1.2672307775067375,10.893740396480068,0.993633815097748,-0.957324431197776,-0.22671048599295318,0.7306139452048228
BraTS-MET-01119-001,t1c,SNFH,27973,0.8674423755126007,0.7021970869813681,16.18061866673972,0.9849782220741136,-0.15559833716906724,0.09091291390359402,0.24651125107266125
BraTS-MET-01119-001,t1c,ET,23261,3.85398921486334,1.4808415922413096,9.703920057908453,0.9892407981997514,0.8674368994688848,1.0021557772888627,0.13471887781997793
BraTS-MET-01119-001,t1c,RC,0,,,,,,,
BraTS-MET-01119-001,t1n,support,302422,1.9279485191868229,1.0425311910687443,12.712070677417554,0.9411193031487192,0.0018546136561781168,-0.05938694253563881,0.061241556191816926
BraTS-MET-01119-001,t1n,tumour_all,62127,1.3547465262170009,0.8923032269657434,14.244444546807344,0.9819999038214714,0.3451969577145064,-0.15747419876424829,0.5026711564787547
BraTS-MET-01119-001,t1n,NETC,10893,1.5825658193615157,0.9885130249876807,13.569407192715301,0.9939729265567838,0.14422624352300772,-0.3259940698480932,0.47022031337110093
BraTS-MET-01119-001,t1n,SNFH,27973,1.2309978707976725,0.8411235833034565,14.660451990151921,0.9861944916351066,0.4800595410488313,-0.11726803613419179,0.5973275771830231
BraTS-MET-01119-001,t1n,ET,23261,1.396876511076709,0.908795847330826,14.111444861552236,0.9893877118131916,0.27676891131704906,-0.12672179380024318,0.40349070511729224
BraTS-MET-01119-001,t1n,RC,0,,,,,,,
BraTS-MET-01119-001,t2w,support,302422,1.6923914489053768,0.9721414759679307,13.278016784489608,0.941467588632541,-0.004734007176011801,0.0640714019536972,0.068805409129709
BraTS-MET-01119-001,t2w,tumour_all,62127,1.3732529939761862,0.9318527779906899,14.185519462208639,0.9810957457134354,0.4260499570227694,0.23641402527937316,0.1896359317433962
BraTS-MET-01119-001,t2w,NETC,10893,1.4017340570806367,0.9847859002233945,14.096368755089934,0.9940843845221322,0.9894652160146507,0.25553254000260495,0.7339326760120457
BraTS-MET-01119-001,t2w,SNFH,27973,1.2766451229661124,0.8913128196592057,14.502323102827253,0.9855258725235887,0.1571784117113566,0.29941295061144046,0.14223453890008386
BraTS-MET-01119-001,t2w,ET,23261,1.4760932740745494,0.9558166554648205,13.871886994211895,0.9891218149825788,0.48502258825465105,0.15144242522364948,0.3335801630310016
BraTS-MET-01119-001,t2w,RC,0,,,,,,,
BraTS-MET-01119-001,t2f,support,302422,1.5016324560676713,0.9165179195867273,13.7973885427416,0.9415443690796644,0.005710661876946688,0.33845624327659607,0.3327455813996494
BraTS-MET-01119-001,t2f,tumour_all,62127,0.7964130950661249,0.6991225809551451,16.55164108442299,0.9868218672259856,1.0364131903043017,0.9515188100631349,0.0848943802411668
BraTS-MET-01119-001,t2f,NETC,10893,0.7745627011898446,0.6856928290314463,16.672459209205364,0.9964840568390417,1.1740765934955562,0.9877119068987668,0.1863646865967894
BraTS-MET-01119-001,t2f,SNFH,27973,0.6709660531039269,0.6396573268333476,17.296019527631074,0.9927196652918244,1.1117844490509015,0.9687815303914249,0.14300291865947656
BraTS-MET-01119-001,t2f,ET,23261,0.9575044688377984,0.7769228406711457,15.75161691194964,0.9924202566483299,0.880161505745491,0.9127607819391415,0.03259927619365044
BraTS-MET-01119-001,t2f,RC,0,,,,,,,
BraTS-MET-01119-003,t1c,support,654880,1.841709556775214,0.9279426931363287,12.910813590733808,0.907135464505227,0.006838194560259581,0.11052201688289642,0.10368382232263684
BraTS-MET-01119-003,t1c,tumour_all,114316,3.773252604581909,1.2097950731439946,9.795866202671158,0.9760027363645237,0.0905042475569644,0.3980390409997199,0.30753479344275547
BraTS-MET-01119-003,t1c,NETC,12849,4.082917070857461,1.4751779953490674,9.453319418177784,0.9938531873738103,-0.8941787880758056,-0.3387201156001538,0.5554586724756518
BraTS-MET-01119-003,t1c,SNFH,69536,0.9530790869561517,0.6972428944093855,15.771735606708901,0.9807269159711118,-0.2504234813095536,-0.026393024425487965,0.22403045688406564
BraTS-MET-01119-003,t1c,ET,31931,9.790123576191004,2.219187924388139,5.6551432703165405,0.9883957537645977,1.2287489785230719,1.617554243071936,0.3888052645488642
BraTS-MET-01119-003,t1c,RC,0,,,,,,,
BraTS-MET-01119-003,t1n,support,654880,1.8435817032691726,1.01129446493374,12.906401114735518,0.9086017464231159,-0.00017219243454746902,0.00889144279062748,0.009063635225174949
BraTS-MET-01119-003,t1n,tumour_all,114316,1.5579814217026398,0.9562779779847629,13.637402261856408,0.9758564311330983,0.30650282235001214,0.09056638307447429,0.21593643927553785
BraTS-MET-01119-003,t1n,NETC,12849,1.6342645035683887,0.9173119440612106,13.429801528893018,0.994297428399128,0.0869845669640199,-0.20895066672528628,0.2959352336893062
BraTS-MET-01119-003,t1n,SNFH,69536,1.587093986923507,0.9688288983123887,13.556998545457628,0.981100284470586,0.4275182787969243,0.19227834122284548,0.2352399375740788
BraTS-MET-01119-003,t1n,ET,31931,1.4638868849173454,0.9446257833770758,13.907949808441842,0.9885323815193958,0.13070771263664938,-0.010505162572371773,0.14121287520902115
BraTS-MET-01119-003,t1n,RC,0,,,,,,,
BraTS-MET-01119-003,t2w,support,654880,1.5079488568063302,0.8993742079773402,13.779158884002749,0.9096494171563057,-0.038232363760471344,0.08163188397884369,0.11986424773931503
BraTS-MET-01119-003,t2w,tumour_all,114316,1.3666524728506948,0.8606210264123524,14.206444092510907,0.9756241204537689,0.3769016172736883,0.32173575440538116,0.05516586286830716
BraTS-MET-01119-003,t2w,NETC,12849,1.716774337857465,1.0576789775510544,13.215892878801462,0.9950369920537329,1.1534445227589458,0.6678803431277629,0.4855641796311829
BraTS-MET-01119-003,t2w,SNFH,69536,1.0576559018160976,0.7405288822312496,15.319581036251058,0.9813654022630717,0.1750639236124698,0.26882125818519853,0.09375733457272872
BraTS-MET-01119-003,t2w,ET,31931,1.8986643021072105,1.042849259903191,12.778543157196825,0.9886779272086077,0.5028420432063285,0.296852426166879,0.2059896170394495
BraTS-MET-01119-003,t2w,RC,0,,,,,,,
BraTS-MET-01119-003,t2f,support,654880,1.5529402314087064,0.906406815279102,13.651477595711789,0.9112787717988452,0.021394604817032814,0.31650930643081665,0.29511470161378384
BraTS-MET-01119-003,t2f,tumour_all,114316,2.005510613946183,0.9733167945446004,12.540775359873626,0.9832783796063553,1.04058878950309,1.600026016792981,0.5594372272898909
BraTS-MET-01119-003,t2f,NETC,12849,2.1268323292146443,1.146223879378523,12.285692475204764,0.9963011606933793,0.930260427918256,1.79384724132251,0.8635868134042539
BraTS-MET-01119-003,t2f,SNFH,69536,1.9755167474318827,0.9354204573139391,12.606217850052397,0.9895119029195872,1.1788664023042656,1.6994620364857838,0.5205956341815181
BraTS-MET-01119-003,t2f,ET,31931,2.022008399247423,0.9862658588595351,12.505195454869678,0.9917807511187693,0.7815526571575901,1.3018183071399108,0.5202656499823206
BraTS-MET-01119-003,t2f,RC,0,,,,,,,
BraTS-MET-01134-000,t1c,support,5508,2.375444581439955,1.184110627268123,11.805575978813835,0.04499323270969757,-9.419005664312863e-08,0.49278438091278076,0.4927844751028374
BraTS-MET-01134-000,t1c,tumour_all,430,5.503852891839468,1.9773056970331222,8.156356833007633,0.1021089266245271,0.25117733730439795,2.195507492273464,1.944330154969066
BraTS-MET-01134-000,t1c,NETC,0,,,,,,,
BraTS-MET-01134-000,t1c,SNFH,224,3.88038244610724,1.6896870999036244,9.674279694904252,0.10562181997173387,0.012145160527552434,1.653835892706411,1.6416907321788585
BraTS-MET-01134-000,t1c,ET,206,7.269179978460923,2.2900560162418966,6.9481707903010745,0.16831665807826954,0.5110815709213057,2.784388464584481,2.2733068936631753
BraTS-MET-01134-000,t1c,RC,0,,,,,,,
BraTS-MET-01134-000,t1n,support,5508,1.9044626171193795,0.9509330525969023,12.765300484949801,0.27688312735347,-4.4324732328959726e-08,0.8410771489143372,0.8410771932390695
BraTS-MET-01134-000,t1n,tumour_all,430,0.19623910762114732,0.372016220374661,22.635169404777056,0.6456523860929383,0.3880937134654232,0.5091301458305679,0.12103643236514472
BraTS-MET-01134-000,t1n,NETC,0,,,,,,,
BraTS-MET-01134-000,t1n,SNFH,224,0.2030687577933103,0.38270763409673236,22.4865938859665,0.7696708555925976,0.45754332744581916,0.6881887214258313,0.23064539398001216
BraTS-MET-01134-000,t1n,ET,206,0.18881269189996044,0.3603906054535736,22.80271316754094,0.6121086961714737,0.31255491478896147,0.3143984207417816,0.0018435059528201236
BraTS-MET-01134-000,t1n,RC,0,,,,,,,
BraTS-MET-01134-000,t2w,support,5508,3.543814581906629,1.4456792062085528,10.068315099454416,0.07741287508510451,9.97306486283378e-08,0.9336199760437012,0.9336198763130525
BraTS-MET-01134-000,t2w,tumour_all,430,1.745274046180829,1.035976824601354,13.144388703892712,0.30851157639942056,0.4035166818903235,1.1492334616486914,0.7457167797583679
BraTS-MET-01134-000,t2w,NETC,0,,,,,,,
BraTS-MET-01134-000,t2w,SNFH,224,2.067789542649909,1.126474498603784,12.407961661118147,0.3530635142308922,0.38575265164126904,1.1639300411916338,0.7781773895503648
BraTS-MET-01134-000,t2w,ET,206,1.3945775840008583,0.9375715868511391,14.118598205544705,0.39548201699342045,0.42281096947408514,1.1331904099788517,0.7103794405047665
BraTS-MET-01134-000,t2w,RC,0,,,,,,,
BraTS-MET-01134-000,t2f,support,5508,1.1788411403841281,0.7384345257255132,14.848472168791558,0.2028270722078186,-1.1081183259875615e-07,0.14264877140522003,0.14264888221705263
BraTS-MET-01134-000,t2f,tumour_all,430,0.7190064399381556,0.685513938830754,16.995697205136405,0.3417777199798099,0.7175800154000171,0.05327228779060533,0.6643077276094118
BraTS-MET-01134-000,t2f,NETC,0,,,,,,,
BraTS-MET-01134-000,t2f,SNFH,224,0.6175569488310035,0.6315489232573392,17.65625487948705,0.4556556666428732,0.7907771404461528,0.18116246681893244,0.6096146736272203
BraTS-MET-01134-000,t2f,ET,206,0.8293204496857383,0.7441943441144669,16.37580126261399,0.3030316346242234,0.63794827509264,-0.08579534415912349,0.7237436192517634
BraTS-MET-01134-000,t2f,RC,0,,,,,,,
BraTS-MET-01134-003,t1c,support,1573,2.137491056050145,0.8647429216295694,12.263981945910277,0.08233975798240174,8.245372384863003e-08,-0.1721552461385727,0.17215532859229654
BraTS-MET-01134-003,t1c,tumour_all,23,0.472723652874276,0.5593187441624216,18.81695167861907,0.5386080912181309,-0.1511271484168617,-0.5572028661335935,0.4060757177167318
BraTS-MET-01134-003,t1c,NETC,0,,,,,,,
BraTS-MET-01134-003,t1c,SNFH,0,,,,,,,
BraTS-MET-01134-003,t1c,ET,0,,,,,,,
BraTS-MET-01134-003,t1c,RC,23,0.472723652874276,0.5593187441624216,18.81695167861907,0.5386080912181309,-0.1511271484168617,-0.5572028661335935,0.4060757177167318
BraTS-MET-01134-003,t1n,support,1573,1.724040614912571,0.9008799229333878,13.197550080578024,0.10297940552106072,1.2610568944637635e-07,0.31538110971450806,0.3153809836088186
BraTS-MET-01134-003,t1n,tumour_all,23,1.0468127199814004,0.8561073381291784,15.364335095887359,0.13763568550348282,-0.3714347098861026,0.4109782139712479,0.7824129238573505
BraTS-MET-01134-003,t1n,NETC,0,,,,,,,
BraTS-MET-01134-003,t1n,SNFH,0,,,,,,,
BraTS-MET-01134-003,t1n,ET,0,,,,,,,
BraTS-MET-01134-003,t1n,RC,23,1.0468127199814004,0.8561073381291784,15.364335095887359,0.13763568550348282,-0.3714347098861026,0.4109782139712479,0.7824129238573505
BraTS-MET-01134-003,t2w,support,1573,1.0801332464816529,0.7450878304001657,15.228251669079086,0.20626509417765967,-1.8915854127499188e-07,-0.22915130853652954,0.22915111937798827
BraTS-MET-01134-003,t2w,tumour_all,23,3.9424781420164625,1.8729132653578469,9.605332065857382,0.006172399344255349,1.6733051654327937,-0.19956950682171737,1.872874672254511
BraTS-MET-01134-003,t2w,NETC,0,,,,,,,
BraTS-MET-01134-003,t2w,SNFH,0,,,,,,,
BraTS-MET-01134-003,t2w,ET,0,,,,,,,
BraTS-MET-01134-003,t2w,RC,23,3.9424781420164625,1.8729132653578469,9.605332065857382,0.006172399344255349,1.6733051654327937,-0.19956950682171737,1.872874672254511
BraTS-MET-01134-003,t2f,support,1573,1.7203678523057326,0.8962772100395767,13.206811822634428,0.1589282499236764,-1.2610568944637635e-07,0.7133185267448425,0.713318652850532
BraTS-MET-01134-003,t2f,tumour_all,23,0.21867991049211788,0.38985541527685913,22.16493613308821,0.838305686201368,0.6177052179492648,0.9815965383604635,0.36389132041119865
BraTS-MET-01134-003,t2f,NETC,0,,,,,,,
BraTS-MET-01134-003,t2f,SNFH,0,,,,,,,
BraTS-MET-01134-003,t2f,ET,0,,,,,,,
BraTS-MET-01134-003,t2f,RC,23,0.21867991049211788,0.38985541527685913,22.16493613308821,0.838305686201368,0.6177052179492648,0.9815965383604635,0.36389132041119865
BraTS-MET-01149-000,t1c,support,5220402,1.375923285730884,0.8306601995562984,14.177082801763136,0.049034070249747395,0.0012598768807947636,0.05797157809138298,0.05671170121058822
BraTS-MET-01149-000,t1c,tumour_all,1119701,1.3812102265866617,0.8976638304189579,14.160427155282475,0.5762522525040625,-0.342872878536582,0.1671856123721227,0.5100584909087047
BraTS-MET-01149-000,t1c,NETC,5006,3.0616054325640127,1.3975014945761306,10.703532809307504,0.7602945875613879,-0.2008826751334709,-1.1765481675975025,0.9756654924640316
BraTS-MET-01149-000,t1c,SNFH,1026339,1.0329955013551617,0.8209159760456999,15.422040705747563,0.5548850111359422,-0.4659151891246438,0.01907110051251948,0.4849862896371633
BraTS-MET-01149-000,t1c,ET,88356,5.330849124660926,1.7608437928756644,8.295061096050041,0.8374219833661096,1.0720349546172656,1.942896052962169,0.8708610983449034
BraTS-MET-01149-000,t1c,RC,0,,,,,,,
BraTS-MET-01149-000,t1n,support,5220402,1.714245545153502,0.9880119342787924,13.222294712387509,0.03612665257830796,-0.017252186313271523,0.058769259601831436,0.07602144591510296
BraTS-MET-01149-000,t1n,tumour_all,1119701,2.1992475330395953,1.207751498381268,12.140283872850413,0.5764353107842749,-0.2718045481014997,0.327722197456751,0.5995267455582507
BraTS-MET-01149-000,t1n,NETC,5006,3.942931040886541,1.6137213806371133,9.604833191351851,0.7881682456759213,-0.4119894433533773,-1.0938001594040543,0.681810716050677
BraTS-MET-01149-000,t1n,SNFH,1026339,2.2101579896320436,1.213013430032241,12.11879181121564,0.5598395479781711,-0.23978013230953366,0.39460827433504164,0.6343884066445753
BraTS-MET-01149-000,t1n,ET,88356,1.9737200448223717,1.1236280557254228,12.610169489945438,0.8273241887950913,-0.6258672869007569,-0.36845846520736814,0.25740882169338875
BraTS-MET-01149-000,t1n,RC,0,,,,,,,
BraTS-MET-01149-000,t2w,support,5220402,1.3260946628568764,0.8445742105949005,14.337279736148378,0.045262587976948654,-0.028687505051493645,0.08362853527069092,0.11231604032218456
BraTS-MET-01149-000,t2w,tumour_all,1119701,1.5042553703154775,0.9801257518091766,13.789809301337819,0.5788747607184046,0.5808161571621895,0.45042909536277875,0.13038706179941073
BraTS-MET-01149-000,t2w,NETC,5006,2.08588186733201,1.1507052444992116,12.370127919877095,0.7809462193316061,0.5881987522589043,0.281697865575552,0.3065008866833523
BraTS-MET-01149-000,t2w,SNFH,1026339,1.4568129434027304,0.965738614100396,13.928987093701743,0.5632823247980111,0.5935264891013503,0.49918277555843815,0.09434371354291216
BraTS-MET-01149-000,t2w,ET,88356,2.022390989301591,1.1375814943562084,12.50437379145868,0.8318328686188888,0.4208006481640041,-0.11110031511634588,0.53190096328035
BraTS-MET-01149-000,t2w,RC,0,,,,,,,
BraTS-MET-01149-000,t2f,support,5220402,1.502726007058762,0.9227590358843376,13.794226981377246,0.07437571718697675,-0.035074539482593536,0.1188538521528244,0.15392839163541794
BraTS-MET-01149-000,t2f,tumour_all,1119701,2.462486638752804,1.2994644448351809,11.649286180368952,0.6243141361252506,0.7393380226567388,1.943928712978959,1.2045906903222203
BraTS-MET-01149-000,t2f,NETC,5006,0.9745296885225706,0.7957011513130018,15.675074265644131,0.8066196614298745,-0.16413026303052902,0.36017406918108463,0.5243043322116137
BraTS-MET-01149-000,t2f,SNFH,1026339,2.5335541771243126,1.3191737303460618,11.525723051563602,0.613818582584428,0.8246091119945049,2.0606304612010717,1.2360213492065668
BraTS-MET-01149-000,t2f,ET,88356,1.7212729829532865,1.0990641399936316,13.204527486333733,0.8280364219085913,-0.20716781704686582,0.6467024958692491,0.8538703129161149
BraTS-MET-01149-000,t2f,RC,0,,,,,,,
BraTS-MET-01149-001,t1c,support,133950,1.3442240398580232,0.8541011762425299,14.278308427896212,0.029155486816162333,1.4581000407076772e-08,0.0454971082508564,0.04549709366985599
BraTS-MET-01149-001,t1c,tumour_all,22583,1.9377190522778107,0.9771612789357691,12.690116913602614,0.5878597302628737,-0.16869187392512686,0.18955787069353391,0.35824974461866077
BraTS-MET-01149-001,t1c,NETC,677,3.5600052245986338,1.5217938860491445,10.048518654312964,0.13628816879504452,0.28277147012113346,0.287972165409883,0.005200695288749557
BraTS-MET-01149-001,t1c,SNFH,17892,1.4405631624986943,0.8498625085151381,13.977701957882946,0.592461582341084,-0.4439645506281522,-0.01200371853337856,0.43196083209477365
BraTS-MET-01149-001,t1c,ET,4014,3.8801269848305635,1.4527251367708893,9.67456561794533,0.7519999212664921,0.9820586917594483,1.0711802814585099,0.08912158969906159
BraTS-MET-01149-001,t1c,RC,0,,,,,,,
BraTS-MET-01149-001,t1n,support,133950,1.5220836422021071,0.8815317465509747,13.73863982137774,0.11156987898371333,-4.4472051285993075e-07,0.04359440132975578,0.04359484605026864
BraTS-MET-01149-001,t1n,tumour_all,22583,0.8834006983851662,0.731116700298987,16.101447625070115,0.6369781229506565,0.10509087449281651,0.11194484252337134,0.0068539680305548245
BraTS-MET-01149-001,t1n,NETC,677,3.573669199133586,1.6192213085574956,10.031881517134833,0.19903745161301922,1.8557945111497247,0.28612749628155143,1.5696670148681733
BraTS-MET-01149-001,t1n,SNFH,17892,0.8243680735893651,0.7133632162347161,16.401813368406742,0.6470854367065905,0.10063946990885597,0.16057082208862994,0.05993135217977397
BraTS-MET-01149-001,t1n,ET,4014,0.6927928129441576,0.6604636153679765,17.15699127120127,0.7581487902839447,-0.17040198080712798,-0.134198435676808,0.03620354513031998
BraTS-MET-01149-001,t1n,RC,0,,,,,,,
BraTS-MET-01149-001,t2w,support,133950,1.4269322686279253,0.893992456667798,14.018991415694265,0.0676552151028725,1.5674575593038753e-07,0.04521319270133972,0.04521303595558379
BraTS-MET-01149-001,t2w,tumour_all,22583,1.4688776725721506,0.9822486378808105,13.893168713071862,0.5597704510158045,0.5308946018340066,0.5324530597645207,0.0015584579305141233
BraTS-MET-01149-001,t2w,NETC,677,0.6585426021106605,0.6997387543367256,17.377186253979467,0.3155182172544637,0.7457851621661575,0.2652966829118668,0.4804884792542907
BraTS-MET-01149-001,t2w,SNFH,17892,1.4995219957692738,0.9858251339064293,13.803496601674672,0.5672231605305382,0.43671665219881106,0.5116227682374301,0.07490611603861907
BraTS-MET-01149-001,t2w,ET,4014,1.468954556493301,1.013954797389773,13.892941400821828,0.7502874531896687,0.9141340447604307,0.6701051897034631,0.2440288550569676
BraTS-MET-01149-001,t2w,RC,0,,,,,,,
BraTS-MET-01149-001,t2f,support,133950,1.230780375079656,0.7534149829152086,14.661219380070785,0.10963792592476224,6.039723530193442e-07,0.18732525408267975,0.18732465011032673
BraTS-MET-01149-001,t2f,tumour_all,22583,0.5905569264881568,0.6050661843535773,17.85040733164803,0.7382316289242931,0.9793398258334491,1.1207316293910026,0.14139180355755343
BraTS-MET-01149-001,t2f,NETC,677,0.8641544978174686,0.6221250728188162,16.197111060300383,0.7068828346454994,1.2876386022280712,0.8311578152352013,0.45648078699287
BraTS-MET-01149-001,t2f,SNFH,17892,0.5947104460303492,0.6154966323379321,17.81996933861258,0.7760265657488982,0.9222867248172406,1.103302034392982,0.1810153095757414
BraTS-MET-01149-001,t2f,ET,4014,0.5258981503449459,0.5556963680040402,18.354008574236836,0.8984015392221365,1.1811630047996005,1.246738721994916,0.06557571719531552
BraTS-MET-01149-001,t2f,RC,0,,,,,,,
BraTS-MET-01172-001,t1c,support,267440,1.6196339998967828,0.8713484939149677,13.468856157206947,0.25759139503047573,0.026062708348035812,0.021247783675789833,0.004814924672245979
BraTS-MET-01172-001,t1c,tumour_all,31424,1.865086575507009,0.9834267410635358,12.85603504626716,0.7716964483581776,-0.26241940341424197,-0.01309577960637398,0.249323623807868
BraTS-MET-01172-001,t1c,NETC,280,2.0349816596601387,1.129435832144892,12.47742001281867,0.35763969225229597,-0.6172329412365798,-1.2183580472774338,0.601125106040854
BraTS-MET-01172-001,t1c,SNFH,22805,1.1060298260596746,0.7947438662773914,15.125356621182481,0.8015091665462545,-0.23250051878858358,-0.046669401141116396,0.18583111764746718
BraTS-MET-01172-001,t1c,ET,2147,8.150253777678175,2.148374814365633,6.451313690175743,0.8405903510923988,1.5045837875222787,1.3217287161241984,0.18285507139808033
BraTS-MET-01172-001,t1c,RC,6192,2.473688733860059,1.2678077004652868,11.629574496421714,0.6127859984332407,-0.9681245422107168,-0.29795243457192555,0.6701721076387912
BraTS-MET-01172-001,t1n,support,267440,1.9372885570507803,1.0031904746266607,12.691081875332774,0.2586634600745827,-0.06922464072704315,0.06967667490243912,0.13890131562948227
BraTS-MET-01172-001,t1n,tumour_all,31424,1.6774470993421733,1.000784314392438,13.316536677987138,0.7701015523830465,0.24086930695921183,0.32101111457450315,0.08014180761529133
BraTS-MET-01172-001,t1n,NETC,280,0.7912838984098747,0.6208097718165456,16.579701722733027,0.39405305211340297,-0.35240165365394205,-0.6094698086380959,0.2570681549841538
BraTS-MET-01172-001,t1n,SNFH,22805,1.6963539111412316,0.9892156518549935,13.2678603632467,0.8008219277989208,0.2823024910176173,0.2805284918867983,0.0017739991308189929
BraTS-MET-01172-001,t1n,ET,2147,1.4030040411261298,0.9247904424099853,14.092435788221408,0.8510792927507648,-0.012779263313859701,-0.27509738178923726,0.26231811847537756
BraTS-MET-01172-001,t1n,RC,6192,1.7430454680717196,1.0869236981511594,13.149937847559173,0.6331719024787741,0.20217826100997627,0.7173639440443367,0.5151856830343604
BraTS-MET-01172-001,t2w,support,267440,1.3231448236773435,0.8199034897581357,14.346951186495724,0.271477813234673,-0.04429641366004944,0.01740375906229019,0.06170017272233963
BraTS-MET-01172-001,t2w,tumour_all,31424,1.3920942039194866,0.9144370199242782,14.126338755084793,0.7905320349052962,0.740537365199998,0.3348453033831902,0.40569206181680784
BraTS-MET-01172-001,t2w,NETC,280,3.9335835567596096,1.701224297671745,9.61514120927396,0.17050198978811884,1.557896600337699,-0.06855875137262046,1.6264553517103195
BraTS-MET-01172-001,t2w,SNFH,22805,1.0251252827428796,0.7777690794171302,15.455255560789112,0.8247555821516158,0.5980522619793192,0.43120939686195925,0.1668428651173599
BraTS-MET-01172-001,t2w,ET,2147,1.9156692994473166,1.2057145897422845,12.739819614846306,0.8524251543469523,0.6205898470361717,-0.26165168176521547,0.8822415288013872
BraTS-MET-01172-001,t2w,RC,6192,2.4471642133734663,1.2812068847655176,11.676393877419846,0.5942355003076405,1.266086850548163,0.20396610093303025,1.0621207496151328
BraTS-MET-01172-001,t2f,support,267440,2.1446639907163663,1.0087040676429817,12.249432408006262,0.2725881113237974,-0.0024015011731535196,0.35795876383781433,0.36036026501096785
BraTS-MET-01172-001,t2f,tumour_all,31424,4.9401705163436995,1.509898739373059,8.62560561351922,0.8371563963255494,1.1199364671483636,1.8999388166703284,0.7800023495219648
BraTS-MET-01172-001,t2f,NETC,280,0.25256809578525774,0.4040183044387959,21.539240108405483,0.7481834232163282,0.7904932369056041,0.5503797964192927,0.24011344048631145
BraTS-MET-01172-001,t2f,SNFH,22805,6.106386748408048,1.6811819556021446,7.705181938638609,0.8747933588191692,1.2805496724322438,2.390477974899113,1.1099283024668694
BraTS-MET-01172-001,t2f,ET,2147,2.2061411187223547,1.1449997130734564,12.126692115560367,0.9001781840963461,0.9842735533457017,1.6459977645426989,0.6617242111969972
BraTS-MET-01172-001,t2f,RC,6192,1.8049845703201044,1.0555981878779919,12.99829007020612,0.6312845001173406,0.5860267210227903,0.23593745147809386,0.35008926954469644
BraTS-MET-01172-002,t1c,support,38144,1.537252691846274,0.8964532665045548,13.695572385672971,0.6047819661570034,5.7604488290508016e-08,-0.048433635383844376,0.048433692988332666
BraTS-MET-01172-002,t1c,tumour_all,3211,1.6864754856613053,1.041937448486839,13.293224680315125,0.8758211268572607,-0.8520257299678633,-0.22799467237928184,0.6240310575885815
BraTS-MET-01172-002,t1c,NETC,0,,,,,,,
BraTS-MET-01172-002,t1c,SNFH,1059,0.8531466109437206,0.6938705849432126,16.252788308511445,0.9051822916146528,-0.13602137603083975,-0.00951457619521534,0.1265067998356244
BraTS-MET-01172-002,t1c,ET,77,2.007983182629214,1.1681245135796534,12.535424296060176,0.4852689370145984,0.2743015532727213,-0.3739584218492382,0.6482599751219595
BraTS-MET-01172-002,t1c,RC,2075,2.0998437679067963,1.214894751850961,12.341155171095677,0.8739065698404093,-1.2591430032916833,-0.33405395669979043,0.9250890465918928
BraTS-MET-01172-002,t1n,support,38144,1.6133068265609471,0.9834407740336084,13.485855292802745,0.6205181639626379,-3.0082344437687425e-07,0.03922637179493904,0.03922667261838342
BraTS-MET-01172-002,t1n,tumour_all,3211,1.247868154022392,0.9454058870757636,14.60133799239302,0.8735208768376556,-0.37746788577351253,0.3058275390212657,0.6832954247947782
BraTS-MET-01172-002,t1n,NETC,0,,,,,,,
BraTS-MET-01172-002,t1n,SNFH,1059,0.5678468445814718,0.5857313587675186,18.020712839334493,0.9280131290753875,0.3454777823808399,0.3362580074535799,0.009219774927260005
BraTS-MET-01172-002,t1n,ET,77,1.7098251019978983,1.195926618701839,13.233508120838522,0.5216564394523109,-0.9112761677388335,0.18154694811528316,1.0928231158541166
BraTS-MET-01172-002,t1n,RC,2075,1.5777823138796543,1.119673467385751,13.58255417231257,0.8630997305336617,-0.7265870228147833,0.2948619209237222,1.0214489437385055
BraTS-MET-01172-002,t2w,support,38144,1.6637246383342652,0.962062786323416,13.352210525793307,0.6161217981580287,-7.60059215565434e-09,0.04345324635505676,0.04345325395564892
BraTS-MET-01172-002,t2w,tumour_all,3211,3.8458556606375853,1.624108630803405,9.713095201276806,0.8654960819024451,1.1895511953043751,-0.05160114862519549,1.2411523439295706
BraTS-MET-01172-002,t2w,NETC,0,,,,,,,
BraTS-MET-01172-002,t2w,SNFH,1059,1.7262314287459477,1.0410727698052398,13.192034814103124,0.8932945669953362,0.18833231003736728,0.04721783004788449,0.1411144799894828
BraTS-MET-01172-002,t2w,ET,77,2.2548975296384492,1.2350224606456937,12.031756899518598,0.5561679152443615,0.5746865272819832,-0.6576359196697013,1.2323224469516845
BraTS-MET-01172-002,t2w,RC,2075,4.986668112522008,1.9361060341283207,8.584920360373363,0.8589745571973553,1.7232071564358193,-0.0795381351490505,1.8027452915848698
BraTS-MET-01172-002,t2f,support,38144,1.8719186243872155,1.0053247154142557,12.840155355039562,0.6043909367963749,2.816219364376593e-07,0.0847824364900589,0.08478215486812246
BraTS-MET-01172-002,t2f,tumour_all,3211,1.2771174045377314,0.8692433919078509,14.500716772711684,0.8806678595474099,0.22106566935326555,0.17158029261918273,0.04948537673408282
BraTS-MET-01172-002,t2f,NETC,0,,,,,,,
BraTS-MET-01172-002,t2f,SNFH,1059,1.1595803579715018,0.8235228883767719,14.92001650497606,0.9267844785563667,1.0580064873938682,0.3983575468300842,0.659648940563784
BraTS-MET-01172-002,t2f,ET,77,0.32702636600534424,0.45005470090666666,20.417197323607496,0.7713920018132676,0.0797121015474147,-0.0850645741156768,0.1647766756630915
BraTS-MET-01172-002,t2f,RC,2075,1.3723601719018907,0.9081328099543587,14.188343951242084,0.8651664670316304,-0.20089226606251032,0.06533313848194666,0.266225404544457
BraTS-MET-01172-004,t1c,support,53020,1.4897277324669786,0.8500784067515792,13.831955981884976,0.85789170301518,7.367502519173286e-08,0.0859670415520668,0.08596696787704161
BraTS-MET-01172-004,t1c,tumour_all,4226,1.304890380031244,0.8406919024087093,14.407284713513455,0.9666129822211139,-0.44531568238016916,-0.02408381854183972,0.42123186383832945
BraTS-MET-01172-004,t1c,NETC,0,,,,,,,
BraTS-MET-01172-004,t1c,SNFH,2789,0.729342711773401,0.652715664387376,16.933708533028188,0.9235349199702976,-0.25569803013422643,-0.020353781437734142,0.2353442486964923
BraTS-MET-01172-004,t1c,ET,144,5.189494545690881,1.7856182321411325,8.411774409356571,0.9869662686122145,0.8368134921029196,0.47101034718798473,0.3658031449149348
BraTS-MET-01172-004,t1c,RC,1293,2.1137221255193612,1.1409210875286084,12.312546073349715,0.9177689167214392,-0.9968943133571884,-0.08726079799816944,0.9096335153590189
BraTS-MET-01172-004,t1n,support,53020,2.0079654304750822,1.0659322093682286,12.535462691285433,0.8613247722414638,-2.417461928416742e-07,-0.010529579594731331,0.01052933784853849
BraTS-MET-01172-004,t1n,tumour_all,4226,0.744246569056576,0.6533342367563735,16.845856595220635,0.9684474812062174,0.07368264550314052,0.05834718425103347,0.015335461252107052
BraTS-MET-01172-004,t1n,NETC,0,,,,,,,
BraTS-MET-01172-004,t1n,SNFH,2789,0.600586798684049,0.5565162671848425,17.777267188944705,0.9361012787501104,0.35056952299783006,0.01577588953296072,0.33479363346486934
BraTS-MET-01172-004,t1n,ET,144,0.9656958846505247,0.7327295420885397,15.714621201204007,0.9916045514048714,-0.3602006883056674,0.1561497884140408,0.5163504767197082
BraTS-MET-01172-004,t1n,RC,1293,1.0294580138542941,0.8533283536683366,15.436938620261877,0.9044329645951333,-0.4752105478728481,0.13924709821731085,0.614457646090159
BraTS-MET-01172-004,t2w,support,53020,1.2359197371367243,0.8250252526238011,14.643122329679365,0.8606524950821475,-1.9569929676777065e-08,0.15189605951309204,0.15189607908302172
BraTS-MET-01172-004,t2w,tumour_all,4226,0.7656670035959867,0.6843894001568745,16.722625691819815,0.9771442587512097,0.7584848999686074,0.5689552506664768,0.18952964930213057
BraTS-MET-01172-004,t2w,NETC,0,,,,,,,
BraTS-MET-01172-004,t2w,SNFH,2789,0.5099529748345174,0.5510794985344102,18.487723711624696,0.9402715899273059,0.2615577761098393,0.3573889252729714,0.09583114916313207
BraTS-MET-01172-004,t2w,ET,144,0.9884377423297939,0.7913816391681192,15.613531806978902,0.9920763631154574,0.7021386431165411,0.31713974504964426,0.3849988980668968
BraTS-MET-01172-004,t2w,RC,1293,1.292432231622336,0.9600231458702807,14.448947205325013,0.9488111037673569,1.836210097404546,1.0530673847242724,0.7831427126802737
BraTS-MET-01172-004,t2f,support,53020,1.7205661486012571,0.9629066667766557,13.20631126675628,0.8583332940956424,9.66984714523278e-08,-0.11351792514324188,0.11351802184171333
BraTS-MET-01172-004,t2f,tumour_all,4226,2.5737012528655123,1.2174341550907217,11.457443668088075,0.9663691803610674,0.5355932847451186,-0.4080223529599607,0.9436156377050793
BraTS-MET-01172-004,t2f,NETC,0,,,,,,,
BraTS-MET-01172-004,t2f,SNFH,2789,2.8643073790676175,1.2626673854792232,10.992828789366875,0.9246950009204775,0.9939987775142072,-0.10697708959924057,1.1009758671134477
BraTS-MET-01172-004,t2f,ET,144,3.229080454481672,1.5445055628822755,10.472236349070956,0.9885191092627424,0.0687025844512732,-1.4550270139588974,1.5237295984101706
BraTS-MET-01172-004,t2f,RC,1293,1.8738751963996207,1.0834405261073385,12.835618380788617,0.9074146477278364,-0.40131502636359073,-0.9405301441729534,0.5392151178093627
BraTS-MET-01180-000,t1c,support,47970,1.5308253297858894,0.9298354496889837,13.713768611061056,0.04988762296981558,1.0178887954737093e-08,-0.07716991752386093,0.07716992770274889
BraTS-MET-01180-000,t1c,tumour_all,8036,1.9317698752423957,1.035916684872794,12.703471115371913,0.41622611443060975,-0.12085037852739333,-0.16026352562766988,0.03941314710027655
BraTS-MET-01180-000,t1c,NETC,3449,2.5529255273566194,1.1948589304440203,11.492643547957107,0.41278677268360303,-0.892697507806588,-0.3515486508986214,0.5411488569079665
BraTS-MET-01180-000,t1c,SNFH,3246,0.9714823269871513,0.7665450872334564,15.688675963582714,0.537703159330852,0.32433505595690804,-0.18226373419747688,0.5065987901543849
BraTS-MET-01180-000,t1c,ET,1341,2.6586360478707074,1.2791593403255386,11.316436118072344,0.44296796775844866,0.7867922835503123,0.3851872311497573,0.401605052400555
BraTS-MET-01180-000,t1c,RC,0,,,,,,,
BraTS-MET-01180-000,t1n,support,47970,1.737314663599329,0.9742588333751085,13.164240154874749,0.07167778507353263,-4.071555181894837e-08,-0.04546509310603142,0.0454650523904796
BraTS-MET-01180-000,t1n,tumour_all,8036,2.2550231470993185,1.1009290297404368,12.031514966349432,0.5122940813146964,0.48118757155316416,-0.43179672707628924,0.9129842986294534
BraTS-MET-01180-000,t1n,NETC,3449,2.190757888063053,1.1172171094084618,12.15708116674506,0.36926418882624823,0.14080154158727964,-0.7379822934108233,0.878783834998103
BraTS-MET-01180-000,t1n,SNFH,3246,1.5457661214929952,0.8454538191505077,13.671587161194623,0.624748531130195,0.6940427938679932,0.04162266130151693,0.6524201325664762
BraTS-MET-01180-000,t1n,ET,1341,4.137125446528258,1.6774353286217885,9.396038109307547,0.45709224827767986,0.840499407662719,-0.7894441297394224,1.6299435374021414
BraTS-MET-01180-000,t1n,RC,0,,,,,,,
BraTS-MET-01180-000,t2w,support,47970,1.3303866495953598,0.8415519015260139,14.323246226707958,0.12683021042373432,-1.0560596308550885e-07,0.107304148375988,0.10730425398195109
BraTS-MET-01180-000,t2w,tumour_all,8036,2.7177316487044343,1.2515784496163906,11.220959288860772,0.5153297136524349,1.2368719284422696,0.6154641801294929,0.6214077483127767
BraTS-MET-01180-000,t2w,NETC,3449,5.205251059395596,1.9972755014382666,8.3986081954693,0.46711877864810936,2.5723533660057,0.9177591783154639,1.6545941876902361
BraTS-MET-01180-000,t2w,SNFH,3246,0.7786952806500477,0.6812641954004449,16.649349581423518,0.6189077589038637,0.22194651917016017,0.4611658790236106,0.23921935985345044
BraTS-MET-01180-000,t2w,ET,1341,1.013524044849644,0.7141667698634524,15.504684444115227,0.6025858612528538,0.2567108126786479,0.21041657260502689,0.04629424007362104
BraTS-MET-01180-000,t2w,RC,0,,,,,,,
BraTS-MET-01180-000,t2f,support,47970,1.3429531758945292,0.9106785069126261,14.282416301723881,0.07395889441025953,2.137566497140142e-07,0.1754467934370041,0.17544657968035438
BraTS-MET-01180-000,t2f,tumour_all,8036,2.7552343339699092,1.3392942958727592,11.161439590596503,0.5572074372584146,1.6668132842169143,0.6756212776963366,0.9911920065205777
BraTS-MET-01180-000,t2f,NETC,3449,4.949062175978791,2.0474093207950044,8.617795908003671,0.4914010812131229,2.739159306860529,0.7937361843651161,1.9454231224954128
BraTS-MET-01180-000,t2f,SNFH,3246,1.0273679212311702,0.7582219667205539,15.445764996766027,0.7109383580394532,0.9341805183212273,0.5958780668734107,0.33830245144781657
BraTS-MET-01180-000,t2f,ET,1341,1.2952359362527677,0.9245829308252088,14.43953615377306,0.5476303927026133,0.6793346391677915,0.5636640007141978,0.11567063845359371
BraTS-MET-01180-000,t2f,RC,0,,,,,,,
BraTS-MET-01180-003,t1c,support,47685,1.3523649377520297,0.8729511060618079,14.252085983143512,0.8415487871683535,1.0239724446137188e-07,-0.018529577180743217,0.01852967957798768
BraTS-MET-01180-003,t1c,tumour_all,5588,1.657246154311744,0.9275552263812172,13.369154808696194,0.9505617490209315,0.590386216135812,0.03702389285899699,0.553362323276815
BraTS-MET-01180-003,t1c,NETC,202,5.7823378344975085,2.069707895029742,7.941990389304145,0.432583929726647,3.021152154666197,1.1210360546247102,1.9001161000414868
BraTS-MET-01180-003,t1c,SNFH,4344,0.7624016286682305,0.6685810387823155,16.741186853814167,0.9518765773336257,0.13511435284090112,-0.15991862735972973,0.29503298020063085
BraTS-MET-01180-003,t1c,ET,1042,4.588086941257903,1.7857788654048516,8.946708618626412,0.9658232136398057,2.0163717897812603,0.6477184000978014,1.368653389683459
BraTS-MET-01180-003,t1c,RC,0,,,,,,,
BraTS-MET-01180-003,t1n,support,47685,1.4591780941401595,0.8958183959960633,13.921941995646492,0.8512113801892386,-1.0239724446137188e-07,0.1303568184375763,0.13035692083482076
BraTS-MET-01180-003,t1n,tumour_all,5588,0.8096915372915732,0.6949261209982176,16.479829006127314,0.9594309107359623,0.6939216040482279,0.5064058739080792,0.18751573014014866
BraTS-MET-01180-003,t1n,NETC,202,4.152767880452343,1.7157033219896625,9.379648439304605,0.47653194079796474,2.79299760982758,1.0863334760651924,1.7066641337623878
BraTS-MET-01180-003,t1n,SNFH,4344,0.6574569022748434,0.6372208350937497,17.384352116171694,0.9634964418490853,0.6459903233626392,0.4464414881076664,0.1995488352549728
BraTS-MET-01180-003,t1n,ET,1042,0.7962614347908029,0.7376082393943176,16.55246818650393,0.9735591590650274,0.4863146390653128,0.6435880395874847,0.15727340052217187
BraTS-MET-01180-003,t1n,RC,0,,,,,,,
BraTS-MET-01180-003,t2w,support,47685,1.5808488397478486,0.9314868058025756,13.574121559469795,0.8479587184945125,4.6078760362888715e-08,0.16884149610996246,0.1688414500312021
BraTS-MET-01180-003,t2w,tumour_all,5588,1.0216146519524891,0.7469406698484399,15.470153878348686,0.9492367671359325,0.21306372280378127,0.3197552613855805,0.10669153858179925
BraTS-MET-01180-003,t2w,NETC,202,1.601790274308618,1.0670573962852359,13.516968483655376,0.14647913197960913,0.656140895946919,-0.3527384076733142,1.0088793036202333
BraTS-MET-01180-003,t2w,SNFH,4344,0.7941321313678985,0.6810073862927402,16.564097324084543,0.9538184914390748,0.17004520744012552,0.4572538796637673,0.28720867222364177
BraTS-MET-01180-003,t2w,ET,1042,1.8574962198061582,0.9597531506792716,12.873745621672432,0.9689624186514828,0.30633328536532645,-0.12318144354503602,0.42951472891036246
BraTS-MET-01180-003,t2w,RC,0,,,,,,,
BraTS-MET-01180-003,t2f,support,47685,1.487576304275008,0.9797138275284007,13.838232489376868,0.8403934476414303,1.1263696819696634e-07,0.24503467977046967,0.24503456713350147
BraTS-MET-01180-003,t2f,tumour_all,5588,1.9933774013292416,1.0796369472504397,12.567129703567826,0.9639129699110383,1.5171921291621402,0.7897797114565037,0.7274124177056365
BraTS-MET-01180-003,t2f,NETC,202,5.333910770488852,1.8179433273862111,8.292567545443726,0.20664419145633778,1.8944640562822315,0.4717887236038223,1.4226753326784092
BraTS-MET-01180-003,t2f,SNFH,4344,1.51150281970418,0.9527447101895289,13.768935390775837,0.968868068917241,1.5218797349662054,0.8291720417619217,0.6927076932042837
BraTS-MET-01180-003,t2f,ET,1042,3.354678209399325,1.4655121766220047,10.306516330684442,0.9699362228063789,1.4235379291712889,0.686730092507787,0.7368078366635018
BraTS-MET-01180-003,t2f,RC,0,,,,,,,
BraTS-MET-01181-001,t1c,support,565779,1.6578404081160156,0.8997472135771749,13.367597798669763,0.660043562982325,0.0458257794380188,0.07543504983186722,0.02960927039384842
BraTS-MET-01181-001,t1c,tumour_all,104617,2.6098340050868276,1.1112852328437632,11.39689615255589,0.8940621209237394,-0.4016308020800352,0.13039048679638654,0.5320212888764217
BraTS-MET-01181-001,t1c,NETC,12418,4.401007814361736,1.4693093394167325,9.127503610770601,0.9603405081881231,-1.1407603929983452,-0.5007492403965443,0.6400111526018009
BraTS-MET-01181-001,t1c,SNFH,68768,1.2937317463939462,0.8844845043953814,14.444582654996731,0.9119173611845448,-0.4339953421149403,0.054411252960562706,0.488406595075503
BraTS-MET-01181-001,t1c,ET,14293,8.173417520050906,1.991083168684743,6.438988163568941,0.9634984002925568,0.8712071455083787,1.4410393782309256,0.5698322327225469
BraTS-MET-01181-001,t1c,RC,9138,1.3779041060755257,0.9554236921937395,14.170835064550253,0.6124439604886167,-1.134523939457722,-0.4945827752817422,0.6399411641759798
BraTS-MET-01181-001,t1n,support,565779,1.621071741025089,0.9712473269789861,13.46500265658509,0.666163938688084,0.09449174255132675,0.045954570174217224,0.04853717237710953
BraTS-MET-01181-001,t1n,tumour_all,104617,2.039344869895734,1.1142320897615325,12.468118260299118,0.8947951814624968,0.03555605374276638,0.323358006804483,0.28780195306171663
BraTS-MET-01181-001,t1n,NETC,12418,2.2561367069792477,1.142490979395185,12.029370892822499,0.9592018999482874,-0.1263523802626878,-0.10704873036593199,0.019303649896755815
BraTS-MET-01181-001,t1n,SNFH,68768,1.9472463376757652,1.0991448532420507,12.668816050633824,0.9134108783712481,0.1649642869597301,0.5343780380790122,0.3694137511192821
BraTS-MET-01181-001,t1n,ET,14293,2.2188500484330573,1.149421213631016,12.101745474936214,0.9629629664738142,0.10098536778241396,-0.10505629703402519,0.20604166481643915
BraTS-MET-01181-001,t1n,RC,9138,2.1570558913408804,1.134328614387763,12.22441102541675,0.6032669782479525,-0.8191838208585978,-0.01434843405149877,0.804835386807099
BraTS-MET-01181-001,t2w,support,565779,1.3221739696360435,0.8564577900169217,14.350138980517876,0.6725282776662223,-0.02585688605904579,0.10858016461133957,0.13443705067038536
BraTS-MET-01181-001,t2w,tumour_all,104617,1.6586368488967016,1.0157930357337612,13.365511911651346,0.8981898743029058,0.895198829472065,0.637272041713004,0.25792678775906097
BraTS-MET-01181-001,t2w,NETC,12418,2.781311758115362,1.3371248684891663,11.120528289686861,0.9625662035571588,1.295065396814607,1.0953866820782423,0.19967871473636478
BraTS-MET-01181-001,t2w,SNFH,68768,1.3909562367760626,0.933651623569246,14.129890346326492,0.918455362981449,0.8376123909838498,0.5906150779919699,0.24699731299187988
BraTS-MET-01181-001,t2w,ET,14293,1.616692431833071,1.0152060284065405,13.476750954947295,0.9676338380129793,0.6834808944258839,0.5095542289782315,0.17392666544765234
BraTS-MET-01181-001,t2w,RC,9138,2.213024555695261,1.198195315040034,12.113162678866697,0.591114485363023,1.0923153361072764,0.5484505263157189,0.5438648097915575
BraTS-MET-01181-001,t2f,support,565779,1.809522251128837,0.909666872567891,12.987385729069016,0.681566539381503,-0.03860893100500107,0.38449668884277344,0.4231056198477745
BraTS-MET-01181-001,t2f,tumour_all,104617,5.13923445792659,1.595758319281966,8.454040696045777,0.9171856192560078,1.132158316206187,2.1870026996475644,1.0548443834413774
BraTS-MET-01181-001,t2f,NETC,12418,3.083273877982257,1.3643632547834645,10.672903972494892,0.9644158342309098,0.688971800962463,1.590937178581953,0.90196537761949
BraTS-MET-01181-001,t2f,SNFH,68768,6.348984959319596,1.7435306809957556,7.5359820253090035,0.9410855600553911,1.4502378618344665,2.6098500944208354,1.159612232586369
BraTS-MET-01181-001,t2f,ET,14293,2.858895854880873,1.347491334861464,11.00104165792078,0.972152386591507,0.5838600613642484,1.4259432535618544,0.842083192197606
BraTS-MET-01181-001,t2f,RC,9138,2.3959291017531252,1.186471183030132,11.76828538123868,0.6677237158335128,0.17481706978287548,0.9565253676846623,0.7817082979017869
BraTS-MET-01181-002,t1c,support,334979,1.4546875699934196,0.851285418802796,13.935327728734157,0.776851338670223,0.06121697276830673,-0.03307977318763733,0.09429674595594406
BraTS-MET-01181-002,t1c,tumour_all,59583,1.909027503899563,0.9679378051827284,12.754903153250272,0.9339993734789673,0.17053029718226753,-0.14015241283777868,0.3106827100200462
BraTS-MET-01181-002,t1c,NETC,10748,4.5672875507194695,1.665519064587562,8.966441456613918,0.9637622351526177,1.0890261805034243,-0.30384018464246765,1.392866365145892
BraTS-MET-01181-002,t1c,SNFH,32714,0.8335742880610668,0.6654702053387914,16.353581905956844,0.9459204014132336,0.04262473952258006,-0.07226342833018862,0.11488816785276867
BraTS-MET-01181-002,t1c,ET,6866,4.242361188346005,1.5769589280294152,9.28694859823919,0.961384544992222,1.2315743843792006,0.6050320797949098,0.6265423045842908
BraTS-MET-01181-002,t1c,RC,9255,0.8923585079309996,0.7751536512925128,16.057631321132824,0.7168639491135657,-1.2332907383097336,-0.7413227407378145,0.4919679975719191
BraTS-MET-01181-002,t1n,support,334979,1.8425489248683922,1.0465418151716173,12.90883472340256,0.7776415702653529,0.07634799927473068,0.04066142812371254,0.03568657115101814
BraTS-MET-01181-002,t1n,tumour_all,59583,2.513955511876389,1.2307115837547717,11.559449128260793,0.9319575155159199,0.21787848853273317,0.1789656995460973,0.03891278898663586
BraTS-MET-01181-002,t1n,NETC,10748,4.247792959875666,1.707236495969632,9.281391599666586,0.9640187094660144,1.37450513796648,-0.22104719351045787,1.595552331476938
BraTS-MET-01181-002,t1n,SNFH,32714,1.10237717150996,0.8193795974226393,15.139722896633778,0.9469707675099299,0.2695544739253819,0.12850365179474466,0.14105082213063724
BraTS-MET-01181-002,t1n,ET,6866,1.2752519048756465,0.8569981317083426,14.50706519847055,0.9631322687033255,0.31221480754902586,-0.08223455306142569,0.39444936061045155
BraTS-MET-01181-002,t1n,RC,9255,6.408934215422391,2.408511843736928,7.495166869809545,0.6559353611849256,-1.3798638371517882,1.013723496827879,2.393587333979667
BraTS-MET-01181-002,t2w,support,334979,1.5008061945259803,0.905770168148383,13.799778871930528,0.7787682898222691,-0.0022011634428054094,0.0821162685751915,0.08431743201799691
BraTS-MET-01181-002,t2w,tumour_all,59583,1.9879704581010547,1.0855168347904287,12.578925744177758,0.9288360271340829,0.6135539503302425,0.2930986197316088,0.32045533059863374
BraTS-MET-01181-002,t2w,NETC,10748,2.58641086636495,1.2478251493129269,11.436049845456225,0.9673673303309015,0.9444789003173355,0.8178677358664572,0.12661116445087828
BraTS-MET-01181-002,t2w,SNFH,32714,1.3003149767007616,0.9049277586627668,14.422539360958226,0.9471050787411487,0.3907707810285501,0.18053032126044855,0.21024045976810157
BraTS-MET-01181-002,t2w,ET,6866,1.61637774050538,0.9770374232216549,13.477596397206607,0.960058333621214,0.3844746549730189,0.2760851263301447,0.10838952864287421
BraTS-MET-01181-002,t2w,RC,9255,3.999345877822369,1.6158378409258927,9.543135356600205,0.5668949044156548,1.1799557953199837,0.09098605113103986,1.0889697441889439
BraTS-MET-01181-002,t2f,support,334979,1.514232569434915,0.9262604215156038,13.761099176340627,0.779046151535499,0.0233378317207098,0.21395307779312134,0.19061524607241154
BraTS-MET-01181-002,t2f,tumour_all,59583,2.676260348799218,1.2261067979659757,11.287741410933943,0.9414752808216249,0.9809273327700794,1.1239842408685945,0.14305690809851512
BraTS-MET-01181-002,t2f,NETC,10748,3.9999741166504363,1.5677832279894912,9.542453196973895,0.9714817491392159,2.183638377173338,0.9440613978076726,1.2395769793656655
BraTS-MET-01181-002,t2f,SNFH,32714,2.119138410007808,1.046890497433809,12.301431774970094,0.9612314441207335,1.113001680932939,1.594338346971199,0.48133666603825986
BraTS-MET-01181-002,t2f,ET,6866,1.3463368282043984,0.8726122052665838,14.271487749577771,0.9701316541413864,0.7510699846898206,0.8462846104521304,0.09521462576230988
BraTS-MET-01181-002,t2f,RC,9255,4.094916904300173,1.725041174971982,9.44057407459631,0.5737815479344109,-0.7211834822082892,-0.13304099696688354,0.5881424852414057
BraTS-MET-01187-000,t1c,support,166791,1.2529375483924334,0.7693935508638668,14.583730762731271,0.9709380631352659,-1.8662834833094166e-08,0.03158951178193092,0.03158953044476576
BraTS-MET-01187-000,t1c,tumour_all,15337,4.015089393248333,1.5501801789973388,9.526072817721932,0.9940379493051973,1.132952298867167,0.27950892154240137,0.8534433773247656
BraTS-MET-01187-000,t1c,NETC,0,,,,,,,
BraTS-MET-01187-000,t1c,SNFH,4462,0.8685252192818826,0.7687392742854776,16.175200672346673,0.9854570982102895,-0.3945313312779035,0.01975935959853814,0.41429069087644166
BraTS-MET-01187-000,t1c,ET,10875,5.3061210570863375,1.8708044839926792,8.315253467484071,0.9953357963497323,1.7596147170115728,0.3860653547953916,1.3735493622161812
BraTS-MET-01187-000,t1c,RC,0,,,,,,,
BraTS-MET-01187-000,t1n,support,166791,1.6625937680269944,0.9773814000302935,13.355163524833799,0.9709949568616684,-1.449114250817729e-07,0.004008424933999777,0.004008569845424859
BraTS-MET-01187-000,t1n,tumour_all,15337,1.545345815321807,0.9598086675684437,13.672768203199656,0.9942385545134328,0.06528031103698595,-0.07237396330492629,0.13765427434191224
BraTS-MET-01187-000,t1n,NETC,0,,,,,,,
BraTS-MET-01187-000,t1n,SNFH,4462,0.9515158350145178,0.7526887557858316,15.778864806064634,0.9863784511414511,0.27070831149922014,0.09983131221952135,0.1708769992796988
BraTS-MET-01187-000,t1n,ET,10875,1.7889935736786915,1.0447897293039854,13.036937202451329,0.995507188546569,-0.01901807174363057,-0.14302762581792194,0.12400955407429137
BraTS-MET-01187-000,t1n,RC,0,,,,,,,
BraTS-MET-01187-000,t2w,support,166791,1.1538265329691493,0.8078766348108857,14.941619791546989,0.9694823031453432,-3.878942322899093e-08,0.04292254149913788,0.04292258028856111
BraTS-MET-01187-000,t2w,tumour_all,15337,1.134723659333656,0.8476997618822508,15.014123906379853,0.9943033241830166,0.030651465267510503,0.052491800241114106,0.021840334973603603
BraTS-MET-01187-000,t2w,NETC,0,,,,,,,
BraTS-MET-01187-000,t2w,SNFH,4462,0.6786591496801769,0.6757129599471338,17.246507921422175,0.9888346908754276,0.6616835561981134,0.4976202147627191,0.16406334143539425
BraTS-MET-01187-000,t2w,ET,10875,1.321846403432399,0.91826574903025,14.351215070527452,0.9952464624207551,-0.22828010341982008,-0.1301607160930871,0.09811938732673298
BraTS-MET-01187-000,t2w,RC,0,,,,,,,
BraTS-MET-01187-000,t2f,support,166791,1.3819009081384495,0.9014676431925984,14.158255985334431,0.96993685459735,-6.202647995223742e-08,0.06170938163995743,0.06170944366643738
BraTS-MET-01187-000,t2f,tumour_all,15337,1.3406413239058521,0.8943267367719325,14.28989898817379,0.9953758077127739,0.5255261461570626,0.7420557284813185,0.2165295823242559
BraTS-MET-01187-000,t2f,NETC,0,,,,,,,
BraTS-MET-01187-000,t2f,SNFH,4462,0.8017960338960772,0.7311741708220189,16.52238597095873,0.993116175554153,1.5275173550835461,0.97909407867337,0.5484232764101762
BraTS-MET-01187-000,t2f,ET,10875,1.5617289270344605,0.9612680470494971,13.626968462000654,0.9960326888391995,0.11433512981329841,0.6447248157273862,0.5303896859140877
BraTS-MET-01187-000,t2f,RC,0,,,,,,,
BraTS-MET-01191-001,t1c,support,161616,1.6141589355577308,0.8633203153677789,13.48356206169724,0.06630963007677512,-0.025082645937800407,0.07851795852184296,0.10360060445964336
BraTS-MET-01191-001,t1c,tumour_all,37585,3.3535915914227252,1.1527192947411093,10.307923287200245,0.5019582624359777,0.193624998209998,0.24323768550675595,0.04961268729675794
BraTS-MET-01191-001,t1c,NETC,0,,,,,,,
BraTS-MET-01191-001,t1c,SNFH,21400,0.667260484497582,0.5838315985439101,17.32007094293246,0.5629128513362506,-0.010255290726490784,0.009954354260116816,0.0202096449866076
BraTS-MET-01191-001,t1c,ET,9225,8.722917721988443,2.2256925877995366,6.156407247095398,0.5394357788155906,1.7227997364243492,2.000664047067403,0.2778643106430536
BraTS-MET-01191-001,t1c,RC,6960,4.496616323280387,1.479733385280774,9.034166680783338,0.5502551648958882,-1.2069093277677894,-1.369562667561695,0.16265333979390562
BraTS-MET-01191-001,t1n,support,161616,1.4726474196445356,0.9102589356070953,13.882037200018697,0.08258905891002787,0.0868590846657753,0.12296062707901001,0.03610154241323471
BraTS-MET-01191-001,t1n,tumour_all,37585,1.0954918398819202,0.8203603904412324,15.16693353838571,0.4892013107968725,0.2872813459689496,0.2956680743081961,0.008386728339246474
BraTS-MET-01191-001,t1n,NETC,0,,,,,,,
BraTS-MET-01191-001,t1n,SNFH,21400,0.8726298857195136,0.694660531102964,16.154724181985223,0.6070483936804106,0.5952441944264137,0.1916046561964322,0.40363953822998155
BraTS-MET-01191-001,t1n,ET,9225,1.389946092907144,0.9656152764174852,14.133045436836591,0.5081662484468197,-0.07440892697195522,0.26696978410473093,0.34137871107668616
BraTS-MET-01191-001,t1n,RC,6960,1.3904495029448236,1.0143260034739932,14.131472795848278,0.4550862369828064,-0.18068237297120504,0.6528124737669714,0.8334948467381764
BraTS-MET-01191-001,t2w,support,161616,1.4363834114545242,0.9215026825006156,13.990321198767184,0.06556672087774026,0.06000500172376633,0.1596614122390747,0.09965641051530838
BraTS-MET-01191-001,t2w,tumour_all,37585,1.0484558855215578,0.8104127753011814,15.357523388105701,0.4884222837377866,0.5826746292586904,0.5168398366076872,0.06583479265100323
BraTS-MET-01191-001,t2w,NETC,0,,,,,,,
BraTS-MET-01191-001,t2w,SNFH,21400,0.7996147041956744,0.706699188756971,16.534217289626213,0.5792740684756732,0.2217183209650102,0.38116433841059916,0.15944601744558895
BraTS-MET-01191-001,t2w,ET,9225,1.1488500881815809,0.8573757182511977,14.960391388528171,0.5784980673973477,0.694448238449695,0.508735797542613,0.18571244090708205
BraTS-MET-01191-001,t2w,RC,6960,1.680505420124315,1.067056109113279,13.308625832320766,0.6171304143435613,1.5425332516351773,0.9432914357748814,0.5992418158602959
BraTS-MET-01191-001,t2f,support,161616,1.568639020010654,0.9398970738443745,13.607794868517642,0.1221519566999162,0.11400080472230911,0.3616712689399719,0.2476704642176628
BraTS-MET-01191-001,t2f,tumour_all,37585,1.665547252055527,0.9658612157290598,13.347455425057035,0.6233425942421132,0.8554364870942663,1.1483907787769567,0.2929542916826904
BraTS-MET-01191-001,t2f,NETC,0,,,,,,,
BraTS-MET-01191-001,t2f,SNFH,21400,0.8507549511910559,0.6929423961439525,16.26498015501706,0.791246465688399,1.0887083032357623,1.384342162462417,0.29563385922665475
BraTS-MET-01191-001,t2f,ET,9225,2.47806218861681,1.2710253847744755,11.621902996819557,0.5955739726722984,0.534547233430203,1.4278649457264692,0.8933177122962661
BraTS-MET-01191-001,t2f,RC,6960,3.0938669285960207,1.4005341007401721,10.658008705956934,0.5067107921650182,0.5615255477023311,0.049793089856393635,0.5117324578459375
BraTS-MET-01191-002,t1c,support,236250,1.4563341025809975,0.8675065276254635,13.930414813793995,0.032888445302891395,-0.06802818179130554,0.07625077664852142,0.14427895843982697
BraTS-MET-01191-002,t1c,tumour_all,35172,2.4242215215899177,0.9851731669287567,11.717301983058643,0.661546049333168,0.10225400590570644,0.31833113805623725,0.21607713215053082
BraTS-MET-01191-002,t1c,NETC,0,,,,,,,
BraTS-MET-01191-002,t1c,SNFH,27607,0.8202825439144708,0.6470832182846139,16.42339031154979,0.6831607664996048,-0.24538009538082406,-0.07242155325366184,0.17295854212716222
BraTS-MET-01191-002,t1c,ET,6358,9.100932473756242,2.324225082987719,5.972166087253367,0.5128558371061681,1.8178597168880515,2.4699375546333613,0.6520778377453098
BraTS-MET-01191-002,t1c,RC,1207,3.939892708675728,1.6645079887315457,9.608181055063158,0.4471074442236736,-0.9879858730128035,-2.084349720273167,1.0963638472603634
BraTS-MET-01191-002,t1n,support,236250,1.6847676202142963,1.0140211295218808,13.297624936123603,0.05399707812950257,0.05686338618397713,0.07884684950113297,0.021983463317155838
BraTS-MET-01191-002,t1n,tumour_all,35172,1.3270271237157794,0.9042494975482597,14.334227010681072,0.6443452349942149,0.3218692582595395,0.2942259272822412,0.02764333097729832
BraTS-MET-01191-002,t1n,NETC,0,,,,,,,
BraTS-MET-01191-002,t1n,SNFH,27607,1.0612242731271537,0.8110197274620484,15.30495325830326,0.6867218343349079,0.44613487292554055,0.27083186474919785,0.1753030081763427
BraTS-MET-01191-002,t1n,ET,6358,1.8650515955248008,1.1236908069005391,12.856116499621187,0.3964408097338197,-0.08496678766096011,0.18983024221961387,0.274797029880574
BraTS-MET-01191-002,t1n,RC,1207,4.572478411568664,1.8807088330149067,8.96150837085478,0.2538863807670568,-0.3784484973002691,1.3765650109562557,1.7550135082565248
BraTS-MET-01191-002,t2w,support,236250,1.6774038358811887,0.9842428617949016,13.316648689416187,0.05355115366754901,0.0788828432559967,0.11856154352426529,0.039678700268268585
BraTS-MET-01191-002,t2w,tumour_all,35172,1.2342437035883072,0.8831535073285592,14.64901580394316,0.6361691397014129,0.5536499815480056,0.12647697963984683,0.42717300190815877
BraTS-MET-01191-002,t2w,NETC,0,,,,,,,
BraTS-MET-01191-002,t2w,SNFH,27607,0.8615472270333481,0.7318128205238827,16.21023411812243,0.6815798396315901,0.45275118184508756,0.28359684281167574,0.16915433903341182
BraTS-MET-01191-002,t2w,ET,6358,2.153289852341255,1.3024234005533766,12.232000070331576,0.45712289549738505,0.8138182637922,-0.4080344373942353,1.2218527011864353
BraTS-MET-01191-002,t2w,RC,1207,4.917537998933389,2.1361314356577346,8.64554776270813,0.3749311112289356,1.485511973471148,-0.6508785003097728,2.1363904737809207
BraTS-MET-01191-002,t2f,support,236250,1.6312070158161696,0.9340419288544128,13.43793420094006,0.09419750104121621,-0.024470999836921692,0.30792900919914246,0.33240000903606415
BraTS-MET-01191-002,t2f,tumour_all,35172,1.3146092569159036,0.8716353339616676,14.375058146962518,0.7726154911318845,1.0367492508376017,1.600431640894385,0.5636823900567833
BraTS-MET-01191-002,t2f,NETC,0,,,,,,,
BraTS-MET-01191-002,t2f,SNFH,27607,1.1159835259258666,0.7984154316554101,15.086447171444892,0.8157091225177233,1.096172610297799,1.5840970699791797,0.48792445968138054
BraTS-MET-01191-002,t2f,ET,6358,1.9975022730640164,1.115070392597877,12.558152185742006,0.6093983383678305,0.8290248505945783,1.5985978877870366,0.7695730371924583
BraTS-MET-01191-002,t2f,RC,1207,2.2604474994778294,1.2640311418819938,12.021080760821565,0.5056997338548684,0.764395283520571,1.9710419899784029,1.206646706457832
BraTS-MET-01191-003,t1c,support,237276,1.5000665072048136,0.8835975159669046,13.801919863304386,0.042813072794576475,-0.05192909389734268,0.0999390035867691,0.15186809748411179
BraTS-MET-01191-003,t1c,tumour_all,34805,2.865530203234479,1.1306465596100364,10.990975104027838,0.6540209217327021,0.2863466537964996,0.7155409569568292,0.4291943031603296
BraTS-MET-01191-003,t1c,NETC,0,,,,,,,
BraTS-MET-01191-003,t1c,SNFH,26240,1.2457166457049382,0.7937865008321887,14.608832330841112,0.6801161855942434,-0.14672152300772723,0.2463467651978135,0.39306828820554074
BraTS-MET-01191-003,t1c,ET,7692,8.330881615397272,2.25068312786328,6.356115377227675,0.6092613397065257,1.9091947526903823,2.513597953686258,0.6044032009958755
BraTS-MET-01191-003,t1c,RC,873,3.397517244722395,1.3871032140507893,10.251408310158027,0.5734270425726563,-1.0040485967474524,-1.038070350594353,0.03402175384690054
BraTS-MET-01191-003,t1n,support,237276,1.5478999092696335,0.9553392012435113,13.665596259819477,0.06113962245394112,0.035426586866378784,0.009389565326273441,0.026037021540105343
BraTS-MET-01191-003,t1n,tumour_all,34805,1.164659112586279,0.8316328703345719,14.901036717027171,0.617338983522077,0.2480426212518978,0.04556922017764009,0.2024734010742577
BraTS-MET-01191-003,t1n,NETC,0,,,,,,,
BraTS-MET-01191-003,t1n,SNFH,26240,0.9136523255979601,0.7473421454146211,15.95521536761626,0.6721457230235953,0.37392089968852815,-0.014667391598777613,0.38858829128730576
BraTS-MET-01191-003,t1n,ET,7692,1.8560081983679142,1.048121814583746,12.877226105126326,0.4958516245127584,-0.10581985361932311,0.1485161788368714,0.2543360324561945
BraTS-MET-01191-003,t1n,RC,873,2.6177644078224365,1.457698921577254,11.383719421990993,0.5610458451532292,-0.41886476580111776,0.9476672224991489,1.3665319883002667
BraTS-MET-01191-003,t2w,support,237276,1.7165727195427785,0.9605585041361098,13.216402945043855,0.06746531197945918,0.07445365190505981,0.09246396273374557,0.01801031082868576
BraTS-MET-01191-003,t2w,tumour_all,34805,1.825746990384081,1.0126907767779765,12.948619073572164,0.6168152706569501,0.47054883351302124,0.4635952077805996,0.006953625732421642
BraTS-MET-01191-003,t2w,NETC,0,,,,,,,
BraTS-MET-01191-003,t2w,SNFH,26240,1.573906207061809,0.9206293683695099,13.593236526484258,0.6770217054803038,0.3877091962931445,0.468686886553769,0.08097769026062451
BraTS-MET-01191-003,t2w,ET,7692,2.635878663507824,1.305168019716937,11.353770861130881,0.5019533627639948,0.7587464606913272,0.5206982165400404,0.23804824415128678
BraTS-MET-01191-003,t2w,RC,873,2.2573269728681384,1.2027897503766933,12.027080297589245,0.5809843481789244,0.41477308559115045,-0.19775137430406176,0.6125244598952122
BraTS-MET-01191-003,t2f,support,237276,1.712478477262357,0.9855014230629687,13.226773788597189,0.09396335751206143,-0.01736587844789028,0.39677080512046814,0.4141366835683584
BraTS-MET-01191-003,t2f,tumour_all,34805,1.5925096914832213,0.9545455108272756,13.542204167803844,0.7558640824417576,0.9558340163202956,1.6838725474081002,0.7280385310878046
BraTS-MET-01191-003,t2f,NETC,0,,,,,,,
BraTS-MET-01191-003,t2f,SNFH,26240,1.0077159731742433,0.7653254055321221,15.52964358206305,0.8262851508578827,1.1186790826614015,1.605323639814742,0.48664455715334043
BraTS-MET-01191-003,t2f,ET,7692,3.0954279105119085,1.4611516558241198,10.655818065942464,0.5791390049007455,0.5316799593856558,1.9231004018802196,1.3914204424945638
BraTS-MET-01191-003,t2f,RC,873,5.927607317667545,2.1782810155570553,7.834230752661268,0.544841339001474,-0.21047128437203355,1.9166624671779573,2.127133751549991
BraTS-MET-01191-004,t1c,support,725504,1.6295787611715107,0.9050262814129646,13.442271450391239,0.022001781304387187,-0.03205438330769539,0.09276316314935684,0.12481754645705223
BraTS-MET-01191-004,t1c,tumour_all,105598,3.144142375795789,1.094097509384264,10.588002968533337,0.68586620903722,0.16818345728097484,0.6303559824718832,0.46217252519090835
BraTS-MET-01191-004,t1c,NETC,2919,4.023658521891745,1.5392898858757011,9.516813846714404,0.33024564865906364,-0.431893429486081,-0.8524270976195112,0.4205336681334302
BraTS-MET-01191-004,t1c,SNFH,81640,0.8810549832706163,0.6731771648911135,16.112994888524995,0.7098403019233452,-0.1563224615092622,0.08457036630716175,0.24089282781642396
BraTS-MET-01191-004,t1c,ET,20594,11.872212640690995,2.673092721537304,4.8177083420601265,0.44083403713069297,1.5545371822081506,2.990668032056419,1.4361308498482686
BraTS-MET-01191-004,t1c,RC,445,8.639126780400579,2.322396337165344,6.198326533831705,0.5464081732514469,-0.6302581077325158,1.0014098464744166,1.6316679542069323
BraTS-MET-01191-004,t1n,support,725504,1.7176654682407084,1.0302996881019642,13.213639160357502,0.041524865119524086,0.04505575820803642,-0.010871301405131817,0.05592705961316824
BraTS-MET-01191-004,t1n,tumour_all,105598,1.6061224015446547,0.9673470599368473,13.505238612631132,0.6876065671024608,0.42597720737103373,-0.027339540858520195,0.4533167482295539
BraTS-MET-01191-004,t1n,NETC,2919,4.007456919173728,1.7238271549198438,9.534336384536918,0.35382497135071295,-0.2841206302982755,-1.9564373854918813,1.6723167551936058
BraTS-MET-01191-004,t1n,SNFH,81640,1.1051477067882933,0.8228753194990875,15.12882173917119,0.7254088254784571,0.5303483006427996,0.28459551534615457,0.24575278529664502
BraTS-MET-01191-004,t1n,ET,20594,3.203113746927624,1.4166061558306722,10.50730139441628,0.3707783454011614,0.11167025845497847,-0.9631680751626845,1.074838333617663
BraTS-MET-01191-004,t1n,RC,445,3.856996235551881,1.718955309927631,9.700532857746815,0.6090606971282817,0.42460215790197253,-1.2057393222348765,1.630341480136849
BraTS-MET-01191-004,t2w,support,725504,1.5772501045876461,0.9686689243140958,13.584019358911451,0.0315989706174186,0.08320235460996628,0.13574151694774628,0.05253916233778
BraTS-MET-01191-004,t2w,tumour_all,105598,1.1906089151109602,0.8399839269365305,14.805333706037956,0.6784931389066855,0.34867889306042343,0.49557626189198345,0.14689736883156002
BraTS-MET-01191-004,t2w,NETC,2919,1.8176566597814563,1.0631579793535004,12.967906487484086,0.5555168790598498,0.9791969045763835,0.7726991116069257,0.2064977929694578
BraTS-MET-01191-004,t2w,SNFH,81640,0.9838291531029197,0.7627523001633757,15.633828132167347,0.714599651013022,0.36836118780774996,0.5453104076441377,0.17694921983638778
BraTS-MET-01191-004,t2w,ET,20594,1.840896117265752,1.089179948157157,12.91273219037404,0.40330624045968716,0.15952983673196286,0.282400521915406,0.12287068518344313
BraTS-MET-01191-004,t2w,RC,445,4.91899714537489,2.0125728926391164,8.644259302405423,0.5849527872902393,1.2893203642452136,-0.6669651996344328,1.9562855638796464
BraTS-MET-01191-004,t2f,support,725504,1.6997926687963034,1.0237471259841098,13.259065489707352,0.06713447601914922,-0.014869777485728264,0.2528091073036194,0.26767888478934765
BraTS-MET-01191-004,t2f,tumour_all,105598,2.7512530099755166,1.3520958836779584,11.167719700709288,0.7711439943526038,0.9459620239213109,2.189553336240351,1.2435913123190403
BraTS-MET-01191-004,t2f,NETC,2919,2.746553473359685,1.3621891704011377,11.175144419360448,0.42135970149283375,0.32008783184573986,1.663886318448931,1.3437984866031911
BraTS-MET-01191-004,t2f,SNFH,81640,2.3503689714512452,1.22200756280918,11.851664556500943,0.8136150351949408,1.1338498501572758,2.2449449483426633,1.1110950981853875
BraTS-MET-01191-004,t2f,ET,20594,4.3317507733250995,1.8649103658569697,9.196390391674937,0.39728535835835965,0.2958707887737546,2.0791784746106714,1.7833076858369168
BraTS-MET-01191-004,t2f,RC,445,3.1852303449908352,1.4196167056724753,10.531616562650925,0.5999278992701103,0.5272628220263869,0.16673654317855835,0.3605262788478285
BraTS-MET-01217-000,t1c,support,28011,1.6370689927925524,0.9304913311066352,13.4223551802138,0.9851245862186492,-3.050559271855491e-08,0.0519598163664341,0.051959846872026816
BraTS-MET-01217-000,t1c,tumour_all,1317,3.5578023482799717,1.411003780786693,10.05120683336321,0.9974230612799794,0.8714476433051459,0.32736551911330025,0.5440821241918457
BraTS-MET-01217-000,t1c,NETC,0,,,,,,,
BraTS-MET-01217-000,t1c,SNFH,649,1.4354468031608785,0.9066116351988354,13.993153983421283,0.9960434398694354,-0.041408856791690596,-0.07098644262077869,0.029577585829088093
BraTS-MET-01217-000,t1c,ET,668,5.619791493163642,1.9010494431916625,8.065822981961471,0.9979465511186318,1.758315510223838,0.7143780157366564,1.0439374944871815
BraTS-MET-01217-000,t1c,RC,0,,,,,,,
BraTS-MET-01217-000,t1n,support,28011,2.002188280570469,1.111656621004011,12.547975857818285,0.9865259696729859,-7.081655706286938e-09,0.07888869196176529,0.078888699043421
BraTS-MET-01217-000,t1n,tumour_all,1317,1.3512620889525984,0.9566830257808829,14.255629084094947,0.9980659126522449,0.9036857952687569,0.35344873212306993,0.550237063145687
BraTS-MET-01217-000,t1n,NETC,0,,,,,,,
BraTS-MET-01217-000,t1n,SNFH,649,1.226493789596231,0.8953157649470568,14.676371472880021,0.9969908402680356,0.8286924702761098,0.5847372085991083,0.24395526167700154
BraTS-MET-01217-000,t1n,ET,668,1.472481589375177,1.0163048106329087,13.88252627313414,0.9985148312340252,0.976520729411277,0.1287287606864993,0.8477919687247777
BraTS-MET-01217-000,t1n,RC,0,,,,,,,
BraTS-MET-01217-000,t2w,support,28011,1.7050205737395139,1.0105108657186672,13.245728769650844,0.9859034595977899,-3.48635360580829e-08,0.1539103090763092,0.15391034393984526
BraTS-MET-01217-000,t2w,tumour_all,1317,2.1675184554449114,1.0950824712617635,12.203396967810862,0.9979925700529464,0.6957206241604581,0.38821460111648776,0.30750602304397034
BraTS-MET-01217-000,t2w,NETC,0,,,,,,,
BraTS-MET-01217-000,t2w,SNFH,649,3.269479781236935,1.3953850398618064,10.418238447771389,0.9956861990659117,0.801887884491407,0.3268610499362694,0.4750268345551376
BraTS-MET-01217-000,t2w,ET,668,1.0969003410152356,0.8033214427865721,15.161353292666519,0.9987414488774872,0.5925534329990114,0.44781214445538353,0.1447412885436279
BraTS-MET-01217-000,t2w,RC,0,,,,,,,
BraTS-MET-01217-000,t2f,support,28011,1.3675616780973587,0.9087810924437955,14.203555783005516,0.9857865113023393,-2.1789710036301813e-09,0.005237965378910303,0.005237967557881307
BraTS-MET-01217-000,t2f,tumour_all,1317,2.238522466993927,1.274791030095468,12.063410432171231,0.9976637308957401,0.9245917675089004,-0.03450869050129768,0.959100458010198
BraTS-MET-01217-000,t2f,NETC,0,,,,,,,
BraTS-MET-01217-000,t2f,SNFH,649,2.5128561917707724,1.4144584003826657,11.561348656993804,0.9954592935169355,1.3016025530159823,-0.1006898948971866,1.4022924479131689
BraTS-MET-01217-000,t2f,ET,668,1.9719916475625308,1.1390962347116487,12.61397429627199,0.9982985764185196,0.5582782394094465,0.029791098589157627,0.5284871408202889
BraTS-MET-01217-000,t2f,RC,0,,,,,,,
BraTS-MET-01250-001,t1c,support,1573,1.5008480731515141,0.9572937322826524,13.79965768771437,0.09058021435267315,-8.730394540634734e-08,0.14942599833011627,0.14942608563406168
BraTS-MET-01250-001,t1c,tumour_all,32,1.2454417063467411,0.8746978384442627,14.609790958352765,0.31894346858773914,0.2501986726330756,0.5629164367119301,0.31271776407885454
BraTS-MET-01250-001,t1c,NETC,0,,,,,,,
BraTS-MET-01250-001,t1c,SNFH,0,,,,,,,
BraTS-MET-01250-001,t1c,ET,12,0.38016751060007953,0.5198496381441752,19.76327501783399,0.8256970643997192,0.98064476692781,0.6497001511179405,0.33094461580986945
BraTS-MET-01250-001,t1c,RC,20,1.764606223794738,1.0876067586243152,13.096546941101996,0.159184604949717,-0.18806951643398406,0.5108455799208969,0.6989150963548809
BraTS-MET-01250-001,t1n,support,1573,1.7743515644432992,1.0508238285157099,13.072628270017129,0.09837216595755424,9.700437786364091e-09,-0.036835551261901855,0.03683556096233964
BraTS-MET-01250-001,t1n,tumour_all,32,0.1806177430379712,0.34876252751564607,22.99542089645921,0.707293723310743,0.08359074965768798,0.24337231716685892,0.15978156750917094
BraTS-MET-01250-001,t1n,NETC,0,,,,,,,
BraTS-MET-01250-001,t1n,SNFH,0,,,,,,,
BraTS-MET-01250-001,t1n,ET,12,0.17045343378254987,0.33714957535266876,23.246967462566893,0.82848060131073,0.06508473916393598,0.36661544863522977,0.3015307094712938
BraTS-MET-01250-001,t1n,RC,20,0.18671632859122397,0.35573029881343243,22.85120201527476,0.8126256125313895,0.09469424696936102,0.16942611582408063,0.07473186885471961
BraTS-MET-01250-001,t2w,support,1573,3.567521955840332,1.552817201195022,10.039358461646364,0.2071392154006773,-1.9400875572728182e-08,1.3260687589645386,1.3260687783654141
BraTS-MET-01250-001,t2w,tumour_all,32,2.4693255370204326,1.515287739224732,11.637241529932894,0.03846800849506898,-0.033363957595955895,1.4818301292762044,1.5151940868721603
BraTS-MET-01250-001,t2w,NETC,0,,,,,,,
BraTS-MET-01250-001,t2w,SNFH,0,,,,,,,
BraTS-MET-01250-001,t2w,ET,12,2.1489422211644285,1.379553431024154,12.240777620402907,0.050787847489118576,-0.34469322499047905,1.0347651937554474,1.3794584187459265
BraTS-MET-01250-001,t2w,RC,20,2.661555526534035,1.5967283241450787,11.311669697228076,0.15280295695577348,0.1534337321671444,1.7500678646174492,1.5966341324503048
BraTS-MET-01250-001,t2f,support,1573,1.4865921782365832,0.900569329419554,13.84110657351902,0.2294898892861119,9.215415985863729e-08,0.5136006474494934,0.5136005552953335
BraTS-MET-01250-001,t2f,tumour_all,32,0.7939884096899686,0.7639277065172791,16.564883379427467,0.23598053838525498,0.03518230426280056,0.5143661938709556,0.47918388960815506
BraTS-MET-01250-001,t2f,NETC,0,,,,,,,
BraTS-MET-01250-001,t2f,SNFH,0,,,,,,,
BraTS-MET-01250-001,t2f,ET,12,0.59776086370728,0.644776995604237,17.797750230388615,0.600713312625885,0.340459534535583,0.3088592829517438,0.03160025158383917
BraTS-MET-01250-001,t2f,RC,20,0.9117249372795818,0.8354181330651045,15.964386670877836,0.29263745886938913,-0.1479841340948127,0.6376698541535006,0.7856539882483133
BraTS-MET-01268-002,t1c,support,350350,1.7716236183368184,0.9400358537816664,13.079310393346411,0.033956782360234965,-0.00015411904314532876,0.06856735795736313,0.06872147700050846
BraTS-MET-01268-002,t1c,tumour_all,46913,3.240659404779719,1.329320653771665,10.456691119435394,0.6839071844947741,0.3773612716322532,0.34733386305742897,0.03002740857482422
BraTS-MET-01268-002,t1c,NETC,0,,,,,,,
BraTS-MET-01268-002,t1c,SNFH,21447,1.2811726670202561,0.8925128403602299,14.486948360649983,0.7527747091237641,-0.3357763774256455,0.07506742313853465,0.41084380056418013
BraTS-MET-01268-002,t1c,ET,16625,5.952854488845458,1.914600604778292,7.8157723394942105,0.655673111733993,1.722675637807697,1.6080428736458998,0.11463276416179724
BraTS-MET-01268-002,t1c,RC,8841,2.893964324147923,1.288368045328036,10.948093277925599,0.6873559011247213,-0.4231606590219599,-1.3633883275906555,0.9402276685686957
BraTS-MET-01268-002,t1n,support,350350,2.050649469595738,1.1014162604171531,12.444110707405478,0.04617658707911122,-0.0073617142625153065,-0.01641353964805603,0.009051825385540724
BraTS-MET-01268-002,t1n,tumour_all,46913,1.9107497788402843,1.069572259895198,12.750986827776835,0.6844301251105829,0.023577112868224503,-0.23827817054552725,0.26185528341375175
BraTS-MET-01268-002,t1n,NETC,0,,,,,,,
BraTS-MET-01268-002,t1n,SNFH,21447,1.9318621746368814,1.0452527371304448,12.703263615707359,0.764674694576501,0.33452041260898113,-0.05200660902846721,0.38652702163744834
BraTS-MET-01268-002,t1n,ET,16625,1.8410061057073035,1.070635787954726,12.91247271920745,0.6186378556653452,-0.12400405676862647,-0.5465813975679339,0.4225773407993074
BraTS-MET-01268-002,t1n,RC,8841,1.990683158908849,1.1265680353443572,12.57300358413146,0.7276403141595723,-0.45316682072552794,-0.10995674109290121,0.34321007963262673
BraTS-MET-01268-002,t2w,support,350350,1.7123238843886663,1.0028100671052644,13.227165862795587,0.03887887153941631,0.0015767327276989818,0.03201491758227348,0.0304381848545745
BraTS-MET-01268-002,t2w,tumour_all,46913,1.660416718463493,1.003532485332535,13.360854031989124,0.6746583370981696,0.28310589605825953,0.28282132650383573,0.00028456955442379694
BraTS-MET-01268-002,t2w,NETC,0,,,,,,,
BraTS-MET-01268-002,t2w,SNFH,21447,1.6636011744004966,1.0021262995009452,13.352532824889888,0.7620470250742446,0.5398670742433751,0.43475551805022405,0.10511155619315105
BraTS-MET-01268-002,t2w,ET,16625,1.5194208643625855,0.9798510741157902,13.746244150190652,0.6395056248503882,0.18142373522096022,0.04455397412675666,0.13686976109420357
BraTS-MET-01268-002,t2w,RC,8841,1.9178264060493628,1.0514752439580848,12.73493206747445,0.7079503820857819,-0.14898949323833222,0.3618028112614411,0.5107923044997733
BraTS-MET-01268-002,t2f,support,350350,1.7687178304217372,0.9734225679458546,13.086439468090997,0.07622879948567085,-0.035410962998867035,0.2191247195005417,0.2545356824994087
BraTS-MET-01268-002,t2f,tumour_all,46913,2.6269892410431157,1.2458448253471153,11.368442066508685,0.7610056500714314,0.9188151261769235,1.6287101561342752,0.7098950299573517
BraTS-MET-01268-002,t2f,NETC,0,,,,,,,
BraTS-MET-01268-002,t2f,SNFH,21447,2.418671902954582,1.2058419174074964,11.727255412108953,0.8868244413611572,1.5038942818064243,2.3635385406960268,0.8596442588896025
BraTS-MET-01268-002,t2f,ET,16625,2.094404964816106,1.1403169587215813,12.352418420582755,0.696387459306688,0.6435173700738233,1.3432175914058462,0.6997002213320229
BraTS-MET-01268-002,t2f,RC,8841,4.133831854125215,1.5413253308589923,9.39949693282674,0.7009297754815118,0.01568241095810663,0.3802495275158435,0.3645671165577369
BraTS-MET-01270-001,t1c,support,821032,1.5901385817178377,0.8881453126154125,13.548675257218807,0.8176610868689664,0.026941612362861633,0.017919423058629036,0.009022189304232597
BraTS-MET-01270-001,t1c,tumour_all,131311,2.120693103095596,1.0388149696304365,12.298246767937364,0.9533206687807976,-0.010253104555886239,-0.1080886137788184,0.09783550922293216
BraTS-MET-01270-001,t1c,NETC,51175,2.236936299342366,1.1262520774358635,12.066488837864389,0.9689145184506754,-0.5935497300233692,-0.8398323352448642,0.24628260522149503
BraTS-MET-01270-001,t1c,SNFH,52614,0.7962652291700816,0.6726091129366936,16.552447491365566,0.9608757334749913,0.08354636761941947,-0.05700552070629783,0.1405518883257173
BraTS-MET-01270-001,t1c,ET,27522,4.436466033507214,1.5763108257506975,9.092653399471196,0.9771021091212652,0.894655054933537,1.1551757470879238,0.2605206921543868
BraTS-MET-01270-001,t1c,RC,0,,,,,,,
BraTS-MET-01270-001,t1n,support,821032,1.8539317365371073,1.0208549824882056,12.88208761784617,0.8189094478161553,0.011334255337715149,-0.0703350082039833,0.08166926354169846
BraTS-MET-01270-001,t1n,tumour_all,131311,2.273078274709463,1.1671532472576762,11.996881096137727,0.9545433499791945,0.2169597317406442,-0.5364523108873982,0.7534120426280424
BraTS-MET-01270-001,t1n,NETC,51175,3.1233582510953366,1.4011309336471138,10.616806998382199,0.9701872554556727,-0.03849556131171994,-0.8944341896858532,0.8559386283741333
BraTS-MET-01270-001,t1n,SNFH,52614,1.430141613655225,0.9354263571652324,14.009234570197513,0.963468508248652,0.5278550500515848,-0.1399914970388636,0.6678465470904484
BraTS-MET-01270-001,t1n,ET,27522,2.303497273806935,1.1750840115315067,11.93914798166566,0.9769089202594398,0.09580057735729497,-0.6239675670512952,0.7197681444085902
BraTS-MET-01270-001,t1n,RC,0,,,,,,,
BraTS-MET-01270-001,t2w,support,821032,1.2967618037776028,0.8365707239108144,14.434422909170515,0.8234692991249747,-0.013057741336524487,0.10837917774915695,0.12143691908568144
BraTS-MET-01270-001,t2w,tumour_all,131311,1.4302354034054803,0.9388599555123647,14.008949765986273,0.9565515695095201,0.8362485116813332,0.6375838468738948,0.19866466480743838
BraTS-MET-01270-001,t2w,NETC,51175,1.7853046760331013,1.08947505807047,13.045901582862117,0.9746199187351667,1.6892604869790375,1.228766970220022,0.4604935167590156
BraTS-MET-01270-001,t2w,SNFH,52614,0.8401182531260986,0.7100760428691748,16.319620801035743,0.9641506730036803,0.13322485322714783,0.13592879753559828,0.0027039443084504455
BraTS-MET-01270-001,t2w,ET,27522,1.8981430306884137,1.09617079434667,12.779735660699567,0.9789131921496493,0.586884499527514,0.49180907977279276,0.09507541975472122
BraTS-MET-01270-001,t2w,RC,0,,,,,,,
BraTS-MET-01270-001,t2f,support,821032,1.5235812214869875,0.8975733883296738,13.734368895316198,0.8257557080267335,-0.027444906532764435,0.3118920624256134,0.33933696895837784
BraTS-MET-01270-001,t2f,tumour_all,131311,1.7511658784451531,0.9818434754892085,13.129752143747005,0.9658840393491792,1.0599862115923315,1.5572481249691918,0.4972619133768603
BraTS-MET-01270-001,t2f,NETC,51175,1.803833824685385,0.9933750823903142,13.001059744052068,0.9813607861555549,1.3393676448613405,1.659244027454406,0.3198763825930655
BraTS-MET-01270-001,t2f,SNFH,52614,1.7646720002227763,0.9768814739613441,13.096385059051752,0.9764013064935542,0.8850069135660306,1.5483592881355435,0.6633523745695129
BraTS-MET-01270-001,t2f,ET,27522,1.627414216500101,0.9698872501139801,13.448043952521079,0.9849018227421857,0.8658222566591576,1.3710569124668837,0.5052346558077261
BraTS-MET-01270-001,t2f,RC,0,,,,,,,
BraTS-MET-01270-002,t1c,support,154266,1.5997644439041483,0.9509608880752075,13.522464607637579,0.9535192926155491,4.431266376059284e-08,0.0427839457988739,0.04278390148621014
BraTS-MET-01270-002,t1c,tumour_all,23627,1.7315366014001397,0.9554290423980402,13.17870824623011,0.9888597796328186,0.099906033516163,0.011486968694953248,0.08841906482120976
BraTS-MET-01270-002,t1c,NETC,4645,1.9887546022013134,1.1193208552620662,12.57721303105322,0.9939834420496335,-1.0659339703124715,-0.4105965539783938,0.6553374163340777
BraTS-MET-01270-002,t1c,SNFH,13429,0.9317316989372388,0.7186913648719746,15.870116296645946,0.9703058527323274,0.1385397031881439,-0.05106415745103732,0.18960386063918122
BraTS-MET-01270-002,t1c,ET,5553,3.4505717934499938,1.390846438534207,10.184114328928825,0.9936779003921788,0.9815925419679843,0.5157893585783313,0.465803183389653
BraTS-MET-01270-002,t1c,RC,0,,,,,,,
BraTS-MET-01270-002,t1n,support,154266,1.9040068412646274,1.0498375603242431,12.766339962576241,0.9554218090340466,-3.560839161309559e-07,-0.0584835521876812,0.05848319610376507
BraTS-MET-01270-002,t1n,tumour_all,23627,1.5059601101600733,0.927113729836058,13.784890323334158,0.9890702430866833,0.17081536968180444,-0.25570116373273777,0.4265165334145422
BraTS-MET-01270-002,t1n,NETC,4645,1.4599922512986236,0.957111096691049,13.919519499329734,0.9938834647484398,-0.4263797207677271,-0.30573887735954486,0.12064084340818226
BraTS-MET-01270-002,t1n,SNFH,13429,1.5794944002597315,0.9255831306847926,13.577844102162809,0.9722583985328104,0.42013655076152645,-0.2611518824414816,0.681288433203008
BraTS-MET-01270-002,t1n,ET,5553,1.3665811659250862,0.9057228865010879,14.206670697392983,0.9937191983938314,0.06731415962167375,-0.20034021472383756,0.2676543743455113
BraTS-MET-01270-002,t1n,RC,0,,,,,,,
BraTS-MET-01270-002,t2w,support,154266,1.3438432528523798,0.8696834743788954,14.279538856143944,0.9545520096188141,1.3689448508102942e-07,-0.04548591375350952,0.0454860506479946
BraTS-MET-01270-002,t2w,tumour_all,23627,1.7623622385037458,0.9971681469541931,13.102073219951755,0.9886780818861776,0.48290932024247013,-0.15657611990172882,0.639485440144199
BraTS-MET-01270-002,t2w,NETC,4645,4.605909765197047,1.9038790748588246,8.92987075358977,0.9930036538275704,1.6960264882654883,-0.14883145860221703,1.8448579468677053
BraTS-MET-01270-002,t2w,SNFH,13429,0.8723381602961422,0.7018194624210443,16.156176297318463,0.9699691819093109,0.17166280858873506,-0.10045747910044156,0.2721202876891766
BraTS-MET-01270-002,t2w,ET,5553,1.5361520970954117,0.9529695560085135,13.698682826896091,0.9934417595405267,0.22009075678215595,-0.298545911005931,0.5186366677880869
BraTS-MET-01270-002,t2w,RC,0,,,,,,,
BraTS-MET-01270-002,t2f,support,154266,1.5283594588136427,0.9523579568100188,13.720769916717755,0.9536328814059561,1.503465369978585e-07,0.14201578497886658,0.14201563463232958
BraTS-MET-01270-002,t2f,tumour_all,23627,1.8565505327840834,1.0494553325167697,12.875957261382588,0.9906239864760931,1.2652799376519397,0.6491851773462258,0.6160947603057139
BraTS-MET-01270-002,t2f,NETC,4645,4.19046208095894,1.7914362323061959,9.340405856420812,0.9941485700010826,2.342012158886064,0.6675096672552172,1.6745024916308466
BraTS-MET-01270-002,t2f,SNFH,13429,1.1022987910228088,0.7901146274041164,15.140031696780845,0.98101900870834,1.1501987412048038,0.7111720575485379,0.43902668365626596
BraTS-MET-01270-002,t2f,ET,5553,1.7283004875544694,1.0559716389161822,13.186832483063808,0.9940245617950075,0.6412418982072268,0.4831524191831704,0.15808947902405635
BraTS-MET-01270-002,t2f,RC,0,,,,,,,
BraTS-MET-01270-003,t1c,support,67205,1.5238312627756776,0.9141449326326444,13.733656214950605,0.9759995014358774,-1.816387396047503e-08,0.04742848873138428,0.04742850689525824
BraTS-MET-01270-003,t1c,tumour_all,6000,2.480410988394035,1.1518047836817695,11.617788541332049,0.9957155680769095,-0.2558717289066408,0.13710977620939957,0.39298150511604035
BraTS-MET-01270-003,t1c,NETC,2129,4.717233837211255,1.7529772547331317,8.826150956486988,0.9792465094037175,-1.5063120221311692,-0.12811911128665088,1.3781929108445183
BraTS-MET-01270-003,t1c,SNFH,1746,0.5748340838178101,0.5895727986293379,17.96759989782576,0.9889296473292322,0.09024564463857132,0.2072837972373236,0.11703815259875228
BraTS-MET-01270-003,t1c,ET,2125,1.8050893085155544,1.0114569507562146,12.998038068602451,0.9969043930384689,0.7125959183504165,0.3451456807197246,0.36745023763069184
BraTS-MET-01270-003,t1c,RC,0,,,,,,,
BraTS-MET-01270-003,t1n,support,67205,1.5388163968751054,0.9185368937108842,13.691156954782077,0.9780852614156155,5.812439596297736e-08,0.15361028909683228,0.1536102309724363
BraTS-MET-01270-003,t1n,tumour_all,6000,1.2057697603510902,0.824011088638256,14.750381128263893,0.9962149966792115,0.05090303327278889,0.11054715437057894,0.05964412109779005
BraTS-MET-01270-003,t1n,NETC,2129,2.119258259504711,1.164861191063135,12.301186163342699,0.9807429358028315,-0.23387414593253197,-0.16392099022050388,0.06995315571202809
BraTS-MET-01270-003,t1n,SNFH,1746,0.5206248631227736,0.5723733423053506,18.39777596196558,0.9899203439537558,0.19950335711791922,0.37271402378974017,0.17321066667182095
BraTS-MET-01270-003,t1n,ET,2125,0.8535090431099527,0.6892768001839902,16.25094373849697,0.9972410889650452,0.21410578156792326,0.1700945633056108,0.04401121826231247
BraTS-MET-01270-003,t1n,RC,0,,,,,,,
BraTS-MET-01270-003,t2w,support,67205,1.478444773580675,0.9149060957447861,13.864973944125072,0.9766940092522339,1.5439292511132408e-08,-0.07197585701942444,0.07197587245871695
BraTS-MET-01270-003,t2w,tumour_all,6000,1.5595923229256081,0.998840540221976,13.632914120554245,0.9956955584054659,0.39395150722702965,-0.05096802822663449,0.44491953545366414
BraTS-MET-01270-003,t2w,NETC,2129,2.233719360951966,1.218510623528256,12.07273892258959,0.9820944896443411,0.9488455997961864,-0.13592483232787345,1.0847704321240599
BraTS-MET-01270-003,t2w,SNFH,1746,1.4715659218835986,1.000553925553455,13.885227787631802,0.9848272275882477,0.14786934155699782,0.34448138914012816,0.19661204758313033
BraTS-MET-01270-003,t2w,ET,2125,0.9565229734014828,0.7773491622700548,15.756070955606072,0.99715013335448,0.040111366344603994,-0.2907613945135381,0.3308727608581421
BraTS-MET-01270-003,t2w,RC,0,,,,,,,
BraTS-MET-01270-003,t2f,support,67205,1.5048741121958562,0.8790916131778995,13.788023295187404,0.9774065817702369,4.1776910819635305e-08,0.20318299531936646,0.20318295354245564
BraTS-MET-01270-003,t2f,tumour_all,6000,0.4925739848561795,0.5473709181867114,18.638310297882757,0.9974411900962175,0.8670690528233536,0.7342144548456417,0.13285459797771182
BraTS-MET-01270-003,t2f,NETC,2129,0.3570655620907896,0.46272932064016087,20.03554534963067,0.9936115766404192,0.9449015572390635,0.8335068144078832,0.11139474283118034
BraTS-MET-01270-003,t2f,SNFH,1746,0.5563669235596413,0.5965376442717948,18.109411978198935,0.9943929508434444,1.2376941336551681,0.7828261614195071,0.454867972235661
BraTS-MET-01270-003,t2f,ET,2125,0.5759222018403067,0.5917741452135584,17.959386798326605,0.998052017769489,0.4843532009035698,0.5946142107713968,0.11026100986782694
BraTS-MET-01270-003,t2f,RC,0,,,,,,,
BraTS-MET-01276-001,t1c,support,23664,1.627102111433552,0.8547822212430188,13.44887692120173,0.059818616965501066,0.0,-0.23305192589759827,0.23305192589759827
BraTS-MET-01276-001,t1c,tumour_all,1759,8.757118932944005,2.519292563809006,6.139412527416309,0.5299340492810412,1.885406206434709,-0.059654408221831545,1.9450606146565406
BraTS-MET-01276-001,t1c,NETC,0,,,,,,,
BraTS-MET-01276-001,t1c,SNFH,0,,,,,,,
BraTS-MET-01276-001,t1c,ET,1759,8.757118932944005,2.519292563809006,6.139412527416309,0.5299340492810412,1.885406206434709,-0.059654408221831545,1.9450606146565406
BraTS-MET-01276-001,t1c,RC,0,,,,,,,
BraTS-MET-01276-001,t1n,support,23664,1.3356758394194586,0.9015954669788496,14.30601430526991,0.09563770452718616,-4.6426336552940484e-08,-0.22009272873401642,0.22009268230767987
BraTS-MET-01276-001,t1n,tumour_all,1759,0.8732637930816081,0.6475556667613733,16.15157046781768,0.6194169400648353,-0.00387150474750797,-0.23041800272767432,0.22654649798016635
BraTS-MET-01276-001,t1n,NETC,0,,,,,,,
BraTS-MET-01276-001,t1n,SNFH,0,,,,,,,
BraTS-MET-01276-001,t1n,ET,1759,0.8732637930816081,0.6475556667613733,16.15157046781768,0.6194169400648353,-0.00387150474750797,-0.23041800272767432,0.22654649798016635
BraTS-MET-01276-001,t1n,RC,0,,,,,,,
BraTS-MET-01276-001,t2w,support,23664,1.0730542526624587,0.8009207500521296,15.25680820705999,0.054696065154781516,2.5792408209213136e-08,0.24300625920295715,0.24300623341054894
BraTS-MET-01276-001,t2w,tumour_all,1759,1.4352399317621174,0.9902050782856566,13.993779918017406,0.5009906924450376,-0.16922858328234724,0.039495905162766576,0.20872448844511382
BraTS-MET-01276-001,t2w,NETC,0,,,,,,,
BraTS-MET-01276-001,t2w,SNFH,0,,,,,,,
BraTS-MET-01276-001,t2w,ET,1759,1.4352399317621174,0.9902050782856566,13.993779918017406,0.5009906924450376,-0.16922858328234724,0.039495905162766576,0.20872448844511382
BraTS-MET-01276-001,t2w,RC,0,,,,,,,
BraTS-MET-01276-001,t2f,support,23664,1.283571123615236,0.8729768459532338,14.478825625180374,0.09136070926576699,-2.1923547421920375e-08,0.18269871175289154,0.18269873367643896
BraTS-MET-01276-001,t2f,tumour_all,1759,1.8100536758011385,1.1106224467051682,12.986110470259447,0.49730958729644936,0.4284669696717174,0.44104165775934234,0.012574688087624963
BraTS-MET-01276-001,t2f,NETC,0,,,,,,,
BraTS-MET-01276-001,t2f,SNFH,0,,,,,,,
BraTS-MET-01276-001,t2f,ET,1759,1.8100536758011385,1.1106224467051682,12.986110470259447,0.49730958729644936,0.4284669696717174,0.44104165775934234,0.012574688087624963
BraTS-MET-01276-001,t2f,RC,0,,,,,,,
BraTS-MET-01284-000,t1c,support,3587439,1.386688044756287,0.822654226521626,14.143237294408886,0.5738655212231637,0.0062884376384317875,0.07006004452705383,0.06377160688862205
BraTS-MET-01284-000,t1c,tumour_all,624396,1.8272093605549384,0.9343226559345683,12.945141893619184,0.8782711142201196,-0.1318790540099144,0.17056336812675,0.3024424221366644
BraTS-MET-01284-000,t1c,NETC,25454,4.029008733220877,1.5129920214828687,9.511042920074711,0.986464731816179,-0.9587736277608201,-0.47301660757511854,0.48575702018570155
BraTS-MET-01284-000,t1c,SNFH,519197,0.8985047728918091,0.7393342269041788,16.027821123272254,0.8838445013383769,-0.39590890845283866,-0.051978449802845716,0.34393045864999294
BraTS-MET-01284-000,t1c,ET,79745,7.170942943464151,2.0191299461298726,7.007262337720894,0.9743278550461418,1.8375152847729623,1.8036311401519924,0.03388414462096989
BraTS-MET-01284-000,t1c,RC,0,,,,,,,
BraTS-MET-01284-000,t1n,support,3587439,1.666086395147958,0.9592003056329155,13.346049827102174,0.5737884028792424,-0.023189954459667206,0.06481292098760605,0.08800287544727325
BraTS-MET-01284-000,t1n,tumour_all,624396,1.485530412268391,0.9763993396820403,13.844209535167696,0.8768260460125751,-0.10451665194705129,0.23766096401959658,0.34217761596664786
BraTS-MET-01284-000,t1n,NETC,25454,2.162285323901908,1.218211223442913,12.21389500132312,0.9887254152518833,-1.274400465656072,-0.5749450698494911,0.6994553958065808
BraTS-MET-01284-000,t1n,SNFH,519197,1.4386633250261465,0.9560631345457152,13.9834332822797,0.886131143833614,0.03182653686963022,0.3374819610035047,0.3056554241338745
BraTS-MET-01284-000,t1n,ET,79745,1.5746536372253495,1.0316180619707775,13.591174600919654,0.9717776737373467,-0.6050977146369405,-0.15379761438816786,0.45130010024877265
BraTS-MET-01284-000,t1n,RC,0,,,,,,,
BraTS-MET-01284-000,t2w,support,3587439,1.3071572453790996,0.8315062018002003,14.39974666290998,0.5809775256437232,-0.03196035325527191,0.11130444705486298,0.1432648003101349
BraTS-MET-01284-000,t2w,tumour_all,624396,1.6426882490820853,1.0091384832104044,13.407473503267163,0.8767449126514815,0.6518865851685405,0.5129993346054107,0.13888725056312978
BraTS-MET-01284-000,t2w,NETC,25454,2.2115860281076825,1.1224180475050787,12.115986631861116,0.9884593641752745,0.823879464995116,0.6201891209930182,0.20369034400209785
BraTS-MET-01284-000,t2w,SNFH,519197,1.5544186079829263,0.986438961460461,13.64734514194647,0.8873077195367719,0.6375092444941401,0.5512672371696681,0.08624200732447207
BraTS-MET-01284-000,t2w,ET,79745,2.0357988990594205,1.1207706302346507,12.475676256007658,0.9708209642061862,0.6668232064694166,0.21441378444433212,0.4524094220250845
BraTS-MET-01284-000,t2w,RC,0,,,,,,,
BraTS-MET-01284-000,t2f,support,3587439,1.7546972646519527,0.9580008680052471,13.121003016931867,0.5878959737310301,-0.011306787841022015,0.33860376477241516,0.3499105526134372
BraTS-MET-01284-000,t2f,tumour_all,624396,3.5978027269623,1.4881983619403645,10.002651541369914,0.9080404799659421,1.0009870659559965,2.24766083387658,1.2466737679205835
BraTS-MET-01284-000,t2f,NETC,25454,5.2065018588393785,1.9694706166240916,8.397564729871757,0.9864766325157116,-0.31976236164337024,1.5966302119195461,1.9163925735629164
BraTS-MET-01284-000,t2f,SNFH,519197,3.656636808226699,1.4947420253578536,9.932206741497932,0.9212618339248981,1.1470856992527843,2.3849050442804582,1.237819345027674
BraTS-MET-01284-000,t2f,ET,79745,2.701266189335732,1.2919759732502933,11.247351180372648,0.9747928741497239,0.4473125752992928,1.4935648683458567,1.0462522930465639
BraTS-MET-01284-000,t2f,RC,0,,,,,,,
BraTS-MET-01284-002,t1c,support,152928,1.8101156496694732,1.018956616158646,12.985961776059685,0.9429752408359625,1.197331158664383e-07,0.0915081799030304,0.09150806016991453
BraTS-MET-01284-002,t1c,tumour_all,16769,2.3377914650701594,1.13093191729858,11.874967320118229,0.9873352675481987,0.35751065718068276,0.3311032747733407,0.026407382407342084
BraTS-MET-01284-002,t1c,NETC,601,4.649325779022411,1.7578874499352646,8.88912522432182,0.9964260310107169,-1.3501174984830868,-0.44635124507476576,0.9037662534083211
BraTS-MET-01284-002,t1c,SNFH,11122,1.0854792812668868,0.8423767232345545,15.20680962352561,0.988414363029102,-0.0838851937205618,0.31351171823916957,0.39739691195973137
BraTS-MET-01284-002,t1c,ET,5046,4.822726856583178,1.6922697280923653,8.73009835162611,0.9939812516278316,1.5334362052526558,0.46226851776009426,1.0711676874925615
BraTS-MET-01284-002,t1c,RC,0,,,,,,,
BraTS-MET-01284-002,t1n,support,152928,1.7406136071213716,0.9921685431075352,13.156001265019103,0.9450447933272268,3.192883113456446e-08,-0.050006940960884094,0.05000697288971523
BraTS-MET-01284-002,t1n,tumour_all,16769,1.2188197698226313,0.8676890767471992,14.703630107013552,0.9884352698888849,0.378577527764719,-0.047045039653312415,0.4256225674180314
BraTS-MET-01284-002,t1n,NETC,601,1.0836375200660993,0.8526252182837348,15.214184670532884,0.9979381177965766,0.3775973381411859,-0.14959773210284766,0.5271950702440336
BraTS-MET-01284-002,t1n,SNFH,11122,1.2334313528904381,0.8654262651908061,14.651875171000203,0.9898384717994724,0.43918248610862065,-0.0017751528648659587,0.4409576389734866
BraTS-MET-01284-002,t1n,ET,5046,1.2027148362561486,0.8744707590830584,14.761398324640725,0.993572210284448,0.24489179027114005,-0.13456478118314408,0.37945657145428413
BraTS-MET-01284-002,t1n,RC,0,,,,,,,
BraTS-MET-01284-002,t2w,support,152928,1.5900631477224794,0.9469823267552079,13.548881285456796,0.9450646202399298,-3.0831280639631586e-08,0.16579917073249817,0.1657992015637788
BraTS-MET-01284-002,t2w,tumour_all,16769,1.2132925769398095,0.8405568166211413,14.72336960223138,0.9882005938396446,0.5012003216834273,0.28940619877539575,0.21179412290803157
BraTS-MET-01284-002,t2w,NETC,601,1.5787454047919514,0.9121493581024241,13.579904012902995,0.9977714063707503,1.1290987967058754,0.7929742531850934,0.336124543520782
BraTS-MET-01284-002,t2w,SNFH,11122,1.0050297271695685,0.7772803629889227,15.541235930856347,0.9897911675785959,0.4883450125780655,0.24563524837139994,0.24270976420666557
BraTS-MET-01284-002,t2w,ET,5046,1.628802340238558,0.9714988697062159,13.444341161224337,0.9938021034620376,0.4544176290546602,0.3257000486482866,0.1287175804063736
BraTS-MET-01284-002,t2w,RC,0,,,,,,,
BraTS-MET-01284-002,t2f,support,152928,1.494164337051149,0.9251169389925803,13.819041343793012,0.9450466013002171,1.7560857656917506e-08,0.23237234354019165,0.232372325979334
BraTS-MET-01284-002,t2f,tumour_all,16769,1.0153357392288371,0.7768665616029471,15.496928274003501,0.9914377178971259,1.0221357271366287,0.887487982341554,0.1346477447950747
BraTS-MET-01284-002,t2f,NETC,601,1.23280025823126,0.8812017030611063,14.65409784086451,0.9985576660106464,1.150518159596686,1.204572083777748,0.05405392418106203
BraTS-MET-01284-002,t2f,SNFH,11122,0.862856441309026,0.7218745545478772,16.2036395526475,0.9936788720500244,1.147971990692895,0.8596814659540541,0.28829052473884076
BraTS-MET-01284-002,t2f,ET,5046,1.3255177795664679,0.8856489005744361,14.339169433373138,0.9950325573009073,0.7288738417773857,0.9104311325936578,0.18155729081627214
BraTS-MET-01284-002,t2f,RC,0,,,,,,,
BraTS-MET-01287-001,t1c,support,378651,1.4401670955873476,0.8517357027608001,13.978896166710124,0.05473650166451846,-0.010409548878669739,-0.01255921833217144,0.0021496694535017014
BraTS-MET-01287-001,t1c,tumour_all,66928,1.0675997558104964,0.8014579384646777,15.278940349869297,0.6281042128315095,-0.4094632144551724,-0.37067010637838393,0.038793108076788485
BraTS-MET-01287-001,t1c,NETC,0,,,,,,,
BraTS-MET-01287-001,t1c,SNFH,54412,0.9810537647538325,0.7675975910701407,15.646096920661561,0.6446149798588371,-0.24840066663455218,-0.2354224039008841,0.012978262733668089
BraTS-MET-01287-001,t1c,ET,0,,,,,,,
BraTS-MET-01287-001,t1c,RC,12516,1.4438493935042633,0.9486622547343762,13.967806059971144,0.6745669982549511,-1.1059546050382778,-0.9553823380265385,0.1505722670117393
BraTS-MET-01287-001,t1n,support,378651,1.7417286899172755,0.9567429878019815,13.153219951291906,0.0651862582798489,-0.0924244076013565,0.018396571278572083,0.11082097887992859
BraTS-MET-01287-001,t1n,tumour_all,66928,1.9299047041107675,1.0324817569052618,12.707666360603564,0.6350201145141722,0.11264776135794818,0.4166223113425076,0.3039745499845594
BraTS-MET-01287-001,t1n,NETC,0,,,,,,,
BraTS-MET-01287-001,t1n,SNFH,54412,1.1438956139463536,0.8306449365087871,14.979161059916724,0.656646141296355,0.30544050340540707,0.28020454302895814,0.02523596037644893
BraTS-MET-01287-001,t1n,ET,0,,,,,,,
BraTS-MET-01287-001,t1n,RC,12516,5.346996955151523,1.909946208120746,8.281925639759551,0.6023240896423566,-0.7243504931684583,1.0061593475693371,1.7305098407377955
BraTS-MET-01287-001,t2w,support,378651,1.6252945039476938,0.9076297224744977,13.453704340057548,0.07213148256539177,-0.01851840876042843,0.17799682915210724,0.19651523791253567
BraTS-MET-01287-001,t2w,tumour_all,66928,2.252395961390681,1.1036466831241607,12.036577607998407,0.6196544058151087,0.6488562026061118,0.6252784230746329,0.023577779531478882
BraTS-MET-01287-001,t2w,NETC,0,,,,,,,
BraTS-MET-01287-001,t2w,SNFH,54412,1.4785861400774074,0.9003999728047406,13.864558698621753,0.650773753150002,0.314894080045633,0.683232328039594,0.368338247993961
BraTS-MET-01287-001,t2w,ET,0,,,,,,,
BraTS-MET-01287-001,t2w,RC,12516,5.616453167950116,1.9872404832120714,8.068403588392565,0.6025088120735504,2.094120290479623,0.37044248543679714,1.7236778050428256
BraTS-MET-01287-001,t2f,support,378651,2.2197050971770063,1.0074791798299902,12.10007221441036,0.08145547943132654,-0.09128610044717789,0.3464335799217224,0.4377196803689003
BraTS-MET-01287-001,t2f,tumour_all,66928,6.296505671650399,1.8205334112122138,7.572029018755002,0.6955247652389763,0.991141798440367,2.2081847820663825,1.2170429836260155
BraTS-MET-01287-001,t2f,NETC,0,,,,,,,
BraTS-MET-01287-001,t2f,SNFH,54412,6.9063912531849505,1.9155826467701114,7.170513228896574,0.7403724063138787,1.0245104781351984,2.7122535696835257,1.6877430915483274
BraTS-MET-01287-001,t2f,ET,0,,,,,,,
BraTS-MET-01287-001,t2f,RC,12516,3.645091940229978,1.4073168080501564,9.945940137563738,0.6438769171996521,0.8409630309324712,0.009342211298644543,0.8316208196338266
BraTS-MET-01287-002,t1c,support,90748,1.4306688745409215,0.8476585244820961,14.007633719692251,0.4026772278208241,0.0020857087802141905,-0.07488111406564713,0.07696682284586132
BraTS-MET-01287-002,t1c,tumour_all,12977,1.3097533078989667,0.885304193081656,14.39112996796413,0.7726381046232376,-0.4066592669405509,-0.4098435283958679,0.003184261455317028
BraTS-MET-01287-002,t1c,NETC,0,,,,,,,
BraTS-MET-01287-002,t1c,SNFH,874,0.26086300728215017,0.4018639484862491,21.39890004159637,0.7797681077308221,0.15658073755889745,0.0021603137138299644,0.1544204238450675
BraTS-MET-01287-002,t1c,ET,68,0.4218699989496202,0.5149817078867379,19.311238588978632,0.7552125368799482,0.6644751227936467,0.8619482949434314,0.19747317214978466
BraTS-MET-01287-002,t1c,RC,12035,1.3909420231251948,0.9225047500213851,14.129934725448681,0.5862126786902905,-0.4536025543056894,-0.4469318788687815,0.0066706754369079135
BraTS-MET-01287-002,t1n,support,90748,1.7518971093040618,1.0568768438031866,13.127939047421048,0.39291225242972827,0.0057555609382689,0.17084901034832,0.1650934494100511
BraTS-MET-01287-002,t1n,tumour_all,12977,3.111520580266887,1.5132433139078056,10.63329822920111,0.7671103564019501,-0.8007597050745972,0.49784593514050357,1.2986056402151007
BraTS-MET-01287-002,t1n,NETC,0,,,,,,,
BraTS-MET-01287-002,t1n,SNFH,874,0.6604379081377212,0.6289135993420403,17.364705076142382,0.7320243777974433,0.26401990551403287,0.17871687497245148,0.08530303054158139
BraTS-MET-01287-002,t1n,ET,68,0.49005281533325434,0.5283018181216903,18.66059612225078,0.3844644435448572,-0.30795123994903406,0.09112113970331848,0.39907237965235254
BraTS-MET-01287-002,t1n,RC,12035,3.304333713915111,1.583029786051049,10.372185992880796,0.5830351797736202,-0.880838805809617,0.5232866526639555,1.4041254584735725
BraTS-MET-01287-002,t2w,support,90748,1.4942449412175245,0.8954730209160379,13.81880706567764,0.42080312749074167,-0.0033133195247501135,0.2038736790418625,0.2071869985666126
BraTS-MET-01287-002,t2w,tumour_all,12977,2.1708581689084223,1.1524182442026067,12.196710506304932,0.784352073968911,0.8157260689185932,0.46106792404316366,0.35465814487542957
BraTS-MET-01287-002,t2w,NETC,0,,,,,,,
BraTS-MET-01287-002,t2w,SNFH,874,2.7567542561696285,1.3519402336998476,11.159044470105247,0.6975320963949823,-0.752883906410716,0.5751997496699914,1.3280836560807074
BraTS-MET-01287-002,t2w,ET,68,0.29840012905719643,0.47085689106846557,20.81503494135503,0.7998407456491675,-0.7101232684644856,-0.7251169934170321,0.014993724952546472
BraTS-MET-01287-002,t2w,RC,12035,2.138889242148438,1.141779603005476,12.261142046338877,0.6081087624039917,0.9382536504999734,0.45943718415219337,0.4788164663477801
BraTS-MET-01287-002,t2f,support,90748,1.7794416542140588,1.01937745331355,13.060187481960622,0.38856031739327507,-0.00026584762963466346,0.006795215420424938,0.007061063050059602
BraTS-MET-01287-002,t2f,tumour_all,12977,2.378877498251154,1.2009436937357498,11.799304224136504,0.797618378244516,0.9236604020697996,-0.045140110785723664,0.9688005128555233
BraTS-MET-01287-002,t2f,NETC,0,,,,,,,
BraTS-MET-01287-002,t2f,SNFH,874,0.8224604866297671,0.7277017845175479,16.411874584016466,0.8058562655674474,1.046343709462235,0.647795170058771,0.398548539403464
BraTS-MET-01287-002,t2f,ET,68,3.2744304198120524,1.6098787837579627,10.41166734468717,0.13499578760899617,1.4072009859655736,-0.12245174038253026,1.529652726348104
BraTS-MET-01287-002,t2f,RC,12035,2.4868468268337005,1.233000681067299,11.606534643150114,0.6466325560811581,0.9119242685264908,-0.09504896145517705,1.0069732299816678
BraTS-MET-01301-000,t1c,support,140196,1.3867049575372223,0.8321966517930705,14.14318432587952,0.3983386768611785,0.0016746297478675842,0.047934576869010925,0.04625994712114334
BraTS-MET-01301-000,t1c,tumour_all,23608,1.2042626600731328,0.7005522152374182,14.7558128014162,0.7839522482984687,-0.06828193571709562,-0.061516802466940135,0.006765133250155486
BraTS-MET-01301-000,t1c,NETC,51,14.260279045463678,3.3911073470269057,4.021744768840237,0.12009198783822721,1.1136562579504243,-0.6116184316924773,1.7252746896429016
BraTS-MET-01301-000,t1c,SNFH,22728,0.6818308639521199,0.6059501850125034,17.226258445304502,0.6359663502511271,-0.16192011928069405,-0.07752452732529491,0.08439559195539914
BraTS-MET-01301-000,t1c,ET,829,14.724133620969953,3.128654303573481,3.882727507683576,0.9471288894730728,2.4205912372271996,0.4104954238864593,2.0100958133407403
BraTS-MET-01301-000,t1c,RC,0,,,,,,,
BraTS-MET-01301-000,t1n,support,140196,1.4456244582932427,0.8974643520186398,13.962470133920995,0.43069382183145394,0.0017977412790060043,0.11049649119377136,0.10869874991476536
BraTS-MET-01301-000,t1n,tumour_all,23608,1.0425645086463602,0.8467874353210326,15.381995643326242,0.7962519586360518,0.32079309539403766,0.4658891508006491,0.1450960554066114
BraTS-MET-01301-000,t1n,NETC,51,0.5440208466302158,0.6070565666829911,18.206869587841766,0.46642013855886705,-0.2641345866431948,-0.16444331407546997,0.09969127256772481
BraTS-MET-01301-000,t1n,SNFH,22728,1.0583058789698947,0.8546751546041511,15.316912920950497,0.6562883871982722,0.34123648452805355,0.4822285029513296,0.14099201842327602
BraTS-MET-01301-000,t1n,ET,829,0.6416668754129912,0.6452846493545947,17.489928803582295,0.9521775087496,-0.20404181062986027,0.05535926157608628,0.25940107220594655
BraTS-MET-01301-000,t1n,RC,0,,,,,,,
BraTS-MET-01301-000,t2w,support,140196,1.4514432643236754,0.9010825786021159,13.945024364678185,0.4057487200058216,-0.0024742064997553825,0.08233432471752167,0.08480853121727705
BraTS-MET-01301-000,t2w,tumour_all,23608,0.9947186461432588,0.8265110520160587,15.586022418370947,0.7826594799879113,0.6059917211532593,0.22806131234392524,0.37793040880933404
BraTS-MET-01301-000,t2w,NETC,51,1.4867747162923055,1.1258618319224494,13.840573337808467,0.3575438077808643,1.5225289287154737,0.41817749314941466,1.104351435566059
BraTS-MET-01301-000,t2w,SNFH,22728,1.0150444483848453,0.8366850976199862,15.498174405223793,0.6342048623690223,0.5954458622727543,0.21897252602502704,0.3764733362477273
BraTS-MET-01301-000,t2w,ET,829,0.4071918754262717,0.5291617175633542,19.465033966958025,0.9751289251110234,0.8349538564289105,0.46379683865234256,0.37115701777656795
BraTS-MET-01301-000,t2w,RC,0,,,,,,,
BraTS-MET-01301-000,t2f,support,140196,0.9926712649073313,0.7466156367071834,15.594970503321202,0.4361769096235425,0.00561796547845006,0.23299044370651245,0.2273724782280624
BraTS-MET-01301-000,t2f,tumour_all,23608,0.675173266300161,0.6676999389399748,17.26887262837151,0.8804639456518226,1.5284910332411528,1.1565677504986525,0.3719232827425003
BraTS-MET-01301-000,t2f,NETC,51,0.1805880943384399,0.36178916400554134,22.996133856511264,0.9160291333587802,0.9496025380140054,1.1891019279137254,0.23949938989971997
BraTS-MET-01301-000,t2f,SNFH,22728,0.6890227988099776,0.6763179197170036,17.180689084190902,0.8069091537577315,1.5404421011917293,1.1557610628660768,0.3846810383256525
BraTS-MET-01301-000,t2f,ET,829,0.3258990430033418,0.45024756550372086,20.432194155981787,0.9795997315873824,1.2293832080213178,1.1707001586910337,0.05868304933028412
BraTS-MET-01301-000,t2f,RC,0,,,,,,,
BraTS-MET-01301-001,t1c,support,2352,1.5969598915586873,1.0208996476412597,13.530084920135756,0.06088878411553062,-3.114038520379836e-07,-0.5889155864715576,0.5889152750677056
BraTS-MET-01301-001,t1c,tumour_all,62,4.341394980826441,1.7911956671084608,9.186732009479684,-0.0037534146091123453,1.5049960544920395,-0.28606462945754174,1.7910606839495813
BraTS-MET-01301-001,t1c,NETC,0,,,,,,,
BraTS-MET-01301-001,t1c,SNFH,30,1.485407794106905,1.1090712711215018,13.84456802388234,0.0806667070657048,0.48280783004076966,-0.6261203253670828,1.1089281554078525
BraTS-MET-01301-001,t1c,ET,32,7.018882968376005,2.4306872883462347,7.100344996447507,0.01263495244913631,2.4632880768213,0.03273931531293783,2.430548761508362
BraTS-MET-01301-001,t1c,RC,0,,,,,,,
BraTS-MET-01301-001,t1n,support,2352,1.4280303371132688,0.8453694165794016,14.015650670659685,0.11804391435080445,3.114038520379836e-07,0.1311412751674652,0.13114096376361317
BraTS-MET-01301-001,t1n,tumour_all,62,1.2939007636156887,0.8257838676893904,14.444015315959447,0.09446571855213885,-0.28135433868976634,0.4704048039729969,0.7517591426627632
BraTS-MET-01301-001,t1n,NETC,0,,,,,,,
BraTS-MET-01301-001,t1n,SNFH,30,1.496527348446559,1.0393406807134549,13.812178429583323,0.04929630790554386,-0.49598437272345564,0.5433269519853638,1.0393113247088195
BraTS-MET-01301-001,t1n,ET,32,1.1039383403367478,0.6255743554793298,15.133576838952465,0.2078218668078383,-0.0801369136713106,0.40203735388058703,0.48217426755189763
BraTS-MET-01301-001,t1n,RC,0,,,,,,,
BraTS-MET-01301-001,t2w,support,2352,1.271158452488467,0.7610872295997261,14.521028111477879,0.04715068075356551,-1.1677644806695753e-07,-0.19401349127292633,0.19401337449647826
BraTS-MET-01301-001,t2w,tumour_all,62,0.31147348142389264,0.4606591876551148,20.628814236453753,0.4221443165248881,0.0016249685949931703,-0.2631794973058277,0.26480446590082085
BraTS-MET-01301-001,t2w,NETC,0,,,,,,,
BraTS-MET-01301-001,t2w,SNFH,30,0.37784544393225405,0.4943837301495175,19.7898831091327,0.5181311017700604,0.1337976686010336,-0.2356921634163882,0.3694898320174218
BraTS-MET-01301-001,t2w,ET,32,0.24924976657230377,0.4290424290666124,21.596677405094027,0.6255144543117948,-0.12228695787598554,-0.28894723670600797,0.16666027883002243
BraTS-MET-01301-001,t2w,RC,0,,,,,,,
BraTS-MET-01301-001,t2f,support,2352,2.323681754370283,1.2375180400218584,11.901258528601172,0.14037898880433172,4.930561203764228e-07,-0.7541309595108032,0.7541314525669236
BraTS-MET-01301-001,t2f,tumour_all,62,7.7159712082165175,2.6121047022902677,6.6891190234183995,0.5273541905577682,1.2722029818914962,-1.3397308823332423,2.6119338642247385
BraTS-MET-01301-001,t2f,NETC,0,,,,,,,
BraTS-MET-01301-001,t2f,SNFH,30,10.260152982913278,3.126881657044093,5.451486644418075,0.3641117585565163,1.5084134606481712,-1.6182903668523068,3.126703827500478
BraTS-MET-01301-001,t2f,ET,32,5.330800794438304,2.1295013072085567,8.295100469972752,0.3210439696494076,1.0507477387056952,-1.0785728744085645,2.1293206131142597
BraTS-MET-01301-001,t2f,RC,0,,,,,,,
BraTS-MET-01310-001,t1c,support,1560,1.2274052027529136,0.8501515222196945,14.673145409182073,0.10130554034644342,0.0,0.20397186279296875,0.20397186279296875
BraTS-MET-01310-001,t1c,tumour_all,31,0.1470091251749037,0.33940644514176155,23.889582075830017,0.8349118147577558,0.8413301749071707,0.5078986167641233,0.33343155814304737
BraTS-MET-01310-001,t1c,NETC,0,,,,,,,
BraTS-MET-01310-001,t1c,SNFH,0,,,,,,,
BraTS-MET-01310-001,t1c,ET,31,0.1470091251749037,0.33940644514176155,23.889582075830017,0.8349118147577558,0.8413301749071707,0.5078986167641233,0.33343155814304737
BraTS-MET-01310-001,t1c,RC,0,,,,,,,
BraTS-MET-01310-001,t1n,support,1560,1.0421681531266205,0.8846061753724616,15.383647030291348,0.07592736118567141,-1.5650040552372957e-07,0.0798843502998352,0.07988450680024073
BraTS-MET-01310-001,t1n,tumour_all,31,0.6697296875929623,0.6688936480711545,17.304029501183436,0.4001925644420442,0.19547264920268503,0.3318188030677902,0.13634615386510518
BraTS-MET-01310-001,t1n,NETC,0,,,,,,,
BraTS-MET-01310-001,t1n,SNFH,0,,,,,,,
BraTS-MET-01310-001,t1n,ET,31,0.6697296875929623,0.6688936480711545,17.304029501183436,0.4001925644420442,0.19547264920268503,0.3318188030677902,0.13634615386510518
BraTS-MET-01310-001,t1n,RC,0,,,,,,,
BraTS-MET-01310-001,t2w,support,1560,1.0682205949598091,0.8497736738579428,15.27641553991332,0.29422951365139605,-7.825020276186478e-08,0.22800545394420624,0.228005532194409
BraTS-MET-01310-001,t2w,tumour_all,31,1.3810491366123843,1.1162762352896314,14.160933700670139,0.01447558404123854,-0.7314325503537589,0.3685839329091323,1.1000164832628911
BraTS-MET-01310-001,t2w,NETC,0,,,,,,,
BraTS-MET-01310-001,t2w,SNFH,0,,,,,,,
BraTS-MET-01310-001,t2w,ET,31,1.3810491366123843,1.1162762352896314,14.160933700670139,0.01447558404123854,-0.7314325503537589,0.3685839329091323,1.1000164832628911
BraTS-MET-01310-001,t2w,RC,0,,,,,,,
BraTS-MET-01310-001,t2f,support,1560,1.99208361327454,1.1303261580065458,12.569949377530703,0.07843444768237164,7.825020276186478e-08,-0.02784010022878647,0.02784017847898923
BraTS-MET-01310-001,t2f,tumour_all,31,2.9100062403813767,1.2391759574623598,10.924085804548195,0.022490642643311902,0.021082129837661334,-0.9020955336493159,0.9231776634869773
BraTS-MET-01310-001,t2f,NETC,0,,,,,,,
BraTS-MET-01310-001,t2f,SNFH,0,,,,,,,
BraTS-MET-01310-001,t2f,ET,31,2.9100062403813767,1.2391759574623598,10.924085804548195,0.022490642643311902,0.021082129837661334,-0.9020955336493159,0.9231776634869773
BraTS-MET-01310-001,t2f,RC,0,,,,,,,
BraTS-MET-01310-002,t1c,support,1188,1.377649501617659,0.9480904005682496,14.171637613345712,0.05539492283792306,2.568819645887288e-08,-0.02813783288002014,0.0281378585682166
BraTS-MET-01310-002,t1c,tumour_all,9,2.6958002305069746,1.5072879824373457,11.256147946558519,0.19893266757329306,1.370867627346911,-0.136419925094458,1.507287552441369
BraTS-MET-01310-002,t1c,NETC,0,,,,,,,
BraTS-MET-01310-002,t1c,SNFH,0,,,,,,,
BraTS-MET-01310-002,t1c,ET,9,2.6958002305069746,1.5072879824373457,11.256147946558519,0.19893266757329306,1.370867627346911,-0.136419925094458,1.507287552441369
BraTS-MET-01310-002,t1c,RC,0,,,,,,,
BraTS-MET-01310-002,t1n,support,1188,2.7933972306153305,1.4147960578105847,11.10169802517917,0.21361396364291732,1.5412918230595096e-07,0.15330789983272552,0.15330774570354322
BraTS-MET-01310-002,t1n,tumour_all,9,0.5935883118659984,0.5954793882038858,17.828171599486012,0.6933688024679819,0.535139898966186,0.09543858911251846,0.4397013098536675
BraTS-MET-01310-002,t1n,NETC,0,,,,,,,
BraTS-MET-01310-002,t1n,SNFH,0,,,,,,,
BraTS-MET-01310-002,t1n,ET,9,0.5935883118659984,0.5954793882038858,17.828171599486012,0.6933688024679819,0.535139898966186,0.09543858911251846,0.4397013098536675
BraTS-MET-01310-002,t1n,RC,0,,,,,,,
BraTS-MET-01310-002,t2w,support,1188,1.5440562278905177,0.9628828446394905,13.67639389341437,0.2544965420885827,-7.706459115297548e-08,-0.36254268884658813,0.362542611781997
BraTS-MET-01310-002,t2w,tumour_all,9,0.1690221035749969,0.32855336533652413,23.28358998325521,0.9159514407316843,-0.861404281649925,-0.5434105928043209,0.3179936888456041
BraTS-MET-01310-002,t2w,NETC,0,,,,,,,
BraTS-MET-01310-002,t2w,SNFH,0,,,,,,,
BraTS-MET-01310-002,t2w,ET,9,0.1690221035749969,0.32855336533652413,23.28358998325521,0.9159514407316843,-0.861404281649925,-0.5434105928043209,0.3179936888456041
BraTS-MET-01310-002,t2w,RC,0,,,,,,,
BraTS-MET-01310-002,t2f,support,1188,1.1631374357405113,0.8024793106618721,14.906714669870297,0.26720351670742415,2.568819645887288e-08,0.36272937059402466,0.3627293449058282
BraTS-MET-01310-002,t2f,tumour_all,9,0.3217212281174066,0.4642145352231132,20.488227828864943,0.8184322516123453,0.7658949135287259,0.31315255726713076,0.4527423562615951
BraTS-MET-01310-002,t2f,NETC,0,,,,,,,
BraTS-MET-01310-002,t2f,SNFH,0,,,,,,,
BraTS-MET-01310-002,t2f,ET,9,0.3217212281174066,0.4642145352231132,20.488227828864943,0.8184322516123453,0.7658949135287259,0.31315255726713076,0.4527423562615951
BraTS-MET-01310-002,t2f,RC,0,,,,,,,
BraTS-MET-01331-002,t1c,support,56426,1.3350152244296625,0.78414214816681,14.308162823714934,0.9280889634658984,8.653479710574175e-09,-0.014672487042844296,0.014672495696324006
BraTS-MET-01331-002,t1c,tumour_all,6904,3.942930229425148,1.2830431417278367,9.6048340851368,0.9815358522011166,0.9391601623428869,0.008028711996303173,0.9311314503465837
BraTS-MET-01331-002,t1c,NETC,5143,3.021543608865449,1.035889047304954,10.76073634119613,0.9842051770392619,0.4620401590727852,-0.12325574316287202,0.5852959022356572
BraTS-MET-01331-002,t1c,SNFH,0,,,,,,,
BraTS-MET-01331-002,t1c,ET,1761,6.633839593160826,2.0048566043155067,7.345375347365739,0.9919021016949683,2.332433152354497,0.391429952256658,1.941003200097839
BraTS-MET-01331-002,t1c,RC,0,,,,,,,
BraTS-MET-01331-002,t1n,support,56426,1.3487800520292357,0.858505865986784,14.263613664979571,0.9326997164408927,6.490109782930631e-09,-0.11150825023651123,0.11150825672662101
BraTS-MET-01331-002,t1n,tumour_all,6904,3.402162716087326,1.466119295266053,10.245474198831772,0.9815332593677485,0.7539688608885626,-0.2921163554347004,1.046085216323263
BraTS-MET-01331-002,t1n,NETC,5143,4.027668411537772,1.620516524691311,9.512487918566915,0.9853557142585381,1.2914587039413163,-0.17896259443296003,1.4704212983742764
BraTS-MET-01331-002,t1n,SNFH,0,,,,,,,
BraTS-MET-01331-002,t1n,ET,1761,1.5753735101238702,1.0152022305675281,13.589189622261898,0.9917395507385698,-0.8157966258058877,-0.6225372154585784,0.1932594103473093
BraTS-MET-01331-002,t1n,RC,0,,,,,,,
BraTS-MET-01331-002,t2w,support,56426,1.5114519337725796,0.9034018198356008,13.769081601891154,0.9319196651503258,2.758296702154439e-08,0.09411755949258804,0.09411753190962102
BraTS-MET-01331-002,t2w,tumour_all,6904,2.1067430486647525,1.1125759790371517,12.326909311544389,0.9797466093662073,-0.13030505589358654,0.34694808344283956,0.4772531393364261
BraTS-MET-01331-002,t2w,NETC,5143,2.321390714379491,1.184706079057927,11.905542578476375,0.9827851146916377,-0.030869541160541303,0.4106372538699361,0.4415067950304774
BraTS-MET-01331-002,t2w,SNFH,0,,,,,,,
BraTS-MET-01331-002,t2w,ET,1761,1.4798646018896806,0.9019200424063466,13.860805187116016,0.9920619750931606,-0.42068124978140986,0.16091183981188806,0.5815930895932979
BraTS-MET-01331-002,t2w,RC,0,,,,,,,
BraTS-MET-01331-002,t2f,support,56426,1.6513491294191378,0.9592872414586657,13.384635989455955,0.9318210350289244,3.3532234766653346e-08,0.1688995063304901,0.16889947279825535
BraTS-MET-01331-002,t2f,tumour_all,6904,2.8237674944518507,1.3332458810424026,11.05473566189778,0.980957900812148,-0.06682647083880511,0.5670632739820576,0.6338897448208627
BraTS-MET-01331-002,t2f,NETC,5143,2.9244793192888854,1.350224377788963,10.902539462084748,0.9847126770044636,0.1754033576053189,0.6529874096158892,0.4775840520105703
BraTS-MET-01331-002,t2f,SNFH,0,,,,,,,
BraTS-MET-01331-002,t2f,ET,1761,2.529638638610356,1.2836601861147703,11.532440145583795,0.9915199854672249,-0.7742252286134317,0.3160678096464835,1.0902930382599152
BraTS-MET-01331-002,t2f,RC,0,,,,,,,
BraTS-MET-01351-000,t1c,support,30603,1.7869578212003225,0.984674364963437,13.041881990932815,0.9862174307842889,3.988835040047434e-09,0.4200098514556885,0.42000984746685344
BraTS-MET-01351-000,t1c,tumour_all,3361,3.033045394335138,1.3014651127344732,10.744235905022123,0.9973582178872005,1.0082501925098768,1.4587278314793366,0.4504776389694598
BraTS-MET-01351-000,t1c,NETC,111,14.921930440137327,3.5547969636385672,3.824774896100843,0.06748910972396109,-0.3272654372965178,3.222615710525133,3.549881147821651
BraTS-MET-01351-000,t1c,SNFH,1331,0.9720684149821953,0.7764348413784824,15.686056687590826,0.9943766703976025,-0.15768833557581274,0.3771785451390315,0.5348668807148442
BraTS-MET-01351-000,t1c,ET,1919,3.7748349302573487,1.5352824424501943,9.794045356486446,0.9984514698165606,1.89415976118471,2.1068113765941234,0.21265161540941335
BraTS-MET-01351-000,t1c,RC,0,,,,,,,
BraTS-MET-01351-000,t1n,support,30603,1.6209892125360819,0.9606915773508584,13.465223760801802,0.9866064806940422,-1.5955340160189735e-08,0.18360325694084167,0.18360327289618183
BraTS-MET-01351-000,t1n,tumour_all,3361,1.1741635778851618,0.864708340641992,14.865738961690287,0.9971060754042934,-0.1904736917927039,-0.0009090190251299646,0.18956467276757394
BraTS-MET-01351-000,t1n,NETC,111,5.065298397814727,2.220539926547087,8.516974659363164,0.052073794978891134,-2.4490318526263763,-0.22854450336672016,2.220487349259656
BraTS-MET-01351-000,t1n,SNFH,1331,0.9837559976859727,0.7771667318387689,15.634151076197526,0.9948800945501522,0.23227412847836604,-0.16625231411671848,0.3985264425950845
BraTS-MET-01351-000,t1n,ET,1919,1.0811549922848174,0.8470015012890083,15.224145427354172,0.9981216503635493,-0.35304028449218094,0.12693948532250943,0.47997976981469037
BraTS-MET-01351-000,t1n,RC,0,,,,,,,
BraTS-MET-01351-000,t2w,support,30603,1.6607999071210082,0.9596991189709358,13.359851888865165,0.9863205023874826,-3.5899514472248484e-08,0.34170442819595337,0.34170446409546784
BraTS-MET-01351-000,t2w,tumour_all,3361,1.3349422556892645,0.8413785042728031,14.308400205182995,0.9973173523827932,0.5403577991255588,0.6966946724496665,0.15633687332410773
BraTS-MET-01351-000,t2w,NETC,111,1.9951000437522917,1.2447745787936288,12.56337822619109,0.486085305389549,2.083296880400212,0.8460170053003822,1.23727987509983
BraTS-MET-01351-000,t2w,SNFH,1331,0.9121897987095624,0.7371193971816827,15.96217289679862,0.9950119397054976,0.157667607798885,0.5248949389424524,0.3672273311435674
BraTS-MET-01351-000,t2w,ET,1919,1.5899740460826919,0.8903581328639807,13.54912465588387,0.9981893338204203,0.7165243918652777,0.8071961167443078,0.09067172487903008
BraTS-MET-01351-000,t2w,RC,0,,,,,,,
BraTS-MET-01351-000,t2f,support,30603,1.4831487598340736,0.9041651057983727,13.85117787813761,0.9867761022134985,-2.3534126114554965e-07,0.47108909487724304,0.4710893302185042
BraTS-MET-01351-000,t2f,tumour_all,3361,1.0222503064599708,0.7787829760863282,15.467452513439419,0.9982899116086879,1.0308629078572267,0.9893723815548583,0.04149052630236838
BraTS-MET-01351-000,t2f,NETC,111,2.0220541743644724,1.2717338699453116,12.505097138484203,0.1661863074923815,-0.03508185279824616,1.08030127431266,1.1153831271109063
BraTS-MET-01351-000,t2f,SNFH,1331,0.7332059538007508,0.6424754523461549,16.91076517891846,0.9977614007228783,1.2407969018186122,0.9538723545701941,0.2869245472484181
BraTS-MET-01351-000,t2f,ET,1919,1.1648974164401806,0.8448109932201602,14.900148186975745,0.9986828971470705,0.9468815722993895,1.0087059903526097,0.06182441805322014
BraTS-MET-01351-000,t2f,RC,0,,,,,,,
BraTS-MET-01351-002,t1c,support,527329,1.6728636823513232,0.9371329161883417,13.328419479786257,0.9389110292656226,0.010568322613835335,0.023316187784075737,0.012747865170240402
BraTS-MET-01351-002,t1c,tumour_all,41943,2.9231157899569182,1.2078378704489083,10.904564818712409,0.9886493846469928,0.49130705086281523,0.28200600948730425,0.20930104137551098
BraTS-MET-01351-002,t1c,NETC,101,1.9234327061302952,1.142772084125087,12.722255042328579,0.9997010883967111,0.5043227935639152,0.5296539269402274,0.02533113337631221
BraTS-MET-01351-002,t1c,SNFH,27674,1.0340773125181495,0.7939115777286181,15.417494908828473,0.9927573438704749,-0.2721760942367837,0.14852396634523757,0.42070006058202125
BraTS-MET-01351-002,t1c,ET,14168,6.62005387692099,2.016813581146256,7.354409768329839,0.9923828282795685,1.9820434376451885,0.5407796802683151,1.4412637573768734
BraTS-MET-01351-002,t1c,RC,0,,,,,,,
BraTS-MET-01351-002,t1n,support,527329,1.7457028817243814,0.9971515351276887,13.143321719406755,0.9430848420620629,-0.02509060874581337,0.0458308681845665,0.07092147693037987
BraTS-MET-01351-002,t1n,tumour_all,41943,1.1447691513096374,0.8178315568132587,14.975845830174109,0.9901694140928218,0.24965712582343258,0.04996569425566122,0.19969143156777136
BraTS-MET-01351-002,t1n,NETC,101,0.8523607165310586,0.7287280989377437,16.256790749608435,0.9998410545312676,-0.09120006657030899,-0.5514380861422978,0.46023801957198884
BraTS-MET-01351-002,t1n,SNFH,27674,1.0529691129647523,0.7942769328554372,15.338868686755404,0.9930383798859465,0.3024612812005216,0.07420832697243895,0.22825295422808267
BraTS-MET-01351-002,t1n,ET,14168,1.326164373858267,0.86447541004972,14.337051439418536,0.9939637342686907,0.14882401619979646,0.006879990571178496,0.14194402562861796
BraTS-MET-01351-002,t1n,RC,0,,,,,,,
BraTS-MET-01351-002,t2w,support,527329,1.5718458509560445,0.9423966874978318,13.59892547716401,0.9409008859948127,0.0005973402294330299,0.06655954569578171,0.06596220546634868
BraTS-MET-01351-002,t2w,tumour_all,41943,1.215928113771221,0.8540779602662866,14.713946007609408,0.9897726701876828,0.46156935834733304,0.17226722789928317,0.28930213044804987
BraTS-MET-01351-002,t2w,NETC,101,2.4941641471441804,1.216171140229274,11.593774686844828,0.9997283473749007,-0.048944002948246634,0.3694070979836397,0.4183511009318863
BraTS-MET-01351-002,t2w,SNFH,27674,1.0091469255298864,0.7928010369689334,15.523480993454793,0.9928059475386645,0.5942646612529643,0.23542317879037,0.3588414824625943
BraTS-MET-01351-002,t2w,ET,14168,1.610716422920008,0.9711873733206832,13.492834139803485,0.993437135648679,0.2058012855177367,0.04742311919108033,0.15837816632665636
BraTS-MET-01351-002,t2w,RC,0,,,,,,,
BraTS-MET-01351-002,t2f,support,527329,1.6116997893070677,0.9652621300482006,13.490183516291687,0.9412580461042183,-0.0045426408760249615,0.18982917070388794,0.1943718115799129
BraTS-MET-01351-002,t2f,tumour_all,41943,0.972511378188081,0.7541907018529425,15.684078095814797,0.9917809236759764,0.9638220186461695,0.712589529750403,0.25123248889576644
BraTS-MET-01351-002,t2f,NETC,101,1.5287272370990204,1.0195609573459272,13.719724973629372,0.9997325228539818,-0.28672123741671385,0.5794218365917914,0.8661430740085052
BraTS-MET-01351-002,t2f,SNFH,27674,0.8962715476427257,0.7149222328550735,16.038628909089006,0.995095653800972,1.2045948328450322,0.8515262076398358,0.35306862520519644
BraTS-MET-01351-002,t2f,ET,14168,1.1174636134197407,0.8290010643065163,15.080691101251007,0.9943511569597244,0.501979723405384,0.4418051366810687,0.060174586724315304
BraTS-MET-01351-002,t2f,RC,0,,,,,,,
BraTS-MET-01351-003,t1c,support,33690,1.5079964047553494,0.9253408984596654,13.779021946425335,0.9912897009141362,4.3027156948483025e-08,-0.011380529031157494,0.011380572058314442
BraTS-MET-01351-003,t1c,tumour_all,579,4.039125616948144,1.6946735234169286,9.500151408136702,0.9989310248031019,1.671937349381551,0.10487933527838322,1.5670580141031678
BraTS-MET-01351-003,t1c,NETC,54,2.164305719528942,1.215016675945932,12.209838936273043,0.126516121685771,0.9596016681131232,-0.19811982805299522,1.1577214961661184
BraTS-MET-01351-003,t1c,SNFH,25,0.5506046606342363,0.6043138016760349,18.15462617576368,0.9998840425746643,-0.10282361030069076,-0.13356381342191526,0.030740203121224496
BraTS-MET-01351-003,t1c,ET,500,4.416032213685114,1.8009944490308407,9.11270267981231,0.9990178121585082,1.8376058345102138,0.14952540718013552,1.6880804273300782
BraTS-MET-01351-003,t1c,RC,0,,,,,,,
BraTS-MET-01351-003,t1n,support,33690,1.8806178024128881,1.0371391760670032,12.82001957831804,0.9919880218480445,-1.4855692143100896e-07,0.26302358508110046,0.2630237336380219
BraTS-MET-01351-003,t1n,tumour_all,579,1.277460323870503,0.850815474496437,14.499550803297648,0.9992346662970853,0.44257505761038374,0.17443983277189545,0.2681352248384883
BraTS-MET-01351-003,t1n,NETC,54,1.6763495456834108,1.2783078694785084,13.319379196869832,0.4335349828004837,1.949768137367414,0.6713732589560095,1.2783948784114045
BraTS-MET-01351-003,t1n,SNFH,25,2.183758153398931,1.3952208783477544,12.170979612676318,0.9997262485883159,-0.22391017753844977,0.41686379699240206,0.6407739745308518
BraTS-MET-01351-003,t1n,ET,500,1.1890653964382876,0.7774260256458074,14.810967600836168,0.9993784105853752,0.3131212032910753,0.10864925431815209,0.2044719489729232
BraTS-MET-01351-003,t1n,RC,0,,,,,,,
BraTS-MET-01351-003,t2w,support,33690,1.8156038299753265,1.0347377696247757,12.97281410561096,0.9916081887431484,-1.2681688588145335e-08,0.03386048600077629,0.03386049868246488
BraTS-MET-01351-003,t2w,tumour_all,579,1.8984911041050259,1.1221246095784394,12.77893934291287,0.9991673177775411,-0.30980359230966314,0.12330483106416068,0.4331084233738238
BraTS-MET-01351-003,t2w,NETC,54,1.7300873242519967,1.201443017391419,13.18234476549668,0.048994879727251826,-0.9371017969651803,0.26433074974465853,1.2014325467098388
BraTS-MET-01351-003,t2w,SNFH,25,0.4881775198684288,0.5973705463111401,18.677247240922604,0.9998940366631648,0.10255276672459601,-0.33201623567765637,0.4345690024022524
BraTS-MET-01351-003,t2w,ET,500,1.9871943915409824,1.1397959246980027,12.580621479784504,0.9992480191996128,-0.26267254010053875,0.13083993997224752,0.3935124800727863
BraTS-MET-01351-003,t2w,RC,0,,,,,,,
BraTS-MET-01351-003,t2f,support,33690,1.742767851422318,1.0375627186541323,13.150629607949782,0.9917060986204924,6.159677212735915e-08,0.32486385107040405,0.3248637894736319
BraTS-MET-01351-003,t2f,tumour_all,579,2.0641009072718677,1.1652914366192955,12.41571576029098,0.9989801675461089,-0.3923283867425198,0.3164295571477851,0.7087579438903049
BraTS-MET-01351-003,t2f,NETC,54,2.479492011048038,1.4749590841346178,11.619397874397524,0.03957416799821658,-1.3704727937468988,0.10438048311334569,1.4748532768602445
BraTS-MET-01351-003,t2f,SNFH,25,0.9674699614631731,0.761552546620369,15.706650110797586,0.9998235116335441,1.4376326720434633,0.7165298486143001,0.7211028234291632
BraTS-MET-01351-003,t2f,ET,500,2.0740702153544763,1.152034275187587,12.394790459057717,0.9990777541857657,-0.37818615869571204,0.31932533884537406,0.6975114975410861
BraTS-MET-01351-003,t2f,RC,0,,,,,,,
