[Metadata] architecture params from /root/brats2026/recovery/g1_diffusion_v3_final_a800_recovery_20260720/checkpoints/brats2026_diffusion_v3_edm_zscore/t1c/weights/diffusion_150000.pt
[Metadata] in_channels=5 (checkpoint metadata)
[Device] cuda
[CSV] 734 case(s), split=val, from /root/brats2026/recovery/g1_diffusion_v3_final_a800_recovery_20260720/splits/full_eval_150000_v2/val_positive94.csv
[Schedule] edm, n_steps=1000, sampling_method=edm_heun

[Mode] whole_brain — grouping by patient_id, crop_size=64, large_lesion=tile
[Unet_NnU] Using ContinuousNoiseEmbedding (EDM / logsnr mode)
  time_ch_count=8
Using TimeConditionedUNet_NnU (Diffusion + nnU-Net planner)
[Unet_NnU] GPU=79.4GB | channels=(48, 96, 192, 384) strides=(2, 2, 2) | suggested_batch=39
  [t1c] loaded: /root/brats2026/recovery/g1_diffusion_v3_final_a800_recovery_20260720/checkpoints/brats2026_diffusion_v3_edm_zscore/t1c/weights/diffusion_150000.pt
[Unet_NnU] Using ContinuousNoiseEmbedding (EDM / logsnr mode)
  time_ch_count=8
Using TimeConditionedUNet_NnU (Diffusion + nnU-Net planner)
[Unet_NnU] GPU=79.4GB | channels=(48, 96, 192, 384) strides=(2, 2, 2) | suggested_batch=39
  [t1n] loaded: /root/brats2026/recovery/g1_diffusion_v3_final_a800_recovery_20260720/checkpoints/brats2026_diffusion_v3_edm_zscore/t1n/weights/diffusion_150000.pt
[Unet_NnU] Using ContinuousNoiseEmbedding (EDM / logsnr mode)
  time_ch_count=8
Using TimeConditionedUNet_NnU (Diffusion + nnU-Net planner)
[Unet_NnU] GPU=79.4GB | channels=(48, 96, 192, 384) strides=(2, 2, 2) | suggested_batch=39
  [t2w] loaded: /root/brats2026/recovery/g1_diffusion_v3_final_a800_recovery_20260720/checkpoints/brats2026_diffusion_v3_edm_zscore/t2w/weights/diffusion_150000.pt
[Unet_NnU] Using ContinuousNoiseEmbedding (EDM / logsnr mode)
  time_ch_count=8
Using TimeConditionedUNet_NnU (Diffusion + nnU-Net planner)
[Unet_NnU] GPU=79.4GB | channels=(48, 96, 192, 384) strides=(2, 2, 2) | suggested_batch=39
  [t2f] loaded: /root/brats2026/recovery/g1_diffusion_v3_final_a800_recovery_20260720/checkpoints/brats2026_diffusion_v3_edm_zscore/t2f/weights/diffusion_150000.pt

  Patient: 00006-000 (14 lesion(s) in CSV)
    10 lesion(s) after merging
    [tile 1/48] pos=(0:64,0:64,0:64) content=(64,64,64)
    [tile 2/48] pos=(0:64,0:64,32:96) content=(64,64,64)
    [tile 3/48] pos=(0:64,0:64,64:103) content=(64,64,39)
    [tile 4/48] pos=(0:64,0:64,96:103) content=(64,64,7)
    [tile 5/48] pos=(0:64,32:96,0:64) content=(64,64,64)
    [tile 6/48] pos=(0:64,32:96,32:96) content=(64,64,64)
    [tile 7/48] pos=(0:64,32:96,64:103) content=(64,64,39)
    [tile 8/48] pos=(0:64,32:96,96:103) content=(64,64,7)
    [tile 9/48] pos=(0:64,64:116,0:64) content=(64,52,64)
    [tile 10/48] pos=(0:64,64:116,32:96) content=(64,52,64)
    [tile 11/48] pos=(0:64,64:116,64:103) content=(64,52,39)
    [tile 12/48] pos=(0:64,64:116,96:103) content=(64,52,7)
    [tile 13/48] pos=(0:64,96:116,0:64) content=(64,20,64)
    [tile 14/48] pos=(0:64,96:116,32:96) content=(64,20,64)
    [tile 15/48] pos=(0:64,96:116,64:103) content=(64,20,39)
    [tile 16/48] pos=(0:64,96:116,96:103) content=(64,20,7)
    [tile 17/48] pos=(32:68,0:64,0:64) content=(36,64,64)
    [tile 18/48] pos=(32:68,0:64,32:96) content=(36,64,64)
    [tile 19/48] pos=(32:68,0:64,64:103) content=(36,64,39)
    [tile 20/48] pos=(32:68,0:64,96:103) content=(36,64,7)
    [tile 21/48] pos=(32:68,32:96,0:64) content=(36,64,64)
    [tile 22/48] pos=(32:68,32:96,32:96) content=(36,64,64)
    [tile 23/48] pos=(32:68,32:96,64:103) content=(36,64,39)
    [tile 24/48] pos=(32:68,32:96,96:103) content=(36,64,7)
    [tile 25/48] pos=(32:68,64:116,0:64) content=(36,52,64)
    [tile 26/48] pos=(32:68,64:116,32:96) content=(36,52,64)
    [tile 27/48] pos=(32:68,64:116,64:103) content=(36,52,39)
    [tile 28/48] pos=(32:68,64:116,96:103) content=(36,52,7)
    [tile 29/48] pos=(32:68,96:116,0:64) content=(36,20,64)
    [tile 30/48] pos=(32:68,96:116,32:96) content=(36,20,64)
    [tile 31/48] pos=(32:68,96:116,64:103) content=(36,20,39)
    [tile 32/48] pos=(32:68,96:116,96:103) content=(36,20,7)
    [tile 33/48] pos=(64:68,0:64,0:64) content=(4,64,64)
    [tile 34/48] pos=(64:68,0:64,32:96) content=(4,64,64)
    [tile 35/48] pos=(64:68,0:64,64:103) content=(4,64,39)
    [tile 36/48] pos=(64:68,0:64,96:103) content=(4,64,7)
    [tile 37/48] pos=(64:68,32:96,0:64) content=(4,64,64)
    [tile 38/48] pos=(64:68,32:96,32:96) content=(4,64,64)
    [tile 39/48] pos=(64:68,32:96,64:103) content=(4,64,39)
    [tile 40/48] pos=(64:68,32:96,96:103) content=(4,64,7)
    [tile 41/48] pos=(64:68,64:116,0:64) content=(4,52,64)
    [tile 42/48] pos=(64:68,64:116,32:96) content=(4,52,64)
    [tile 43/48] pos=(64:68,64:116,64:103) content=(4,52,39)
    [tile 44/48] pos=(64:68,64:116,96:103) content=(4,52,7)
    [tile 45/48] pos=(64:68,96:116,0:64) content=(4,20,64)
    [tile 46/48] pos=(64:68,96:116,32:96) content=(4,20,64)
    [tile 47/48] pos=(64:68,96:116,64:103) content=(4,20,39)
    [tile 48/48] pos=(64:68,96:116,96:103) content=(4,20,7)
    [t1c] masked-MSE=3.6642 MAE=1.2153 PSNR=9.92dB ssim_whole=0.9020 ssim_support=0.6290 ssim_lesion=0.0658
    [tile 1/48] pos=(0:64,0:64,0:64) content=(64,64,64)
    [tile 2/48] pos=(0:64,0:64,32:96) content=(64,64,64)
    [tile 3/48] pos=(0:64,0:64,64:103) content=(64,64,39)
    [tile 4/48] pos=(0:64,0:64,96:103) content=(64,64,7)
    [tile 5/48] pos=(0:64,32:96,0:64) content=(64,64,64)
    [tile 6/48] pos=(0:64,32:96,32:96) content=(64,64,64)
    [tile 7/48] pos=(0:64,32:96,64:103) content=(64,64,39)
    [tile 8/48] pos=(0:64,32:96,96:103) content=(64,64,7)
    [tile 9/48] pos=(0:64,64:116,0:64) content=(64,52,64)
    [tile 10/48] pos=(0:64,64:116,32:96) content=(64,52,64)
    [tile 11/48] pos=(0:64,64:116,64:103) content=(64,52,39)
    [tile 12/48] pos=(0:64,64:116,96:103) content=(64,52,7)
    [tile 13/48] pos=(0:64,96:116,0:64) content=(64,20,64)
    [tile 14/48] pos=(0:64,96:116,32:96) content=(64,20,64)
    [tile 15/48] pos=(0:64,96:116,64:103) content=(64,20,39)
    [tile 16/48] pos=(0:64,96:116,96:103) content=(64,20,7)
    [tile 17/48] pos=(32:68,0:64,0:64) content=(36,64,64)
    [tile 18/48] pos=(32:68,0:64,32:96) content=(36,64,64)
    [tile 19/48] pos=(32:68,0:64,64:103) content=(36,64,39)
    [tile 20/48] pos=(32:68,0:64,96:103) content=(36,64,7)
    [tile 21/48] pos=(32:68,32:96,0:64) content=(36,64,64)
    [tile 22/48] pos=(32:68,32:96,32:96) content=(36,64,64)
    [tile 23/48] pos=(32:68,32:96,64:103) content=(36,64,39)
    [tile 24/48] pos=(32:68,32:96,96:103) content=(36,64,7)
    [tile 25/48] pos=(32:68,64:116,0:64) content=(36,52,64)
    [tile 26/48] pos=(32:68,64:116,32:96) content=(36,52,64)
    [tile 27/48] pos=(32:68,64:116,64:103) content=(36,52,39)
    [tile 28/48] pos=(32:68,64:116,96:103) content=(36,52,7)
    [tile 29/48] pos=(32:68,96:116,0:64) content=(36,20,64)
    [tile 30/48] pos=(32:68,96:116,32:96) content=(36,20,64)
    [tile 31/48] pos=(32:68,96:116,64:103) content=(36,20,39)
    [tile 32/48] pos=(32:68,96:116,96:103) content=(36,20,7)
    [tile 33/48] pos=(64:68,0:64,0:64) content=(4,64,64)
    [tile 34/48] pos=(64:68,0:64,32:96) content=(4,64,64)
    [tile 35/48] pos=(64:68,0:64,64:103) content=(4,64,39)
    [tile 36/48] pos=(64:68,0:64,96:103) content=(4,64,7)
    [tile 37/48] pos=(64:68,32:96,0:64) content=(4,64,64)
    [tile 38/48] pos=(64:68,32:96,32:96) content=(4,64,64)
    [tile 39/48] pos=(64:68,32:96,64:103) content=(4,64,39)
    [tile 40/48] pos=(64:68,32:96,96:103) content=(4,64,7)
    [tile 41/48] pos=(64:68,64:116,0:64) content=(4,52,64)
    [tile 42/48] pos=(64:68,64:116,32:96) content=(4,52,64)
    [tile 43/48] pos=(64:68,64:116,64:103) content=(4,52,39)
    [tile 44/48] pos=(64:68,64:116,96:103) content=(4,52,7)
    [tile 45/48] pos=(64:68,96:116,0:64) content=(4,20,64)
    [tile 46/48] pos=(64:68,96:116,32:96) content=(4,20,64)
    [tile 47/48] pos=(64:68,96:116,64:103) content=(4,20,39)
    [tile 48/48] pos=(64:68,96:116,96:103) content=(4,20,7)
    [t1n] masked-MSE=2.1329 MAE=1.1271 PSNR=12.27dB ssim_whole=0.8988 ssim_support=0.6173 ssim_lesion=0.0222
    [tile 1/48] pos=(0:64,0:64,0:64) content=(64,64,64)
    [tile 2/48] pos=(0:64,0:64,32:96) content=(64,64,64)
    [tile 3/48] pos=(0:64,0:64,64:103) content=(64,64,39)
    [tile 4/48] pos=(0:64,0:64,96:103) content=(64,64,7)
    [tile 5/48] pos=(0:64,32:96,0:64) content=(64,64,64)
    [tile 6/48] pos=(0:64,32:96,32:96) content=(64,64,64)
    [tile 7/48] pos=(0:64,32:96,64:103) content=(64,64,39)
    [tile 8/48] pos=(0:64,32:96,96:103) content=(64,64,7)
    [tile 9/48] pos=(0:64,64:116,0:64) content=(64,52,64)
    [tile 10/48] pos=(0:64,64:116,32:96) content=(64,52,64)
    [tile 11/48] pos=(0:64,64:116,64:103) content=(64,52,39)
    [tile 12/48] pos=(0:64,64:116,96:103) content=(64,52,7)
    [tile 13/48] pos=(0:64,96:116,0:64) content=(64,20,64)
    [tile 14/48] pos=(0:64,96:116,32:96) content=(64,20,64)
    [tile 15/48] pos=(0:64,96:116,64:103) content=(64,20,39)
    [tile 16/48] pos=(0:64,96:116,96:103) content=(64,20,7)
    [tile 17/48] pos=(32:68,0:64,0:64) content=(36,64,64)
    [tile 18/48] pos=(32:68,0:64,32:96) content=(36,64,64)
    [tile 19/48] pos=(32:68,0:64,64:103) content=(36,64,39)
    [tile 20/48] pos=(32:68,0:64,96:103) content=(36,64,7)
    [tile 21/48] pos=(32:68,32:96,0:64) content=(36,64,64)
    [tile 22/48] pos=(32:68,32:96,32:96) content=(36,64,64)
    [tile 23/48] pos=(32:68,32:96,64:103) content=(36,64,39)
    [tile 24/48] pos=(32:68,32:96,96:103) content=(36,64,7)
    [tile 25/48] pos=(32:68,64:116,0:64) content=(36,52,64)
    [tile 26/48] pos=(32:68,64:116,32:96) content=(36,52,64)
    [tile 27/48] pos=(32:68,64:116,64:103) content=(36,52,39)
    [tile 28/48] pos=(32:68,64:116,96:103) content=(36,52,7)
    [tile 29/48] pos=(32:68,96:116,0:64) content=(36,20,64)
    [tile 30/48] pos=(32:68,96:116,32:96) content=(36,20,64)
    [tile 31/48] pos=(32:68,96:116,64:103) content=(36,20,39)
    [tile 32/48] pos=(32:68,96:116,96:103) content=(36,20,7)
    [tile 33/48] pos=(64:68,0:64,0:64) content=(4,64,64)
    [tile 34/48] pos=(64:68,0:64,32:96) content=(4,64,64)
    [tile 35/48] pos=(64:68,0:64,64:103) content=(4,64,39)
    [tile 36/48] pos=(64:68,0:64,96:103) content=(4,64,7)
    [tile 37/48] pos=(64:68,32:96,0:64) content=(4,64,64)
    [tile 38/48] pos=(64:68,32:96,32:96) content=(4,64,64)
    [tile 39/48] pos=(64:68,32:96,64:103) content=(4,64,39)
    [tile 40/48] pos=(64:68,32:96,96:103) content=(4,64,7)
    [tile 41/48] pos=(64:68,64:116,0:64) content=(4,52,64)
    [tile 42/48] pos=(64:68,64:116,32:96) content=(4,52,64)
    [tile 43/48] pos=(64:68,64:116,64:103) content=(4,52,39)
    [tile 44/48] pos=(64:68,64:116,96:103) content=(4,52,7)
    [tile 45/48] pos=(64:68,96:116,0:64) content=(4,20,64)
    [tile 46/48] pos=(64:68,96:116,32:96) content=(4,20,64)
    [tile 47/48] pos=(64:68,96:116,64:103) content=(4,20,39)
    [tile 48/48] pos=(64:68,96:116,96:103) content=(4,20,7)
    [t2w] masked-MSE=1.5370 MAE=0.9776 PSNR=13.70dB ssim_whole=0.8996 ssim_support=0.6205 ssim_lesion=0.0364
    [tile 1/48] pos=(0:64,0:64,0:64) content=(64,64,64)
    [tile 2/48] pos=(0:64,0:64,32:96) content=(64,64,64)
    [tile 3/48] pos=(0:64,0:64,64:103) content=(64,64,39)
    [tile 4/48] pos=(0:64,0:64,96:103) content=(64,64,7)
    [tile 5/48] pos=(0:64,32:96,0:64) content=(64,64,64)
    [tile 6/48] pos=(0:64,32:96,32:96) content=(64,64,64)
    [tile 7/48] pos=(0:64,32:96,64:103) content=(64,64,39)
    [tile 8/48] pos=(0:64,32:96,96:103) content=(64,64,7)
    [tile 9/48] pos=(0:64,64:116,0:64) content=(64,52,64)
    [tile 10/48] pos=(0:64,64:116,32:96) content=(64,52,64)
    [tile 11/48] pos=(0:64,64:116,64:103) content=(64,52,39)
    [tile 12/48] pos=(0:64,64:116,96:103) content=(64,52,7)
    [tile 13/48] pos=(0:64,96:116,0:64) content=(64,20,64)
    [tile 14/48] pos=(0:64,96:116,32:96) content=(64,20,64)
    [tile 15/48] pos=(0:64,96:116,64:103) content=(64,20,39)
    [tile 16/48] pos=(0:64,96:116,96:103) content=(64,20,7)
    [tile 17/48] pos=(32:68,0:64,0:64) content=(36,64,64)
    [tile 18/48] pos=(32:68,0:64,32:96) content=(36,64,64)
    [tile 19/48] pos=(32:68,0:64,64:103) content=(36,64,39)
    [tile 20/48] pos=(32:68,0:64,96:103) content=(36,64,7)
    [tile 21/48] pos=(32:68,32:96,0:64) content=(36,64,64)
    [tile 22/48] pos=(32:68,32:96,32:96) content=(36,64,64)
    [tile 23/48] pos=(32:68,32:96,64:103) content=(36,64,39)
    [tile 24/48] pos=(32:68,32:96,96:103) content=(36,64,7)
    [tile 25/48] pos=(32:68,64:116,0:64) content=(36,52,64)
    [tile 26/48] pos=(32:68,64:116,32:96) content=(36,52,64)
    [tile 27/48] pos=(32:68,64:116,64:103) content=(36,52,39)
    [tile 28/48] pos=(32:68,64:116,96:103) content=(36,52,7)
    [tile 29/48] pos=(32:68,96:116,0:64) content=(36,20,64)
    [tile 30/48] pos=(32:68,96:116,32:96) content=(36,20,64)
    [tile 31/48] pos=(32:68,96:116,64:103) content=(36,20,39)
    [tile 32/48] pos=(32:68,96:116,96:103) content=(36,20,7)
    [tile 33/48] pos=(64:68,0:64,0:64) content=(4,64,64)
    [tile 34/48] pos=(64:68,0:64,32:96) content=(4,64,64)
    [tile 35/48] pos=(64:68,0:64,64:103) content=(4,64,39)
    [tile 36/48] pos=(64:68,0:64,96:103) content=(4,64,7)
    [tile 37/48] pos=(64:68,32:96,0:64) content=(4,64,64)
    [tile 38/48] pos=(64:68,32:96,32:96) content=(4,64,64)
    [tile 39/48] pos=(64:68,32:96,64:103) content=(4,64,39)
    [tile 40/48] pos=(64:68,32:96,96:103) content=(4,64,7)
    [tile 41/48] pos=(64:68,64:116,0:64) content=(4,52,64)
    [tile 42/48] pos=(64:68,64:116,32:96) content=(4,52,64)
    [tile 43/48] pos=(64:68,64:116,64:103) content=(4,52,39)
    [tile 44/48] pos=(64:68,64:116,96:103) content=(4,52,7)
    [tile 45/48] pos=(64:68,96:116,0:64) content=(4,20,64)
    [tile 46/48] pos=(64:68,96:116,32:96) content=(4,20,64)
    [tile 47/48] pos=(64:68,96:116,64:103) content=(4,20,39)
    [tile 48/48] pos=(64:68,96:116,96:103) content=(4,20,7)
    [t2f] masked-MSE=3.8735 MAE=1.5136 PSNR=9.68dB ssim_whole=0.9011 ssim_support=0.6264 ssim_lesion=0.0799

  Patient: 00009-000 (5 lesion(s) in CSV)
    1 lesion(s) after merging
    [tile 1/27] pos=(0:64,0:64,0:64) content=(64,64,64)
    [tile 2/27] pos=(0:64,0:64,32:87) content=(64,64,55)
    [tile 3/27] pos=(0:64,0:64,64:87) content=(64,64,23)
    [tile 4/27] pos=(0:64,32:69,0:64) content=(64,37,64)
    [tile 5/27] pos=(0:64,32:69,32:87) content=(64,37,55)
    [tile 6/27] pos=(0:64,32:69,64:87) content=(64,37,23)
    [tile 7/27] pos=(0:64,64:69,0:64) content=(64,5,64)
    [tile 8/27] pos=(0:64,64:69,32:87) content=(64,5,55)
    [tile 9/27] pos=(0:64,64:69,64:87) content=(64,5,23)
    [tile 10/27] pos=(32:90,0:64,0:64) content=(58,64,64)
    [tile 11/27] pos=(32:90,0:64,32:87) content=(58,64,55)
    [tile 12/27] pos=(32:90,0:64,64:87) content=(58,64,23)
    [tile 13/27] pos=(32:90,32:69,0:64) content=(58,37,64)
    [tile 14/27] pos=(32:90,32:69,32:87) content=(58,37,55)
    [tile 15/27] pos=(32:90,32:69,64:87) content=(58,37,23)
    [tile 16/27] pos=(32:90,64:69,0:64) content=(58,5,64)
    [tile 17/27] pos=(32:90,64:69,32:87) content=(58,5,55)
    [tile 18/27] pos=(32:90,64:69,64:87) content=(58,5,23)
    [tile 19/27] pos=(64:90,0:64,0:64) content=(26,64,64)
    [tile 20/27] pos=(64:90,0:64,32:87) content=(26,64,55)
    [tile 21/27] pos=(64:90,0:64,64:87) content=(26,64,23)
    [tile 22/27] pos=(64:90,32:69,0:64) content=(26,37,64)
    [tile 23/27] pos=(64:90,32:69,32:87) content=(26,37,55)
    [tile 24/27] pos=(64:90,32:69,64:87) content=(26,37,23)
    [tile 25/27] pos=(64:90,64:69,0:64) content=(26,5,64)
    [tile 26/27] pos=(64:90,64:69,32:87) content=(26,5,55)
    [tile 27/27] pos=(64:90,64:69,64:87) content=(26,5,23)
    [t1c] masked-MSE=2.8654 MAE=1.1858 PSNR=10.99dB ssim_whole=0.9341 ssim_support=0.1525 ssim_lesion=0.0412
    [tile 1/27] pos=(0:64,0:64,0:64) content=(64,64,64)
    [tile 2/27] pos=(0:64,0:64,32:87) content=(64,64,55)
    [tile 3/27] pos=(0:64,0:64,64:87) content=(64,64,23)
    [tile 4/27] pos=(0:64,32:69,0:64) content=(64,37,64)
    [tile 5/27] pos=(0:64,32:69,32:87) content=(64,37,55)
    [tile 6/27] pos=(0:64,32:69,64:87) content=(64,37,23)
    [tile 7/27] pos=(0:64,64:69,0:64) content=(64,5,64)
    [tile 8/27] pos=(0:64,64:69,32:87) content=(64,5,55)
    [tile 9/27] pos=(0:64,64:69,64:87) content=(64,5,23)
    [tile 10/27] pos=(32:90,0:64,0:64) content=(58,64,64)
    [tile 11/27] pos=(32:90,0:64,32:87) content=(58,64,55)
    [tile 12/27] pos=(32:90,0:64,64:87) content=(58,64,23)
    [tile 13/27] pos=(32:90,32:69,0:64) content=(58,37,64)
    [tile 14/27] pos=(32:90,32:69,32:87) content=(58,37,55)
    [tile 15/27] pos=(32:90,32:69,64:87) content=(58,37,23)
    [tile 16/27] pos=(32:90,64:69,0:64) content=(58,5,64)
    [tile 17/27] pos=(32:90,64:69,32:87) content=(58,5,55)
    [tile 18/27] pos=(32:90,64:69,64:87) content=(58,5,23)
    [tile 19/27] pos=(64:90,0:64,0:64) content=(26,64,64)
    [tile 20/27] pos=(64:90,0:64,32:87) content=(26,64,55)
    [tile 21/27] pos=(64:90,0:64,64:87) content=(26,64,23)
    [tile 22/27] pos=(64:90,32:69,0:64) content=(26,37,64)
    [tile 23/27] pos=(64:90,32:69,32:87) content=(26,37,55)
    [tile 24/27] pos=(64:90,32:69,64:87) content=(26,37,23)
    [tile 25/27] pos=(64:90,64:69,0:64) content=(26,5,64)
    [tile 26/27] pos=(64:90,64:69,32:87) content=(26,5,55)
    [tile 27/27] pos=(64:90,64:69,64:87) content=(26,5,23)
    [t1n] masked-MSE=1.7630 MAE=1.0481 PSNR=13.10dB ssim_whole=0.9328 ssim_support=0.1403 ssim_lesion=0.0221
    [tile 1/27] pos=(0:64,0:64,0:64) content=(64,64,64)
    [tile 2/27] pos=(0:64,0:64,32:87) content=(64,64,55)
    [tile 3/27] pos=(0:64,0:64,64:87) content=(64,64,23)
    [tile 4/27] pos=(0:64,32:69,0:64) content=(64,37,64)
    [tile 5/27] pos=(0:64,32:69,32:87) content=(64,37,55)
    [tile 6/27] pos=(0:64,32:69,64:87) content=(64,37,23)
    [tile 7/27] pos=(0:64,64:69,0:64) content=(64,5,64)
    [tile 8/27] pos=(0:64,64:69,32:87) content=(64,5,55)
    [tile 9/27] pos=(0:64,64:69,64:87) content=(64,5,23)
    [tile 10/27] pos=(32:90,0:64,0:64) content=(58,64,64)
    [tile 11/27] pos=(32:90,0:64,32:87) content=(58,64,55)
    [tile 12/27] pos=(32:90,0:64,64:87) content=(58,64,23)
    [tile 13/27] pos=(32:90,32:69,0:64) content=(58,37,64)
    [tile 14/27] pos=(32:90,32:69,32:87) content=(58,37,55)
    [tile 15/27] pos=(32:90,32:69,64:87) content=(58,37,23)
    [tile 16/27] pos=(32:90,64:69,0:64) content=(58,5,64)
    [tile 17/27] pos=(32:90,64:69,32:87) content=(58,5,55)
    [tile 18/27] pos=(32:90,64:69,64:87) content=(58,5,23)
    [tile 19/27] pos=(64:90,0:64,0:64) content=(26,64,64)
    [tile 20/27] pos=(64:90,0:64,32:87) content=(26,64,55)
    [tile 21/27] pos=(64:90,0:64,64:87) content=(26,64,23)
    [tile 22/27] pos=(64:90,32:69,0:64) content=(26,37,64)
    [tile 23/27] pos=(64:90,32:69,32:87) content=(26,37,55)
    [tile 24/27] pos=(64:90,32:69,64:87) content=(26,37,23)
    [tile 25/27] pos=(64:90,64:69,0:64) content=(26,5,64)
    [tile 26/27] pos=(64:90,64:69,32:87) content=(26,5,55)
    [tile 27/27] pos=(64:90,64:69,64:87) content=(26,5,23)
    [t2w] masked-MSE=1.6069 MAE=0.9622 PSNR=13.50dB ssim_whole=0.9341 ssim_support=0.1545 ssim_lesion=0.0374
    [tile 1/27] pos=(0:64,0:64,0:64) content=(64,64,64)
    [tile 2/27] pos=(0:64,0:64,32:87) content=(64,64,55)
    [tile 3/27] pos=(0:64,0:64,64:87) content=(64,64,23)
    [tile 4/27] pos=(0:64,32:69,0:64) content=(64,37,64)
    [tile 5/27] pos=(0:64,32:69,32:87) content=(64,37,55)
    [tile 6/27] pos=(0:64,32:69,64:87) content=(64,37,23)
    [tile 7/27] pos=(0:64,64:69,0:64) content=(64,5,64)
    [tile 8/27] pos=(0:64,64:69,32:87) content=(64,5,55)
    [tile 9/27] pos=(0:64,64:69,64:87) content=(64,5,23)
    [tile 10/27] pos=(32:90,0:64,0:64) content=(58,64,64)
    [tile 11/27] pos=(32:90,0:64,32:87) content=(58,64,55)
    [tile 12/27] pos=(32:90,0:64,64:87) content=(58,64,23)
    [tile 13/27] pos=(32:90,32:69,0:64) content=(58,37,64)
    [tile 14/27] pos=(32:90,32:69,32:87) content=(58,37,55)
    [tile 15/27] pos=(32:90,32:69,64:87) content=(58,37,23)
    [tile 16/27] pos=(32:90,64:69,0:64) content=(58,5,64)
    [tile 17/27] pos=(32:90,64:69,32:87) content=(58,5,55)
    [tile 18/27] pos=(32:90,64:69,64:87) content=(58,5,23)
    [tile 19/27] pos=(64:90,0:64,0:64) content=(26,64,64)
    [tile 20/27] pos=(64:90,0:64,32:87) content=(26,64,55)
    [tile 21/27] pos=(64:90,0:64,64:87) content=(26,64,23)
    [tile 22/27] pos=(64:90,32:69,0:64) content=(26,37,64)
    [tile 23/27] pos=(64:90,32:69,32:87) content=(26,37,55)
    [tile 24/27] pos=(64:90,32:69,64:87) content=(26,37,23)
    [tile 25/27] pos=(64:90,64:69,0:64) content=(26,5,64)
    [tile 26/27] pos=(64:90,64:69,32:87) content=(26,5,55)
    [tile 27/27] pos=(64:90,64:69,64:87) content=(26,5,23)
    [t2f] masked-MSE=3.2693 MAE=1.3087 PSNR=10.42dB ssim_whole=0.9356 ssim_support=0.1721 ssim_lesion=0.0783

  Patient: 00014-000 (36 lesion(s) in CSV)
    35 lesion(s) after merging
    [tile 1/12] pos=(0:56,0:64,0:53) content=(56,64,53)
    [tile 2/12] pos=(0:56,0:64,32:53) content=(56,64,21)
    [tile 3/12] pos=(0:56,32:79,0:53) content=(56,47,53)
    [tile 4/12] pos=(0:56,32:79,32:53) content=(56,47,21)
    [tile 5/12] pos=(0:56,64:79,0:53) content=(56,15,53)
    [tile 6/12] pos=(0:56,64:79,32:53) content=(56,15,21)
    [tile 7/12] pos=(32:56,0:64,0:53) content=(24,64,53)
    [tile 8/12] pos=(32:56,0:64,32:53) content=(24,64,21)
    [tile 9/12] pos=(32:56,32:79,0:53) content=(24,47,53)
    [tile 10/12] pos=(32:56,32:79,32:53) content=(24,47,21)
    [tile 11/12] pos=(32:56,64:79,0:53) content=(24,15,53)
    [tile 12/12] pos=(32:56,64:79,32:53) content=(24,15,21)
    [tile 1/12] pos=(0:55,0:64,0:64) content=(55,64,64)
    [tile 2/12] pos=(0:55,0:64,32:64) content=(55,64,32)
    [tile 3/12] pos=(0:55,32:76,0:64) content=(55,44,64)
    [tile 4/12] pos=(0:55,32:76,32:64) content=(55,44,32)
    [tile 5/12] pos=(0:55,64:76,0:64) content=(55,12,64)
    [tile 6/12] pos=(0:55,64:76,32:64) content=(55,12,32)
    [tile 7/12] pos=(32:55,0:64,0:64) content=(23,64,64)
    [tile 8/12] pos=(32:55,0:64,32:64) content=(23,64,32)
    [tile 9/12] pos=(32:55,32:76,0:64) content=(23,44,64)
    [tile 10/12] pos=(32:55,32:76,32:64) content=(23,44,32)
    [tile 11/12] pos=(32:55,64:76,0:64) content=(23,12,64)
    [tile 12/12] pos=(32:55,64:76,32:64) content=(23,12,32)
    [t1c] masked-MSE=2.5358 MAE=0.9627 PSNR=11.52dB ssim_whole=0.9040 ssim_support=0.6894 ssim_lesion=0.0299
    [tile 1/12] pos=(0:56,0:64,0:53) content=(56,64,53)
    [tile 2/12] pos=(0:56,0:64,32:53) content=(56,64,21)
    [tile 3/12] pos=(0:56,32:79,0:53) content=(56,47,53)
    [tile 4/12] pos=(0:56,32:79,32:53) content=(56,47,21)
    [tile 5/12] pos=(0:56,64:79,0:53) content=(56,15,53)
    [tile 6/12] pos=(0:56,64:79,32:53) content=(56,15,21)
    [tile 7/12] pos=(32:56,0:64,0:53) content=(24,64,53)
    [tile 8/12] pos=(32:56,0:64,32:53) content=(24,64,21)
    [tile 9/12] pos=(32:56,32:79,0:53) content=(24,47,53)
    [tile 10/12] pos=(32:56,32:79,32:53) content=(24,47,21)
    [tile 11/12] pos=(32:56,64:79,0:53) content=(24,15,53)
    [tile 12/12] pos=(32:56,64:79,32:53) content=(24,15,21)
    [tile 1/12] pos=(0:55,0:64,0:64) content=(55,64,64)
    [tile 2/12] pos=(0:55,0:64,32:64) content=(55,64,32)
    [tile 3/12] pos=(0:55,32:76,0:64) content=(55,44,64)
    [tile 4/12] pos=(0:55,32:76,32:64) content=(55,44,32)
    [tile 5/12] pos=(0:55,64:76,0:64) content=(55,12,64)
    [tile 6/12] pos=(0:55,64:76,32:64) content=(55,12,32)
    [tile 7/12] pos=(32:55,0:64,0:64) content=(23,64,64)
    [tile 8/12] pos=(32:55,0:64,32:64) content=(23,64,32)
    [tile 9/12] pos=(32:55,32:76,0:64) content=(23,44,64)
    [tile 10/12] pos=(32:55,32:76,32:64) content=(23,44,32)
    [tile 11/12] pos=(32:55,64:76,0:64) content=(23,12,64)
    [tile 12/12] pos=(32:55,64:76,32:64) content=(23,12,32)
    [t1n] masked-MSE=1.2758 MAE=0.8895 PSNR=14.51dB ssim_whole=0.9027 ssim_support=0.6857 ssim_lesion=0.0126
    [tile 1/12] pos=(0:56,0:64,0:53) content=(56,64,53)
    [tile 2/12] pos=(0:56,0:64,32:53) content=(56,64,21)
    [tile 3/12] pos=(0:56,32:79,0:53) content=(56,47,53)
    [tile 4/12] pos=(0:56,32:79,32:53) content=(56,47,21)
    [tile 5/12] pos=(0:56,64:79,0:53) content=(56,15,53)
    [tile 6/12] pos=(0:56,64:79,32:53) content=(56,15,21)
    [tile 7/12] pos=(32:56,0:64,0:53) content=(24,64,53)
    [tile 8/12] pos=(32:56,0:64,32:53) content=(24,64,21)
    [tile 9/12] pos=(32:56,32:79,0:53) content=(24,47,53)
    [tile 10/12] pos=(32:56,32:79,32:53) content=(24,47,21)
    [tile 11/12] pos=(32:56,64:79,0:53) content=(24,15,53)
    [tile 12/12] pos=(32:56,64:79,32:53) content=(24,15,21)
    [tile 1/12] pos=(0:55,0:64,0:64) content=(55,64,64)
    [tile 2/12] pos=(0:55,0:64,32:64) content=(55,64,32)
    [tile 3/12] pos=(0:55,32:76,0:64) content=(55,44,64)
    [tile 4/12] pos=(0:55,32:76,32:64) content=(55,44,32)
    [tile 5/12] pos=(0:55,64:76,0:64) content=(55,12,64)
    [tile 6/12] pos=(0:55,64:76,32:64) content=(55,12,32)
    [tile 7/12] pos=(32:55,0:64,0:64) content=(23,64,64)
    [tile 8/12] pos=(32:55,0:64,32:64) content=(23,64,32)
    [tile 9/12] pos=(32:55,32:76,0:64) content=(23,44,64)
    [tile 10/12] pos=(32:55,32:76,32:64) content=(23,44,32)
    [tile 11/12] pos=(32:55,64:76,0:64) content=(23,12,64)
    [tile 12/12] pos=(32:55,64:76,32:64) content=(23,12,32)
    [t2w] masked-MSE=2.2992 MAE=1.1586 PSNR=11.95dB ssim_whole=0.9049 ssim_support=0.6927 ssim_lesion=0.0481
    [tile 1/12] pos=(0:56,0:64,0:53) content=(56,64,53)
    [tile 2/12] pos=(0:56,0:64,32:53) content=(56,64,21)
    [tile 3/12] pos=(0:56,32:79,0:53) content=(56,47,53)
    [tile 4/12] pos=(0:56,32:79,32:53) content=(56,47,21)
    [tile 5/12] pos=(0:56,64:79,0:53) content=(56,15,53)
    [tile 6/12] pos=(0:56,64:79,32:53) content=(56,15,21)
    [tile 7/12] pos=(32:56,0:64,0:53) content=(24,64,53)
    [tile 8/12] pos=(32:56,0:64,32:53) content=(24,64,21)
    [tile 9/12] pos=(32:56,32:79,0:53) content=(24,47,53)
    [tile 10/12] pos=(32:56,32:79,32:53) content=(24,47,21)
    [tile 11/12] pos=(32:56,64:79,0:53) content=(24,15,53)
    [tile 12/12] pos=(32:56,64:79,32:53) content=(24,15,21)
    [tile 1/12] pos=(0:55,0:64,0:64) content=(55,64,64)
    [tile 2/12] pos=(0:55,0:64,32:64) content=(55,64,32)
    [tile 3/12] pos=(0:55,32:76,0:64) content=(55,44,64)
    [tile 4/12] pos=(0:55,32:76,32:64) content=(55,44,32)
    [tile 5/12] pos=(0:55,64:76,0:64) content=(55,12,64)
    [tile 6/12] pos=(0:55,64:76,32:64) content=(55,12,32)
    [tile 7/12] pos=(32:55,0:64,0:64) content=(23,64,64)
    [tile 8/12] pos=(32:55,0:64,32:64) content=(23,64,32)
    [tile 9/12] pos=(32:55,32:76,0:64) content=(23,44,64)
    [tile 10/12] pos=(32:55,32:76,32:64) content=(23,44,32)
    [tile 11/12] pos=(32:55,64:76,0:64) content=(23,12,64)
    [tile 12/12] pos=(32:55,64:76,32:64) content=(23,12,32)
    [t2f] masked-MSE=2.0557 MAE=1.0401 PSNR=12.43dB ssim_whole=0.9060 ssim_support=0.6963 ssim_lesion=0.1099

  Patient: 00016-000 (15 lesion(s) in CSV)
    5 lesion(s) after merging
    [tile 1/72] pos=(0:64,0:64,0:64) content=(64,64,64)
    [tile 2/72] pos=(0:64,0:64,32:96) content=(64,64,64)
    [tile 3/72] pos=(0:64,0:64,64:101) content=(64,64,37)
    [tile 4/72] pos=(0:64,0:64,96:101) content=(64,64,5)
    [tile 5/72] pos=(0:64,32:96,0:64) content=(64,64,64)
    [tile 6/72] pos=(0:64,32:96,32:96) content=(64,64,64)
    [tile 7/72] pos=(0:64,32:96,64:101) content=(64,64,37)
    [tile 8/72] pos=(0:64,32:96,96:101) content=(64,64,5)
    [tile 9/72] pos=(0:64,64:128,0:64) content=(64,64,64)
    [tile 10/72] pos=(0:64,64:128,32:96) content=(64,64,64)
    [tile 11/72] pos=(0:64,64:128,64:101) content=(64,64,37)
    [tile 12/72] pos=(0:64,64:128,96:101) content=(64,64,5)
    [tile 13/72] pos=(0:64,96:160,0:64) content=(64,64,64)
    [tile 14/72] pos=(0:64,96:160,32:96) content=(64,64,64)
    [tile 15/72] pos=(0:64,96:160,64:101) content=(64,64,37)
    [tile 16/72] pos=(0:64,96:160,96:101) content=(64,64,5)
    [tile 17/72] pos=(0:64,128:184,0:64) content=(64,56,64)
    [tile 18/72] pos=(0:64,128:184,32:96) content=(64,56,64)
    [tile 19/72] pos=(0:64,128:184,64:101) content=(64,56,37)
    [tile 20/72] pos=(0:64,128:184,96:101) content=(64,56,5)
    [tile 21/72] pos=(0:64,160:184,0:64) content=(64,24,64)
    [tile 22/72] pos=(0:64,160:184,32:96) content=(64,24,64)
    [tile 23/72] pos=(0:64,160:184,64:101) content=(64,24,37)
    [tile 24/72] pos=(0:64,160:184,96:101) content=(64,24,5)
    [tile 25/72] pos=(32:76,0:64,0:64) content=(44,64,64)
    [tile 26/72] pos=(32:76,0:64,32:96) content=(44,64,64)
    [tile 27/72] pos=(32:76,0:64,64:101) content=(44,64,37)
    [tile 28/72] pos=(32:76,0:64,96:101) content=(44,64,5)
    [tile 29/72] pos=(32:76,32:96,0:64) content=(44,64,64)
    [tile 30/72] pos=(32:76,32:96,32:96) content=(44,64,64)
    [tile 31/72] pos=(32:76,32:96,64:101) content=(44,64,37)
    [tile 32/72] pos=(32:76,32:96,96:101) content=(44,64,5)
    [tile 33/72] pos=(32:76,64:128,0:64) content=(44,64,64)
    [tile 34/72] pos=(32:76,64:128,32:96) content=(44,64,64)
    [tile 35/72] pos=(32:76,64:128,64:101) content=(44,64,37)
    [tile 36/72] pos=(32:76,64:128,96:101) content=(44,64,5)
    [tile 37/72] pos=(32:76,96:160,0:64) content=(44,64,64)
    [tile 38/72] pos=(32:76,96:160,32:96) content=(44,64,64)
    [tile 39/72] pos=(32:76,96:160,64:101) content=(44,64,37)
    [tile 40/72] pos=(32:76,96:160,96:101) content=(44,64,5)
    [tile 41/72] pos=(32:76,128:184,0:64) content=(44,56,64)
    [tile 42/72] pos=(32:76,128:184,32:96) content=(44,56,64)
    [tile 43/72] pos=(32:76,128:184,64:101) content=(44,56,37)
    [tile 44/72] pos=(32:76,128:184,96:101) content=(44,56,5)
    [tile 45/72] pos=(32:76,160:184,0:64) content=(44,24,64)
    [tile 46/72] pos=(32:76,160:184,32:96) content=(44,24,64)
    [tile 47/72] pos=(32:76,160:184,64:101) content=(44,24,37)
    [tile 48/72] pos=(32:76,160:184,96:101) content=(44,24,5)
    [tile 49/72] pos=(64:76,0:64,0:64) content=(12,64,64)
    [tile 50/72] pos=(64:76,0:64,32:96) content=(12,64,64)
    [tile 51/72] pos=(64:76,0:64,64:101) content=(12,64,37)
    [tile 52/72] pos=(64:76,0:64,96:101) content=(12,64,5)
    [tile 53/72] pos=(64:76,32:96,0:64) content=(12,64,64)
    [tile 54/72] pos=(64:76,32:96,32:96) content=(12,64,64)
    [tile 55/72] pos=(64:76,32:96,64:101) content=(12,64,37)
    [tile 56/72] pos=(64:76,32:96,96:101) content=(12,64,5)
    [tile 57/72] pos=(64:76,64:128,0:64) content=(12,64,64)
    [tile 58/72] pos=(64:76,64:128,32:96) content=(12,64,64)
    [tile 59/72] pos=(64:76,64:128,64:101) content=(12,64,37)
    [tile 60/72] pos=(64:76,64:128,96:101) content=(12,64,5)
    [tile 61/72] pos=(64:76,96:160,0:64) content=(12,64,64)
    [tile 62/72] pos=(64:76,96:160,32:96) content=(12,64,64)
    [tile 63/72] pos=(64:76,96:160,64:101) content=(12,64,37)
    [tile 64/72] pos=(64:76,96:160,96:101) content=(12,64,5)
    [tile 65/72] pos=(64:76,128:184,0:64) content=(12,56,64)
    [tile 66/72] pos=(64:76,128:184,32:96) content=(12,56,64)
    [tile 67/72] pos=(64:76,128:184,64:101) content=(12,56,37)
    [tile 68/72] pos=(64:76,128:184,96:101) content=(12,56,5)
    [tile 69/72] pos=(64:76,160:184,0:64) content=(12,24,64)
    [tile 70/72] pos=(64:76,160:184,32:96) content=(12,24,64)
    [tile 71/72] pos=(64:76,160:184,64:101) content=(12,24,37)
    [tile 72/72] pos=(64:76,160:184,96:101) content=(12,24,5)
    [tile 1/24] pos=(0:53,0:64,0:64) content=(53,64,64)
    [tile 2/24] pos=(0:53,0:64,32:96) content=(53,64,64)
    [tile 3/24] pos=(0:53,0:64,64:112) content=(53,64,48)
    [tile 4/24] pos=(0:53,0:64,96:112) content=(53,64,16)
    [tile 5/24] pos=(0:53,32:80,0:64) content=(53,48,64)
    [tile 6/24] pos=(0:53,32:80,32:96) content=(53,48,64)
    [tile 7/24] pos=(0:53,32:80,64:112) content=(53,48,48)
    [tile 8/24] pos=(0:53,32:80,96:112) content=(53,48,16)
    [tile 9/24] pos=(0:53,64:80,0:64) content=(53,16,64)
    [tile 10/24] pos=(0:53,64:80,32:96) content=(53,16,64)
    [tile 11/24] pos=(0:53,64:80,64:112) content=(53,16,48)
    [tile 12/24] pos=(0:53,64:80,96:112) content=(53,16,16)
    [tile 13/24] pos=(32:53,0:64,0:64) content=(21,64,64)
    [tile 14/24] pos=(32:53,0:64,32:96) content=(21,64,64)
    [tile 15/24] pos=(32:53,0:64,64:112) content=(21,64,48)
    [tile 16/24] pos=(32:53,0:64,96:112) content=(21,64,16)
    [tile 17/24] pos=(32:53,32:80,0:64) content=(21,48,64)
    [tile 18/24] pos=(32:53,32:80,32:96) content=(21,48,64)
    [tile 19/24] pos=(32:53,32:80,64:112) content=(21,48,48)
    [tile 20/24] pos=(32:53,32:80,96:112) content=(21,48,16)
    [tile 21/24] pos=(32:53,64:80,0:64) content=(21,16,64)
    [tile 22/24] pos=(32:53,64:80,32:96) content=(21,16,64)
    [tile 23/24] pos=(32:53,64:80,64:112) content=(21,16,48)
    [tile 24/24] pos=(32:53,64:80,96:112) content=(21,16,16)
    [t1c] masked-MSE=1.5442 MAE=0.8398 PSNR=13.68dB ssim_whole=0.7748 ssim_support=0.3860 ssim_lesion=0.0289
    [tile 1/72] pos=(0:64,0:64,0:64) content=(64,64,64)
    [tile 2/72] pos=(0:64,0:64,32:96) content=(64,64,64)
    [tile 3/72] pos=(0:64,0:64,64:101) content=(64,64,37)
    [tile 4/72] pos=(0:64,0:64,96:101) content=(64,64,5)
    [tile 5/72] pos=(0:64,32:96,0:64) content=(64,64,64)
    [tile 6/72] pos=(0:64,32:96,32:96) content=(64,64,64)
    [tile 7/72] pos=(0:64,32:96,64:101) content=(64,64,37)
    [tile 8/72] pos=(0:64,32:96,96:101) content=(64,64,5)
    [tile 9/72] pos=(0:64,64:128,0:64) content=(64,64,64)
    [tile 10/72] pos=(0:64,64:128,32:96) content=(64,64,64)
    [tile 11/72] pos=(0:64,64:128,64:101) content=(64,64,37)
    [tile 12/72] pos=(0:64,64:128,96:101) content=(64,64,5)
    [tile 13/72] pos=(0:64,96:160,0:64) content=(64,64,64)
    [tile 14/72] pos=(0:64,96:160,32:96) content=(64,64,64)
    [tile 15/72] pos=(0:64,96:160,64:101) content=(64,64,37)
    [tile 16/72] pos=(0:64,96:160,96:101) content=(64,64,5)
    [tile 17/72] pos=(0:64,128:184,0:64) content=(64,56,64)
    [tile 18/72] pos=(0:64,128:184,32:96) content=(64,56,64)
    [tile 19/72] pos=(0:64,128:184,64:101) content=(64,56,37)
    [tile 20/72] pos=(0:64,128:184,96:101) content=(64,56,5)
    [tile 21/72] pos=(0:64,160:184,0:64) content=(64,24,64)
    [tile 22/72] pos=(0:64,160:184,32:96) content=(64,24,64)
    [tile 23/72] pos=(0:64,160:184,64:101) content=(64,24,37)
    [tile 24/72] pos=(0:64,160:184,96:101) content=(64,24,5)
    [tile 25/72] pos=(32:76,0:64,0:64) content=(44,64,64)
    [tile 26/72] pos=(32:76,0:64,32:96) content=(44,64,64)
    [tile 27/72] pos=(32:76,0:64,64:101) content=(44,64,37)
    [tile 28/72] pos=(32:76,0:64,96:101) content=(44,64,5)
    [tile 29/72] pos=(32:76,32:96,0:64) content=(44,64,64)
    [tile 30/72] pos=(32:76,32:96,32:96) content=(44,64,64)
    [tile 31/72] pos=(32:76,32:96,64:101) content=(44,64,37)
    [tile 32/72] pos=(32:76,32:96,96:101) content=(44,64,5)
    [tile 33/72] pos=(32:76,64:128,0:64) content=(44,64,64)
    [tile 34/72] pos=(32:76,64:128,32:96) content=(44,64,64)
    [tile 35/72] pos=(32:76,64:128,64:101) content=(44,64,37)
    [tile 36/72] pos=(32:76,64:128,96:101) content=(44,64,5)
    [tile 37/72] pos=(32:76,96:160,0:64) content=(44,64,64)
    [tile 38/72] pos=(32:76,96:160,32:96) content=(44,64,64)
    [tile 39/72] pos=(32:76,96:160,64:101) content=(44,64,37)
    [tile 40/72] pos=(32:76,96:160,96:101) content=(44,64,5)
    [tile 41/72] pos=(32:76,128:184,0:64) content=(44,56,64)
    [tile 42/72] pos=(32:76,128:184,32:96) content=(44,56,64)
    [tile 43/72] pos=(32:76,128:184,64:101) content=(44,56,37)
    [tile 44/72] pos=(32:76,128:184,96:101) content=(44,56,5)
    [tile 45/72] pos=(32:76,160:184,0:64) content=(44,24,64)
    [tile 46/72] pos=(32:76,160:184,32:96) content=(44,24,64)
    [tile 47/72] pos=(32:76,160:184,64:101) content=(44,24,37)
    [tile 48/72] pos=(32:76,160:184,96:101) content=(44,24,5)
    [tile 49/72] pos=(64:76,0:64,0:64) content=(12,64,64)
    [tile 50/72] pos=(64:76,0:64,32:96) content=(12,64,64)
    [tile 51/72] pos=(64:76,0:64,64:101) content=(12,64,37)
    [tile 52/72] pos=(64:76,0:64,96:101) content=(12,64,5)
    [tile 53/72] pos=(64:76,32:96,0:64) content=(12,64,64)
    [tile 54/72] pos=(64:76,32:96,32:96) content=(12,64,64)
    [tile 55/72] pos=(64:76,32:96,64:101) content=(12,64,37)
    [tile 56/72] pos=(64:76,32:96,96:101) content=(12,64,5)
    [tile 57/72] pos=(64:76,64:128,0:64) content=(12,64,64)
    [tile 58/72] pos=(64:76,64:128,32:96) content=(12,64,64)
    [tile 59/72] pos=(64:76,64:128,64:101) content=(12,64,37)
    [tile 60/72] pos=(64:76,64:128,96:101) content=(12,64,5)
    [tile 61/72] pos=(64:76,96:160,0:64) content=(12,64,64)
    [tile 62/72] pos=(64:76,96:160,32:96) content=(12,64,64)
    [tile 63/72] pos=(64:76,96:160,64:101) content=(12,64,37)
    [tile 64/72] pos=(64:76,96:160,96:101) content=(12,64,5)
    [tile 65/72] pos=(64:76,128:184,0:64) content=(12,56,64)
    [tile 66/72] pos=(64:76,128:184,32:96) content=(12,56,64)
    [tile 67/72] pos=(64:76,128:184,64:101) content=(12,56,37)
    [tile 68/72] pos=(64:76,128:184,96:101) content=(12,56,5)
    [tile 69/72] pos=(64:76,160:184,0:64) content=(12,24,64)
    [tile 70/72] pos=(64:76,160:184,32:96) content=(12,24,64)
    [tile 71/72] pos=(64:76,160:184,64:101) content=(12,24,37)
    [tile 72/72] pos=(64:76,160:184,96:101) content=(12,24,5)
    [tile 1/24] pos=(0:53,0:64,0:64) content=(53,64,64)
    [tile 2/24] pos=(0:53,0:64,32:96) content=(53,64,64)
    [tile 3/24] pos=(0:53,0:64,64:112) content=(53,64,48)
    [tile 4/24] pos=(0:53,0:64,96:112) content=(53,64,16)
    [tile 5/24] pos=(0:53,32:80,0:64) content=(53,48,64)
    [tile 6/24] pos=(0:53,32:80,32:96) content=(53,48,64)
    [tile 7/24] pos=(0:53,32:80,64:112) content=(53,48,48)
    [tile 8/24] pos=(0:53,32:80,96:112) content=(53,48,16)
    [tile 9/24] pos=(0:53,64:80,0:64) content=(53,16,64)
    [tile 10/24] pos=(0:53,64:80,32:96) content=(53,16,64)
    [tile 11/24] pos=(0:53,64:80,64:112) content=(53,16,48)
    [tile 12/24] pos=(0:53,64:80,96:112) content=(53,16,16)
    [tile 13/24] pos=(32:53,0:64,0:64) content=(21,64,64)
    [tile 14/24] pos=(32:53,0:64,32:96) content=(21,64,64)
    [tile 15/24] pos=(32:53,0:64,64:112) content=(21,64,48)
    [tile 16/24] pos=(32:53,0:64,96:112) content=(21,64,16)
    [tile 17/24] pos=(32:53,32:80,0:64) content=(21,48,64)
    [tile 18/24] pos=(32:53,32:80,32:96) content=(21,48,64)
    [tile 19/24] pos=(32:53,32:80,64:112) content=(21,48,48)
    [tile 20/24] pos=(32:53,32:80,96:112) content=(21,48,16)
    [tile 21/24] pos=(32:53,64:80,0:64) content=(21,16,64)
    [tile 22/24] pos=(32:53,64:80,32:96) content=(21,16,64)
    [tile 23/24] pos=(32:53,64:80,64:112) content=(21,16,48)
    [tile 24/24] pos=(32:53,64:80,96:112) content=(21,16,16)
    [t1n] masked-MSE=2.1430 MAE=1.1264 PSNR=12.25dB ssim_whole=0.7747 ssim_support=0.3863 ssim_lesion=0.0215
    [tile 1/72] pos=(0:64,0:64,0:64) content=(64,64,64)
    [tile 2/72] pos=(0:64,0:64,32:96) content=(64,64,64)
    [tile 3/72] pos=(0:64,0:64,64:101) content=(64,64,37)
    [tile 4/72] pos=(0:64,0:64,96:101) content=(64,64,5)
    [tile 5/72] pos=(0:64,32:96,0:64) content=(64,64,64)
    [tile 6/72] pos=(0:64,32:96,32:96) content=(64,64,64)
    [tile 7/72] pos=(0:64,32:96,64:101) content=(64,64,37)
    [tile 8/72] pos=(0:64,32:96,96:101) content=(64,64,5)
    [tile 9/72] pos=(0:64,64:128,0:64) content=(64,64,64)
    [tile 10/72] pos=(0:64,64:128,32:96) content=(64,64,64)
    [tile 11/72] pos=(0:64,64:128,64:101) content=(64,64,37)
    [tile 12/72] pos=(0:64,64:128,96:101) content=(64,64,5)
    [tile 13/72] pos=(0:64,96:160,0:64) content=(64,64,64)
    [tile 14/72] pos=(0:64,96:160,32:96) content=(64,64,64)
    [tile 15/72] pos=(0:64,96:160,64:101) content=(64,64,37)
    [tile 16/72] pos=(0:64,96:160,96:101) content=(64,64,5)
    [tile 17/72] pos=(0:64,128:184,0:64) content=(64,56,64)
    [tile 18/72] pos=(0:64,128:184,32:96) content=(64,56,64)
    [tile 19/72] pos=(0:64,128:184,64:101) content=(64,56,37)
    [tile 20/72] pos=(0:64,128:184,96:101) content=(64,56,5)
    [tile 21/72] pos=(0:64,160:184,0:64) content=(64,24,64)
    [tile 22/72] pos=(0:64,160:184,32:96) content=(64,24,64)
    [tile 23/72] pos=(0:64,160:184,64:101) content=(64,24,37)
    [tile 24/72] pos=(0:64,160:184,96:101) content=(64,24,5)
    [tile 25/72] pos=(32:76,0:64,0:64) content=(44,64,64)
    [tile 26/72] pos=(32:76,0:64,32:96) content=(44,64,64)
    [tile 27/72] pos=(32:76,0:64,64:101) content=(44,64,37)
    [tile 28/72] pos=(32:76,0:64,96:101) content=(44,64,5)
    [tile 29/72] pos=(32:76,32:96,0:64) content=(44,64,64)
    [tile 30/72] pos=(32:76,32:96,32:96) content=(44,64,64)
    [tile 31/72] pos=(32:76,32:96,64:101) content=(44,64,37)
    [tile 32/72] pos=(32:76,32:96,96:101) content=(44,64,5)
    [tile 33/72] pos=(32:76,64:128,0:64) content=(44,64,64)
    [tile 34/72] pos=(32:76,64:128,32:96) content=(44,64,64)
    [tile 35/72] pos=(32:76,64:128,64:101) content=(44,64,37)
    [tile 36/72] pos=(32:76,64:128,96:101) content=(44,64,5)
    [tile 37/72] pos=(32:76,96:160,0:64) content=(44,64,64)
    [tile 38/72] pos=(32:76,96:160,32:96) content=(44,64,64)
    [tile 39/72] pos=(32:76,96:160,64:101) content=(44,64,37)
    [tile 40/72] pos=(32:76,96:160,96:101) content=(44,64,5)
    [tile 41/72] pos=(32:76,128:184,0:64) content=(44,56,64)
    [tile 42/72] pos=(32:76,128:184,32:96) content=(44,56,64)
    [tile 43/72] pos=(32:76,128:184,64:101) content=(44,56,37)
    [tile 44/72] pos=(32:76,128:184,96:101) content=(44,56,5)
    [tile 45/72] pos=(32:76,160:184,0:64) content=(44,24,64)
    [tile 46/72] pos=(32:76,160:184,32:96) content=(44,24,64)
    [tile 47/72] pos=(32:76,160:184,64:101) content=(44,24,37)
    [tile 48/72] pos=(32:76,160:184,96:101) content=(44,24,5)
    [tile 49/72] pos=(64:76,0:64,0:64) content=(12,64,64)
    [tile 50/72] pos=(64:76,0:64,32:96) content=(12,64,64)
    [tile 51/72] pos=(64:76,0:64,64:101) content=(12,64,37)
    [tile 52/72] pos=(64:76,0:64,96:101) content=(12,64,5)
    [tile 53/72] pos=(64:76,32:96,0:64) content=(12,64,64)
    [tile 54/72] pos=(64:76,32:96,32:96) content=(12,64,64)
    [tile 55/72] pos=(64:76,32:96,64:101) content=(12,64,37)
    [tile 56/72] pos=(64:76,32:96,96:101) content=(12,64,5)
    [tile 57/72] pos=(64:76,64:128,0:64) content=(12,64,64)
    [tile 58/72] pos=(64:76,64:128,32:96) content=(12,64,64)
    [tile 59/72] pos=(64:76,64:128,64:101) content=(12,64,37)
    [tile 60/72] pos=(64:76,64:128,96:101) content=(12,64,5)
    [tile 61/72] pos=(64:76,96:160,0:64) content=(12,64,64)
    [tile 62/72] pos=(64:76,96:160,32:96) content=(12,64,64)
    [tile 63/72] pos=(64:76,96:160,64:101) content=(12,64,37)
    [tile 64/72] pos=(64:76,96:160,96:101) content=(12,64,5)
    [tile 65/72] pos=(64:76,128:184,0:64) content=(12,56,64)
    [tile 66/72] pos=(64:76,128:184,32:96) content=(12,56,64)
    [tile 67/72] pos=(64:76,128:184,64:101) content=(12,56,37)
    [tile 68/72] pos=(64:76,128:184,96:101) content=(12,56,5)
    [tile 69/72] pos=(64:76,160:184,0:64) content=(12,24,64)
    [tile 70/72] pos=(64:76,160:184,32:96) content=(12,24,64)
    [tile 71/72] pos=(64:76,160:184,64:101) content=(12,24,37)
    [tile 72/72] pos=(64:76,160:184,96:101) content=(12,24,5)
    [tile 1/24] pos=(0:53,0:64,0:64) content=(53,64,64)
    [tile 2/24] pos=(0:53,0:64,32:96) content=(53,64,64)
    [tile 3/24] pos=(0:53,0:64,64:112) content=(53,64,48)
    [tile 4/24] pos=(0:53,0:64,96:112) content=(53,64,16)
    [tile 5/24] pos=(0:53,32:80,0:64) content=(53,48,64)
    [tile 6/24] pos=(0:53,32:80,32:96) content=(53,48,64)
    [tile 7/24] pos=(0:53,32:80,64:112) content=(53,48,48)
    [tile 8/24] pos=(0:53,32:80,96:112) content=(53,48,16)
    [tile 9/24] pos=(0:53,64:80,0:64) content=(53,16,64)
    [tile 10/24] pos=(0:53,64:80,32:96) content=(53,16,64)
    [tile 11/24] pos=(0:53,64:80,64:112) content=(53,16,48)
    [tile 12/24] pos=(0:53,64:80,96:112) content=(53,16,16)
    [tile 13/24] pos=(32:53,0:64,0:64) content=(21,64,64)
    [tile 14/24] pos=(32:53,0:64,32:96) content=(21,64,64)
    [tile 15/24] pos=(32:53,0:64,64:112) content=(21,64,48)
    [tile 16/24] pos=(32:53,0:64,96:112) content=(21,64,16)
    [tile 17/24] pos=(32:53,32:80,0:64) content=(21,48,64)
    [tile 18/24] pos=(32:53,32:80,32:96) content=(21,48,64)
    [tile 19/24] pos=(32:53,32:80,64:112) content=(21,48,48)
    [tile 20/24] pos=(32:53,32:80,96:112) content=(21,48,16)
    [tile 21/24] pos=(32:53,64:80,0:64) content=(21,16,64)
    [tile 22/24] pos=(32:53,64:80,32:96) content=(21,16,64)
    [tile 23/24] pos=(32:53,64:80,64:112) content=(21,16,48)
    [tile 24/24] pos=(32:53,64:80,96:112) content=(21,16,16)
    [t2w] masked-MSE=1.4524 MAE=0.9238 PSNR=13.94dB ssim_whole=0.7752 ssim_support=0.3873 ssim_lesion=0.0311
    [tile 1/72] pos=(0:64,0:64,0:64) content=(64,64,64)
    [tile 2/72] pos=(0:64,0:64,32:96) content=(64,64,64)
    [tile 3/72] pos=(0:64,0:64,64:101) content=(64,64,37)
    [tile 4/72] pos=(0:64,0:64,96:101) content=(64,64,5)
    [tile 5/72] pos=(0:64,32:96,0:64) content=(64,64,64)
    [tile 6/72] pos=(0:64,32:96,32:96) content=(64,64,64)
    [tile 7/72] pos=(0:64,32:96,64:101) content=(64,64,37)
    [tile 8/72] pos=(0:64,32:96,96:101) content=(64,64,5)
    [tile 9/72] pos=(0:64,64:128,0:64) content=(64,64,64)
    [tile 10/72] pos=(0:64,64:128,32:96) content=(64,64,64)
    [tile 11/72] pos=(0:64,64:128,64:101) content=(64,64,37)
    [tile 12/72] pos=(0:64,64:128,96:101) content=(64,64,5)
    [tile 13/72] pos=(0:64,96:160,0:64) content=(64,64,64)
    [tile 14/72] pos=(0:64,96:160,32:96) content=(64,64,64)
    [tile 15/72] pos=(0:64,96:160,64:101) content=(64,64,37)
    [tile 16/72] pos=(0:64,96:160,96:101) content=(64,64,5)
    [tile 17/72] pos=(0:64,128:184,0:64) content=(64,56,64)
    [tile 18/72] pos=(0:64,128:184,32:96) content=(64,56,64)
    [tile 19/72] pos=(0:64,128:184,64:101) content=(64,56,37)
    [tile 20/72] pos=(0:64,128:184,96:101) content=(64,56,5)
    [tile 21/72] pos=(0:64,160:184,0:64) content=(64,24,64)
    [tile 22/72] pos=(0:64,160:184,32:96) content=(64,24,64)
    [tile 23/72] pos=(0:64,160:184,64:101) content=(64,24,37)
    [tile 24/72] pos=(0:64,160:184,96:101) content=(64,24,5)
    [tile 25/72] pos=(32:76,0:64,0:64) content=(44,64,64)
    [tile 26/72] pos=(32:76,0:64,32:96) content=(44,64,64)
    [tile 27/72] pos=(32:76,0:64,64:101) content=(44,64,37)
    [tile 28/72] pos=(32:76,0:64,96:101) content=(44,64,5)
    [tile 29/72] pos=(32:76,32:96,0:64) content=(44,64,64)
    [tile 30/72] pos=(32:76,32:96,32:96) content=(44,64,64)
    [tile 31/72] pos=(32:76,32:96,64:101) content=(44,64,37)
    [tile 32/72] pos=(32:76,32:96,96:101) content=(44,64,5)
    [tile 33/72] pos=(32:76,64:128,0:64) content=(44,64,64)
    [tile 34/72] pos=(32:76,64:128,32:96) content=(44,64,64)
    [tile 35/72] pos=(32:76,64:128,64:101) content=(44,64,37)
    [tile 36/72] pos=(32:76,64:128,96:101) content=(44,64,5)
    [tile 37/72] pos=(32:76,96:160,0:64) content=(44,64,64)
    [tile 38/72] pos=(32:76,96:160,32:96) content=(44,64,64)
    [tile 39/72] pos=(32:76,96:160,64:101) content=(44,64,37)
    [tile 40/72] pos=(32:76,96:160,96:101) content=(44,64,5)
    [tile 41/72] pos=(32:76,128:184,0:64) content=(44,56,64)
    [tile 42/72] pos=(32:76,128:184,32:96) content=(44,56,64)
    [tile 43/72] pos=(32:76,128:184,64:101) content=(44,56,37)
    [tile 44/72] pos=(32:76,128:184,96:101) content=(44,56,5)
    [tile 45/72] pos=(32:76,160:184,0:64) content=(44,24,64)
    [tile 46/72] pos=(32:76,160:184,32:96) content=(44,24,64)
    [tile 47/72] pos=(32:76,160:184,64:101) content=(44,24,37)
    [tile 48/72] pos=(32:76,160:184,96:101) content=(44,24,5)
    [tile 49/72] pos=(64:76,0:64,0:64) content=(12,64,64)
    [tile 50/72] pos=(64:76,0:64,32:96) content=(12,64,64)
    [tile 51/72] pos=(64:76,0:64,64:101) content=(12,64,37)
    [tile 52/72] pos=(64:76,0:64,96:101) content=(12,64,5)
    [tile 53/72] pos=(64:76,32:96,0:64) content=(12,64,64)
    [tile 54/72] pos=(64:76,32:96,32:96) content=(12,64,64)
    [tile 55/72] pos=(64:76,32:96,64:101) content=(12,64,37)
    [tile 56/72] pos=(64:76,32:96,96:101) content=(12,64,5)
    [tile 57/72] pos=(64:76,64:128,0:64) content=(12,64,64)
    [tile 58/72] pos=(64:76,64:128,32:96) content=(12,64,64)
    [tile 59/72] pos=(64:76,64:128,64:101) content=(12,64,37)
    [tile 60/72] pos=(64:76,64:128,96:101) content=(12,64,5)
    [tile 61/72] pos=(64:76,96:160,0:64) content=(12,64,64)
    [tile 62/72] pos=(64:76,96:160,32:96) content=(12,64,64)
    [tile 63/72] pos=(64:76,96:160,64:101) content=(12,64,37)
    [tile 64/72] pos=(64:76,96:160,96:101) content=(12,64,5)
    [tile 65/72] pos=(64:76,128:184,0:64) content=(12,56,64)
    [tile 66/72] pos=(64:76,128:184,32:96) content=(12,56,64)
    [tile 67/72] pos=(64:76,128:184,64:101) content=(12,56,37)
    [tile 68/72] pos=(64:76,128:184,96:101) content=(12,56,5)
    [tile 69/72] pos=(64:76,160:184,0:64) content=(12,24,64)
    [tile 70/72] pos=(64:76,160:184,32:96) content=(12,24,64)
    [tile 71/72] pos=(64:76,160:184,64:101) content=(12,24,37)
    [tile 72/72] pos=(64:76,160:184,96:101) content=(12,24,5)
    [tile 1/24] pos=(0:53,0:64,0:64) content=(53,64,64)
    [tile 2/24] pos=(0:53,0:64,32:96) content=(53,64,64)
    [tile 3/24] pos=(0:53,0:64,64:112) content=(53,64,48)
    [tile 4/24] pos=(0:53,0:64,96:112) content=(53,64,16)
    [tile 5/24] pos=(0:53,32:80,0:64) content=(53,48,64)
    [tile 6/24] pos=(0:53,32:80,32:96) content=(53,48,64)
    [tile 7/24] pos=(0:53,32:80,64:112) content=(53,48,48)
    [tile 8/24] pos=(0:53,32:80,96:112) content=(53,48,16)
    [tile 9/24] pos=(0:53,64:80,0:64) content=(53,16,64)
    [tile 10/24] pos=(0:53,64:80,32:96) content=(53,16,64)
    [tile 11/24] pos=(0:53,64:80,64:112) content=(53,16,48)
    [tile 12/24] pos=(0:53,64:80,96:112) content=(53,16,16)
    [tile 13/24] pos=(32:53,0:64,0:64) content=(21,64,64)
    [tile 14/24] pos=(32:53,0:64,32:96) content=(21,64,64)
    [tile 15/24] pos=(32:53,0:64,64:112) content=(21,64,48)
    [tile 16/24] pos=(32:53,0:64,96:112) content=(21,64,16)
    [tile 17/24] pos=(32:53,32:80,0:64) content=(21,48,64)
    [tile 18/24] pos=(32:53,32:80,32:96) content=(21,48,64)
    [tile 19/24] pos=(32:53,32:80,64:112) content=(21,48,48)
    [tile 20/24] pos=(32:53,32:80,96:112) content=(21,48,16)
    [tile 21/24] pos=(32:53,64:80,0:64) content=(21,16,64)
    [tile 22/24] pos=(32:53,64:80,32:96) content=(21,16,64)
    [tile 23/24] pos=(32:53,64:80,64:112) content=(21,16,48)
    [tile 24/24] pos=(32:53,64:80,96:112) content=(21,16,16)
    [t2f] masked-MSE=5.5585 MAE=1.8843 PSNR=8.11dB ssim_whole=0.7823 ssim_support=0.4067 ssim_lesion=0.0784

  Patient: 00019-000 (11 lesion(s) in CSV)
    5 lesion(s) after merging
    [tile 1/48] pos=(0:64,0:64,0:64) content=(64,64,64)
    [tile 2/48] pos=(0:64,0:64,32:96) content=(64,64,64)
    [tile 3/48] pos=(0:64,0:64,64:109) content=(64,64,45)
    [tile 4/48] pos=(0:64,0:64,96:109) content=(64,64,13)
    [tile 5/48] pos=(0:64,32:96,0:64) content=(64,64,64)
    [tile 6/48] pos=(0:64,32:96,32:96) content=(64,64,64)
    [tile 7/48] pos=(0:64,32:96,64:109) content=(64,64,45)
    [tile 8/48] pos=(0:64,32:96,96:109) content=(64,64,13)
    [tile 9/48] pos=(0:64,64:97,0:64) content=(64,33,64)
    [tile 10/48] pos=(0:64,64:97,32:96) content=(64,33,64)
    [tile 11/48] pos=(0:64,64:97,64:109) content=(64,33,45)
    [tile 12/48] pos=(0:64,64:97,96:109) content=(64,33,13)
    [tile 13/48] pos=(0:64,96:97,0:64) content=(64,1,64)
    [tile 14/48] pos=(0:64,96:97,32:96) content=(64,1,64)
    [tile 15/48] pos=(0:64,96:97,64:109) content=(64,1,45)
    [tile 16/48] pos=(0:64,96:97,96:109) content=(64,1,13)
    [tile 17/48] pos=(32:79,0:64,0:64) content=(47,64,64)
    [tile 18/48] pos=(32:79,0:64,32:96) content=(47,64,64)
    [tile 19/48] pos=(32:79,0:64,64:109) content=(47,64,45)
    [tile 20/48] pos=(32:79,0:64,96:109) content=(47,64,13)
    [tile 21/48] pos=(32:79,32:96,0:64) content=(47,64,64)
    [tile 22/48] pos=(32:79,32:96,32:96) content=(47,64,64)
    [tile 23/48] pos=(32:79,32:96,64:109) content=(47,64,45)
    [tile 24/48] pos=(32:79,32:96,96:109) content=(47,64,13)
    [tile 25/48] pos=(32:79,64:97,0:64) content=(47,33,64)
    [tile 26/48] pos=(32:79,64:97,32:96) content=(47,33,64)
    [tile 27/48] pos=(32:79,64:97,64:109) content=(47,33,45)
    [tile 28/48] pos=(32:79,64:97,96:109) content=(47,33,13)
    [tile 29/48] pos=(32:79,96:97,0:64) content=(47,1,64)
    [tile 30/48] pos=(32:79,96:97,32:96) content=(47,1,64)
    [tile 31/48] pos=(32:79,96:97,64:109) content=(47,1,45)
    [tile 32/48] pos=(32:79,96:97,96:109) content=(47,1,13)
    [tile 33/48] pos=(64:79,0:64,0:64) content=(15,64,64)
    [tile 34/48] pos=(64:79,0:64,32:96) content=(15,64,64)
    [tile 35/48] pos=(64:79,0:64,64:109) content=(15,64,45)
    [tile 36/48] pos=(64:79,0:64,96:109) content=(15,64,13)
    [tile 37/48] pos=(64:79,32:96,0:64) content=(15,64,64)
    [tile 38/48] pos=(64:79,32:96,32:96) content=(15,64,64)
    [tile 39/48] pos=(64:79,32:96,64:109) content=(15,64,45)
    [tile 40/48] pos=(64:79,32:96,96:109) content=(15,64,13)
    [tile 41/48] pos=(64:79,64:97,0:64) content=(15,33,64)
    [tile 42/48] pos=(64:79,64:97,32:96) content=(15,33,64)
    [tile 43/48] pos=(64:79,64:97,64:109) content=(15,33,45)
    [tile 44/48] pos=(64:79,64:97,96:109) content=(15,33,13)
    [tile 45/48] pos=(64:79,96:97,0:64) content=(15,1,64)
    [tile 46/48] pos=(64:79,96:97,32:96) content=(15,1,64)
    [tile 47/48] pos=(64:79,96:97,64:109) content=(15,1,45)
    [tile 48/48] pos=(64:79,96:97,96:109) content=(15,1,13)
    [t1c] masked-MSE=2.4190 MAE=1.0792 PSNR=11.73dB ssim_whole=0.8990 ssim_support=0.4802 ssim_lesion=0.0277
    [tile 1/48] pos=(0:64,0:64,0:64) content=(64,64,64)
    [tile 2/48] pos=(0:64,0:64,32:96) content=(64,64,64)
    [tile 3/48] pos=(0:64,0:64,64:109) content=(64,64,45)
    [tile 4/48] pos=(0:64,0:64,96:109) content=(64,64,13)
    [tile 5/48] pos=(0:64,32:96,0:64) content=(64,64,64)
    [tile 6/48] pos=(0:64,32:96,32:96) content=(64,64,64)
    [tile 7/48] pos=(0:64,32:96,64:109) content=(64,64,45)
    [tile 8/48] pos=(0:64,32:96,96:109) content=(64,64,13)
    [tile 9/48] pos=(0:64,64:97,0:64) content=(64,33,64)
    [tile 10/48] pos=(0:64,64:97,32:96) content=(64,33,64)
    [tile 11/48] pos=(0:64,64:97,64:109) content=(64,33,45)
    [tile 12/48] pos=(0:64,64:97,96:109) content=(64,33,13)
    [tile 13/48] pos=(0:64,96:97,0:64) content=(64,1,64)
    [tile 14/48] pos=(0:64,96:97,32:96) content=(64,1,64)
    [tile 15/48] pos=(0:64,96:97,64:109) content=(64,1,45)
    [tile 16/48] pos=(0:64,96:97,96:109) content=(64,1,13)
    [tile 17/48] pos=(32:79,0:64,0:64) content=(47,64,64)
    [tile 18/48] pos=(32:79,0:64,32:96) content=(47,64,64)
    [tile 19/48] pos=(32:79,0:64,64:109) content=(47,64,45)
    [tile 20/48] pos=(32:79,0:64,96:109) content=(47,64,13)
    [tile 21/48] pos=(32:79,32:96,0:64) content=(47,64,64)
    [tile 22/48] pos=(32:79,32:96,32:96) content=(47,64,64)
    [tile 23/48] pos=(32:79,32:96,64:109) content=(47,64,45)
    [tile 24/48] pos=(32:79,32:96,96:109) content=(47,64,13)
    [tile 25/48] pos=(32:79,64:97,0:64) content=(47,33,64)
    [tile 26/48] pos=(32:79,64:97,32:96) content=(47,33,64)
    [tile 27/48] pos=(32:79,64:97,64:109) content=(47,33,45)
    [tile 28/48] pos=(32:79,64:97,96:109) content=(47,33,13)
    [tile 29/48] pos=(32:79,96:97,0:64) content=(47,1,64)
    [tile 30/48] pos=(32:79,96:97,32:96) content=(47,1,64)
    [tile 31/48] pos=(32:79,96:97,64:109) content=(47,1,45)
    [tile 32/48] pos=(32:79,96:97,96:109) content=(47,1,13)
    [tile 33/48] pos=(64:79,0:64,0:64) content=(15,64,64)
    [tile 34/48] pos=(64:79,0:64,32:96) content=(15,64,64)
    [tile 35/48] pos=(64:79,0:64,64:109) content=(15,64,45)
    [tile 36/48] pos=(64:79,0:64,96:109) content=(15,64,13)
    [tile 37/48] pos=(64:79,32:96,0:64) content=(15,64,64)
    [tile 38/48] pos=(64:79,32:96,32:96) content=(15,64,64)
    [tile 39/48] pos=(64:79,32:96,64:109) content=(15,64,45)
    [tile 40/48] pos=(64:79,32:96,96:109) content=(15,64,13)
    [tile 41/48] pos=(64:79,64:97,0:64) content=(15,33,64)
    [tile 42/48] pos=(64:79,64:97,32:96) content=(15,33,64)
    [tile 43/48] pos=(64:79,64:97,64:109) content=(15,33,45)
    [tile 44/48] pos=(64:79,64:97,96:109) content=(15,33,13)
    [tile 45/48] pos=(64:79,96:97,0:64) content=(15,1,64)
    [tile 46/48] pos=(64:79,96:97,32:96) content=(15,1,64)
    [tile 47/48] pos=(64:79,96:97,64:109) content=(15,1,45)
    [tile 48/48] pos=(64:79,96:97,96:109) content=(15,1,13)
    [t1n] masked-MSE=2.3390 MAE=1.2269 PSNR=11.87dB ssim_whole=0.8980 ssim_support=0.4757 ssim_lesion=0.0235
    [tile 1/48] pos=(0:64,0:64,0:64) content=(64,64,64)
    [tile 2/48] pos=(0:64,0:64,32:96) content=(64,64,64)
    [tile 3/48] pos=(0:64,0:64,64:109) content=(64,64,45)
    [tile 4/48] pos=(0:64,0:64,96:109) content=(64,64,13)
    [tile 5/48] pos=(0:64,32:96,0:64) content=(64,64,64)
    [tile 6/48] pos=(0:64,32:96,32:96) content=(64,64,64)
    [tile 7/48] pos=(0:64,32:96,64:109) content=(64,64,45)
    [tile 8/48] pos=(0:64,32:96,96:109) content=(64,64,13)
    [tile 9/48] pos=(0:64,64:97,0:64) content=(64,33,64)
    [tile 10/48] pos=(0:64,64:97,32:96) content=(64,33,64)
    [tile 11/48] pos=(0:64,64:97,64:109) content=(64,33,45)
    [tile 12/48] pos=(0:64,64:97,96:109) content=(64,33,13)
    [tile 13/48] pos=(0:64,96:97,0:64) content=(64,1,64)
    [tile 14/48] pos=(0:64,96:97,32:96) content=(64,1,64)
    [tile 15/48] pos=(0:64,96:97,64:109) content=(64,1,45)
    [tile 16/48] pos=(0:64,96:97,96:109) content=(64,1,13)
    [tile 17/48] pos=(32:79,0:64,0:64) content=(47,64,64)
    [tile 18/48] pos=(32:79,0:64,32:96) content=(47,64,64)
    [tile 19/48] pos=(32:79,0:64,64:109) content=(47,64,45)
    [tile 20/48] pos=(32:79,0:64,96:109) content=(47,64,13)
    [tile 21/48] pos=(32:79,32:96,0:64) content=(47,64,64)
    [tile 22/48] pos=(32:79,32:96,32:96) content=(47,64,64)
    [tile 23/48] pos=(32:79,32:96,64:109) content=(47,64,45)
    [tile 24/48] pos=(32:79,32:96,96:109) content=(47,64,13)
    [tile 25/48] pos=(32:79,64:97,0:64) content=(47,33,64)
    [tile 26/48] pos=(32:79,64:97,32:96) content=(47,33,64)
    [tile 27/48] pos=(32:79,64:97,64:109) content=(47,33,45)
    [tile 28/48] pos=(32:79,64:97,96:109) content=(47,33,13)
    [tile 29/48] pos=(32:79,96:97,0:64) content=(47,1,64)
    [tile 30/48] pos=(32:79,96:97,32:96) content=(47,1,64)
    [tile 31/48] pos=(32:79,96:97,64:109) content=(47,1,45)
    [tile 32/48] pos=(32:79,96:97,96:109) content=(47,1,13)
    [tile 33/48] pos=(64:79,0:64,0:64) content=(15,64,64)
    [tile 34/48] pos=(64:79,0:64,32:96) content=(15,64,64)
    [tile 35/48] pos=(64:79,0:64,64:109) content=(15,64,45)
    [tile 36/48] pos=(64:79,0:64,96:109) content=(15,64,13)
    [tile 37/48] pos=(64:79,32:96,0:64) content=(15,64,64)
    [tile 38/48] pos=(64:79,32:96,32:96) content=(15,64,64)
    [tile 39/48] pos=(64:79,32:96,64:109) content=(15,64,45)
    [tile 40/48] pos=(64:79,32:96,96:109) content=(15,64,13)
    [tile 41/48] pos=(64:79,64:97,0:64) content=(15,33,64)
    [tile 42/48] pos=(64:79,64:97,32:96) content=(15,33,64)
    [tile 43/48] pos=(64:79,64:97,64:109) content=(15,33,45)
    [tile 44/48] pos=(64:79,64:97,96:109) content=(15,33,13)
    [tile 45/48] pos=(64:79,96:97,0:64) content=(15,1,64)
    [tile 46/48] pos=(64:79,96:97,32:96) content=(15,1,64)
    [tile 47/48] pos=(64:79,96:97,64:109) content=(15,1,45)
    [tile 48/48] pos=(64:79,96:97,96:109) content=(15,1,13)
    [t2w] masked-MSE=1.7406 MAE=1.0594 PSNR=13.16dB ssim_whole=0.9001 ssim_support=0.4858 ssim_lesion=0.0502
    [tile 1/48] pos=(0:64,0:64,0:64) content=(64,64,64)
    [tile 2/48] pos=(0:64,0:64,32:96) content=(64,64,64)
    [tile 3/48] pos=(0:64,0:64,64:109) content=(64,64,45)
    [tile 4/48] pos=(0:64,0:64,96:109) content=(64,64,13)
    [tile 5/48] pos=(0:64,32:96,0:64) content=(64,64,64)
    [tile 6/48] pos=(0:64,32:96,32:96) content=(64,64,64)
    [tile 7/48] pos=(0:64,32:96,64:109) content=(64,64,45)
    [tile 8/48] pos=(0:64,32:96,96:109) content=(64,64,13)
    [tile 9/48] pos=(0:64,64:97,0:64) content=(64,33,64)
    [tile 10/48] pos=(0:64,64:97,32:96) content=(64,33,64)
    [tile 11/48] pos=(0:64,64:97,64:109) content=(64,33,45)
    [tile 12/48] pos=(0:64,64:97,96:109) content=(64,33,13)
    [tile 13/48] pos=(0:64,96:97,0:64) content=(64,1,64)
    [tile 14/48] pos=(0:64,96:97,32:96) content=(64,1,64)
    [tile 15/48] pos=(0:64,96:97,64:109) content=(64,1,45)
    [tile 16/48] pos=(0:64,96:97,96:109) content=(64,1,13)
    [tile 17/48] pos=(32:79,0:64,0:64) content=(47,64,64)
    [tile 18/48] pos=(32:79,0:64,32:96) content=(47,64,64)
    [tile 19/48] pos=(32:79,0:64,64:109) content=(47,64,45)
    [tile 20/48] pos=(32:79,0:64,96:109) content=(47,64,13)
    [tile 21/48] pos=(32:79,32:96,0:64) content=(47,64,64)
    [tile 22/48] pos=(32:79,32:96,32:96) content=(47,64,64)
    [tile 23/48] pos=(32:79,32:96,64:109) content=(47,64,45)
    [tile 24/48] pos=(32:79,32:96,96:109) content=(47,64,13)
    [tile 25/48] pos=(32:79,64:97,0:64) content=(47,33,64)
    [tile 26/48] pos=(32:79,64:97,32:96) content=(47,33,64)
    [tile 27/48] pos=(32:79,64:97,64:109) content=(47,33,45)
    [tile 28/48] pos=(32:79,64:97,96:109) content=(47,33,13)
    [tile 29/48] pos=(32:79,96:97,0:64) content=(47,1,64)
    [tile 30/48] pos=(32:79,96:97,32:96) content=(47,1,64)
    [tile 31/48] pos=(32:79,96:97,64:109) content=(47,1,45)
    [tile 32/48] pos=(32:79,96:97,96:109) content=(47,1,13)
    [tile 33/48] pos=(64:79,0:64,0:64) content=(15,64,64)
    [tile 34/48] pos=(64:79,0:64,32:96) content=(15,64,64)
    [tile 35/48] pos=(64:79,0:64,64:109) content=(15,64,45)
    [tile 36/48] pos=(64:79,0:64,96:109) content=(15,64,13)
    [tile 37/48] pos=(64:79,32:96,0:64) content=(15,64,64)
    [tile 38/48] pos=(64:79,32:96,32:96) content=(15,64,64)
    [tile 39/48] pos=(64:79,32:96,64:109) content=(15,64,45)
    [tile 40/48] pos=(64:79,32:96,96:109) content=(15,64,13)
    [tile 41/48] pos=(64:79,64:97,0:64) content=(15,33,64)
    [tile 42/48] pos=(64:79,64:97,32:96) content=(15,33,64)
    [tile 43/48] pos=(64:79,64:97,64:109) content=(15,33,45)
    [tile 44/48] pos=(64:79,64:97,96:109) content=(15,33,13)
    [tile 45/48] pos=(64:79,96:97,0:64) content=(15,1,64)
    [tile 46/48] pos=(64:79,96:97,32:96) content=(15,1,64)
    [tile 47/48] pos=(64:79,96:97,64:109) content=(15,1,45)
    [tile 48/48] pos=(64:79,96:97,96:109) content=(15,1,13)
    [t2f] masked-MSE=7.1594 MAE=2.1347 PSNR=7.01dB ssim_whole=0.9031 ssim_support=0.5010 ssim_lesion=0.0850

  Patient: 00022-000 (28 lesion(s) in CSV)
    28 lesion(s) after merging
    [tile 1/12] pos=(0:48,0:64,0:46) content=(48,64,46)
    [tile 2/12] pos=(0:48,0:64,32:46) content=(48,64,14)
    [tile 3/12] pos=(0:48,32:72,0:46) content=(48,40,46)
    [tile 4/12] pos=(0:48,32:72,32:46) content=(48,40,14)
    [tile 5/12] pos=(0:48,64:72,0:46) content=(48,8,46)
    [tile 6/12] pos=(0:48,64:72,32:46) content=(48,8,14)
    [tile 7/12] pos=(32:48,0:64,0:46) content=(16,64,46)
    [tile 8/12] pos=(32:48,0:64,32:46) content=(16,64,14)
    [tile 9/12] pos=(32:48,32:72,0:46) content=(16,40,46)
    [tile 10/12] pos=(32:48,32:72,32:46) content=(16,40,14)
    [tile 11/12] pos=(32:48,64:72,0:46) content=(16,8,46)
    [tile 12/12] pos=(32:48,64:72,32:46) content=(16,8,14)
    [t1c] masked-MSE=3.5747 MAE=1.3710 PSNR=10.03dB ssim_whole=0.9267 ssim_support=0.7079 ssim_lesion=0.0434
    [tile 1/12] pos=(0:48,0:64,0:46) content=(48,64,46)
    [tile 2/12] pos=(0:48,0:64,32:46) content=(48,64,14)
    [tile 3/12] pos=(0:48,32:72,0:46) content=(48,40,46)
    [tile 4/12] pos=(0:48,32:72,32:46) content=(48,40,14)
    [tile 5/12] pos=(0:48,64:72,0:46) content=(48,8,46)
    [tile 6/12] pos=(0:48,64:72,32:46) content=(48,8,14)
    [tile 7/12] pos=(32:48,0:64,0:46) content=(16,64,46)
    [tile 8/12] pos=(32:48,0:64,32:46) content=(16,64,14)
    [tile 9/12] pos=(32:48,32:72,0:46) content=(16,40,46)
    [tile 10/12] pos=(32:48,32:72,32:46) content=(16,40,14)
    [tile 11/12] pos=(32:48,64:72,0:46) content=(16,8,46)
    [tile 12/12] pos=(32:48,64:72,32:46) content=(16,8,14)
    [t1n] masked-MSE=0.9846 MAE=0.7545 PSNR=15.63dB ssim_whole=0.9271 ssim_support=0.7100 ssim_lesion=0.0396
    [tile 1/12] pos=(0:48,0:64,0:46) content=(48,64,46)
    [tile 2/12] pos=(0:48,0:64,32:46) content=(48,64,14)
    [tile 3/12] pos=(0:48,32:72,0:46) content=(48,40,46)
    [tile 4/12] pos=(0:48,32:72,32:46) content=(48,40,14)
    [tile 5/12] pos=(0:48,64:72,0:46) content=(48,8,46)
    [tile 6/12] pos=(0:48,64:72,32:46) content=(48,8,14)
    [tile 7/12] pos=(32:48,0:64,0:46) content=(16,64,46)
    [tile 8/12] pos=(32:48,0:64,32:46) content=(16,64,14)
    [tile 9/12] pos=(32:48,32:72,0:46) content=(16,40,46)
    [tile 10/12] pos=(32:48,32:72,32:46) content=(16,40,14)
    [tile 11/12] pos=(32:48,64:72,0:46) content=(16,8,46)
    [tile 12/12] pos=(32:48,64:72,32:46) content=(16,8,14)
    [t2w] masked-MSE=1.2547 MAE=0.8350 PSNR=14.58dB ssim_whole=0.9285 ssim_support=0.7157 ssim_lesion=0.0399
    [tile 1/12] pos=(0:48,0:64,0:46) content=(48,64,46)
    [tile 2/12] pos=(0:48,0:64,32:46) content=(48,64,14)
    [tile 3/12] pos=(0:48,32:72,0:46) content=(48,40,46)
    [tile 4/12] pos=(0:48,32:72,32:46) content=(48,40,14)
    [tile 5/12] pos=(0:48,64:72,0:46) content=(48,8,46)
    [tile 6/12] pos=(0:48,64:72,32:46) content=(48,8,14)
    [tile 7/12] pos=(32:48,0:64,0:46) content=(16,64,46)
    [tile 8/12] pos=(32:48,0:64,32:46) content=(16,64,14)
    [tile 9/12] pos=(32:48,32:72,0:46) content=(16,40,46)
    [tile 10/12] pos=(32:48,32:72,32:46) content=(16,40,14)
    [tile 11/12] pos=(32:48,64:72,0:46) content=(16,8,46)
    [tile 12/12] pos=(32:48,64:72,32:46) content=(16,8,14)
    [t2f] masked-MSE=1.6440 MAE=0.9012 PSNR=13.40dB ssim_whole=0.9283 ssim_support=0.7153 ssim_lesion=0.0912

  Patient: 00025-000 (3 lesion(s) in CSV)
    2 lesion(s) after merging
    [tile 1/12] pos=(0:50,0:64,0:53) content=(50,64,53)
    [tile 2/12] pos=(0:50,0:64,32:53) content=(50,64,21)
    [tile 3/12] pos=(0:50,32:80,0:53) content=(50,48,53)
    [tile 4/12] pos=(0:50,32:80,32:53) content=(50,48,21)
    [tile 5/12] pos=(0:50,64:80,0:53) content=(50,16,53)
    [tile 6/12] pos=(0:50,64:80,32:53) content=(50,16,21)
    [tile 7/12] pos=(32:50,0:64,0:53) content=(18,64,53)
    [tile 8/12] pos=(32:50,0:64,32:53) content=(18,64,21)
    [tile 9/12] pos=(32:50,32:80,0:53) content=(18,48,53)
    [tile 10/12] pos=(32:50,32:80,32:53) content=(18,48,21)
    [tile 11/12] pos=(32:50,64:80,0:53) content=(18,16,53)
    [tile 12/12] pos=(32:50,64:80,32:53) content=(18,16,21)
    [t1c] masked-MSE=1.5746 MAE=0.9043 PSNR=13.59dB ssim_whole=0.9716 ssim_support=0.7364 ssim_lesion=0.0269
    [tile 1/12] pos=(0:50,0:64,0:53) content=(50,64,53)
    [tile 2/12] pos=(0:50,0:64,32:53) content=(50,64,21)
    [tile 3/12] pos=(0:50,32:80,0:53) content=(50,48,53)
    [tile 4/12] pos=(0:50,32:80,32:53) content=(50,48,21)
    [tile 5/12] pos=(0:50,64:80,0:53) content=(50,16,53)
    [tile 6/12] pos=(0:50,64:80,32:53) content=(50,16,21)
    [tile 7/12] pos=(32:50,0:64,0:53) content=(18,64,53)
    [tile 8/12] pos=(32:50,0:64,32:53) content=(18,64,21)
    [tile 9/12] pos=(32:50,32:80,0:53) content=(18,48,53)
    [tile 10/12] pos=(32:50,32:80,32:53) content=(18,48,21)
    [tile 11/12] pos=(32:50,64:80,0:53) content=(18,16,53)
    [tile 12/12] pos=(32:50,64:80,32:53) content=(18,16,21)
    [t1n] masked-MSE=1.3197 MAE=0.9173 PSNR=14.36dB ssim_whole=0.9715 ssim_support=0.7360 ssim_lesion=0.0161
    [tile 1/12] pos=(0:50,0:64,0:53) content=(50,64,53)
    [tile 2/12] pos=(0:50,0:64,32:53) content=(50,64,21)
    [tile 3/12] pos=(0:50,32:80,0:53) content=(50,48,53)
    [tile 4/12] pos=(0:50,32:80,32:53) content=(50,48,21)
    [tile 5/12] pos=(0:50,64:80,0:53) content=(50,16,53)
    [tile 6/12] pos=(0:50,64:80,32:53) content=(50,16,21)
    [tile 7/12] pos=(32:50,0:64,0:53) content=(18,64,53)
    [tile 8/12] pos=(32:50,0:64,32:53) content=(18,64,21)
    [tile 9/12] pos=(32:50,32:80,0:53) content=(18,48,53)
    [tile 10/12] pos=(32:50,32:80,32:53) content=(18,48,21)
    [tile 11/12] pos=(32:50,64:80,0:53) content=(18,16,53)
    [tile 12/12] pos=(32:50,64:80,32:53) content=(18,16,21)
    [t2w] masked-MSE=1.7225 MAE=1.0681 PSNR=13.20dB ssim_whole=0.9718 ssim_support=0.7374 ssim_lesion=0.0205
    [tile 1/12] pos=(0:50,0:64,0:53) content=(50,64,53)
    [tile 2/12] pos=(0:50,0:64,32:53) content=(50,64,21)
    [tile 3/12] pos=(0:50,32:80,0:53) content=(50,48,53)
    [tile 4/12] pos=(0:50,32:80,32:53) content=(50,48,21)
    [tile 5/12] pos=(0:50,64:80,0:53) content=(50,16,53)
    [tile 6/12] pos=(0:50,64:80,32:53) content=(50,16,21)
    [tile 7/12] pos=(32:50,0:64,0:53) content=(18,64,53)
    [tile 8/12] pos=(32:50,0:64,32:53) content=(18,64,21)
    [tile 9/12] pos=(32:50,32:80,0:53) content=(18,48,53)
    [tile 10/12] pos=(32:50,32:80,32:53) content=(18,48,21)
    [tile 11/12] pos=(32:50,64:80,0:53) content=(18,16,53)
    [tile 12/12] pos=(32:50,64:80,32:53) content=(18,16,21)
    [t2f] masked-MSE=3.3509 MAE=1.2493 PSNR=10.31dB ssim_whole=0.9728 ssim_support=0.7474 ssim_lesion=0.1352

  Patient: 00098-000 (1 lesion(s) in CSV)
    1 lesion(s) after merging
    [t1c] masked-MSE=0.5837 MAE=0.5544 PSNR=17.90dB ssim_whole=0.9872 ssim_support=0.2156 ssim_lesion=0.0224
    [t1n] masked-MSE=0.8430 MAE=0.6906 PSNR=16.30dB ssim_whole=0.9877 ssim_support=0.2466 ssim_lesion=0.0822
    [t2w] masked-MSE=0.7356 MAE=0.6410 PSNR=16.90dB ssim_whole=0.9877 ssim_support=0.2464 ssim_lesion=0.0303
    [t2f] masked-MSE=0.8135 MAE=0.7424 PSNR=16.46dB ssim_whole=0.9877 ssim_support=0.2365 ssim_lesion=0.1332

  Patient: 00129-000 (7 lesion(s) in CSV)
    2 lesion(s) after merging
    [tile 1/36] pos=(0:64,0:64,0:64) content=(64,64,64)
    [tile 2/36] pos=(0:64,0:64,32:85) content=(64,64,53)
    [tile 3/36] pos=(0:64,0:64,64:85) content=(64,64,21)
    [tile 4/36] pos=(0:64,32:96,0:64) content=(64,64,64)
    [tile 5/36] pos=(0:64,32:96,32:85) content=(64,64,53)
    [tile 6/36] pos=(0:64,32:96,64:85) content=(64,64,21)
    [tile 7/36] pos=(0:64,64:128,0:64) content=(64,64,64)
    [tile 8/36] pos=(0:64,64:128,32:85) content=(64,64,53)
    [tile 9/36] pos=(0:64,64:128,64:85) content=(64,64,21)
    [tile 10/36] pos=(0:64,96:128,0:64) content=(64,32,64)
    [tile 11/36] pos=(0:64,96:128,32:85) content=(64,32,53)
    [tile 12/36] pos=(0:64,96:128,64:85) content=(64,32,21)
    [tile 13/36] pos=(32:77,0:64,0:64) content=(45,64,64)
    [tile 14/36] pos=(32:77,0:64,32:85) content=(45,64,53)
    [tile 15/36] pos=(32:77,0:64,64:85) content=(45,64,21)
    [tile 16/36] pos=(32:77,32:96,0:64) content=(45,64,64)
    [tile 17/36] pos=(32:77,32:96,32:85) content=(45,64,53)
    [tile 18/36] pos=(32:77,32:96,64:85) content=(45,64,21)
    [tile 19/36] pos=(32:77,64:128,0:64) content=(45,64,64)
    [tile 20/36] pos=(32:77,64:128,32:85) content=(45,64,53)
    [tile 21/36] pos=(32:77,64:128,64:85) content=(45,64,21)
    [tile 22/36] pos=(32:77,96:128,0:64) content=(45,32,64)
    [tile 23/36] pos=(32:77,96:128,32:85) content=(45,32,53)
    [tile 24/36] pos=(32:77,96:128,64:85) content=(45,32,21)
    [tile 25/36] pos=(64:77,0:64,0:64) content=(13,64,64)
    [tile 26/36] pos=(64:77,0:64,32:85) content=(13,64,53)
    [tile 27/36] pos=(64:77,0:64,64:85) content=(13,64,21)
    [tile 28/36] pos=(64:77,32:96,0:64) content=(13,64,64)
    [tile 29/36] pos=(64:77,32:96,32:85) content=(13,64,53)
    [tile 30/36] pos=(64:77,32:96,64:85) content=(13,64,21)
    [tile 31/36] pos=(64:77,64:128,0:64) content=(13,64,64)
    [tile 32/36] pos=(64:77,64:128,32:85) content=(13,64,53)
    [tile 33/36] pos=(64:77,64:128,64:85) content=(13,64,21)
    [tile 34/36] pos=(64:77,96:128,0:64) content=(13,32,64)
    [tile 35/36] pos=(64:77,96:128,32:85) content=(13,32,53)
    [tile 36/36] pos=(64:77,96:128,64:85) content=(13,32,21)
    [t1c] masked-MSE=1.7077 MAE=0.9375 PSNR=13.24dB ssim_whole=0.8967 ssim_support=0.1941 ssim_lesion=0.0116
    [tile 1/36] pos=(0:64,0:64,0:64) content=(64,64,64)
    [tile 2/36] pos=(0:64,0:64,32:85) content=(64,64,53)
    [tile 3/36] pos=(0:64,0:64,64:85) content=(64,64,21)
    [tile 4/36] pos=(0:64,32:96,0:64) content=(64,64,64)
    [tile 5/36] pos=(0:64,32:96,32:85) content=(64,64,53)
    [tile 6/36] pos=(0:64,32:96,64:85) content=(64,64,21)
    [tile 7/36] pos=(0:64,64:128,0:64) content=(64,64,64)
    [tile 8/36] pos=(0:64,64:128,32:85) content=(64,64,53)
    [tile 9/36] pos=(0:64,64:128,64:85) content=(64,64,21)
    [tile 10/36] pos=(0:64,96:128,0:64) content=(64,32,64)
    [tile 11/36] pos=(0:64,96:128,32:85) content=(64,32,53)
    [tile 12/36] pos=(0:64,96:128,64:85) content=(64,32,21)
    [tile 13/36] pos=(32:77,0:64,0:64) content=(45,64,64)
    [tile 14/36] pos=(32:77,0:64,32:85) content=(45,64,53)
    [tile 15/36] pos=(32:77,0:64,64:85) content=(45,64,21)
    [tile 16/36] pos=(32:77,32:96,0:64) content=(45,64,64)
    [tile 17/36] pos=(32:77,32:96,32:85) content=(45,64,53)
    [tile 18/36] pos=(32:77,32:96,64:85) content=(45,64,21)
    [tile 19/36] pos=(32:77,64:128,0:64) content=(45,64,64)
    [tile 20/36] pos=(32:77,64:128,32:85) content=(45,64,53)
    [tile 21/36] pos=(32:77,64:128,64:85) content=(45,64,21)
    [tile 22/36] pos=(32:77,96:128,0:64) content=(45,32,64)
    [tile 23/36] pos=(32:77,96:128,32:85) content=(45,32,53)
    [tile 24/36] pos=(32:77,96:128,64:85) content=(45,32,21)
    [tile 25/36] pos=(64:77,0:64,0:64) content=(13,64,64)
    [tile 26/36] pos=(64:77,0:64,32:85) content=(13,64,53)
    [tile 27/36] pos=(64:77,0:64,64:85) content=(13,64,21)
    [tile 28/36] pos=(64:77,32:96,0:64) content=(13,64,64)
    [tile 29/36] pos=(64:77,32:96,32:85) content=(13,64,53)
    [tile 30/36] pos=(64:77,32:96,64:85) content=(13,64,21)
    [tile 31/36] pos=(64:77,64:128,0:64) content=(13,64,64)
    [tile 32/36] pos=(64:77,64:128,32:85) content=(13,64,53)
    [tile 33/36] pos=(64:77,64:128,64:85) content=(13,64,21)
    [tile 34/36] pos=(64:77,96:128,0:64) content=(13,32,64)
    [tile 35/36] pos=(64:77,96:128,32:85) content=(13,32,53)
    [tile 36/36] pos=(64:77,96:128,64:85) content=(13,32,21)
    [t1n] masked-MSE=2.1054 MAE=1.1435 PSNR=12.33dB ssim_whole=0.8966 ssim_support=0.1947 ssim_lesion=0.0103
    [tile 1/36] pos=(0:64,0:64,0:64) content=(64,64,64)
    [tile 2/36] pos=(0:64,0:64,32:85) content=(64,64,53)
    [tile 3/36] pos=(0:64,0:64,64:85) content=(64,64,21)
    [tile 4/36] pos=(0:64,32:96,0:64) content=(64,64,64)
    [tile 5/36] pos=(0:64,32:96,32:85) content=(64,64,53)
    [tile 6/36] pos=(0:64,32:96,64:85) content=(64,64,21)
    [tile 7/36] pos=(0:64,64:128,0:64) content=(64,64,64)
    [tile 8/36] pos=(0:64,64:128,32:85) content=(64,64,53)
    [tile 9/36] pos=(0:64,64:128,64:85) content=(64,64,21)
    [tile 10/36] pos=(0:64,96:128,0:64) content=(64,32,64)
    [tile 11/36] pos=(0:64,96:128,32:85) content=(64,32,53)
    [tile 12/36] pos=(0:64,96:128,64:85) content=(64,32,21)
    [tile 13/36] pos=(32:77,0:64,0:64) content=(45,64,64)
    [tile 14/36] pos=(32:77,0:64,32:85) content=(45,64,53)
    [tile 15/36] pos=(32:77,0:64,64:85) content=(45,64,21)
    [tile 16/36] pos=(32:77,32:96,0:64) content=(45,64,64)
    [tile 17/36] pos=(32:77,32:96,32:85) content=(45,64,53)
    [tile 18/36] pos=(32:77,32:96,64:85) content=(45,64,21)
    [tile 19/36] pos=(32:77,64:128,0:64) content=(45,64,64)
    [tile 20/36] pos=(32:77,64:128,32:85) content=(45,64,53)
    [tile 21/36] pos=(32:77,64:128,64:85) content=(45,64,21)
    [tile 22/36] pos=(32:77,96:128,0:64) content=(45,32,64)
    [tile 23/36] pos=(32:77,96:128,32:85) content=(45,32,53)
    [tile 24/36] pos=(32:77,96:128,64:85) content=(45,32,21)
    [tile 25/36] pos=(64:77,0:64,0:64) content=(13,64,64)
    [tile 26/36] pos=(64:77,0:64,32:85) content=(13,64,53)
    [tile 27/36] pos=(64:77,0:64,64:85) content=(13,64,21)
    [tile 28/36] pos=(64:77,32:96,0:64) content=(13,64,64)
    [tile 29/36] pos=(64:77,32:96,32:85) content=(13,64,53)
    [tile 30/36] pos=(64:77,32:96,64:85) content=(13,64,21)
    [tile 31/36] pos=(64:77,64:128,0:64) content=(13,64,64)
    [tile 32/36] pos=(64:77,64:128,32:85) content=(13,64,53)
    [tile 33/36] pos=(64:77,64:128,64:85) content=(13,64,21)
    [tile 34/36] pos=(64:77,96:128,0:64) content=(13,32,64)
    [tile 35/36] pos=(64:77,96:128,32:85) content=(13,32,53)
    [tile 36/36] pos=(64:77,96:128,64:85) content=(13,32,21)
    [t2w] masked-MSE=1.5078 MAE=0.9631 PSNR=13.78dB ssim_whole=0.8997 ssim_support=0.2175 ssim_lesion=0.0514
    [tile 1/36] pos=(0:64,0:64,0:64) content=(64,64,64)
    [tile 2/36] pos=(0:64,0:64,32:85) content=(64,64,53)
    [tile 3/36] pos=(0:64,0:64,64:85) content=(64,64,21)
    [tile 4/36] pos=(0:64,32:96,0:64) content=(64,64,64)
    [tile 5/36] pos=(0:64,32:96,32:85) content=(64,64,53)
    [tile 6/36] pos=(0:64,32:96,64:85) content=(64,64,21)
    [tile 7/36] pos=(0:64,64:128,0:64) content=(64,64,64)
    [tile 8/36] pos=(0:64,64:128,32:85) content=(64,64,53)
    [tile 9/36] pos=(0:64,64:128,64:85) content=(64,64,21)
    [tile 10/36] pos=(0:64,96:128,0:64) content=(64,32,64)
    [tile 11/36] pos=(0:64,96:128,32:85) content=(64,32,53)
    [tile 12/36] pos=(0:64,96:128,64:85) content=(64,32,21)
    [tile 13/36] pos=(32:77,0:64,0:64) content=(45,64,64)
    [tile 14/36] pos=(32:77,0:64,32:85) content=(45,64,53)
    [tile 15/36] pos=(32:77,0:64,64:85) content=(45,64,21)
    [tile 16/36] pos=(32:77,32:96,0:64) content=(45,64,64)
    [tile 17/36] pos=(32:77,32:96,32:85) content=(45,64,53)
    [tile 18/36] pos=(32:77,32:96,64:85) content=(45,64,21)
    [tile 19/36] pos=(32:77,64:128,0:64) content=(45,64,64)
    [tile 20/36] pos=(32:77,64:128,32:85) content=(45,64,53)
    [tile 21/36] pos=(32:77,64:128,64:85) content=(45,64,21)
    [tile 22/36] pos=(32:77,96:128,0:64) content=(45,32,64)
    [tile 23/36] pos=(32:77,96:128,32:85) content=(45,32,53)
    [tile 24/36] pos=(32:77,96:128,64:85) content=(45,32,21)
    [tile 25/36] pos=(64:77,0:64,0:64) content=(13,64,64)
    [tile 26/36] pos=(64:77,0:64,32:85) content=(13,64,53)
    [tile 27/36] pos=(64:77,0:64,64:85) content=(13,64,21)
    [tile 28/36] pos=(64:77,32:96,0:64) content=(13,64,64)
    [tile 29/36] pos=(64:77,32:96,32:85) content=(13,64,53)
    [tile 30/36] pos=(64:77,32:96,64:85) content=(13,64,21)
    [tile 31/36] pos=(64:77,64:128,0:64) content=(13,64,64)
    [tile 32/36] pos=(64:77,64:128,32:85) content=(13,64,53)
    [tile 33/36] pos=(64:77,64:128,64:85) content=(13,64,21)
    [tile 34/36] pos=(64:77,96:128,0:64) content=(13,32,64)
    [tile 35/36] pos=(64:77,96:128,32:85) content=(13,32,53)
    [tile 36/36] pos=(64:77,96:128,64:85) content=(13,32,21)
    [t2f] masked-MSE=3.5140 MAE=1.4640 PSNR=10.11dB ssim_whole=0.9040 ssim_support=0.2502 ssim_lesion=0.0988

  Patient: 00133-000 (15 lesion(s) in CSV)
    12 lesion(s) after merging
    [tile 1/18] pos=(0:64,0:64,0:62) content=(64,64,62)
    [tile 2/18] pos=(0:64,0:64,32:62) content=(64,64,30)
    [tile 3/18] pos=(0:64,32:79,0:62) content=(64,47,62)
    [tile 4/18] pos=(0:64,32:79,32:62) content=(64,47,30)
    [tile 5/18] pos=(0:64,64:79,0:62) content=(64,15,62)
    [tile 6/18] pos=(0:64,64:79,32:62) content=(64,15,30)
    [tile 7/18] pos=(32:84,0:64,0:62) content=(52,64,62)
    [tile 8/18] pos=(32:84,0:64,32:62) content=(52,64,30)
    [tile 9/18] pos=(32:84,32:79,0:62) content=(52,47,62)
    [tile 10/18] pos=(32:84,32:79,32:62) content=(52,47,30)
    [tile 11/18] pos=(32:84,64:79,0:62) content=(52,15,62)
    [tile 12/18] pos=(32:84,64:79,32:62) content=(52,15,30)
    [tile 13/18] pos=(64:84,0:64,0:62) content=(20,64,62)
    [tile 14/18] pos=(64:84,0:64,32:62) content=(20,64,30)
    [tile 15/18] pos=(64:84,32:79,0:62) content=(20,47,62)
    [tile 16/18] pos=(64:84,32:79,32:62) content=(20,47,30)
    [tile 17/18] pos=(64:84,64:79,0:62) content=(20,15,62)
    [tile 18/18] pos=(64:84,64:79,32:62) content=(20,15,30)
    [t1c] masked-MSE=2.5959 MAE=1.0876 PSNR=11.42dB ssim_whole=0.9299 ssim_support=0.7728 ssim_lesion=0.0335
    [tile 1/18] pos=(0:64,0:64,0:62) content=(64,64,62)
    [tile 2/18] pos=(0:64,0:64,32:62) content=(64,64,30)
    [tile 3/18] pos=(0:64,32:79,0:62) content=(64,47,62)
    [tile 4/18] pos=(0:64,32:79,32:62) content=(64,47,30)
    [tile 5/18] pos=(0:64,64:79,0:62) content=(64,15,62)
    [tile 6/18] pos=(0:64,64:79,32:62) content=(64,15,30)
    [tile 7/18] pos=(32:84,0:64,0:62) content=(52,64,62)
    [tile 8/18] pos=(32:84,0:64,32:62) content=(52,64,30)
    [tile 9/18] pos=(32:84,32:79,0:62) content=(52,47,62)
    [tile 10/18] pos=(32:84,32:79,32:62) content=(52,47,30)
    [tile 11/18] pos=(32:84,64:79,0:62) content=(52,15,62)
    [tile 12/18] pos=(32:84,64:79,32:62) content=(52,15,30)
    [tile 13/18] pos=(64:84,0:64,0:62) content=(20,64,62)
    [tile 14/18] pos=(64:84,0:64,32:62) content=(20,64,30)
    [tile 15/18] pos=(64:84,32:79,0:62) content=(20,47,62)
    [tile 16/18] pos=(64:84,32:79,32:62) content=(20,47,30)
    [tile 17/18] pos=(64:84,64:79,0:62) content=(20,15,62)
    [tile 18/18] pos=(64:84,64:79,32:62) content=(20,15,30)
    [t1n] masked-MSE=1.2509 MAE=0.8643 PSNR=14.59dB ssim_whole=0.9297 ssim_support=0.7722 ssim_lesion=0.0339
    [tile 1/18] pos=(0:64,0:64,0:62) content=(64,64,62)
    [tile 2/18] pos=(0:64,0:64,32:62) content=(64,64,30)
    [tile 3/18] pos=(0:64,32:79,0:62) content=(64,47,62)
    [tile 4/18] pos=(0:64,32:79,32:62) content=(64,47,30)
    [tile 5/18] pos=(0:64,64:79,0:62) content=(64,15,62)
    [tile 6/18] pos=(0:64,64:79,32:62) content=(64,15,30)
    [tile 7/18] pos=(32:84,0:64,0:62) content=(52,64,62)
    [tile 8/18] pos=(32:84,0:64,32:62) content=(52,64,30)
    [tile 9/18] pos=(32:84,32:79,0:62) content=(52,47,62)
    [tile 10/18] pos=(32:84,32:79,32:62) content=(52,47,30)
    [tile 11/18] pos=(32:84,64:79,0:62) content=(52,15,62)
    [tile 12/18] pos=(32:84,64:79,32:62) content=(52,15,30)
    [tile 13/18] pos=(64:84,0:64,0:62) content=(20,64,62)
    [tile 14/18] pos=(64:84,0:64,32:62) content=(20,64,30)
    [tile 15/18] pos=(64:84,32:79,0:62) content=(20,47,62)
    [tile 16/18] pos=(64:84,32:79,32:62) content=(20,47,30)
    [tile 17/18] pos=(64:84,64:79,0:62) content=(20,15,62)
    [tile 18/18] pos=(64:84,64:79,32:62) content=(20,15,30)
    [t2w] masked-MSE=1.1526 MAE=0.8227 PSNR=14.95dB ssim_whole=0.9301 ssim_support=0.7734 ssim_lesion=0.0268
    [tile 1/18] pos=(0:64,0:64,0:62) content=(64,64,62)
    [tile 2/18] pos=(0:64,0:64,32:62) content=(64,64,30)
    [tile 3/18] pos=(0:64,32:79,0:62) content=(64,47,62)
    [tile 4/18] pos=(0:64,32:79,32:62) content=(64,47,30)
    [tile 5/18] pos=(0:64,64:79,0:62) content=(64,15,62)
    [tile 6/18] pos=(0:64,64:79,32:62) content=(64,15,30)
    [tile 7/18] pos=(32:84,0:64,0:62) content=(52,64,62)
    [tile 8/18] pos=(32:84,0:64,32:62) content=(52,64,30)
    [tile 9/18] pos=(32:84,32:79,0:62) content=(52,47,62)
    [tile 10/18] pos=(32:84,32:79,32:62) content=(52,47,30)
    [tile 11/18] pos=(32:84,64:79,0:62) content=(52,15,62)
    [tile 12/18] pos=(32:84,64:79,32:62) content=(52,15,30)
    [tile 13/18] pos=(64:84,0:64,0:62) content=(20,64,62)
    [tile 14/18] pos=(64:84,0:64,32:62) content=(20,64,30)
    [tile 15/18] pos=(64:84,32:79,0:62) content=(20,47,62)
    [tile 16/18] pos=(64:84,32:79,32:62) content=(20,47,30)
    [tile 17/18] pos=(64:84,64:79,0:62) content=(20,15,62)
    [tile 18/18] pos=(64:84,64:79,32:62) content=(20,15,30)
    [t2f] masked-MSE=1.6935 MAE=0.9834 PSNR=13.28dB ssim_whole=0.9303 ssim_support=0.7740 ssim_lesion=0.0994

  Patient: 00137-000 (5 lesion(s) in CSV)
    5 lesion(s) after merging
    [t1c] masked-MSE=1.9015 MAE=1.0697 PSNR=12.77dB ssim_whole=0.9968 ssim_support=0.6937 ssim_lesion=0.0205
    [t1n] masked-MSE=1.7189 MAE=1.0872 PSNR=13.21dB ssim_whole=0.9971 ssim_support=0.7172 ssim_lesion=-0.0179
    [t2w] masked-MSE=1.8195 MAE=1.1726 PSNR=12.96dB ssim_whole=0.9969 ssim_support=0.6913 ssim_lesion=0.0038
    [t2f] masked-MSE=0.8280 MAE=0.7615 PSNR=16.38dB ssim_whole=0.9970 ssim_support=0.7066 ssim_lesion=0.0030

  Patient: 00147-000 (2 lesion(s) in CSV)
    2 lesion(s) after merging
    [t1c] masked-MSE=2.2754 MAE=1.0422 PSNR=11.99dB ssim_whole=0.9880 ssim_support=0.6236 ssim_lesion=0.0115
    [t1n] masked-MSE=1.4621 MAE=0.9089 PSNR=13.91dB ssim_whole=0.9882 ssim_support=0.6343 ssim_lesion=0.0388
    [t2w] masked-MSE=2.4072 MAE=1.1646 PSNR=11.75dB ssim_whole=0.9885 ssim_support=0.6406 ssim_lesion=0.0378
    [t2f] masked-MSE=0.6098 MAE=0.6051 PSNR=17.71dB ssim_whole=0.9889 ssim_support=0.6505 ssim_lesion=0.1757

  Patient: 00161-000 (1 lesion(s) in CSV)
    1 lesion(s) after merging
    [t1c] masked-MSE=2.1188 MAE=1.0909 PSNR=12.30dB ssim_whole=0.9850 ssim_support=0.1951 ssim_lesion=0.0276
    [t1n] masked-MSE=0.7424 MAE=0.6825 PSNR=16.86dB ssim_whole=0.9852 ssim_support=0.2179 ssim_lesion=0.0446
    [t2w] masked-MSE=0.7862 MAE=0.6929 PSNR=16.61dB ssim_whole=0.9851 ssim_support=0.2109 ssim_lesion=0.0389
    [t2f] masked-MSE=0.8158 MAE=0.7176 PSNR=16.45dB ssim_whole=0.9856 ssim_support=0.2312 ssim_lesion=0.1149

  Patient: 00162-000 (7 lesion(s) in CSV)
    7 lesion(s) after merging
    [t1c] masked-MSE=5.2070 MAE=1.6867 PSNR=8.40dB ssim_whole=0.9949 ssim_support=0.9649 ssim_lesion=0.0054
    [t1n] masked-MSE=1.0152 MAE=0.8163 PSNR=15.50dB ssim_whole=0.9954 ssim_support=0.9681 ssim_lesion=0.0698
    [t2w] masked-MSE=0.9833 MAE=0.7193 PSNR=15.64dB ssim_whole=0.9951 ssim_support=0.9661 ssim_lesion=0.0704
    [t2f] masked-MSE=1.0066 MAE=0.7901 PSNR=15.53dB ssim_whole=0.9951 ssim_support=0.9663 ssim_lesion=-0.0174

  Patient: 00167-000 (9 lesion(s) in CSV)
    4 lesion(s) after merging
    [tile 1/27] pos=(0:64,0:64,0:64) content=(64,64,64)
    [tile 2/27] pos=(0:64,0:64,32:88) content=(64,64,56)
    [tile 3/27] pos=(0:64,0:64,64:88) content=(64,64,24)
    [tile 4/27] pos=(0:64,32:90,0:64) content=(64,58,64)
    [tile 5/27] pos=(0:64,32:90,32:88) content=(64,58,56)
    [tile 6/27] pos=(0:64,32:90,64:88) content=(64,58,24)
    [tile 7/27] pos=(0:64,64:90,0:64) content=(64,26,64)
    [tile 8/27] pos=(0:64,64:90,32:88) content=(64,26,56)
    [tile 9/27] pos=(0:64,64:90,64:88) content=(64,26,24)
    [tile 10/27] pos=(32:68,0:64,0:64) content=(36,64,64)
    [tile 11/27] pos=(32:68,0:64,32:88) content=(36,64,56)
    [tile 12/27] pos=(32:68,0:64,64:88) content=(36,64,24)
    [tile 13/27] pos=(32:68,32:90,0:64) content=(36,58,64)
    [tile 14/27] pos=(32:68,32:90,32:88) content=(36,58,56)
    [tile 15/27] pos=(32:68,32:90,64:88) content=(36,58,24)
    [tile 16/27] pos=(32:68,64:90,0:64) content=(36,26,64)
    [tile 17/27] pos=(32:68,64:90,32:88) content=(36,26,56)
    [tile 18/27] pos=(32:68,64:90,64:88) content=(36,26,24)
    [tile 19/27] pos=(64:68,0:64,0:64) content=(4,64,64)
    [tile 20/27] pos=(64:68,0:64,32:88) content=(4,64,56)
    [tile 21/27] pos=(64:68,0:64,64:88) content=(4,64,24)
    [tile 22/27] pos=(64:68,32:90,0:64) content=(4,58,64)
    [tile 23/27] pos=(64:68,32:90,32:88) content=(4,58,56)
    [tile 24/27] pos=(64:68,32:90,64:88) content=(4,58,24)
    [tile 25/27] pos=(64:68,64:90,0:64) content=(4,26,64)
    [tile 26/27] pos=(64:68,64:90,32:88) content=(4,26,56)
    [tile 27/27] pos=(64:68,64:90,64:88) content=(4,26,24)
    [t1c] masked-MSE=1.0677 MAE=0.7427 PSNR=15.28dB ssim_whole=0.9313 ssim_support=0.3651 ssim_lesion=0.0294
    [tile 1/27] pos=(0:64,0:64,0:64) content=(64,64,64)
    [tile 2/27] pos=(0:64,0:64,32:88) content=(64,64,56)
    [tile 3/27] pos=(0:64,0:64,64:88) content=(64,64,24)
    [tile 4/27] pos=(0:64,32:90,0:64) content=(64,58,64)
    [tile 5/27] pos=(0:64,32:90,32:88) content=(64,58,56)
    [tile 6/27] pos=(0:64,32:90,64:88) content=(64,58,24)
    [tile 7/27] pos=(0:64,64:90,0:64) content=(64,26,64)
    [tile 8/27] pos=(0:64,64:90,32:88) content=(64,26,56)
    [tile 9/27] pos=(0:64,64:90,64:88) content=(64,26,24)
    [tile 10/27] pos=(32:68,0:64,0:64) content=(36,64,64)
    [tile 11/27] pos=(32:68,0:64,32:88) content=(36,64,56)
    [tile 12/27] pos=(32:68,0:64,64:88) content=(36,64,24)
    [tile 13/27] pos=(32:68,32:90,0:64) content=(36,58,64)
    [tile 14/27] pos=(32:68,32:90,32:88) content=(36,58,56)
    [tile 15/27] pos=(32:68,32:90,64:88) content=(36,58,24)
    [tile 16/27] pos=(32:68,64:90,0:64) content=(36,26,64)
    [tile 17/27] pos=(32:68,64:90,32:88) content=(36,26,56)
    [tile 18/27] pos=(32:68,64:90,64:88) content=(36,26,24)
    [tile 19/27] pos=(64:68,0:64,0:64) content=(4,64,64)
    [tile 20/27] pos=(64:68,0:64,32:88) content=(4,64,56)
    [tile 21/27] pos=(64:68,0:64,64:88) content=(4,64,24)
    [tile 22/27] pos=(64:68,32:90,0:64) content=(4,58,64)
    [tile 23/27] pos=(64:68,32:90,32:88) content=(4,58,56)
    [tile 24/27] pos=(64:68,32:90,64:88) content=(4,58,24)
    [tile 25/27] pos=(64:68,64:90,0:64) content=(4,26,64)
    [tile 26/27] pos=(64:68,64:90,32:88) content=(4,26,56)
    [tile 27/27] pos=(64:68,64:90,64:88) content=(4,26,24)
    [t1n] masked-MSE=2.5454 MAE=1.2551 PSNR=11.51dB ssim_whole=0.9316 ssim_support=0.3704 ssim_lesion=0.0250
    [tile 1/27] pos=(0:64,0:64,0:64) content=(64,64,64)
    [tile 2/27] pos=(0:64,0:64,32:88) content=(64,64,56)
    [tile 3/27] pos=(0:64,0:64,64:88) content=(64,64,24)
    [tile 4/27] pos=(0:64,32:90,0:64) content=(64,58,64)
    [tile 5/27] pos=(0:64,32:90,32:88) content=(64,58,56)
    [tile 6/27] pos=(0:64,32:90,64:88) content=(64,58,24)
    [tile 7/27] pos=(0:64,64:90,0:64) content=(64,26,64)
    [tile 8/27] pos=(0:64,64:90,32:88) content=(64,26,56)
    [tile 9/27] pos=(0:64,64:90,64:88) content=(64,26,24)
    [tile 10/27] pos=(32:68,0:64,0:64) content=(36,64,64)
    [tile 11/27] pos=(32:68,0:64,32:88) content=(36,64,56)
    [tile 12/27] pos=(32:68,0:64,64:88) content=(36,64,24)
    [tile 13/27] pos=(32:68,32:90,0:64) content=(36,58,64)
    [tile 14/27] pos=(32:68,32:90,32:88) content=(36,58,56)
    [tile 15/27] pos=(32:68,32:90,64:88) content=(36,58,24)
    [tile 16/27] pos=(32:68,64:90,0:64) content=(36,26,64)
    [tile 17/27] pos=(32:68,64:90,32:88) content=(36,26,56)
    [tile 18/27] pos=(32:68,64:90,64:88) content=(36,26,24)
    [tile 19/27] pos=(64:68,0:64,0:64) content=(4,64,64)
    [tile 20/27] pos=(64:68,0:64,32:88) content=(4,64,56)
    [tile 21/27] pos=(64:68,0:64,64:88) content=(4,64,24)
    [tile 22/27] pos=(64:68,32:90,0:64) content=(4,58,64)
    [tile 23/27] pos=(64:68,32:90,32:88) content=(4,58,56)
    [tile 24/27] pos=(64:68,32:90,64:88) content=(4,58,24)
    [tile 25/27] pos=(64:68,64:90,0:64) content=(4,26,64)
    [tile 26/27] pos=(64:68,64:90,32:88) content=(4,26,56)
    [tile 27/27] pos=(64:68,64:90,64:88) content=(4,26,24)
    [t2w] masked-MSE=1.6147 MAE=0.9961 PSNR=13.48dB ssim_whole=0.9332 ssim_support=0.3827 ssim_lesion=0.0641
    [tile 1/27] pos=(0:64,0:64,0:64) content=(64,64,64)
    [tile 2/27] pos=(0:64,0:64,32:88) content=(64,64,56)
    [tile 3/27] pos=(0:64,0:64,64:88) content=(64,64,24)
    [tile 4/27] pos=(0:64,32:90,0:64) content=(64,58,64)
    [tile 5/27] pos=(0:64,32:90,32:88) content=(64,58,56)
    [tile 6/27] pos=(0:64,32:90,64:88) content=(64,58,24)
    [tile 7/27] pos=(0:64,64:90,0:64) content=(64,26,64)
    [tile 8/27] pos=(0:64,64:90,32:88) content=(64,26,56)
    [tile 9/27] pos=(0:64,64:90,64:88) content=(64,26,24)
    [tile 10/27] pos=(32:68,0:64,0:64) content=(36,64,64)
    [tile 11/27] pos=(32:68,0:64,32:88) content=(36,64,56)
    [tile 12/27] pos=(32:68,0:64,64:88) content=(36,64,24)
    [tile 13/27] pos=(32:68,32:90,0:64) content=(36,58,64)
    [tile 14/27] pos=(32:68,32:90,32:88) content=(36,58,56)
    [tile 15/27] pos=(32:68,32:90,64:88) content=(36,58,24)
    [tile 16/27] pos=(32:68,64:90,0:64) content=(36,26,64)
    [tile 17/27] pos=(32:68,64:90,32:88) content=(36,26,56)
    [tile 18/27] pos=(32:68,64:90,64:88) content=(36,26,24)
    [tile 19/27] pos=(64:68,0:64,0:64) content=(4,64,64)
    [tile 20/27] pos=(64:68,0:64,32:88) content=(4,64,56)
    [tile 21/27] pos=(64:68,0:64,64:88) content=(4,64,24)
    [tile 22/27] pos=(64:68,32:90,0:64) content=(4,58,64)
    [tile 23/27] pos=(64:68,32:90,32:88) content=(4,58,56)
    [tile 24/27] pos=(64:68,32:90,64:88) content=(4,58,24)
    [tile 25/27] pos=(64:68,64:90,0:64) content=(4,26,64)
    [tile 26/27] pos=(64:68,64:90,32:88) content=(4,26,56)
    [tile 27/27] pos=(64:68,64:90,64:88) content=(4,26,24)
    [t2f] masked-MSE=6.4019 MAE=1.9302 PSNR=7.50dB ssim_whole=0.9360 ssim_support=0.4071 ssim_lesion=0.1095

  Patient: 00175-000 (3 lesion(s) in CSV)
    3 lesion(s) after merging
    [t1c] masked-MSE=0.7997 MAE=0.5957 PSNR=16.53dB ssim_whole=0.9901 ssim_support=0.5637 ssim_lesion=0.0698
    [t1n] masked-MSE=0.8705 MAE=0.7564 PSNR=16.17dB ssim_whole=0.9903 ssim_support=0.5744 ssim_lesion=0.0751
    [t2w] masked-MSE=1.4310 MAE=0.8753 PSNR=14.01dB ssim_whole=0.9901 ssim_support=0.5604 ssim_lesion=0.0134
    [t2f] masked-MSE=1.7385 MAE=1.0553 PSNR=13.16dB ssim_whole=0.9904 ssim_support=0.5784 ssim_lesion=0.1420

  Patient: 00180-000 (4 lesion(s) in CSV)
    1 lesion(s) after merging
    [tile 1/24] pos=(0:60,0:64,0:64) content=(60,64,64)
    [tile 2/24] pos=(0:60,0:64,32:96) content=(60,64,64)
    [tile 3/24] pos=(0:60,0:64,64:102) content=(60,64,38)
    [tile 4/24] pos=(0:60,0:64,96:102) content=(60,64,6)
    [tile 5/24] pos=(0:60,32:91,0:64) content=(60,59,64)
    [tile 6/24] pos=(0:60,32:91,32:96) content=(60,59,64)
    [tile 7/24] pos=(0:60,32:91,64:102) content=(60,59,38)
    [tile 8/24] pos=(0:60,32:91,96:102) content=(60,59,6)
    [tile 9/24] pos=(0:60,64:91,0:64) content=(60,27,64)
    [tile 10/24] pos=(0:60,64:91,32:96) content=(60,27,64)
    [tile 11/24] pos=(0:60,64:91,64:102) content=(60,27,38)
    [tile 12/24] pos=(0:60,64:91,96:102) content=(60,27,6)
    [tile 13/24] pos=(32:60,0:64,0:64) content=(28,64,64)
    [tile 14/24] pos=(32:60,0:64,32:96) content=(28,64,64)
    [tile 15/24] pos=(32:60,0:64,64:102) content=(28,64,38)
    [tile 16/24] pos=(32:60,0:64,96:102) content=(28,64,6)
    [tile 17/24] pos=(32:60,32:91,0:64) content=(28,59,64)
    [tile 18/24] pos=(32:60,32:91,32:96) content=(28,59,64)
    [tile 19/24] pos=(32:60,32:91,64:102) content=(28,59,38)
    [tile 20/24] pos=(32:60,32:91,96:102) content=(28,59,6)
    [tile 21/24] pos=(32:60,64:91,0:64) content=(28,27,64)
    [tile 22/24] pos=(32:60,64:91,32:96) content=(28,27,64)
    [tile 23/24] pos=(32:60,64:91,64:102) content=(28,27,38)
    [tile 24/24] pos=(32:60,64:91,96:102) content=(28,27,6)
    [t1c] masked-MSE=1.1975 MAE=0.8045 PSNR=14.78dB ssim_whole=0.9340 ssim_support=0.1906 ssim_lesion=0.0306
    [tile 1/24] pos=(0:60,0:64,0:64) content=(60,64,64)
    [tile 2/24] pos=(0:60,0:64,32:96) content=(60,64,64)
    [tile 3/24] pos=(0:60,0:64,64:102) content=(60,64,38)
    [tile 4/24] pos=(0:60,0:64,96:102) content=(60,64,6)
    [tile 5/24] pos=(0:60,32:91,0:64) content=(60,59,64)
    [tile 6/24] pos=(0:60,32:91,32:96) content=(60,59,64)
    [tile 7/24] pos=(0:60,32:91,64:102) content=(60,59,38)
    [tile 8/24] pos=(0:60,32:91,96:102) content=(60,59,6)
    [tile 9/24] pos=(0:60,64:91,0:64) content=(60,27,64)
    [tile 10/24] pos=(0:60,64:91,32:96) content=(60,27,64)
    [tile 11/24] pos=(0:60,64:91,64:102) content=(60,27,38)
    [tile 12/24] pos=(0:60,64:91,96:102) content=(60,27,6)
    [tile 13/24] pos=(32:60,0:64,0:64) content=(28,64,64)
    [tile 14/24] pos=(32:60,0:64,32:96) content=(28,64,64)
    [tile 15/24] pos=(32:60,0:64,64:102) content=(28,64,38)
    [tile 16/24] pos=(32:60,0:64,96:102) content=(28,64,6)
    [tile 17/24] pos=(32:60,32:91,0:64) content=(28,59,64)
    [tile 18/24] pos=(32:60,32:91,32:96) content=(28,59,64)
    [tile 19/24] pos=(32:60,32:91,64:102) content=(28,59,38)
    [tile 20/24] pos=(32:60,32:91,96:102) content=(28,59,6)
    [tile 21/24] pos=(32:60,64:91,0:64) content=(28,27,64)
    [tile 22/24] pos=(32:60,64:91,32:96) content=(28,27,64)
    [tile 23/24] pos=(32:60,64:91,64:102) content=(28,27,38)
    [tile 24/24] pos=(32:60,64:91,96:102) content=(28,27,6)
    [t1n] masked-MSE=1.7397 MAE=1.0321 PSNR=13.16dB ssim_whole=0.9324 ssim_support=0.1746 ssim_lesion=0.0223
    [tile 1/24] pos=(0:60,0:64,0:64) content=(60,64,64)
    [tile 2/24] pos=(0:60,0:64,32:96) content=(60,64,64)
    [tile 3/24] pos=(0:60,0:64,64:102) content=(60,64,38)
    [tile 4/24] pos=(0:60,0:64,96:102) content=(60,64,6)
    [tile 5/24] pos=(0:60,32:91,0:64) content=(60,59,64)
    [tile 6/24] pos=(0:60,32:91,32:96) content=(60,59,64)
    [tile 7/24] pos=(0:60,32:91,64:102) content=(60,59,38)
    [tile 8/24] pos=(0:60,32:91,96:102) content=(60,59,6)
    [tile 9/24] pos=(0:60,64:91,0:64) content=(60,27,64)
    [tile 10/24] pos=(0:60,64:91,32:96) content=(60,27,64)
    [tile 11/24] pos=(0:60,64:91,64:102) content=(60,27,38)
    [tile 12/24] pos=(0:60,64:91,96:102) content=(60,27,6)
    [tile 13/24] pos=(32:60,0:64,0:64) content=(28,64,64)
    [tile 14/24] pos=(32:60,0:64,32:96) content=(28,64,64)
    [tile 15/24] pos=(32:60,0:64,64:102) content=(28,64,38)
    [tile 16/24] pos=(32:60,0:64,96:102) content=(28,64,6)
    [tile 17/24] pos=(32:60,32:91,0:64) content=(28,59,64)
    [tile 18/24] pos=(32:60,32:91,32:96) content=(28,59,64)
    [tile 19/24] pos=(32:60,32:91,64:102) content=(28,59,38)
    [tile 20/24] pos=(32:60,32:91,96:102) content=(28,59,6)
    [tile 21/24] pos=(32:60,64:91,0:64) content=(28,27,64)
    [tile 22/24] pos=(32:60,64:91,32:96) content=(28,27,64)
    [tile 23/24] pos=(32:60,64:91,64:102) content=(28,27,38)
    [tile 24/24] pos=(32:60,64:91,96:102) content=(28,27,6)
    [t2w] masked-MSE=1.6588 MAE=1.0124 PSNR=13.37dB ssim_whole=0.9349 ssim_support=0.2063 ssim_lesion=0.0612
    [tile 1/24] pos=(0:60,0:64,0:64) content=(60,64,64)
    [tile 2/24] pos=(0:60,0:64,32:96) content=(60,64,64)
    [tile 3/24] pos=(0:60,0:64,64:102) content=(60,64,38)
    [tile 4/24] pos=(0:60,0:64,96:102) content=(60,64,6)
    [tile 5/24] pos=(0:60,32:91,0:64) content=(60,59,64)
    [tile 6/24] pos=(0:60,32:91,32:96) content=(60,59,64)
    [tile 7/24] pos=(0:60,32:91,64:102) content=(60,59,38)
    [tile 8/24] pos=(0:60,32:91,96:102) content=(60,59,6)
    [tile 9/24] pos=(0:60,64:91,0:64) content=(60,27,64)
    [tile 10/24] pos=(0:60,64:91,32:96) content=(60,27,64)
    [tile 11/24] pos=(0:60,64:91,64:102) content=(60,27,38)
    [tile 12/24] pos=(0:60,64:91,96:102) content=(60,27,6)
    [tile 13/24] pos=(32:60,0:64,0:64) content=(28,64,64)
    [tile 14/24] pos=(32:60,0:64,32:96) content=(28,64,64)
    [tile 15/24] pos=(32:60,0:64,64:102) content=(28,64,38)
    [tile 16/24] pos=(32:60,0:64,96:102) content=(28,64,6)
    [tile 17/24] pos=(32:60,32:91,0:64) content=(28,59,64)
    [tile 18/24] pos=(32:60,32:91,32:96) content=(28,59,64)
    [tile 19/24] pos=(32:60,32:91,64:102) content=(28,59,38)
    [tile 20/24] pos=(32:60,32:91,96:102) content=(28,59,6)
    [tile 21/24] pos=(32:60,64:91,0:64) content=(28,27,64)
    [tile 22/24] pos=(32:60,64:91,32:96) content=(28,27,64)
    [tile 23/24] pos=(32:60,64:91,64:102) content=(28,27,38)
    [tile 24/24] pos=(32:60,64:91,96:102) content=(28,27,6)
    [t2f] masked-MSE=7.1467 MAE=1.9286 PSNR=7.02dB ssim_whole=0.9369 ssim_support=0.2268 ssim_lesion=0.1031

  Patient: 00194-000 (4 lesion(s) in CSV)
    1 lesion(s) after merging
    [tile 1/32] pos=(0:56,0:64,0:64) content=(56,64,64)
    [tile 2/32] pos=(0:56,0:64,32:96) content=(56,64,64)
    [tile 3/32] pos=(0:56,0:64,64:98) content=(56,64,34)
    [tile 4/32] pos=(0:56,0:64,96:98) content=(56,64,2)
    [tile 5/32] pos=(0:56,32:96,0:64) content=(56,64,64)
    [tile 6/32] pos=(0:56,32:96,32:96) content=(56,64,64)
    [tile 7/32] pos=(0:56,32:96,64:98) content=(56,64,34)
    [tile 8/32] pos=(0:56,32:96,96:98) content=(56,64,2)
    [tile 9/32] pos=(0:56,64:120,0:64) content=(56,56,64)
    [tile 10/32] pos=(0:56,64:120,32:96) content=(56,56,64)
    [tile 11/32] pos=(0:56,64:120,64:98) content=(56,56,34)
    [tile 12/32] pos=(0:56,64:120,96:98) content=(56,56,2)
    [tile 13/32] pos=(0:56,96:120,0:64) content=(56,24,64)
    [tile 14/32] pos=(0:56,96:120,32:96) content=(56,24,64)
    [tile 15/32] pos=(0:56,96:120,64:98) content=(56,24,34)
    [tile 16/32] pos=(0:56,96:120,96:98) content=(56,24,2)
    [tile 17/32] pos=(32:56,0:64,0:64) content=(24,64,64)
    [tile 18/32] pos=(32:56,0:64,32:96) content=(24,64,64)
    [tile 19/32] pos=(32:56,0:64,64:98) content=(24,64,34)
    [tile 20/32] pos=(32:56,0:64,96:98) content=(24,64,2)
    [tile 21/32] pos=(32:56,32:96,0:64) content=(24,64,64)
    [tile 22/32] pos=(32:56,32:96,32:96) content=(24,64,64)
    [tile 23/32] pos=(32:56,32:96,64:98) content=(24,64,34)
    [tile 24/32] pos=(32:56,32:96,96:98) content=(24,64,2)
    [tile 25/32] pos=(32:56,64:120,0:64) content=(24,56,64)
    [tile 26/32] pos=(32:56,64:120,32:96) content=(24,56,64)
    [tile 27/32] pos=(32:56,64:120,64:98) content=(24,56,34)
    [tile 28/32] pos=(32:56,64:120,96:98) content=(24,56,2)
    [tile 29/32] pos=(32:56,96:120,0:64) content=(24,24,64)
    [tile 30/32] pos=(32:56,96:120,32:96) content=(24,24,64)
    [tile 31/32] pos=(32:56,96:120,64:98) content=(24,24,34)
    [tile 32/32] pos=(32:56,96:120,96:98) content=(24,24,2)
    [t1c] masked-MSE=1.2076 MAE=0.8659 PSNR=14.74dB ssim_whole=0.9197 ssim_support=0.1689 ssim_lesion=0.0019
    [tile 1/32] pos=(0:56,0:64,0:64) content=(56,64,64)
    [tile 2/32] pos=(0:56,0:64,32:96) content=(56,64,64)
    [tile 3/32] pos=(0:56,0:64,64:98) content=(56,64,34)
    [tile 4/32] pos=(0:56,0:64,96:98) content=(56,64,2)
    [tile 5/32] pos=(0:56,32:96,0:64) content=(56,64,64)
    [tile 6/32] pos=(0:56,32:96,32:96) content=(56,64,64)
    [tile 7/32] pos=(0:56,32:96,64:98) content=(56,64,34)
    [tile 8/32] pos=(0:56,32:96,96:98) content=(56,64,2)
    [tile 9/32] pos=(0:56,64:120,0:64) content=(56,56,64)
    [tile 10/32] pos=(0:56,64:120,32:96) content=(56,56,64)
    [tile 11/32] pos=(0:56,64:120,64:98) content=(56,56,34)
    [tile 12/32] pos=(0:56,64:120,96:98) content=(56,56,2)
    [tile 13/32] pos=(0:56,96:120,0:64) content=(56,24,64)
    [tile 14/32] pos=(0:56,96:120,32:96) content=(56,24,64)
    [tile 15/32] pos=(0:56,96:120,64:98) content=(56,24,34)
    [tile 16/32] pos=(0:56,96:120,96:98) content=(56,24,2)
    [tile 17/32] pos=(32:56,0:64,0:64) content=(24,64,64)
    [tile 18/32] pos=(32:56,0:64,32:96) content=(24,64,64)
    [tile 19/32] pos=(32:56,0:64,64:98) content=(24,64,34)
    [tile 20/32] pos=(32:56,0:64,96:98) content=(24,64,2)
    [tile 21/32] pos=(32:56,32:96,0:64) content=(24,64,64)
    [tile 22/32] pos=(32:56,32:96,32:96) content=(24,64,64)
    [tile 23/32] pos=(32:56,32:96,64:98) content=(24,64,34)
    [tile 24/32] pos=(32:56,32:96,96:98) content=(24,64,2)
    [tile 25/32] pos=(32:56,64:120,0:64) content=(24,56,64)
    [tile 26/32] pos=(32:56,64:120,32:96) content=(24,56,64)
    [tile 27/32] pos=(32:56,64:120,64:98) content=(24,56,34)
    [tile 28/32] pos=(32:56,64:120,96:98) content=(24,56,2)
    [tile 29/32] pos=(32:56,96:120,0:64) content=(24,24,64)
    [tile 30/32] pos=(32:56,96:120,32:96) content=(24,24,64)
    [tile 31/32] pos=(32:56,96:120,64:98) content=(24,24,34)
    [tile 32/32] pos=(32:56,96:120,96:98) content=(24,24,2)
    [t1n] masked-MSE=1.2643 MAE=0.8747 PSNR=14.54dB ssim_whole=0.9197 ssim_support=0.1704 ssim_lesion=0.0253
    [tile 1/32] pos=(0:56,0:64,0:64) content=(56,64,64)
    [tile 2/32] pos=(0:56,0:64,32:96) content=(56,64,64)
    [tile 3/32] pos=(0:56,0:64,64:98) content=(56,64,34)
    [tile 4/32] pos=(0:56,0:64,96:98) content=(56,64,2)
    [tile 5/32] pos=(0:56,32:96,0:64) content=(56,64,64)
    [tile 6/32] pos=(0:56,32:96,32:96) content=(56,64,64)
    [tile 7/32] pos=(0:56,32:96,64:98) content=(56,64,34)
    [tile 8/32] pos=(0:56,32:96,96:98) content=(56,64,2)
    [tile 9/32] pos=(0:56,64:120,0:64) content=(56,56,64)
    [tile 10/32] pos=(0:56,64:120,32:96) content=(56,56,64)
    [tile 11/32] pos=(0:56,64:120,64:98) content=(56,56,34)
    [tile 12/32] pos=(0:56,64:120,96:98) content=(56,56,2)
    [tile 13/32] pos=(0:56,96:120,0:64) content=(56,24,64)
    [tile 14/32] pos=(0:56,96:120,32:96) content=(56,24,64)
    [tile 15/32] pos=(0:56,96:120,64:98) content=(56,24,34)
    [tile 16/32] pos=(0:56,96:120,96:98) content=(56,24,2)
    [tile 17/32] pos=(32:56,0:64,0:64) content=(24,64,64)
    [tile 18/32] pos=(32:56,0:64,32:96) content=(24,64,64)
    [tile 19/32] pos=(32:56,0:64,64:98) content=(24,64,34)
    [tile 20/32] pos=(32:56,0:64,96:98) content=(24,64,2)
    [tile 21/32] pos=(32:56,32:96,0:64) content=(24,64,64)
    [tile 22/32] pos=(32:56,32:96,32:96) content=(24,64,64)
    [tile 23/32] pos=(32:56,32:96,64:98) content=(24,64,34)
    [tile 24/32] pos=(32:56,32:96,96:98) content=(24,64,2)
    [tile 25/32] pos=(32:56,64:120,0:64) content=(24,56,64)
    [tile 26/32] pos=(32:56,64:120,32:96) content=(24,56,64)
    [tile 27/32] pos=(32:56,64:120,64:98) content=(24,56,34)
    [tile 28/32] pos=(32:56,64:120,96:98) content=(24,56,2)
    [tile 29/32] pos=(32:56,96:120,0:64) content=(24,24,64)
    [tile 30/32] pos=(32:56,96:120,32:96) content=(24,24,64)
    [tile 31/32] pos=(32:56,96:120,64:98) content=(24,24,34)
    [tile 32/32] pos=(32:56,96:120,96:98) content=(24,24,2)
    [t2w] masked-MSE=1.4179 MAE=0.9358 PSNR=14.05dB ssim_whole=0.9208 ssim_support=0.1812 ssim_lesion=0.0292
    [tile 1/32] pos=(0:56,0:64,0:64) content=(56,64,64)
    [tile 2/32] pos=(0:56,0:64,32:96) content=(56,64,64)
    [tile 3/32] pos=(0:56,0:64,64:98) content=(56,64,34)
    [tile 4/32] pos=(0:56,0:64,96:98) content=(56,64,2)
    [tile 5/32] pos=(0:56,32:96,0:64) content=(56,64,64)
    [tile 6/32] pos=(0:56,32:96,32:96) content=(56,64,64)
    [tile 7/32] pos=(0:56,32:96,64:98) content=(56,64,34)
    [tile 8/32] pos=(0:56,32:96,96:98) content=(56,64,2)
    [tile 9/32] pos=(0:56,64:120,0:64) content=(56,56,64)
    [tile 10/32] pos=(0:56,64:120,32:96) content=(56,56,64)
    [tile 11/32] pos=(0:56,64:120,64:98) content=(56,56,34)
    [tile 12/32] pos=(0:56,64:120,96:98) content=(56,56,2)
    [tile 13/32] pos=(0:56,96:120,0:64) content=(56,24,64)
    [tile 14/32] pos=(0:56,96:120,32:96) content=(56,24,64)
    [tile 15/32] pos=(0:56,96:120,64:98) content=(56,24,34)
    [tile 16/32] pos=(0:56,96:120,96:98) content=(56,24,2)
    [tile 17/32] pos=(32:56,0:64,0:64) content=(24,64,64)
    [tile 18/32] pos=(32:56,0:64,32:96) content=(24,64,64)
    [tile 19/32] pos=(32:56,0:64,64:98) content=(24,64,34)
    [tile 20/32] pos=(32:56,0:64,96:98) content=(24,64,2)
    [tile 21/32] pos=(32:56,32:96,0:64) content=(24,64,64)
    [tile 22/32] pos=(32:56,32:96,32:96) content=(24,64,64)
    [tile 23/32] pos=(32:56,32:96,64:98) content=(24,64,34)
    [tile 24/32] pos=(32:56,32:96,96:98) content=(24,64,2)
    [tile 25/32] pos=(32:56,64:120,0:64) content=(24,56,64)
    [tile 26/32] pos=(32:56,64:120,32:96) content=(24,56,64)
    [tile 27/32] pos=(32:56,64:120,64:98) content=(24,56,34)
    [tile 28/32] pos=(32:56,64:120,96:98) content=(24,56,2)
    [tile 29/32] pos=(32:56,96:120,0:64) content=(24,24,64)
    [tile 30/32] pos=(32:56,96:120,32:96) content=(24,24,64)
    [tile 31/32] pos=(32:56,96:120,64:98) content=(24,24,34)
    [tile 32/32] pos=(32:56,96:120,96:98) content=(24,24,2)
    [t2f] masked-MSE=2.7675 MAE=1.2937 PSNR=11.14dB ssim_whole=0.9243 ssim_support=0.2164 ssim_lesion=0.0786

  Patient: 00195-000 (8 lesion(s) in CSV)
    1 lesion(s) after merging
    [tile 1/48] pos=(0:64,0:64,0:64) content=(64,64,64)
    [tile 2/48] pos=(0:64,0:64,32:96) content=(64,64,64)
    [tile 3/48] pos=(0:64,0:64,64:97) content=(64,64,33)
    [tile 4/48] pos=(0:64,0:64,96:97) content=(64,64,1)
    [tile 5/48] pos=(0:64,32:96,0:64) content=(64,64,64)
    [tile 6/48] pos=(0:64,32:96,32:96) content=(64,64,64)
    [tile 7/48] pos=(0:64,32:96,64:97) content=(64,64,33)
    [tile 8/48] pos=(0:64,32:96,96:97) content=(64,64,1)
    [tile 9/48] pos=(0:64,64:102,0:64) content=(64,38,64)
    [tile 10/48] pos=(0:64,64:102,32:96) content=(64,38,64)
    [tile 11/48] pos=(0:64,64:102,64:97) content=(64,38,33)
    [tile 12/48] pos=(0:64,64:102,96:97) content=(64,38,1)
    [tile 13/48] pos=(0:64,96:102,0:64) content=(64,6,64)
    [tile 14/48] pos=(0:64,96:102,32:96) content=(64,6,64)
    [tile 15/48] pos=(0:64,96:102,64:97) content=(64,6,33)
    [tile 16/48] pos=(0:64,96:102,96:97) content=(64,6,1)
    [tile 17/48] pos=(32:75,0:64,0:64) content=(43,64,64)
    [tile 18/48] pos=(32:75,0:64,32:96) content=(43,64,64)
    [tile 19/48] pos=(32:75,0:64,64:97) content=(43,64,33)
    [tile 20/48] pos=(32:75,0:64,96:97) content=(43,64,1)
    [tile 21/48] pos=(32:75,32:96,0:64) content=(43,64,64)
    [tile 22/48] pos=(32:75,32:96,32:96) content=(43,64,64)
    [tile 23/48] pos=(32:75,32:96,64:97) content=(43,64,33)
    [tile 24/48] pos=(32:75,32:96,96:97) content=(43,64,1)
    [tile 25/48] pos=(32:75,64:102,0:64) content=(43,38,64)
    [tile 26/48] pos=(32:75,64:102,32:96) content=(43,38,64)
    [tile 27/48] pos=(32:75,64:102,64:97) content=(43,38,33)
    [tile 28/48] pos=(32:75,64:102,96:97) content=(43,38,1)
    [tile 29/48] pos=(32:75,96:102,0:64) content=(43,6,64)
    [tile 30/48] pos=(32:75,96:102,32:96) content=(43,6,64)
    [tile 31/48] pos=(32:75,96:102,64:97) content=(43,6,33)
    [tile 32/48] pos=(32:75,96:102,96:97) content=(43,6,1)
    [tile 33/48] pos=(64:75,0:64,0:64) content=(11,64,64)
    [tile 34/48] pos=(64:75,0:64,32:96) content=(11,64,64)
    [tile 35/48] pos=(64:75,0:64,64:97) content=(11,64,33)
    [tile 36/48] pos=(64:75,0:64,96:97) content=(11,64,1)
    [tile 37/48] pos=(64:75,32:96,0:64) content=(11,64,64)
    [tile 38/48] pos=(64:75,32:96,32:96) content=(11,64,64)
    [tile 39/48] pos=(64:75,32:96,64:97) content=(11,64,33)
    [tile 40/48] pos=(64:75,32:96,96:97) content=(11,64,1)
    [tile 41/48] pos=(64:75,64:102,0:64) content=(11,38,64)
    [tile 42/48] pos=(64:75,64:102,32:96) content=(11,38,64)
    [tile 43/48] pos=(64:75,64:102,64:97) content=(11,38,33)
    [tile 44/48] pos=(64:75,64:102,96:97) content=(11,38,1)
    [tile 45/48] pos=(64:75,96:102,0:64) content=(11,6,64)
    [tile 46/48] pos=(64:75,96:102,32:96) content=(11,6,64)
    [tile 47/48] pos=(64:75,96:102,64:97) content=(11,6,33)
    [tile 48/48] pos=(64:75,96:102,96:97) content=(11,6,1)
    [t1c] masked-MSE=1.3897 MAE=0.8740 PSNR=14.13dB ssim_whole=0.9087 ssim_support=0.1390 ssim_lesion=0.0040
    [tile 1/48] pos=(0:64,0:64,0:64) content=(64,64,64)
    [tile 2/48] pos=(0:64,0:64,32:96) content=(64,64,64)
    [tile 3/48] pos=(0:64,0:64,64:97) content=(64,64,33)
    [tile 4/48] pos=(0:64,0:64,96:97) content=(64,64,1)
    [tile 5/48] pos=(0:64,32:96,0:64) content=(64,64,64)
    [tile 6/48] pos=(0:64,32:96,32:96) content=(64,64,64)
    [tile 7/48] pos=(0:64,32:96,64:97) content=(64,64,33)
    [tile 8/48] pos=(0:64,32:96,96:97) content=(64,64,1)
    [tile 9/48] pos=(0:64,64:102,0:64) content=(64,38,64)
    [tile 10/48] pos=(0:64,64:102,32:96) content=(64,38,64)
    [tile 11/48] pos=(0:64,64:102,64:97) content=(64,38,33)
    [tile 12/48] pos=(0:64,64:102,96:97) content=(64,38,1)
    [tile 13/48] pos=(0:64,96:102,0:64) content=(64,6,64)
    [tile 14/48] pos=(0:64,96:102,32:96) content=(64,6,64)
    [tile 15/48] pos=(0:64,96:102,64:97) content=(64,6,33)
    [tile 16/48] pos=(0:64,96:102,96:97) content=(64,6,1)
    [tile 17/48] pos=(32:75,0:64,0:64) content=(43,64,64)
    [tile 18/48] pos=(32:75,0:64,32:96) content=(43,64,64)
    [tile 19/48] pos=(32:75,0:64,64:97) content=(43,64,33)
    [tile 20/48] pos=(32:75,0:64,96:97) content=(43,64,1)
    [tile 21/48] pos=(32:75,32:96,0:64) content=(43,64,64)
    [tile 22/48] pos=(32:75,32:96,32:96) content=(43,64,64)
    [tile 23/48] pos=(32:75,32:96,64:97) content=(43,64,33)
    [tile 24/48] pos=(32:75,32:96,96:97) content=(43,64,1)
    [tile 25/48] pos=(32:75,64:102,0:64) content=(43,38,64)
    [tile 26/48] pos=(32:75,64:102,32:96) content=(43,38,64)
    [tile 27/48] pos=(32:75,64:102,64:97) content=(43,38,33)
    [tile 28/48] pos=(32:75,64:102,96:97) content=(43,38,1)
    [tile 29/48] pos=(32:75,96:102,0:64) content=(43,6,64)
    [tile 30/48] pos=(32:75,96:102,32:96) content=(43,6,64)
    [tile 31/48] pos=(32:75,96:102,64:97) content=(43,6,33)
    [tile 32/48] pos=(32:75,96:102,96:97) content=(43,6,1)
    [tile 33/48] pos=(64:75,0:64,0:64) content=(11,64,64)
    [tile 34/48] pos=(64:75,0:64,32:96) content=(11,64,64)
    [tile 35/48] pos=(64:75,0:64,64:97) content=(11,64,33)
    [tile 36/48] pos=(64:75,0:64,96:97) content=(11,64,1)
    [tile 37/48] pos=(64:75,32:96,0:64) content=(11,64,64)
    [tile 38/48] pos=(64:75,32:96,32:96) content=(11,64,64)
    [tile 39/48] pos=(64:75,32:96,64:97) content=(11,64,33)
    [tile 40/48] pos=(64:75,32:96,96:97) content=(11,64,1)
    [tile 41/48] pos=(64:75,64:102,0:64) content=(11,38,64)
    [tile 42/48] pos=(64:75,64:102,32:96) content=(11,38,64)
    [tile 43/48] pos=(64:75,64:102,64:97) content=(11,38,33)
    [tile 44/48] pos=(64:75,64:102,96:97) content=(11,38,1)
    [tile 45/48] pos=(64:75,96:102,0:64) content=(11,6,64)
    [tile 46/48] pos=(64:75,96:102,32:96) content=(11,6,64)
    [tile 47/48] pos=(64:75,96:102,64:97) content=(11,6,33)
    [tile 48/48] pos=(64:75,96:102,96:97) content=(11,6,1)
    [t1n] masked-MSE=1.7420 MAE=1.0313 PSNR=13.15dB ssim_whole=0.9094 ssim_support=0.1479 ssim_lesion=0.0172
    [tile 1/48] pos=(0:64,0:64,0:64) content=(64,64,64)
    [tile 2/48] pos=(0:64,0:64,32:96) content=(64,64,64)
    [tile 3/48] pos=(0:64,0:64,64:97) content=(64,64,33)
    [tile 4/48] pos=(0:64,0:64,96:97) content=(64,64,1)
    [tile 5/48] pos=(0:64,32:96,0:64) content=(64,64,64)
    [tile 6/48] pos=(0:64,32:96,32:96) content=(64,64,64)
    [tile 7/48] pos=(0:64,32:96,64:97) content=(64,64,33)
    [tile 8/48] pos=(0:64,32:96,96:97) content=(64,64,1)
    [tile 9/48] pos=(0:64,64:102,0:64) content=(64,38,64)
    [tile 10/48] pos=(0:64,64:102,32:96) content=(64,38,64)
    [tile 11/48] pos=(0:64,64:102,64:97) content=(64,38,33)
    [tile 12/48] pos=(0:64,64:102,96:97) content=(64,38,1)
    [tile 13/48] pos=(0:64,96:102,0:64) content=(64,6,64)
    [tile 14/48] pos=(0:64,96:102,32:96) content=(64,6,64)
    [tile 15/48] pos=(0:64,96:102,64:97) content=(64,6,33)
    [tile 16/48] pos=(0:64,96:102,96:97) content=(64,6,1)
    [tile 17/48] pos=(32:75,0:64,0:64) content=(43,64,64)
    [tile 18/48] pos=(32:75,0:64,32:96) content=(43,64,64)
    [tile 19/48] pos=(32:75,0:64,64:97) content=(43,64,33)
    [tile 20/48] pos=(32:75,0:64,96:97) content=(43,64,1)
    [tile 21/48] pos=(32:75,32:96,0:64) content=(43,64,64)
    [tile 22/48] pos=(32:75,32:96,32:96) content=(43,64,64)
    [tile 23/48] pos=(32:75,32:96,64:97) content=(43,64,33)
    [tile 24/48] pos=(32:75,32:96,96:97) content=(43,64,1)
    [tile 25/48] pos=(32:75,64:102,0:64) content=(43,38,64)
    [tile 26/48] pos=(32:75,64:102,32:96) content=(43,38,64)
    [tile 27/48] pos=(32:75,64:102,64:97) content=(43,38,33)
    [tile 28/48] pos=(32:75,64:102,96:97) content=(43,38,1)
    [tile 29/48] pos=(32:75,96:102,0:64) content=(43,6,64)
    [tile 30/48] pos=(32:75,96:102,32:96) content=(43,6,64)
    [tile 31/48] pos=(32:75,96:102,64:97) content=(43,6,33)
    [tile 32/48] pos=(32:75,96:102,96:97) content=(43,6,1)
    [tile 33/48] pos=(64:75,0:64,0:64) content=(11,64,64)
    [tile 34/48] pos=(64:75,0:64,32:96) content=(11,64,64)
    [tile 35/48] pos=(64:75,0:64,64:97) content=(11,64,33)
    [tile 36/48] pos=(64:75,0:64,96:97) content=(11,64,1)
    [tile 37/48] pos=(64:75,32:96,0:64) content=(11,64,64)
    [tile 38/48] pos=(64:75,32:96,32:96) content=(11,64,64)
    [tile 39/48] pos=(64:75,32:96,64:97) content=(11,64,33)
    [tile 40/48] pos=(64:75,32:96,96:97) content=(11,64,1)
    [tile 41/48] pos=(64:75,64:102,0:64) content=(11,38,64)
    [tile 42/48] pos=(64:75,64:102,32:96) content=(11,38,64)
    [tile 43/48] pos=(64:75,64:102,64:97) content=(11,38,33)
    [tile 44/48] pos=(64:75,64:102,96:97) content=(11,38,1)
    [tile 45/48] pos=(64:75,96:102,0:64) content=(11,6,64)
    [tile 46/48] pos=(64:75,96:102,32:96) content=(11,6,64)
    [tile 47/48] pos=(64:75,96:102,64:97) content=(11,6,33)
    [tile 48/48] pos=(64:75,96:102,96:97) content=(11,6,1)
    [t2w] masked-MSE=1.5350 MAE=0.9847 PSNR=13.70dB ssim_whole=0.9102 ssim_support=0.1548 ssim_lesion=0.0381
    [tile 1/48] pos=(0:64,0:64,0:64) content=(64,64,64)
    [tile 2/48] pos=(0:64,0:64,32:96) content=(64,64,64)
    [tile 3/48] pos=(0:64,0:64,64:97) content=(64,64,33)
    [tile 4/48] pos=(0:64,0:64,96:97) content=(64,64,1)
    [tile 5/48] pos=(0:64,32:96,0:64) content=(64,64,64)
    [tile 6/48] pos=(0:64,32:96,32:96) content=(64,64,64)
    [tile 7/48] pos=(0:64,32:96,64:97) content=(64,64,33)
    [tile 8/48] pos=(0:64,32:96,96:97) content=(64,64,1)
    [tile 9/48] pos=(0:64,64:102,0:64) content=(64,38,64)
    [tile 10/48] pos=(0:64,64:102,32:96) content=(64,38,64)
    [tile 11/48] pos=(0:64,64:102,64:97) content=(64,38,33)
    [tile 12/48] pos=(0:64,64:102,96:97) content=(64,38,1)
    [tile 13/48] pos=(0:64,96:102,0:64) content=(64,6,64)
    [tile 14/48] pos=(0:64,96:102,32:96) content=(64,6,64)
    [tile 15/48] pos=(0:64,96:102,64:97) content=(64,6,33)
    [tile 16/48] pos=(0:64,96:102,96:97) content=(64,6,1)
    [tile 17/48] pos=(32:75,0:64,0:64) content=(43,64,64)
    [tile 18/48] pos=(32:75,0:64,32:96) content=(43,64,64)
    [tile 19/48] pos=(32:75,0:64,64:97) content=(43,64,33)
    [tile 20/48] pos=(32:75,0:64,96:97) content=(43,64,1)
    [tile 21/48] pos=(32:75,32:96,0:64) content=(43,64,64)
    [tile 22/48] pos=(32:75,32:96,32:96) content=(43,64,64)
    [tile 23/48] pos=(32:75,32:96,64:97) content=(43,64,33)
    [tile 24/48] pos=(32:75,32:96,96:97) content=(43,64,1)
    [tile 25/48] pos=(32:75,64:102,0:64) content=(43,38,64)
    [tile 26/48] pos=(32:75,64:102,32:96) content=(43,38,64)
    [tile 27/48] pos=(32:75,64:102,64:97) content=(43,38,33)
    [tile 28/48] pos=(32:75,64:102,96:97) content=(43,38,1)
    [tile 29/48] pos=(32:75,96:102,0:64) content=(43,6,64)
    [tile 30/48] pos=(32:75,96:102,32:96) content=(43,6,64)
    [tile 31/48] pos=(32:75,96:102,64:97) content=(43,6,33)
    [tile 32/48] pos=(32:75,96:102,96:97) content=(43,6,1)
    [tile 33/48] pos=(64:75,0:64,0:64) content=(11,64,64)
    [tile 34/48] pos=(64:75,0:64,32:96) content=(11,64,64)
    [tile 35/48] pos=(64:75,0:64,64:97) content=(11,64,33)
    [tile 36/48] pos=(64:75,0:64,96:97) content=(11,64,1)
    [tile 37/48] pos=(64:75,32:96,0:64) content=(11,64,64)
    [tile 38/48] pos=(64:75,32:96,32:96) content=(11,64,64)
    [tile 39/48] pos=(64:75,32:96,64:97) content=(11,64,33)
    [tile 40/48] pos=(64:75,32:96,96:97) content=(11,64,1)
    [tile 41/48] pos=(64:75,64:102,0:64) content=(11,38,64)
    [tile 42/48] pos=(64:75,64:102,32:96) content=(11,38,64)
    [tile 43/48] pos=(64:75,64:102,64:97) content=(11,38,33)
    [tile 44/48] pos=(64:75,64:102,96:97) content=(11,38,1)
    [tile 45/48] pos=(64:75,96:102,0:64) content=(11,6,64)
    [tile 46/48] pos=(64:75,96:102,32:96) content=(11,6,64)
    [tile 47/48] pos=(64:75,96:102,64:97) content=(11,6,33)
    [tile 48/48] pos=(64:75,96:102,96:97) content=(11,6,1)
    [t2f] masked-MSE=5.0235 MAE=1.7609 PSNR=8.55dB ssim_whole=0.9159 ssim_support=0.2094 ssim_lesion=0.1188

  Patient: 00200-000 (29 lesion(s) in CSV)
    27 lesion(s) after merging
    [tile 1/24] pos=(0:64,0:64,0:60) content=(64,64,60)
    [tile 2/24] pos=(0:64,0:64,32:60) content=(64,64,28)
    [tile 3/24] pos=(0:64,32:87,0:60) content=(64,55,60)
    [tile 4/24] pos=(0:64,32:87,32:60) content=(64,55,28)
    [tile 5/24] pos=(0:64,64:87,0:60) content=(64,23,60)
    [tile 6/24] pos=(0:64,64:87,32:60) content=(64,23,28)
    [tile 7/24] pos=(32:96,0:64,0:60) content=(64,64,60)
    [tile 8/24] pos=(32:96,0:64,32:60) content=(64,64,28)
    [tile 9/24] pos=(32:96,32:87,0:60) content=(64,55,60)
    [tile 10/24] pos=(32:96,32:87,32:60) content=(64,55,28)
    [tile 11/24] pos=(32:96,64:87,0:60) content=(64,23,60)
    [tile 12/24] pos=(32:96,64:87,32:60) content=(64,23,28)
    [tile 13/24] pos=(64:101,0:64,0:60) content=(37,64,60)
    [tile 14/24] pos=(64:101,0:64,32:60) content=(37,64,28)
    [tile 15/24] pos=(64:101,32:87,0:60) content=(37,55,60)
    [tile 16/24] pos=(64:101,32:87,32:60) content=(37,55,28)
    [tile 17/24] pos=(64:101,64:87,0:60) content=(37,23,60)
    [tile 18/24] pos=(64:101,64:87,32:60) content=(37,23,28)
    [tile 19/24] pos=(96:101,0:64,0:60) content=(5,64,60)
    [tile 20/24] pos=(96:101,0:64,32:60) content=(5,64,28)
    [tile 21/24] pos=(96:101,32:87,0:60) content=(5,55,60)
    [tile 22/24] pos=(96:101,32:87,32:60) content=(5,55,28)
    [tile 23/24] pos=(96:101,64:87,0:60) content=(5,23,60)
    [tile 24/24] pos=(96:101,64:87,32:60) content=(5,23,28)
    [tile 1/12] pos=(0:56,0:64,0:52) content=(56,64,52)
    [tile 2/12] pos=(0:56,0:64,32:52) content=(56,64,20)
    [tile 3/12] pos=(0:56,32:69,0:52) content=(56,37,52)
    [tile 4/12] pos=(0:56,32:69,32:52) content=(56,37,20)
    [tile 5/12] pos=(0:56,64:69,0:52) content=(56,5,52)
    [tile 6/12] pos=(0:56,64:69,32:52) content=(56,5,20)
    [tile 7/12] pos=(32:56,0:64,0:52) content=(24,64,52)
    [tile 8/12] pos=(32:56,0:64,32:52) content=(24,64,20)
    [tile 9/12] pos=(32:56,32:69,0:52) content=(24,37,52)
    [tile 10/12] pos=(32:56,32:69,32:52) content=(24,37,20)
    [tile 11/12] pos=(32:56,64:69,0:52) content=(24,5,52)
    [tile 12/12] pos=(32:56,64:69,32:52) content=(24,5,20)
    [t1c] masked-MSE=1.5534 MAE=0.9044 PSNR=13.65dB ssim_whole=0.8879 ssim_support=0.6703 ssim_lesion=0.0185
    [tile 1/24] pos=(0:64,0:64,0:60) content=(64,64,60)
    [tile 2/24] pos=(0:64,0:64,32:60) content=(64,64,28)
    [tile 3/24] pos=(0:64,32:87,0:60) content=(64,55,60)
    [tile 4/24] pos=(0:64,32:87,32:60) content=(64,55,28)
    [tile 5/24] pos=(0:64,64:87,0:60) content=(64,23,60)
    [tile 6/24] pos=(0:64,64:87,32:60) content=(64,23,28)
    [tile 7/24] pos=(32:96,0:64,0:60) content=(64,64,60)
    [tile 8/24] pos=(32:96,0:64,32:60) content=(64,64,28)
    [tile 9/24] pos=(32:96,32:87,0:60) content=(64,55,60)
    [tile 10/24] pos=(32:96,32:87,32:60) content=(64,55,28)
    [tile 11/24] pos=(32:96,64:87,0:60) content=(64,23,60)
    [tile 12/24] pos=(32:96,64:87,32:60) content=(64,23,28)
    [tile 13/24] pos=(64:101,0:64,0:60) content=(37,64,60)
    [tile 14/24] pos=(64:101,0:64,32:60) content=(37,64,28)
    [tile 15/24] pos=(64:101,32:87,0:60) content=(37,55,60)
    [tile 16/24] pos=(64:101,32:87,32:60) content=(37,55,28)
    [tile 17/24] pos=(64:101,64:87,0:60) content=(37,23,60)
    [tile 18/24] pos=(64:101,64:87,32:60) content=(37,23,28)
    [tile 19/24] pos=(96:101,0:64,0:60) content=(5,64,60)
    [tile 20/24] pos=(96:101,0:64,32:60) content=(5,64,28)
    [tile 21/24] pos=(96:101,32:87,0:60) content=(5,55,60)
    [tile 22/24] pos=(96:101,32:87,32:60) content=(5,55,28)
    [tile 23/24] pos=(96:101,64:87,0:60) content=(5,23,60)
    [tile 24/24] pos=(96:101,64:87,32:60) content=(5,23,28)
    [tile 1/12] pos=(0:56,0:64,0:52) content=(56,64,52)
    [tile 2/12] pos=(0:56,0:64,32:52) content=(56,64,20)
    [tile 3/12] pos=(0:56,32:69,0:52) content=(56,37,52)
    [tile 4/12] pos=(0:56,32:69,32:52) content=(56,37,20)
    [tile 5/12] pos=(0:56,64:69,0:52) content=(56,5,52)
    [tile 6/12] pos=(0:56,64:69,32:52) content=(56,5,20)
    [tile 7/12] pos=(32:56,0:64,0:52) content=(24,64,52)
    [tile 8/12] pos=(32:56,0:64,32:52) content=(24,64,20)
    [tile 9/12] pos=(32:56,32:69,0:52) content=(24,37,52)
    [tile 10/12] pos=(32:56,32:69,32:52) content=(24,37,20)
    [tile 11/12] pos=(32:56,64:69,0:52) content=(24,5,52)
    [tile 12/12] pos=(32:56,64:69,32:52) content=(24,5,20)
    [t1n] masked-MSE=1.2950 MAE=0.8760 PSNR=14.44dB ssim_whole=0.8873 ssim_support=0.6697 ssim_lesion=0.0212
    [tile 1/24] pos=(0:64,0:64,0:60) content=(64,64,60)
    [tile 2/24] pos=(0:64,0:64,32:60) content=(64,64,28)
    [tile 3/24] pos=(0:64,32:87,0:60) content=(64,55,60)
    [tile 4/24] pos=(0:64,32:87,32:60) content=(64,55,28)
    [tile 5/24] pos=(0:64,64:87,0:60) content=(64,23,60)
    [tile 6/24] pos=(0:64,64:87,32:60) content=(64,23,28)
    [tile 7/24] pos=(32:96,0:64,0:60) content=(64,64,60)
    [tile 8/24] pos=(32:96,0:64,32:60) content=(64,64,28)
    [tile 9/24] pos=(32:96,32:87,0:60) content=(64,55,60)
    [tile 10/24] pos=(32:96,32:87,32:60) content=(64,55,28)
    [tile 11/24] pos=(32:96,64:87,0:60) content=(64,23,60)
    [tile 12/24] pos=(32:96,64:87,32:60) content=(64,23,28)
    [tile 13/24] pos=(64:101,0:64,0:60) content=(37,64,60)
    [tile 14/24] pos=(64:101,0:64,32:60) content=(37,64,28)
    [tile 15/24] pos=(64:101,32:87,0:60) content=(37,55,60)
    [tile 16/24] pos=(64:101,32:87,32:60) content=(37,55,28)
    [tile 17/24] pos=(64:101,64:87,0:60) content=(37,23,60)
    [tile 18/24] pos=(64:101,64:87,32:60) content=(37,23,28)
    [tile 19/24] pos=(96:101,0:64,0:60) content=(5,64,60)
    [tile 20/24] pos=(96:101,0:64,32:60) content=(5,64,28)
    [tile 21/24] pos=(96:101,32:87,0:60) content=(5,55,60)
    [tile 22/24] pos=(96:101,32:87,32:60) content=(5,55,28)
    [tile 23/24] pos=(96:101,64:87,0:60) content=(5,23,60)
    [tile 24/24] pos=(96:101,64:87,32:60) content=(5,23,28)
    [tile 1/12] pos=(0:56,0:64,0:52) content=(56,64,52)
    [tile 2/12] pos=(0:56,0:64,32:52) content=(56,64,20)
    [tile 3/12] pos=(0:56,32:69,0:52) content=(56,37,52)
    [tile 4/12] pos=(0:56,32:69,32:52) content=(56,37,20)
    [tile 5/12] pos=(0:56,64:69,0:52) content=(56,5,52)
    [tile 6/12] pos=(0:56,64:69,32:52) content=(56,5,20)
    [tile 7/12] pos=(32:56,0:64,0:52) content=(24,64,52)
    [tile 8/12] pos=(32:56,0:64,32:52) content=(24,64,20)
    [tile 9/12] pos=(32:56,32:69,0:52) content=(24,37,52)
    [tile 10/12] pos=(32:56,32:69,32:52) content=(24,37,20)
    [tile 11/12] pos=(32:56,64:69,0:52) content=(24,5,52)
    [tile 12/12] pos=(32:56,64:69,32:52) content=(24,5,20)
    [t2w] masked-MSE=1.4614 MAE=0.9315 PSNR=13.92dB ssim_whole=0.8907 ssim_support=0.6790 ssim_lesion=0.0438
    [tile 1/24] pos=(0:64,0:64,0:60) content=(64,64,60)
    [tile 2/24] pos=(0:64,0:64,32:60) content=(64,64,28)
    [tile 3/24] pos=(0:64,32:87,0:60) content=(64,55,60)
    [tile 4/24] pos=(0:64,32:87,32:60) content=(64,55,28)
    [tile 5/24] pos=(0:64,64:87,0:60) content=(64,23,60)
    [tile 6/24] pos=(0:64,64:87,32:60) content=(64,23,28)
    [tile 7/24] pos=(32:96,0:64,0:60) content=(64,64,60)
    [tile 8/24] pos=(32:96,0:64,32:60) content=(64,64,28)
    [tile 9/24] pos=(32:96,32:87,0:60) content=(64,55,60)
    [tile 10/24] pos=(32:96,32:87,32:60) content=(64,55,28)
    [tile 11/24] pos=(32:96,64:87,0:60) content=(64,23,60)
    [tile 12/24] pos=(32:96,64:87,32:60) content=(64,23,28)
    [tile 13/24] pos=(64:101,0:64,0:60) content=(37,64,60)
    [tile 14/24] pos=(64:101,0:64,32:60) content=(37,64,28)
    [tile 15/24] pos=(64:101,32:87,0:60) content=(37,55,60)
    [tile 16/24] pos=(64:101,32:87,32:60) content=(37,55,28)
    [tile 17/24] pos=(64:101,64:87,0:60) content=(37,23,60)
    [tile 18/24] pos=(64:101,64:87,32:60) content=(37,23,28)
    [tile 19/24] pos=(96:101,0:64,0:60) content=(5,64,60)
    [tile 20/24] pos=(96:101,0:64,32:60) content=(5,64,28)
    [tile 21/24] pos=(96:101,32:87,0:60) content=(5,55,60)
    [tile 22/24] pos=(96:101,32:87,32:60) content=(5,55,28)
    [tile 23/24] pos=(96:101,64:87,0:60) content=(5,23,60)
    [tile 24/24] pos=(96:101,64:87,32:60) content=(5,23,28)
    [tile 1/12] pos=(0:56,0:64,0:52) content=(56,64,52)
    [tile 2/12] pos=(0:56,0:64,32:52) content=(56,64,20)
    [tile 3/12] pos=(0:56,32:69,0:52) content=(56,37,52)
    [tile 4/12] pos=(0:56,32:69,32:52) content=(56,37,20)
    [tile 5/12] pos=(0:56,64:69,0:52) content=(56,5,52)
    [tile 6/12] pos=(0:56,64:69,32:52) content=(56,5,20)
    [tile 7/12] pos=(32:56,0:64,0:52) content=(24,64,52)
    [tile 8/12] pos=(32:56,0:64,32:52) content=(24,64,20)
    [tile 9/12] pos=(32:56,32:69,0:52) content=(24,37,52)
    [tile 10/12] pos=(32:56,32:69,32:52) content=(24,37,20)
    [tile 11/12] pos=(32:56,64:69,0:52) content=(24,5,52)
    [tile 12/12] pos=(32:56,64:69,32:52) content=(24,5,20)
    [t2f] masked-MSE=2.7107 MAE=1.1857 PSNR=11.23dB ssim_whole=0.8916 ssim_support=0.6824 ssim_lesion=0.1159

  Patient: 00202-000 (8 lesion(s) in CSV)
    7 lesion(s) after merging
    [tile 1/36] pos=(0:64,0:64,0:64) content=(64,64,64)
    [tile 2/36] pos=(0:64,0:64,32:65) content=(64,64,33)
    [tile 3/36] pos=(0:64,0:64,64:65) content=(64,64,1)
    [tile 4/36] pos=(0:64,32:96,0:64) content=(64,64,64)
    [tile 5/36] pos=(0:64,32:96,32:65) content=(64,64,33)
    [tile 6/36] pos=(0:64,32:96,64:65) content=(64,64,1)
    [tile 7/36] pos=(0:64,64:97,0:64) content=(64,33,64)
    [tile 8/36] pos=(0:64,64:97,32:65) content=(64,33,33)
    [tile 9/36] pos=(0:64,64:97,64:65) content=(64,33,1)
    [tile 10/36] pos=(0:64,96:97,0:64) content=(64,1,64)
    [tile 11/36] pos=(0:64,96:97,32:65) content=(64,1,33)
    [tile 12/36] pos=(0:64,96:97,64:65) content=(64,1,1)
    [tile 13/36] pos=(32:65,0:64,0:64) content=(33,64,64)
    [tile 14/36] pos=(32:65,0:64,32:65) content=(33,64,33)
    [tile 15/36] pos=(32:65,0:64,64:65) content=(33,64,1)
    [tile 16/36] pos=(32:65,32:96,0:64) content=(33,64,64)
    [tile 17/36] pos=(32:65,32:96,32:65) content=(33,64,33)
    [tile 18/36] pos=(32:65,32:96,64:65) content=(33,64,1)
    [tile 19/36] pos=(32:65,64:97,0:64) content=(33,33,64)
    [tile 20/36] pos=(32:65,64:97,32:65) content=(33,33,33)
    [tile 21/36] pos=(32:65,64:97,64:65) content=(33,33,1)
    [tile 22/36] pos=(32:65,96:97,0:64) content=(33,1,64)
    [tile 23/36] pos=(32:65,96:97,32:65) content=(33,1,33)
    [tile 24/36] pos=(32:65,96:97,64:65) content=(33,1,1)
    [tile 25/36] pos=(64:65,0:64,0:64) content=(1,64,64)
    [tile 26/36] pos=(64:65,0:64,32:65) content=(1,64,33)
    [tile 27/36] pos=(64:65,0:64,64:65) content=(1,64,1)
    [tile 28/36] pos=(64:65,32:96,0:64) content=(1,64,64)
    [tile 29/36] pos=(64:65,32:96,32:65) content=(1,64,33)
    [tile 30/36] pos=(64:65,32:96,64:65) content=(1,64,1)
    [tile 31/36] pos=(64:65,64:97,0:64) content=(1,33,64)
    [tile 32/36] pos=(64:65,64:97,32:65) content=(1,33,33)
    [tile 33/36] pos=(64:65,64:97,64:65) content=(1,33,1)
    [tile 34/36] pos=(64:65,96:97,0:64) content=(1,1,64)
    [tile 35/36] pos=(64:65,96:97,32:65) content=(1,1,33)
    [tile 36/36] pos=(64:65,96:97,64:65) content=(1,1,1)
    [t1c] masked-MSE=7.0505 MAE=1.7384 PSNR=7.08dB ssim_whole=0.9386 ssim_support=0.7216 ssim_lesion=0.0321
    [tile 1/36] pos=(0:64,0:64,0:64) content=(64,64,64)
    [tile 2/36] pos=(0:64,0:64,32:65) content=(64,64,33)
    [tile 3/36] pos=(0:64,0:64,64:65) content=(64,64,1)
    [tile 4/36] pos=(0:64,32:96,0:64) content=(64,64,64)
    [tile 5/36] pos=(0:64,32:96,32:65) content=(64,64,33)
    [tile 6/36] pos=(0:64,32:96,64:65) content=(64,64,1)
    [tile 7/36] pos=(0:64,64:97,0:64) content=(64,33,64)
    [tile 8/36] pos=(0:64,64:97,32:65) content=(64,33,33)
    [tile 9/36] pos=(0:64,64:97,64:65) content=(64,33,1)
    [tile 10/36] pos=(0:64,96:97,0:64) content=(64,1,64)
    [tile 11/36] pos=(0:64,96:97,32:65) content=(64,1,33)
    [tile 12/36] pos=(0:64,96:97,64:65) content=(64,1,1)
    [tile 13/36] pos=(32:65,0:64,0:64) content=(33,64,64)
    [tile 14/36] pos=(32:65,0:64,32:65) content=(33,64,33)
    [tile 15/36] pos=(32:65,0:64,64:65) content=(33,64,1)
    [tile 16/36] pos=(32:65,32:96,0:64) content=(33,64,64)
    [tile 17/36] pos=(32:65,32:96,32:65) content=(33,64,33)
    [tile 18/36] pos=(32:65,32:96,64:65) content=(33,64,1)
    [tile 19/36] pos=(32:65,64:97,0:64) content=(33,33,64)
    [tile 20/36] pos=(32:65,64:97,32:65) content=(33,33,33)
    [tile 21/36] pos=(32:65,64:97,64:65) content=(33,33,1)
    [tile 22/36] pos=(32:65,96:97,0:64) content=(33,1,64)
    [tile 23/36] pos=(32:65,96:97,32:65) content=(33,1,33)
    [tile 24/36] pos=(32:65,96:97,64:65) content=(33,1,1)
    [tile 25/36] pos=(64:65,0:64,0:64) content=(1,64,64)
    [tile 26/36] pos=(64:65,0:64,32:65) content=(1,64,33)
    [tile 27/36] pos=(64:65,0:64,64:65) content=(1,64,1)
    [tile 28/36] pos=(64:65,32:96,0:64) content=(1,64,64)
    [tile 29/36] pos=(64:65,32:96,32:65) content=(1,64,33)
    [tile 30/36] pos=(64:65,32:96,64:65) content=(1,64,1)
    [tile 31/36] pos=(64:65,64:97,0:64) content=(1,33,64)
    [tile 32/36] pos=(64:65,64:97,32:65) content=(1,33,33)
    [tile 33/36] pos=(64:65,64:97,64:65) content=(1,33,1)
    [tile 34/36] pos=(64:65,96:97,0:64) content=(1,1,64)
    [tile 35/36] pos=(64:65,96:97,32:65) content=(1,1,33)
    [tile 36/36] pos=(64:65,96:97,64:65) content=(1,1,1)
    [t1n] masked-MSE=2.0876 MAE=1.0976 PSNR=12.37dB ssim_whole=0.9385 ssim_support=0.7218 ssim_lesion=0.0229
    [tile 1/36] pos=(0:64,0:64,0:64) content=(64,64,64)
    [tile 2/36] pos=(0:64,0:64,32:65) content=(64,64,33)
    [tile 3/36] pos=(0:64,0:64,64:65) content=(64,64,1)
    [tile 4/36] pos=(0:64,32:96,0:64) content=(64,64,64)
    [tile 5/36] pos=(0:64,32:96,32:65) content=(64,64,33)
    [tile 6/36] pos=(0:64,32:96,64:65) content=(64,64,1)
    [tile 7/36] pos=(0:64,64:97,0:64) content=(64,33,64)
    [tile 8/36] pos=(0:64,64:97,32:65) content=(64,33,33)
    [tile 9/36] pos=(0:64,64:97,64:65) content=(64,33,1)
    [tile 10/36] pos=(0:64,96:97,0:64) content=(64,1,64)
    [tile 11/36] pos=(0:64,96:97,32:65) content=(64,1,33)
    [tile 12/36] pos=(0:64,96:97,64:65) content=(64,1,1)
    [tile 13/36] pos=(32:65,0:64,0:64) content=(33,64,64)
    [tile 14/36] pos=(32:65,0:64,32:65) content=(33,64,33)
    [tile 15/36] pos=(32:65,0:64,64:65) content=(33,64,1)
    [tile 16/36] pos=(32:65,32:96,0:64) content=(33,64,64)
    [tile 17/36] pos=(32:65,32:96,32:65) content=(33,64,33)
    [tile 18/36] pos=(32:65,32:96,64:65) content=(33,64,1)
    [tile 19/36] pos=(32:65,64:97,0:64) content=(33,33,64)
    [tile 20/36] pos=(32:65,64:97,32:65) content=(33,33,33)
    [tile 21/36] pos=(32:65,64:97,64:65) content=(33,33,1)
    [tile 22/36] pos=(32:65,96:97,0:64) content=(33,1,64)
    [tile 23/36] pos=(32:65,96:97,32:65) content=(33,1,33)
    [tile 24/36] pos=(32:65,96:97,64:65) content=(33,1,1)
    [tile 25/36] pos=(64:65,0:64,0:64) content=(1,64,64)
    [tile 26/36] pos=(64:65,0:64,32:65) content=(1,64,33)
    [tile 27/36] pos=(64:65,0:64,64:65) content=(1,64,1)
    [tile 28/36] pos=(64:65,32:96,0:64) content=(1,64,64)
    [tile 29/36] pos=(64:65,32:96,32:65) content=(1,64,33)
    [tile 30/36] pos=(64:65,32:96,64:65) content=(1,64,1)
    [tile 31/36] pos=(64:65,64:97,0:64) content=(1,33,64)
    [tile 32/36] pos=(64:65,64:97,32:65) content=(1,33,33)
    [tile 33/36] pos=(64:65,64:97,64:65) content=(1,33,1)
    [tile 34/36] pos=(64:65,96:97,0:64) content=(1,1,64)
    [tile 35/36] pos=(64:65,96:97,32:65) content=(1,1,33)
    [tile 36/36] pos=(64:65,96:97,64:65) content=(1,1,1)
    [t2w] masked-MSE=1.6626 MAE=1.0050 PSNR=13.36dB ssim_whole=0.9388 ssim_support=0.7230 ssim_lesion=0.0385
    [tile 1/36] pos=(0:64,0:64,0:64) content=(64,64,64)
    [tile 2/36] pos=(0:64,0:64,32:65) content=(64,64,33)
    [tile 3/36] pos=(0:64,0:64,64:65) content=(64,64,1)
    [tile 4/36] pos=(0:64,32:96,0:64) content=(64,64,64)
    [tile 5/36] pos=(0:64,32:96,32:65) content=(64,64,33)
    [tile 6/36] pos=(0:64,32:96,64:65) content=(64,64,1)
    [tile 7/36] pos=(0:64,64:97,0:64) content=(64,33,64)
    [tile 8/36] pos=(0:64,64:97,32:65) content=(64,33,33)
    [tile 9/36] pos=(0:64,64:97,64:65) content=(64,33,1)
    [tile 10/36] pos=(0:64,96:97,0:64) content=(64,1,64)
    [tile 11/36] pos=(0:64,96:97,32:65) content=(64,1,33)
    [tile 12/36] pos=(0:64,96:97,64:65) content=(64,1,1)
    [tile 13/36] pos=(32:65,0:64,0:64) content=(33,64,64)
    [tile 14/36] pos=(32:65,0:64,32:65) content=(33,64,33)
    [tile 15/36] pos=(32:65,0:64,64:65) content=(33,64,1)
    [tile 16/36] pos=(32:65,32:96,0:64) content=(33,64,64)
    [tile 17/36] pos=(32:65,32:96,32:65) content=(33,64,33)
    [tile 18/36] pos=(32:65,32:96,64:65) content=(33,64,1)
    [tile 19/36] pos=(32:65,64:97,0:64) content=(33,33,64)
    [tile 20/36] pos=(32:65,64:97,32:65) content=(33,33,33)
    [tile 21/36] pos=(32:65,64:97,64:65) content=(33,33,1)
    [tile 22/36] pos=(32:65,96:97,0:64) content=(33,1,64)
    [tile 23/36] pos=(32:65,96:97,32:65) content=(33,1,33)
    [tile 24/36] pos=(32:65,96:97,64:65) content=(33,1,1)
    [tile 25/36] pos=(64:65,0:64,0:64) content=(1,64,64)
    [tile 26/36] pos=(64:65,0:64,32:65) content=(1,64,33)
    [tile 27/36] pos=(64:65,0:64,64:65) content=(1,64,1)
    [tile 28/36] pos=(64:65,32:96,0:64) content=(1,64,64)
    [tile 29/36] pos=(64:65,32:96,32:65) content=(1,64,33)
    [tile 30/36] pos=(64:65,32:96,64:65) content=(1,64,1)
    [tile 31/36] pos=(64:65,64:97,0:64) content=(1,33,64)
    [tile 32/36] pos=(64:65,64:97,32:65) content=(1,33,33)
    [tile 33/36] pos=(64:65,64:97,64:65) content=(1,33,1)
    [tile 34/36] pos=(64:65,96:97,0:64) content=(1,1,64)
    [tile 35/36] pos=(64:65,96:97,32:65) content=(1,1,33)
    [tile 36/36] pos=(64:65,96:97,64:65) content=(1,1,1)
    [t2f] masked-MSE=7.6870 MAE=2.0334 PSNR=6.71dB ssim_whole=0.9388 ssim_support=0.7229 ssim_lesion=0.0716

  Patient: 00214-000 (6 lesion(s) in CSV)
    6 lesion(s) after merging
    [t1c] masked-MSE=2.7913 MAE=1.2201 PSNR=11.11dB ssim_whole=0.9775 ssim_support=0.8388 ssim_lesion=0.0392
    [t1n] masked-MSE=1.4227 MAE=0.9198 PSNR=14.03dB ssim_whole=0.9776 ssim_support=0.8407 ssim_lesion=0.0251
    [t2w] masked-MSE=1.7999 MAE=0.9817 PSNR=13.01dB ssim_whole=0.9785 ssim_support=0.8473 ssim_lesion=0.0760
    [t2f] masked-MSE=1.5772 MAE=0.9958 PSNR=13.58dB ssim_whole=0.9771 ssim_support=0.8366 ssim_lesion=0.0149

  Patient: 00260-000 (10 lesion(s) in CSV)
    2 lesion(s) after merging
    [tile 1/45] pos=(0:64,0:64,0:64) content=(64,64,64)
    [tile 2/45] pos=(0:64,0:64,32:87) content=(64,64,55)
    [tile 3/45] pos=(0:64,0:64,64:87) content=(64,64,23)
    [tile 4/45] pos=(0:64,32:96,0:64) content=(64,64,64)
    [tile 5/45] pos=(0:64,32:96,32:87) content=(64,64,55)
    [tile 6/45] pos=(0:64,32:96,64:87) content=(64,64,23)
    [tile 7/45] pos=(0:64,64:128,0:64) content=(64,64,64)
    [tile 8/45] pos=(0:64,64:128,32:87) content=(64,64,55)
    [tile 9/45] pos=(0:64,64:128,64:87) content=(64,64,23)
    [tile 10/45] pos=(0:64,96:138,0:64) content=(64,42,64)
    [tile 11/45] pos=(0:64,96:138,32:87) content=(64,42,55)
    [tile 12/45] pos=(0:64,96:138,64:87) content=(64,42,23)
    [tile 13/45] pos=(0:64,128:138,0:64) content=(64,10,64)
    [tile 14/45] pos=(0:64,128:138,32:87) content=(64,10,55)
    [tile 15/45] pos=(0:64,128:138,64:87) content=(64,10,23)
    [tile 16/45] pos=(32:92,0:64,0:64) content=(60,64,64)
    [tile 17/45] pos=(32:92,0:64,32:87) content=(60,64,55)
    [tile 18/45] pos=(32:92,0:64,64:87) content=(60,64,23)
    [tile 19/45] pos=(32:92,32:96,0:64) content=(60,64,64)
    [tile 20/45] pos=(32:92,32:96,32:87) content=(60,64,55)
    [tile 21/45] pos=(32:92,32:96,64:87) content=(60,64,23)
    [tile 22/45] pos=(32:92,64:128,0:64) content=(60,64,64)
    [tile 23/45] pos=(32:92,64:128,32:87) content=(60,64,55)
    [tile 24/45] pos=(32:92,64:128,64:87) content=(60,64,23)
    [tile 25/45] pos=(32:92,96:138,0:64) content=(60,42,64)
    [tile 26/45] pos=(32:92,96:138,32:87) content=(60,42,55)
    [tile 27/45] pos=(32:92,96:138,64:87) content=(60,42,23)
    [tile 28/45] pos=(32:92,128:138,0:64) content=(60,10,64)
    [tile 29/45] pos=(32:92,128:138,32:87) content=(60,10,55)
    [tile 30/45] pos=(32:92,128:138,64:87) content=(60,10,23)
    [tile 31/45] pos=(64:92,0:64,0:64) content=(28,64,64)
    [tile 32/45] pos=(64:92,0:64,32:87) content=(28,64,55)
    [tile 33/45] pos=(64:92,0:64,64:87) content=(28,64,23)
    [tile 34/45] pos=(64:92,32:96,0:64) content=(28,64,64)
    [tile 35/45] pos=(64:92,32:96,32:87) content=(28,64,55)
    [tile 36/45] pos=(64:92,32:96,64:87) content=(28,64,23)
    [tile 37/45] pos=(64:92,64:128,0:64) content=(28,64,64)
    [tile 38/45] pos=(64:92,64:128,32:87) content=(28,64,55)
    [tile 39/45] pos=(64:92,64:128,64:87) content=(28,64,23)
    [tile 40/45] pos=(64:92,96:138,0:64) content=(28,42,64)
    [tile 41/45] pos=(64:92,96:138,32:87) content=(28,42,55)
    [tile 42/45] pos=(64:92,96:138,64:87) content=(28,42,23)
    [tile 43/45] pos=(64:92,128:138,0:64) content=(28,10,64)
    [tile 44/45] pos=(64:92,128:138,32:87) content=(28,10,55)
    [tile 45/45] pos=(64:92,128:138,64:87) content=(28,10,23)
    [t1c] masked-MSE=2.1471 MAE=0.9402 PSNR=12.24dB ssim_whole=0.8635 ssim_support=0.1170 ssim_lesion=0.0192
    [tile 1/45] pos=(0:64,0:64,0:64) content=(64,64,64)
    [tile 2/45] pos=(0:64,0:64,32:87) content=(64,64,55)
    [tile 3/45] pos=(0:64,0:64,64:87) content=(64,64,23)
    [tile 4/45] pos=(0:64,32:96,0:64) content=(64,64,64)
    [tile 5/45] pos=(0:64,32:96,32:87) content=(64,64,55)
    [tile 6/45] pos=(0:64,32:96,64:87) content=(64,64,23)
    [tile 7/45] pos=(0:64,64:128,0:64) content=(64,64,64)
    [tile 8/45] pos=(0:64,64:128,32:87) content=(64,64,55)
    [tile 9/45] pos=(0:64,64:128,64:87) content=(64,64,23)
    [tile 10/45] pos=(0:64,96:138,0:64) content=(64,42,64)
    [tile 11/45] pos=(0:64,96:138,32:87) content=(64,42,55)
    [tile 12/45] pos=(0:64,96:138,64:87) content=(64,42,23)
    [tile 13/45] pos=(0:64,128:138,0:64) content=(64,10,64)
    [tile 14/45] pos=(0:64,128:138,32:87) content=(64,10,55)
    [tile 15/45] pos=(0:64,128:138,64:87) content=(64,10,23)
    [tile 16/45] pos=(32:92,0:64,0:64) content=(60,64,64)
    [tile 17/45] pos=(32:92,0:64,32:87) content=(60,64,55)
    [tile 18/45] pos=(32:92,0:64,64:87) content=(60,64,23)
    [tile 19/45] pos=(32:92,32:96,0:64) content=(60,64,64)
    [tile 20/45] pos=(32:92,32:96,32:87) content=(60,64,55)
    [tile 21/45] pos=(32:92,32:96,64:87) content=(60,64,23)
    [tile 22/45] pos=(32:92,64:128,0:64) content=(60,64,64)
    [tile 23/45] pos=(32:92,64:128,32:87) content=(60,64,55)
    [tile 24/45] pos=(32:92,64:128,64:87) content=(60,64,23)
    [tile 25/45] pos=(32:92,96:138,0:64) content=(60,42,64)
    [tile 26/45] pos=(32:92,96:138,32:87) content=(60,42,55)
    [tile 27/45] pos=(32:92,96:138,64:87) content=(60,42,23)
    [tile 28/45] pos=(32:92,128:138,0:64) content=(60,10,64)
    [tile 29/45] pos=(32:92,128:138,32:87) content=(60,10,55)
    [tile 30/45] pos=(32:92,128:138,64:87) content=(60,10,23)
    [tile 31/45] pos=(64:92,0:64,0:64) content=(28,64,64)
    [tile 32/45] pos=(64:92,0:64,32:87) content=(28,64,55)
    [tile 33/45] pos=(64:92,0:64,64:87) content=(28,64,23)
    [tile 34/45] pos=(64:92,32:96,0:64) content=(28,64,64)
    [tile 35/45] pos=(64:92,32:96,32:87) content=(28,64,55)
    [tile 36/45] pos=(64:92,32:96,64:87) content=(28,64,23)
    [tile 37/45] pos=(64:92,64:128,0:64) content=(28,64,64)
    [tile 38/45] pos=(64:92,64:128,32:87) content=(28,64,55)
    [tile 39/45] pos=(64:92,64:128,64:87) content=(28,64,23)
    [tile 40/45] pos=(64:92,96:138,0:64) content=(28,42,64)
    [tile 41/45] pos=(64:92,96:138,32:87) content=(28,42,55)
    [tile 42/45] pos=(64:92,96:138,64:87) content=(28,42,23)
    [tile 43/45] pos=(64:92,128:138,0:64) content=(28,10,64)
    [tile 44/45] pos=(64:92,128:138,32:87) content=(28,10,55)
    [tile 45/45] pos=(64:92,128:138,64:87) content=(28,10,23)
    [t1n] masked-MSE=1.4481 MAE=0.9447 PSNR=13.96dB ssim_whole=0.8635 ssim_support=0.1194 ssim_lesion=0.0201
    [tile 1/45] pos=(0:64,0:64,0:64) content=(64,64,64)
    [tile 2/45] pos=(0:64,0:64,32:87) content=(64,64,55)
    [tile 3/45] pos=(0:64,0:64,64:87) content=(64,64,23)
    [tile 4/45] pos=(0:64,32:96,0:64) content=(64,64,64)
    [tile 5/45] pos=(0:64,32:96,32:87) content=(64,64,55)
    [tile 6/45] pos=(0:64,32:96,64:87) content=(64,64,23)
    [tile 7/45] pos=(0:64,64:128,0:64) content=(64,64,64)
    [tile 8/45] pos=(0:64,64:128,32:87) content=(64,64,55)
    [tile 9/45] pos=(0:64,64:128,64:87) content=(64,64,23)
    [tile 10/45] pos=(0:64,96:138,0:64) content=(64,42,64)
    [tile 11/45] pos=(0:64,96:138,32:87) content=(64,42,55)
    [tile 12/45] pos=(0:64,96:138,64:87) content=(64,42,23)
    [tile 13/45] pos=(0:64,128:138,0:64) content=(64,10,64)
    [tile 14/45] pos=(0:64,128:138,32:87) content=(64,10,55)
    [tile 15/45] pos=(0:64,128:138,64:87) content=(64,10,23)
    [tile 16/45] pos=(32:92,0:64,0:64) content=(60,64,64)
    [tile 17/45] pos=(32:92,0:64,32:87) content=(60,64,55)
    [tile 18/45] pos=(32:92,0:64,64:87) content=(60,64,23)
    [tile 19/45] pos=(32:92,32:96,0:64) content=(60,64,64)
    [tile 20/45] pos=(32:92,32:96,32:87) content=(60,64,55)
    [tile 21/45] pos=(32:92,32:96,64:87) content=(60,64,23)
    [tile 22/45] pos=(32:92,64:128,0:64) content=(60,64,64)
    [tile 23/45] pos=(32:92,64:128,32:87) content=(60,64,55)
    [tile 24/45] pos=(32:92,64:128,64:87) content=(60,64,23)
    [tile 25/45] pos=(32:92,96:138,0:64) content=(60,42,64)
    [tile 26/45] pos=(32:92,96:138,32:87) content=(60,42,55)
    [tile 27/45] pos=(32:92,96:138,64:87) content=(60,42,23)
    [tile 28/45] pos=(32:92,128:138,0:64) content=(60,10,64)
    [tile 29/45] pos=(32:92,128:138,32:87) content=(60,10,55)
    [tile 30/45] pos=(32:92,128:138,64:87) content=(60,10,23)
    [tile 31/45] pos=(64:92,0:64,0:64) content=(28,64,64)
    [tile 32/45] pos=(64:92,0:64,32:87) content=(28,64,55)
    [tile 33/45] pos=(64:92,0:64,64:87) content=(28,64,23)
    [tile 34/45] pos=(64:92,32:96,0:64) content=(28,64,64)
    [tile 35/45] pos=(64:92,32:96,32:87) content=(28,64,55)
    [tile 36/45] pos=(64:92,32:96,64:87) content=(28,64,23)
    [tile 37/45] pos=(64:92,64:128,0:64) content=(28,64,64)
    [tile 38/45] pos=(64:92,64:128,32:87) content=(28,64,55)
    [tile 39/45] pos=(64:92,64:128,64:87) content=(28,64,23)
    [tile 40/45] pos=(64:92,96:138,0:64) content=(28,42,64)
    [tile 41/45] pos=(64:92,96:138,32:87) content=(28,42,55)
    [tile 42/45] pos=(64:92,96:138,64:87) content=(28,42,23)
    [tile 43/45] pos=(64:92,128:138,0:64) content=(28,10,64)
    [tile 44/45] pos=(64:92,128:138,32:87) content=(28,10,55)
    [tile 45/45] pos=(64:92,128:138,64:87) content=(28,10,23)
    [t2w] masked-MSE=1.2582 MAE=0.8866 PSNR=14.57dB ssim_whole=0.8662 ssim_support=0.1360 ssim_lesion=0.0389
    [tile 1/45] pos=(0:64,0:64,0:64) content=(64,64,64)
    [tile 2/45] pos=(0:64,0:64,32:87) content=(64,64,55)
    [tile 3/45] pos=(0:64,0:64,64:87) content=(64,64,23)
    [tile 4/45] pos=(0:64,32:96,0:64) content=(64,64,64)
    [tile 5/45] pos=(0:64,32:96,32:87) content=(64,64,55)
    [tile 6/45] pos=(0:64,32:96,64:87) content=(64,64,23)
    [tile 7/45] pos=(0:64,64:128,0:64) content=(64,64,64)
    [tile 8/45] pos=(0:64,64:128,32:87) content=(64,64,55)
    [tile 9/45] pos=(0:64,64:128,64:87) content=(64,64,23)
    [tile 10/45] pos=(0:64,96:138,0:64) content=(64,42,64)
    [tile 11/45] pos=(0:64,96:138,32:87) content=(64,42,55)
    [tile 12/45] pos=(0:64,96:138,64:87) content=(64,42,23)
    [tile 13/45] pos=(0:64,128:138,0:64) content=(64,10,64)
    [tile 14/45] pos=(0:64,128:138,32:87) content=(64,10,55)
    [tile 15/45] pos=(0:64,128:138,64:87) content=(64,10,23)
    [tile 16/45] pos=(32:92,0:64,0:64) content=(60,64,64)
    [tile 17/45] pos=(32:92,0:64,32:87) content=(60,64,55)
    [tile 18/45] pos=(32:92,0:64,64:87) content=(60,64,23)
    [tile 19/45] pos=(32:92,32:96,0:64) content=(60,64,64)
    [tile 20/45] pos=(32:92,32:96,32:87) content=(60,64,55)
    [tile 21/45] pos=(32:92,32:96,64:87) content=(60,64,23)
    [tile 22/45] pos=(32:92,64:128,0:64) content=(60,64,64)
    [tile 23/45] pos=(32:92,64:128,32:87) content=(60,64,55)
    [tile 24/45] pos=(32:92,64:128,64:87) content=(60,64,23)
    [tile 25/45] pos=(32:92,96:138,0:64) content=(60,42,64)
    [tile 26/45] pos=(32:92,96:138,32:87) content=(60,42,55)
    [tile 27/45] pos=(32:92,96:138,64:87) content=(60,42,23)
    [tile 28/45] pos=(32:92,128:138,0:64) content=(60,10,64)
    [tile 29/45] pos=(32:92,128:138,32:87) content=(60,10,55)
    [tile 30/45] pos=(32:92,128:138,64:87) content=(60,10,23)
    [tile 31/45] pos=(64:92,0:64,0:64) content=(28,64,64)
    [tile 32/45] pos=(64:92,0:64,32:87) content=(28,64,55)
    [tile 33/45] pos=(64:92,0:64,64:87) content=(28,64,23)
    [tile 34/45] pos=(64:92,32:96,0:64) content=(28,64,64)
    [tile 35/45] pos=(64:92,32:96,32:87) content=(28,64,55)
    [tile 36/45] pos=(64:92,32:96,64:87) content=(28,64,23)
    [tile 37/45] pos=(64:92,64:128,0:64) content=(28,64,64)
    [tile 38/45] pos=(64:92,64:128,32:87) content=(28,64,55)
    [tile 39/45] pos=(64:92,64:128,64:87) content=(28,64,23)
    [tile 40/45] pos=(64:92,96:138,0:64) content=(28,42,64)
    [tile 41/45] pos=(64:92,96:138,32:87) content=(28,42,55)
    [tile 42/45] pos=(64:92,96:138,64:87) content=(28,42,23)
    [tile 43/45] pos=(64:92,128:138,0:64) content=(28,10,64)
    [tile 44/45] pos=(64:92,128:138,32:87) content=(28,10,55)
    [tile 45/45] pos=(64:92,128:138,64:87) content=(28,10,23)
    [t2f] masked-MSE=5.5968 MAE=1.9289 PSNR=8.08dB ssim_whole=0.8696 ssim_support=0.1563 ssim_lesion=0.0799

  Patient: 00264-000 (4 lesion(s) in CSV)
    1 lesion(s) after merging
    [tile 1/24] pos=(0:64,0:64,0:64) content=(64,64,64)
    [tile 2/24] pos=(0:64,0:64,32:75) content=(64,64,43)
    [tile 3/24] pos=(0:64,0:64,64:75) content=(64,64,11)
    [tile 4/24] pos=(0:64,32:96,0:64) content=(64,64,64)
    [tile 5/24] pos=(0:64,32:96,32:75) content=(64,64,43)
    [tile 6/24] pos=(0:64,32:96,64:75) content=(64,64,11)
    [tile 7/24] pos=(0:64,64:98,0:64) content=(64,34,64)
    [tile 8/24] pos=(0:64,64:98,32:75) content=(64,34,43)
    [tile 9/24] pos=(0:64,64:98,64:75) content=(64,34,11)
    [tile 10/24] pos=(0:64,96:98,0:64) content=(64,2,64)
    [tile 11/24] pos=(0:64,96:98,32:75) content=(64,2,43)
    [tile 12/24] pos=(0:64,96:98,64:75) content=(64,2,11)
    [tile 13/24] pos=(32:64,0:64,0:64) content=(32,64,64)
    [tile 14/24] pos=(32:64,0:64,32:75) content=(32,64,43)
    [tile 15/24] pos=(32:64,0:64,64:75) content=(32,64,11)
    [tile 16/24] pos=(32:64,32:96,0:64) content=(32,64,64)
    [tile 17/24] pos=(32:64,32:96,32:75) content=(32,64,43)
    [tile 18/24] pos=(32:64,32:96,64:75) content=(32,64,11)
    [tile 19/24] pos=(32:64,64:98,0:64) content=(32,34,64)
    [tile 20/24] pos=(32:64,64:98,32:75) content=(32,34,43)
    [tile 21/24] pos=(32:64,64:98,64:75) content=(32,34,11)
    [tile 22/24] pos=(32:64,96:98,0:64) content=(32,2,64)
    [tile 23/24] pos=(32:64,96:98,32:75) content=(32,2,43)
    [tile 24/24] pos=(32:64,96:98,64:75) content=(32,2,11)
    [t1c] masked-MSE=1.7514 MAE=0.8343 PSNR=13.13dB ssim_whole=0.9425 ssim_support=0.1666 ssim_lesion=0.0208
    [tile 1/24] pos=(0:64,0:64,0:64) content=(64,64,64)
    [tile 2/24] pos=(0:64,0:64,32:75) content=(64,64,43)
    [tile 3/24] pos=(0:64,0:64,64:75) content=(64,64,11)
    [tile 4/24] pos=(0:64,32:96,0:64) content=(64,64,64)
    [tile 5/24] pos=(0:64,32:96,32:75) content=(64,64,43)
    [tile 6/24] pos=(0:64,32:96,64:75) content=(64,64,11)
    [tile 7/24] pos=(0:64,64:98,0:64) content=(64,34,64)
    [tile 8/24] pos=(0:64,64:98,32:75) content=(64,34,43)
    [tile 9/24] pos=(0:64,64:98,64:75) content=(64,34,11)
    [tile 10/24] pos=(0:64,96:98,0:64) content=(64,2,64)
    [tile 11/24] pos=(0:64,96:98,32:75) content=(64,2,43)
    [tile 12/24] pos=(0:64,96:98,64:75) content=(64,2,11)
    [tile 13/24] pos=(32:64,0:64,0:64) content=(32,64,64)
    [tile 14/24] pos=(32:64,0:64,32:75) content=(32,64,43)
    [tile 15/24] pos=(32:64,0:64,64:75) content=(32,64,11)
    [tile 16/24] pos=(32:64,32:96,0:64) content=(32,64,64)
    [tile 17/24] pos=(32:64,32:96,32:75) content=(32,64,43)
    [tile 18/24] pos=(32:64,32:96,64:75) content=(32,64,11)
    [tile 19/24] pos=(32:64,64:98,0:64) content=(32,34,64)
    [tile 20/24] pos=(32:64,64:98,32:75) content=(32,34,43)
    [tile 21/24] pos=(32:64,64:98,64:75) content=(32,34,11)
    [tile 22/24] pos=(32:64,96:98,0:64) content=(32,2,64)
    [tile 23/24] pos=(32:64,96:98,32:75) content=(32,2,43)
    [tile 24/24] pos=(32:64,96:98,64:75) content=(32,2,11)
    [t1n] masked-MSE=2.3831 MAE=1.1817 PSNR=11.79dB ssim_whole=0.9424 ssim_support=0.1723 ssim_lesion=0.0179
    [tile 1/24] pos=(0:64,0:64,0:64) content=(64,64,64)
    [tile 2/24] pos=(0:64,0:64,32:75) content=(64,64,43)
    [tile 3/24] pos=(0:64,0:64,64:75) content=(64,64,11)
    [tile 4/24] pos=(0:64,32:96,0:64) content=(64,64,64)
    [tile 5/24] pos=(0:64,32:96,32:75) content=(64,64,43)
    [tile 6/24] pos=(0:64,32:96,64:75) content=(64,64,11)
    [tile 7/24] pos=(0:64,64:98,0:64) content=(64,34,64)
    [tile 8/24] pos=(0:64,64:98,32:75) content=(64,34,43)
    [tile 9/24] pos=(0:64,64:98,64:75) content=(64,34,11)
    [tile 10/24] pos=(0:64,96:98,0:64) content=(64,2,64)
    [tile 11/24] pos=(0:64,96:98,32:75) content=(64,2,43)
    [tile 12/24] pos=(0:64,96:98,64:75) content=(64,2,11)
    [tile 13/24] pos=(32:64,0:64,0:64) content=(32,64,64)
    [tile 14/24] pos=(32:64,0:64,32:75) content=(32,64,43)
    [tile 15/24] pos=(32:64,0:64,64:75) content=(32,64,11)
    [tile 16/24] pos=(32:64,32:96,0:64) content=(32,64,64)
    [tile 17/24] pos=(32:64,32:96,32:75) content=(32,64,43)
    [tile 18/24] pos=(32:64,32:96,64:75) content=(32,64,11)
    [tile 19/24] pos=(32:64,64:98,0:64) content=(32,34,64)
    [tile 20/24] pos=(32:64,64:98,32:75) content=(32,34,43)
    [tile 21/24] pos=(32:64,64:98,64:75) content=(32,34,11)
    [tile 22/24] pos=(32:64,96:98,0:64) content=(32,2,64)
    [tile 23/24] pos=(32:64,96:98,32:75) content=(32,2,43)
    [tile 24/24] pos=(32:64,96:98,64:75) content=(32,2,11)
    [t2w] masked-MSE=1.6092 MAE=1.0131 PSNR=13.50dB ssim_whole=0.9440 ssim_support=0.1956 ssim_lesion=0.0623
    [tile 1/24] pos=(0:64,0:64,0:64) content=(64,64,64)
    [tile 2/24] pos=(0:64,0:64,32:75) content=(64,64,43)
    [tile 3/24] pos=(0:64,0:64,64:75) content=(64,64,11)
    [tile 4/24] pos=(0:64,32:96,0:64) content=(64,64,64)
    [tile 5/24] pos=(0:64,32:96,32:75) content=(64,64,43)
    [tile 6/24] pos=(0:64,32:96,64:75) content=(64,64,11)
    [tile 7/24] pos=(0:64,64:98,0:64) content=(64,34,64)
    [tile 8/24] pos=(0:64,64:98,32:75) content=(64,34,43)
    [tile 9/24] pos=(0:64,64:98,64:75) content=(64,34,11)
    [tile 10/24] pos=(0:64,96:98,0:64) content=(64,2,64)
    [tile 11/24] pos=(0:64,96:98,32:75) content=(64,2,43)
    [tile 12/24] pos=(0:64,96:98,64:75) content=(64,2,11)
    [tile 13/24] pos=(32:64,0:64,0:64) content=(32,64,64)
    [tile 14/24] pos=(32:64,0:64,32:75) content=(32,64,43)
    [tile 15/24] pos=(32:64,0:64,64:75) content=(32,64,11)
    [tile 16/24] pos=(32:64,32:96,0:64) content=(32,64,64)
    [tile 17/24] pos=(32:64,32:96,32:75) content=(32,64,43)
    [tile 18/24] pos=(32:64,32:96,64:75) content=(32,64,11)
    [tile 19/24] pos=(32:64,64:98,0:64) content=(32,34,64)
    [tile 20/24] pos=(32:64,64:98,32:75) content=(32,34,43)
    [tile 21/24] pos=(32:64,64:98,64:75) content=(32,34,11)
    [tile 22/24] pos=(32:64,96:98,0:64) content=(32,2,64)
    [tile 23/24] pos=(32:64,96:98,32:75) content=(32,2,43)
    [tile 24/24] pos=(32:64,96:98,64:75) content=(32,2,11)
    [t2f] masked-MSE=6.8503 MAE=1.9698 PSNR=7.21dB ssim_whole=0.9454 ssim_support=0.2134 ssim_lesion=0.0913

  Patient: 00268-000 (1 lesion(s) in CSV)
    1 lesion(s) after merging
    [tile 1/18] pos=(0:64,0:64,0:47) content=(64,64,47)
    [tile 2/18] pos=(0:64,0:64,32:47) content=(64,64,15)
    [tile 3/18] pos=(0:64,32:68,0:47) content=(64,36,47)
    [tile 4/18] pos=(0:64,32:68,32:47) content=(64,36,15)
    [tile 5/18] pos=(0:64,64:68,0:47) content=(64,4,47)
    [tile 6/18] pos=(0:64,64:68,32:47) content=(64,4,15)
    [tile 7/18] pos=(32:69,0:64,0:47) content=(37,64,47)
    [tile 8/18] pos=(32:69,0:64,32:47) content=(37,64,15)
    [tile 9/18] pos=(32:69,32:68,0:47) content=(37,36,47)
    [tile 10/18] pos=(32:69,32:68,32:47) content=(37,36,15)
    [tile 11/18] pos=(32:69,64:68,0:47) content=(37,4,47)
    [tile 12/18] pos=(32:69,64:68,32:47) content=(37,4,15)
    [tile 13/18] pos=(64:69,0:64,0:47) content=(5,64,47)
    [tile 14/18] pos=(64:69,0:64,32:47) content=(5,64,15)
    [tile 15/18] pos=(64:69,32:68,0:47) content=(5,36,47)
    [tile 16/18] pos=(64:69,32:68,32:47) content=(5,36,15)
    [tile 17/18] pos=(64:69,64:68,0:47) content=(5,4,47)
    [tile 18/18] pos=(64:69,64:68,32:47) content=(5,4,15)
    [t1c] masked-MSE=1.7696 MAE=0.9596 PSNR=13.08dB ssim_whole=0.9723 ssim_support=0.1822 ssim_lesion=0.0335
    [tile 1/18] pos=(0:64,0:64,0:47) content=(64,64,47)
    [tile 2/18] pos=(0:64,0:64,32:47) content=(64,64,15)
    [tile 3/18] pos=(0:64,32:68,0:47) content=(64,36,47)
    [tile 4/18] pos=(0:64,32:68,32:47) content=(64,36,15)
    [tile 5/18] pos=(0:64,64:68,0:47) content=(64,4,47)
    [tile 6/18] pos=(0:64,64:68,32:47) content=(64,4,15)
    [tile 7/18] pos=(32:69,0:64,0:47) content=(37,64,47)
    [tile 8/18] pos=(32:69,0:64,32:47) content=(37,64,15)
    [tile 9/18] pos=(32:69,32:68,0:47) content=(37,36,47)
    [tile 10/18] pos=(32:69,32:68,32:47) content=(37,36,15)
    [tile 11/18] pos=(32:69,64:68,0:47) content=(37,4,47)
    [tile 12/18] pos=(32:69,64:68,32:47) content=(37,4,15)
    [tile 13/18] pos=(64:69,0:64,0:47) content=(5,64,47)
    [tile 14/18] pos=(64:69,0:64,32:47) content=(5,64,15)
    [tile 15/18] pos=(64:69,32:68,0:47) content=(5,36,47)
    [tile 16/18] pos=(64:69,32:68,32:47) content=(5,36,15)
    [tile 17/18] pos=(64:69,64:68,0:47) content=(5,4,47)
    [tile 18/18] pos=(64:69,64:68,32:47) content=(5,4,15)
    [t1n] masked-MSE=1.1282 MAE=0.8027 PSNR=15.04dB ssim_whole=0.9719 ssim_support=0.1804 ssim_lesion=0.0428
    [tile 1/18] pos=(0:64,0:64,0:47) content=(64,64,47)
    [tile 2/18] pos=(0:64,0:64,32:47) content=(64,64,15)
    [tile 3/18] pos=(0:64,32:68,0:47) content=(64,36,47)
    [tile 4/18] pos=(0:64,32:68,32:47) content=(64,36,15)
    [tile 5/18] pos=(0:64,64:68,0:47) content=(64,4,47)
    [tile 6/18] pos=(0:64,64:68,32:47) content=(64,4,15)
    [tile 7/18] pos=(32:69,0:64,0:47) content=(37,64,47)
    [tile 8/18] pos=(32:69,0:64,32:47) content=(37,64,15)
    [tile 9/18] pos=(32:69,32:68,0:47) content=(37,36,47)
    [tile 10/18] pos=(32:69,32:68,32:47) content=(37,36,15)
    [tile 11/18] pos=(32:69,64:68,0:47) content=(37,4,47)
    [tile 12/18] pos=(32:69,64:68,32:47) content=(37,4,15)
    [tile 13/18] pos=(64:69,0:64,0:47) content=(5,64,47)
    [tile 14/18] pos=(64:69,0:64,32:47) content=(5,64,15)
    [tile 15/18] pos=(64:69,32:68,0:47) content=(5,36,47)
    [tile 16/18] pos=(64:69,32:68,32:47) content=(5,36,15)
    [tile 17/18] pos=(64:69,64:68,0:47) content=(5,4,47)
    [tile 18/18] pos=(64:69,64:68,32:47) content=(5,4,15)
    [t2w] masked-MSE=1.6546 MAE=0.9478 PSNR=13.38dB ssim_whole=0.9723 ssim_support=0.1812 ssim_lesion=0.0191
    [tile 1/18] pos=(0:64,0:64,0:47) content=(64,64,47)
    [tile 2/18] pos=(0:64,0:64,32:47) content=(64,64,15)
    [tile 3/18] pos=(0:64,32:68,0:47) content=(64,36,47)
    [tile 4/18] pos=(0:64,32:68,32:47) content=(64,36,15)
    [tile 5/18] pos=(0:64,64:68,0:47) content=(64,4,47)
    [tile 6/18] pos=(0:64,64:68,32:47) content=(64,4,15)
    [tile 7/18] pos=(32:69,0:64,0:47) content=(37,64,47)
    [tile 8/18] pos=(32:69,0:64,32:47) content=(37,64,15)
    [tile 9/18] pos=(32:69,32:68,0:47) content=(37,36,47)
    [tile 10/18] pos=(32:69,32:68,32:47) content=(37,36,15)
    [tile 11/18] pos=(32:69,64:68,0:47) content=(37,4,47)
    [tile 12/18] pos=(32:69,64:68,32:47) content=(37,4,15)
    [tile 13/18] pos=(64:69,0:64,0:47) content=(5,64,47)
    [tile 14/18] pos=(64:69,0:64,32:47) content=(5,64,15)
    [tile 15/18] pos=(64:69,32:68,0:47) content=(5,36,47)
    [tile 16/18] pos=(64:69,32:68,32:47) content=(5,36,15)
    [tile 17/18] pos=(64:69,64:68,0:47) content=(5,4,47)
    [tile 18/18] pos=(64:69,64:68,32:47) content=(5,4,15)
    [t2f] masked-MSE=2.9419 MAE=1.2019 PSNR=10.88dB ssim_whole=0.9736 ssim_support=0.2246 ssim_lesion=0.1313

  Patient: 00292-000 (6 lesion(s) in CSV)
    2 lesion(s) after merging
    [tile 1/27] pos=(0:64,0:64,0:64) content=(64,64,64)
    [tile 2/27] pos=(0:64,0:64,32:87) content=(64,64,55)
    [tile 3/27] pos=(0:64,0:64,64:87) content=(64,64,23)
    [tile 4/27] pos=(0:64,32:90,0:64) content=(64,58,64)
    [tile 5/27] pos=(0:64,32:90,32:87) content=(64,58,55)
    [tile 6/27] pos=(0:64,32:90,64:87) content=(64,58,23)
    [tile 7/27] pos=(0:64,64:90,0:64) content=(64,26,64)
    [tile 8/27] pos=(0:64,64:90,32:87) content=(64,26,55)
    [tile 9/27] pos=(0:64,64:90,64:87) content=(64,26,23)
    [tile 10/27] pos=(32:75,0:64,0:64) content=(43,64,64)
    [tile 11/27] pos=(32:75,0:64,32:87) content=(43,64,55)
    [tile 12/27] pos=(32:75,0:64,64:87) content=(43,64,23)
    [tile 13/27] pos=(32:75,32:90,0:64) content=(43,58,64)
    [tile 14/27] pos=(32:75,32:90,32:87) content=(43,58,55)
    [tile 15/27] pos=(32:75,32:90,64:87) content=(43,58,23)
    [tile 16/27] pos=(32:75,64:90,0:64) content=(43,26,64)
    [tile 17/27] pos=(32:75,64:90,32:87) content=(43,26,55)
    [tile 18/27] pos=(32:75,64:90,64:87) content=(43,26,23)
    [tile 19/27] pos=(64:75,0:64,0:64) content=(11,64,64)
    [tile 20/27] pos=(64:75,0:64,32:87) content=(11,64,55)
    [tile 21/27] pos=(64:75,0:64,64:87) content=(11,64,23)
    [tile 22/27] pos=(64:75,32:90,0:64) content=(11,58,64)
    [tile 23/27] pos=(64:75,32:90,32:87) content=(11,58,55)
    [tile 24/27] pos=(64:75,32:90,64:87) content=(11,58,23)
    [tile 25/27] pos=(64:75,64:90,0:64) content=(11,26,64)
    [tile 26/27] pos=(64:75,64:90,32:87) content=(11,26,55)
    [tile 27/27] pos=(64:75,64:90,64:87) content=(11,26,23)
    [t1c] masked-MSE=3.3362 MAE=1.2592 PSNR=10.33dB ssim_whole=0.9288 ssim_support=0.4593 ssim_lesion=0.0533
    [tile 1/27] pos=(0:64,0:64,0:64) content=(64,64,64)
    [tile 2/27] pos=(0:64,0:64,32:87) content=(64,64,55)
    [tile 3/27] pos=(0:64,0:64,64:87) content=(64,64,23)
    [tile 4/27] pos=(0:64,32:90,0:64) content=(64,58,64)
    [tile 5/27] pos=(0:64,32:90,32:87) content=(64,58,55)
    [tile 6/27] pos=(0:64,32:90,64:87) content=(64,58,23)
    [tile 7/27] pos=(0:64,64:90,0:64) content=(64,26,64)
    [tile 8/27] pos=(0:64,64:90,32:87) content=(64,26,55)
    [tile 9/27] pos=(0:64,64:90,64:87) content=(64,26,23)
    [tile 10/27] pos=(32:75,0:64,0:64) content=(43,64,64)
    [tile 11/27] pos=(32:75,0:64,32:87) content=(43,64,55)
    [tile 12/27] pos=(32:75,0:64,64:87) content=(43,64,23)
    [tile 13/27] pos=(32:75,32:90,0:64) content=(43,58,64)
    [tile 14/27] pos=(32:75,32:90,32:87) content=(43,58,55)
    [tile 15/27] pos=(32:75,32:90,64:87) content=(43,58,23)
    [tile 16/27] pos=(32:75,64:90,0:64) content=(43,26,64)
    [tile 17/27] pos=(32:75,64:90,32:87) content=(43,26,55)
    [tile 18/27] pos=(32:75,64:90,64:87) content=(43,26,23)
    [tile 19/27] pos=(64:75,0:64,0:64) content=(11,64,64)
    [tile 20/27] pos=(64:75,0:64,32:87) content=(11,64,55)
    [tile 21/27] pos=(64:75,0:64,64:87) content=(11,64,23)
    [tile 22/27] pos=(64:75,32:90,0:64) content=(11,58,64)
    [tile 23/27] pos=(64:75,32:90,32:87) content=(11,58,55)
    [tile 24/27] pos=(64:75,32:90,64:87) content=(11,58,23)
    [tile 25/27] pos=(64:75,64:90,0:64) content=(11,26,64)
    [tile 26/27] pos=(64:75,64:90,32:87) content=(11,26,55)
    [tile 27/27] pos=(64:75,64:90,64:87) content=(11,26,23)
    [t1n] masked-MSE=1.6934 MAE=1.0163 PSNR=13.28dB ssim_whole=0.9271 ssim_support=0.4493 ssim_lesion=0.0211
    [tile 1/27] pos=(0:64,0:64,0:64) content=(64,64,64)
    [tile 2/27] pos=(0:64,0:64,32:87) content=(64,64,55)
    [tile 3/27] pos=(0:64,0:64,64:87) content=(64,64,23)
    [tile 4/27] pos=(0:64,32:90,0:64) content=(64,58,64)
    [tile 5/27] pos=(0:64,32:90,32:87) content=(64,58,55)
    [tile 6/27] pos=(0:64,32:90,64:87) content=(64,58,23)
    [tile 7/27] pos=(0:64,64:90,0:64) content=(64,26,64)
    [tile 8/27] pos=(0:64,64:90,32:87) content=(64,26,55)
    [tile 9/27] pos=(0:64,64:90,64:87) content=(64,26,23)
    [tile 10/27] pos=(32:75,0:64,0:64) content=(43,64,64)
    [tile 11/27] pos=(32:75,0:64,32:87) content=(43,64,55)
    [tile 12/27] pos=(32:75,0:64,64:87) content=(43,64,23)
    [tile 13/27] pos=(32:75,32:90,0:64) content=(43,58,64)
    [tile 14/27] pos=(32:75,32:90,32:87) content=(43,58,55)
    [tile 15/27] pos=(32:75,32:90,64:87) content=(43,58,23)
    [tile 16/27] pos=(32:75,64:90,0:64) content=(43,26,64)
    [tile 17/27] pos=(32:75,64:90,32:87) content=(43,26,55)
    [tile 18/27] pos=(32:75,64:90,64:87) content=(43,26,23)
    [tile 19/27] pos=(64:75,0:64,0:64) content=(11,64,64)
    [tile 20/27] pos=(64:75,0:64,32:87) content=(11,64,55)
    [tile 21/27] pos=(64:75,0:64,64:87) content=(11,64,23)
    [tile 22/27] pos=(64:75,32:90,0:64) content=(11,58,64)
    [tile 23/27] pos=(64:75,32:90,32:87) content=(11,58,55)
    [tile 24/27] pos=(64:75,32:90,64:87) content=(11,58,23)
    [tile 25/27] pos=(64:75,64:90,0:64) content=(11,26,64)
    [tile 26/27] pos=(64:75,64:90,32:87) content=(11,26,55)
    [tile 27/27] pos=(64:75,64:90,64:87) content=(11,26,23)
    [t2w] masked-MSE=1.5840 MAE=0.9966 PSNR=13.57dB ssim_whole=0.9269 ssim_support=0.4490 ssim_lesion=0.0303
    [tile 1/27] pos=(0:64,0:64,0:64) content=(64,64,64)
    [tile 2/27] pos=(0:64,0:64,32:87) content=(64,64,55)
    [tile 3/27] pos=(0:64,0:64,64:87) content=(64,64,23)
    [tile 4/27] pos=(0:64,32:90,0:64) content=(64,58,64)
    [tile 5/27] pos=(0:64,32:90,32:87) content=(64,58,55)
    [tile 6/27] pos=(0:64,32:90,64:87) content=(64,58,23)
    [tile 7/27] pos=(0:64,64:90,0:64) content=(64,26,64)
    [tile 8/27] pos=(0:64,64:90,32:87) content=(64,26,55)
    [tile 9/27] pos=(0:64,64:90,64:87) content=(64,26,23)
    [tile 10/27] pos=(32:75,0:64,0:64) content=(43,64,64)
    [tile 11/27] pos=(32:75,0:64,32:87) content=(43,64,55)
    [tile 12/27] pos=(32:75,0:64,64:87) content=(43,64,23)
    [tile 13/27] pos=(32:75,32:90,0:64) content=(43,58,64)
    [tile 14/27] pos=(32:75,32:90,32:87) content=(43,58,55)
    [tile 15/27] pos=(32:75,32:90,64:87) content=(43,58,23)
    [tile 16/27] pos=(32:75,64:90,0:64) content=(43,26,64)
    [tile 17/27] pos=(32:75,64:90,32:87) content=(43,26,55)
    [tile 18/27] pos=(32:75,64:90,64:87) content=(43,26,23)
    [tile 19/27] pos=(64:75,0:64,0:64) content=(11,64,64)
    [tile 20/27] pos=(64:75,0:64,32:87) content=(11,64,55)
    [tile 21/27] pos=(64:75,0:64,64:87) content=(11,64,23)
    [tile 22/27] pos=(64:75,32:90,0:64) content=(11,58,64)
    [tile 23/27] pos=(64:75,32:90,32:87) content=(11,58,55)
    [tile 24/27] pos=(64:75,32:90,64:87) content=(11,58,23)
    [tile 25/27] pos=(64:75,64:90,0:64) content=(11,26,64)
    [tile 26/27] pos=(64:75,64:90,32:87) content=(11,26,55)
    [tile 27/27] pos=(64:75,64:90,64:87) content=(11,26,23)
    [t2f] masked-MSE=3.1534 MAE=1.3909 PSNR=10.58dB ssim_whole=0.9308 ssim_support=0.4756 ssim_lesion=0.1097

  Patient: 00299-000 (11 lesion(s) in CSV)
    6 lesion(s) after merging
    [tile 1/60] pos=(0:64,0:64,0:64) content=(64,64,64)
    [tile 2/60] pos=(0:64,0:64,32:96) content=(64,64,64)
    [tile 3/60] pos=(0:64,0:64,64:103) content=(64,64,39)
    [tile 4/60] pos=(0:64,0:64,96:103) content=(64,64,7)
    [tile 5/60] pos=(0:64,32:96,0:64) content=(64,64,64)
    [tile 6/60] pos=(0:64,32:96,32:96) content=(64,64,64)
    [tile 7/60] pos=(0:64,32:96,64:103) content=(64,64,39)
    [tile 8/60] pos=(0:64,32:96,96:103) content=(64,64,7)
    [tile 9/60] pos=(0:64,64:128,0:64) content=(64,64,64)
    [tile 10/60] pos=(0:64,64:128,32:96) content=(64,64,64)
    [tile 11/60] pos=(0:64,64:128,64:103) content=(64,64,39)
    [tile 12/60] pos=(0:64,64:128,96:103) content=(64,64,7)
    [tile 13/60] pos=(0:64,96:133,0:64) content=(64,37,64)
    [tile 14/60] pos=(0:64,96:133,32:96) content=(64,37,64)
    [tile 15/60] pos=(0:64,96:133,64:103) content=(64,37,39)
    [tile 16/60] pos=(0:64,96:133,96:103) content=(64,37,7)
    [tile 17/60] pos=(0:64,128:133,0:64) content=(64,5,64)
    [tile 18/60] pos=(0:64,128:133,32:96) content=(64,5,64)
    [tile 19/60] pos=(0:64,128:133,64:103) content=(64,5,39)
    [tile 20/60] pos=(0:64,128:133,96:103) content=(64,5,7)
    [tile 21/60] pos=(32:75,0:64,0:64) content=(43,64,64)
    [tile 22/60] pos=(32:75,0:64,32:96) content=(43,64,64)
    [tile 23/60] pos=(32:75,0:64,64:103) content=(43,64,39)
    [tile 24/60] pos=(32:75,0:64,96:103) content=(43,64,7)
    [tile 25/60] pos=(32:75,32:96,0:64) content=(43,64,64)
    [tile 26/60] pos=(32:75,32:96,32:96) content=(43,64,64)
    [tile 27/60] pos=(32:75,32:96,64:103) content=(43,64,39)
    [tile 28/60] pos=(32:75,32:96,96:103) content=(43,64,7)
    [tile 29/60] pos=(32:75,64:128,0:64) content=(43,64,64)
    [tile 30/60] pos=(32:75,64:128,32:96) content=(43,64,64)
    [tile 31/60] pos=(32:75,64:128,64:103) content=(43,64,39)
    [tile 32/60] pos=(32:75,64:128,96:103) content=(43,64,7)
    [tile 33/60] pos=(32:75,96:133,0:64) content=(43,37,64)
    [tile 34/60] pos=(32:75,96:133,32:96) content=(43,37,64)
    [tile 35/60] pos=(32:75,96:133,64:103) content=(43,37,39)
    [tile 36/60] pos=(32:75,96:133,96:103) content=(43,37,7)
    [tile 37/60] pos=(32:75,128:133,0:64) content=(43,5,64)
    [tile 38/60] pos=(32:75,128:133,32:96) content=(43,5,64)
    [tile 39/60] pos=(32:75,128:133,64:103) content=(43,5,39)
    [tile 40/60] pos=(32:75,128:133,96:103) content=(43,5,7)
    [tile 41/60] pos=(64:75,0:64,0:64) content=(11,64,64)
    [tile 42/60] pos=(64:75,0:64,32:96) content=(11,64,64)
    [tile 43/60] pos=(64:75,0:64,64:103) content=(11,64,39)
    [tile 44/60] pos=(64:75,0:64,96:103) content=(11,64,7)
    [tile 45/60] pos=(64:75,32:96,0:64) content=(11,64,64)
    [tile 46/60] pos=(64:75,32:96,32:96) content=(11,64,64)
    [tile 47/60] pos=(64:75,32:96,64:103) content=(11,64,39)
    [tile 48/60] pos=(64:75,32:96,96:103) content=(11,64,7)
    [tile 49/60] pos=(64:75,64:128,0:64) content=(11,64,64)
    [tile 50/60] pos=(64:75,64:128,32:96) content=(11,64,64)
    [tile 51/60] pos=(64:75,64:128,64:103) content=(11,64,39)
    [tile 52/60] pos=(64:75,64:128,96:103) content=(11,64,7)
    [tile 53/60] pos=(64:75,96:133,0:64) content=(11,37,64)
    [tile 54/60] pos=(64:75,96:133,32:96) content=(11,37,64)
    [tile 55/60] pos=(64:75,96:133,64:103) content=(11,37,39)
    [tile 56/60] pos=(64:75,96:133,96:103) content=(11,37,7)
    [tile 57/60] pos=(64:75,128:133,0:64) content=(11,5,64)
    [tile 58/60] pos=(64:75,128:133,32:96) content=(11,5,64)
    [tile 59/60] pos=(64:75,128:133,64:103) content=(11,5,39)
    [tile 60/60] pos=(64:75,128:133,96:103) content=(11,5,7)
    [t1c] masked-MSE=1.3787 MAE=0.8426 PSNR=14.17dB ssim_whole=0.8711 ssim_support=0.5423 ssim_lesion=0.0338
    [tile 1/60] pos=(0:64,0:64,0:64) content=(64,64,64)
    [tile 2/60] pos=(0:64,0:64,32:96) content=(64,64,64)
    [tile 3/60] pos=(0:64,0:64,64:103) content=(64,64,39)
    [tile 4/60] pos=(0:64,0:64,96:103) content=(64,64,7)
    [tile 5/60] pos=(0:64,32:96,0:64) content=(64,64,64)
    [tile 6/60] pos=(0:64,32:96,32:96) content=(64,64,64)
    [tile 7/60] pos=(0:64,32:96,64:103) content=(64,64,39)
    [tile 8/60] pos=(0:64,32:96,96:103) content=(64,64,7)
    [tile 9/60] pos=(0:64,64:128,0:64) content=(64,64,64)
    [tile 10/60] pos=(0:64,64:128,32:96) content=(64,64,64)
    [tile 11/60] pos=(0:64,64:128,64:103) content=(64,64,39)
    [tile 12/60] pos=(0:64,64:128,96:103) content=(64,64,7)
    [tile 13/60] pos=(0:64,96:133,0:64) content=(64,37,64)
    [tile 14/60] pos=(0:64,96:133,32:96) content=(64,37,64)
    [tile 15/60] pos=(0:64,96:133,64:103) content=(64,37,39)
    [tile 16/60] pos=(0:64,96:133,96:103) content=(64,37,7)
    [tile 17/60] pos=(0:64,128:133,0:64) content=(64,5,64)
    [tile 18/60] pos=(0:64,128:133,32:96) content=(64,5,64)
    [tile 19/60] pos=(0:64,128:133,64:103) content=(64,5,39)
    [tile 20/60] pos=(0:64,128:133,96:103) content=(64,5,7)
    [tile 21/60] pos=(32:75,0:64,0:64) content=(43,64,64)
    [tile 22/60] pos=(32:75,0:64,32:96) content=(43,64,64)
    [tile 23/60] pos=(32:75,0:64,64:103) content=(43,64,39)
    [tile 24/60] pos=(32:75,0:64,96:103) content=(43,64,7)
    [tile 25/60] pos=(32:75,32:96,0:64) content=(43,64,64)
    [tile 26/60] pos=(32:75,32:96,32:96) content=(43,64,64)
    [tile 27/60] pos=(32:75,32:96,64:103) content=(43,64,39)
    [tile 28/60] pos=(32:75,32:96,96:103) content=(43,64,7)
    [tile 29/60] pos=(32:75,64:128,0:64) content=(43,64,64)
    [tile 30/60] pos=(32:75,64:128,32:96) content=(43,64,64)
    [tile 31/60] pos=(32:75,64:128,64:103) content=(43,64,39)
    [tile 32/60] pos=(32:75,64:128,96:103) content=(43,64,7)
    [tile 33/60] pos=(32:75,96:133,0:64) content=(43,37,64)
    [tile 34/60] pos=(32:75,96:133,32:96) content=(43,37,64)
    [tile 35/60] pos=(32:75,96:133,64:103) content=(43,37,39)
    [tile 36/60] pos=(32:75,96:133,96:103) content=(43,37,7)
    [tile 37/60] pos=(32:75,128:133,0:64) content=(43,5,64)
    [tile 38/60] pos=(32:75,128:133,32:96) content=(43,5,64)
    [tile 39/60] pos=(32:75,128:133,64:103) content=(43,5,39)
    [tile 40/60] pos=(32:75,128:133,96:103) content=(43,5,7)
    [tile 41/60] pos=(64:75,0:64,0:64) content=(11,64,64)
    [tile 42/60] pos=(64:75,0:64,32:96) content=(11,64,64)
    [tile 43/60] pos=(64:75,0:64,64:103) content=(11,64,39)
    [tile 44/60] pos=(64:75,0:64,96:103) content=(11,64,7)
    [tile 45/60] pos=(64:75,32:96,0:64) content=(11,64,64)
    [tile 46/60] pos=(64:75,32:96,32:96) content=(11,64,64)
    [tile 47/60] pos=(64:75,32:96,64:103) content=(11,64,39)
    [tile 48/60] pos=(64:75,32:96,96:103) content=(11,64,7)
    [tile 49/60] pos=(64:75,64:128,0:64) content=(11,64,64)
    [tile 50/60] pos=(64:75,64:128,32:96) content=(11,64,64)
    [tile 51/60] pos=(64:75,64:128,64:103) content=(11,64,39)
    [tile 52/60] pos=(64:75,64:128,96:103) content=(11,64,7)
    [tile 53/60] pos=(64:75,96:133,0:64) content=(11,37,64)
    [tile 54/60] pos=(64:75,96:133,32:96) content=(11,37,64)
    [tile 55/60] pos=(64:75,96:133,64:103) content=(11,37,39)
    [tile 56/60] pos=(64:75,96:133,96:103) content=(11,37,7)
    [tile 57/60] pos=(64:75,128:133,0:64) content=(11,5,64)
    [tile 58/60] pos=(64:75,128:133,32:96) content=(11,5,64)
    [tile 59/60] pos=(64:75,128:133,64:103) content=(11,5,39)
    [tile 60/60] pos=(64:75,128:133,96:103) content=(11,5,7)
    [t1n] masked-MSE=1.6640 MAE=1.0344 PSNR=13.35dB ssim_whole=0.8690 ssim_support=0.5362 ssim_lesion=0.0275
    [tile 1/60] pos=(0:64,0:64,0:64) content=(64,64,64)
    [tile 2/60] pos=(0:64,0:64,32:96) content=(64,64,64)
    [tile 3/60] pos=(0:64,0:64,64:103) content=(64,64,39)
    [tile 4/60] pos=(0:64,0:64,96:103) content=(64,64,7)
    [tile 5/60] pos=(0:64,32:96,0:64) content=(64,64,64)
    [tile 6/60] pos=(0:64,32:96,32:96) content=(64,64,64)
    [tile 7/60] pos=(0:64,32:96,64:103) content=(64,64,39)
    [tile 8/60] pos=(0:64,32:96,96:103) content=(64,64,7)
    [tile 9/60] pos=(0:64,64:128,0:64) content=(64,64,64)
    [tile 10/60] pos=(0:64,64:128,32:96) content=(64,64,64)
    [tile 11/60] pos=(0:64,64:128,64:103) content=(64,64,39)
    [tile 12/60] pos=(0:64,64:128,96:103) content=(64,64,7)
    [tile 13/60] pos=(0:64,96:133,0:64) content=(64,37,64)
    [tile 14/60] pos=(0:64,96:133,32:96) content=(64,37,64)
    [tile 15/60] pos=(0:64,96:133,64:103) content=(64,37,39)
    [tile 16/60] pos=(0:64,96:133,96:103) content=(64,37,7)
    [tile 17/60] pos=(0:64,128:133,0:64) content=(64,5,64)
    [tile 18/60] pos=(0:64,128:133,32:96) content=(64,5,64)
    [tile 19/60] pos=(0:64,128:133,64:103) content=(64,5,39)
    [tile 20/60] pos=(0:64,128:133,96:103) content=(64,5,7)
    [tile 21/60] pos=(32:75,0:64,0:64) content=(43,64,64)
    [tile 22/60] pos=(32:75,0:64,32:96) content=(43,64,64)
    [tile 23/60] pos=(32:75,0:64,64:103) content=(43,64,39)
    [tile 24/60] pos=(32:75,0:64,96:103) content=(43,64,7)
    [tile 25/60] pos=(32:75,32:96,0:64) content=(43,64,64)
    [tile 26/60] pos=(32:75,32:96,32:96) content=(43,64,64)
    [tile 27/60] pos=(32:75,32:96,64:103) content=(43,64,39)
    [tile 28/60] pos=(32:75,32:96,96:103) content=(43,64,7)
    [tile 29/60] pos=(32:75,64:128,0:64) content=(43,64,64)
    [tile 30/60] pos=(32:75,64:128,32:96) content=(43,64,64)
    [tile 31/60] pos=(32:75,64:128,64:103) content=(43,64,39)
    [tile 32/60] pos=(32:75,64:128,96:103) content=(43,64,7)
    [tile 33/60] pos=(32:75,96:133,0:64) content=(43,37,64)
    [tile 34/60] pos=(32:75,96:133,32:96) content=(43,37,64)
    [tile 35/60] pos=(32:75,96:133,64:103) content=(43,37,39)
    [tile 36/60] pos=(32:75,96:133,96:103) content=(43,37,7)
    [tile 37/60] pos=(32:75,128:133,0:64) content=(43,5,64)
    [tile 38/60] pos=(32:75,128:133,32:96) content=(43,5,64)
    [tile 39/60] pos=(32:75,128:133,64:103) content=(43,5,39)
    [tile 40/60] pos=(32:75,128:133,96:103) content=(43,5,7)
    [tile 41/60] pos=(64:75,0:64,0:64) content=(11,64,64)
    [tile 42/60] pos=(64:75,0:64,32:96) content=(11,64,64)
    [tile 43/60] pos=(64:75,0:64,64:103) content=(11,64,39)
    [tile 44/60] pos=(64:75,0:64,96:103) content=(11,64,7)
    [tile 45/60] pos=(64:75,32:96,0:64) content=(11,64,64)
    [tile 46/60] pos=(64:75,32:96,32:96) content=(11,64,64)
    [tile 47/60] pos=(64:75,32:96,64:103) content=(11,64,39)
    [tile 48/60] pos=(64:75,32:96,96:103) content=(11,64,7)
    [tile 49/60] pos=(64:75,64:128,0:64) content=(11,64,64)
    [tile 50/60] pos=(64:75,64:128,32:96) content=(11,64,64)
    [tile 51/60] pos=(64:75,64:128,64:103) content=(11,64,39)
    [tile 52/60] pos=(64:75,64:128,96:103) content=(11,64,7)
    [tile 53/60] pos=(64:75,96:133,0:64) content=(11,37,64)
    [tile 54/60] pos=(64:75,96:133,32:96) content=(11,37,64)
    [tile 55/60] pos=(64:75,96:133,64:103) content=(11,37,39)
    [tile 56/60] pos=(64:75,96:133,96:103) content=(11,37,7)
    [tile 57/60] pos=(64:75,128:133,0:64) content=(11,5,64)
    [tile 58/60] pos=(64:75,128:133,32:96) content=(11,5,64)
    [tile 59/60] pos=(64:75,128:133,64:103) content=(11,5,39)
    [tile 60/60] pos=(64:75,128:133,96:103) content=(11,5,7)
    [t2w] masked-MSE=1.3569 MAE=0.9360 PSNR=14.24dB ssim_whole=0.8727 ssim_support=0.5487 ssim_lesion=0.0588
    [tile 1/60] pos=(0:64,0:64,0:64) content=(64,64,64)
    [tile 2/60] pos=(0:64,0:64,32:96) content=(64,64,64)
    [tile 3/60] pos=(0:64,0:64,64:103) content=(64,64,39)
    [tile 4/60] pos=(0:64,0:64,96:103) content=(64,64,7)
    [tile 5/60] pos=(0:64,32:96,0:64) content=(64,64,64)
    [tile 6/60] pos=(0:64,32:96,32:96) content=(64,64,64)
    [tile 7/60] pos=(0:64,32:96,64:103) content=(64,64,39)
    [tile 8/60] pos=(0:64,32:96,96:103) content=(64,64,7)
    [tile 9/60] pos=(0:64,64:128,0:64) content=(64,64,64)
    [tile 10/60] pos=(0:64,64:128,32:96) content=(64,64,64)
    [tile 11/60] pos=(0:64,64:128,64:103) content=(64,64,39)
    [tile 12/60] pos=(0:64,64:128,96:103) content=(64,64,7)
    [tile 13/60] pos=(0:64,96:133,0:64) content=(64,37,64)
    [tile 14/60] pos=(0:64,96:133,32:96) content=(64,37,64)
    [tile 15/60] pos=(0:64,96:133,64:103) content=(64,37,39)
    [tile 16/60] pos=(0:64,96:133,96:103) content=(64,37,7)
    [tile 17/60] pos=(0:64,128:133,0:64) content=(64,5,64)
    [tile 18/60] pos=(0:64,128:133,32:96) content=(64,5,64)
    [tile 19/60] pos=(0:64,128:133,64:103) content=(64,5,39)
    [tile 20/60] pos=(0:64,128:133,96:103) content=(64,5,7)
    [tile 21/60] pos=(32:75,0:64,0:64) content=(43,64,64)
    [tile 22/60] pos=(32:75,0:64,32:96) content=(43,64,64)
    [tile 23/60] pos=(32:75,0:64,64:103) content=(43,64,39)
    [tile 24/60] pos=(32:75,0:64,96:103) content=(43,64,7)
    [tile 25/60] pos=(32:75,32:96,0:64) content=(43,64,64)
    [tile 26/60] pos=(32:75,32:96,32:96) content=(43,64,64)
    [tile 27/60] pos=(32:75,32:96,64:103) content=(43,64,39)
    [tile 28/60] pos=(32:75,32:96,96:103) content=(43,64,7)
    [tile 29/60] pos=(32:75,64:128,0:64) content=(43,64,64)
    [tile 30/60] pos=(32:75,64:128,32:96) content=(43,64,64)
    [tile 31/60] pos=(32:75,64:128,64:103) content=(43,64,39)
    [tile 32/60] pos=(32:75,64:128,96:103) content=(43,64,7)
    [tile 33/60] pos=(32:75,96:133,0:64) content=(43,37,64)
    [tile 34/60] pos=(32:75,96:133,32:96) content=(43,37,64)
    [tile 35/60] pos=(32:75,96:133,64:103) content=(43,37,39)
    [tile 36/60] pos=(32:75,96:133,96:103) content=(43,37,7)
    [tile 37/60] pos=(32:75,128:133,0:64) content=(43,5,64)
    [tile 38/60] pos=(32:75,128:133,32:96) content=(43,5,64)
    [tile 39/60] pos=(32:75,128:133,64:103) content=(43,5,39)
    [tile 40/60] pos=(32:75,128:133,96:103) content=(43,5,7)
    [tile 41/60] pos=(64:75,0:64,0:64) content=(11,64,64)
    [tile 42/60] pos=(64:75,0:64,32:96) content=(11,64,64)
    [tile 43/60] pos=(64:75,0:64,64:103) content=(11,64,39)
    [tile 44/60] pos=(64:75,0:64,96:103) content=(11,64,7)
    [tile 45/60] pos=(64:75,32:96,0:64) content=(11,64,64)
    [tile 46/60] pos=(64:75,32:96,32:96) content=(11,64,64)
    [tile 47/60] pos=(64:75,32:96,64:103) content=(11,64,39)
    [tile 48/60] pos=(64:75,32:96,96:103) content=(11,64,7)
    [tile 49/60] pos=(64:75,64:128,0:64) content=(11,64,64)
    [tile 50/60] pos=(64:75,64:128,32:96) content=(11,64,64)
    [tile 51/60] pos=(64:75,64:128,64:103) content=(11,64,39)
    [tile 52/60] pos=(64:75,64:128,96:103) content=(11,64,7)
    [tile 53/60] pos=(64:75,96:133,0:64) content=(11,37,64)
    [tile 54/60] pos=(64:75,96:133,32:96) content=(11,37,64)
    [tile 55/60] pos=(64:75,96:133,64:103) content=(11,37,39)
    [tile 56/60] pos=(64:75,96:133,96:103) content=(11,37,7)
    [tile 57/60] pos=(64:75,128:133,0:64) content=(11,5,64)
    [tile 58/60] pos=(64:75,128:133,32:96) content=(11,5,64)
    [tile 59/60] pos=(64:75,128:133,64:103) content=(11,5,39)
    [tile 60/60] pos=(64:75,128:133,96:103) content=(11,5,7)
    [t2f] masked-MSE=4.8586 MAE=1.7631 PSNR=8.70dB ssim_whole=0.8744 ssim_support=0.5553 ssim_lesion=0.1005

  Patient: 00300-000 (4 lesion(s) in CSV)
    1 lesion(s) after merging
    [tile 1/18] pos=(0:64,0:64,0:64) content=(64,64,64)
    [tile 2/18] pos=(0:64,0:64,32:84) content=(64,64,52)
    [tile 3/18] pos=(0:64,0:64,64:84) content=(64,64,20)
    [tile 4/18] pos=(0:64,32:90,0:64) content=(64,58,64)
    [tile 5/18] pos=(0:64,32:90,32:84) content=(64,58,52)
    [tile 6/18] pos=(0:64,32:90,64:84) content=(64,58,20)
    [tile 7/18] pos=(0:64,64:90,0:64) content=(64,26,64)
    [tile 8/18] pos=(0:64,64:90,32:84) content=(64,26,52)
    [tile 9/18] pos=(0:64,64:90,64:84) content=(64,26,20)
    [tile 10/18] pos=(32:64,0:64,0:64) content=(32,64,64)
    [tile 11/18] pos=(32:64,0:64,32:84) content=(32,64,52)
    [tile 12/18] pos=(32:64,0:64,64:84) content=(32,64,20)
    [tile 13/18] pos=(32:64,32:90,0:64) content=(32,58,64)
    [tile 14/18] pos=(32:64,32:90,32:84) content=(32,58,52)
    [tile 15/18] pos=(32:64,32:90,64:84) content=(32,58,20)
    [tile 16/18] pos=(32:64,64:90,0:64) content=(32,26,64)
    [tile 17/18] pos=(32:64,64:90,32:84) content=(32,26,52)
    [tile 18/18] pos=(32:64,64:90,64:84) content=(32,26,20)
    [t1c] masked-MSE=1.5529 MAE=0.9257 PSNR=13.65dB ssim_whole=0.9395 ssim_support=0.1530 ssim_lesion=0.0273
    [tile 1/18] pos=(0:64,0:64,0:64) content=(64,64,64)
    [tile 2/18] pos=(0:64,0:64,32:84) content=(64,64,52)
    [tile 3/18] pos=(0:64,0:64,64:84) content=(64,64,20)
    [tile 4/18] pos=(0:64,32:90,0:64) content=(64,58,64)
    [tile 5/18] pos=(0:64,32:90,32:84) content=(64,58,52)
    [tile 6/18] pos=(0:64,32:90,64:84) content=(64,58,20)
    [tile 7/18] pos=(0:64,64:90,0:64) content=(64,26,64)
    [tile 8/18] pos=(0:64,64:90,32:84) content=(64,26,52)
    [tile 9/18] pos=(0:64,64:90,64:84) content=(64,26,20)
    [tile 10/18] pos=(32:64,0:64,0:64) content=(32,64,64)
    [tile 11/18] pos=(32:64,0:64,32:84) content=(32,64,52)
    [tile 12/18] pos=(32:64,0:64,64:84) content=(32,64,20)
    [tile 13/18] pos=(32:64,32:90,0:64) content=(32,58,64)
    [tile 14/18] pos=(32:64,32:90,32:84) content=(32,58,52)
    [tile 15/18] pos=(32:64,32:90,64:84) content=(32,58,20)
    [tile 16/18] pos=(32:64,64:90,0:64) content=(32,26,64)
    [tile 17/18] pos=(32:64,64:90,32:84) content=(32,26,52)
    [tile 18/18] pos=(32:64,64:90,64:84) content=(32,26,20)
    [t1n] masked-MSE=1.4898 MAE=0.9418 PSNR=13.83dB ssim_whole=0.9403 ssim_support=0.1656 ssim_lesion=0.0444
    [tile 1/18] pos=(0:64,0:64,0:64) content=(64,64,64)
    [tile 2/18] pos=(0:64,0:64,32:84) content=(64,64,52)
    [tile 3/18] pos=(0:64,0:64,64:84) content=(64,64,20)
    [tile 4/18] pos=(0:64,32:90,0:64) content=(64,58,64)
    [tile 5/18] pos=(0:64,32:90,32:84) content=(64,58,52)
    [tile 6/18] pos=(0:64,32:90,64:84) content=(64,58,20)
    [tile 7/18] pos=(0:64,64:90,0:64) content=(64,26,64)
    [tile 8/18] pos=(0:64,64:90,32:84) content=(64,26,52)
    [tile 9/18] pos=(0:64,64:90,64:84) content=(64,26,20)
    [tile 10/18] pos=(32:64,0:64,0:64) content=(32,64,64)
    [tile 11/18] pos=(32:64,0:64,32:84) content=(32,64,52)
    [tile 12/18] pos=(32:64,0:64,64:84) content=(32,64,20)
    [tile 13/18] pos=(32:64,32:90,0:64) content=(32,58,64)
    [tile 14/18] pos=(32:64,32:90,32:84) content=(32,58,52)
    [tile 15/18] pos=(32:64,32:90,64:84) content=(32,58,20)
    [tile 16/18] pos=(32:64,64:90,0:64) content=(32,26,64)
    [tile 17/18] pos=(32:64,64:90,32:84) content=(32,26,52)
    [tile 18/18] pos=(32:64,64:90,64:84) content=(32,26,20)
    [t2w] masked-MSE=1.4623 MAE=0.9734 PSNR=13.91dB ssim_whole=0.9412 ssim_support=0.1772 ssim_lesion=0.0540
    [tile 1/18] pos=(0:64,0:64,0:64) content=(64,64,64)
    [tile 2/18] pos=(0:64,0:64,32:84) content=(64,64,52)
    [tile 3/18] pos=(0:64,0:64,64:84) content=(64,64,20)
    [tile 4/18] pos=(0:64,32:90,0:64) content=(64,58,64)
    [tile 5/18] pos=(0:64,32:90,32:84) content=(64,58,52)
    [tile 6/18] pos=(0:64,32:90,64:84) content=(64,58,20)
    [tile 7/18] pos=(0:64,64:90,0:64) content=(64,26,64)
    [tile 8/18] pos=(0:64,64:90,32:84) content=(64,26,52)
    [tile 9/18] pos=(0:64,64:90,64:84) content=(64,26,20)
    [tile 10/18] pos=(32:64,0:64,0:64) content=(32,64,64)
    [tile 11/18] pos=(32:64,0:64,32:84) content=(32,64,52)
    [tile 12/18] pos=(32:64,0:64,64:84) content=(32,64,20)
    [tile 13/18] pos=(32:64,32:90,0:64) content=(32,58,64)
    [tile 14/18] pos=(32:64,32:90,32:84) content=(32,58,52)
    [tile 15/18] pos=(32:64,32:90,64:84) content=(32,58,20)
    [tile 16/18] pos=(32:64,64:90,0:64) content=(32,26,64)
    [tile 17/18] pos=(32:64,64:90,32:84) content=(32,26,52)
    [tile 18/18] pos=(32:64,64:90,64:84) content=(32,26,20)
    [t2f] masked-MSE=3.8603 MAE=1.4171 PSNR=9.70dB ssim_whole=0.9459 ssim_support=0.2405 ssim_lesion=0.1402

  Patient: 00380-000 (5 lesion(s) in CSV)
    4 lesion(s) after merging
    [tile 1/18] pos=(0:51,0:64,0:64) content=(51,64,64)
    [tile 2/18] pos=(0:51,0:64,32:80) content=(51,64,48)
    [tile 3/18] pos=(0:51,0:64,64:80) content=(51,64,16)
    [tile 4/18] pos=(0:51,32:65,0:64) content=(51,33,64)
    [tile 5/18] pos=(0:51,32:65,32:80) content=(51,33,48)
    [tile 6/18] pos=(0:51,32:65,64:80) content=(51,33,16)
    [tile 7/18] pos=(0:51,64:65,0:64) content=(51,1,64)
    [tile 8/18] pos=(0:51,64:65,32:80) content=(51,1,48)
    [tile 9/18] pos=(0:51,64:65,64:80) content=(51,1,16)
    [tile 10/18] pos=(32:51,0:64,0:64) content=(19,64,64)
    [tile 11/18] pos=(32:51,0:64,32:80) content=(19,64,48)
    [tile 12/18] pos=(32:51,0:64,64:80) content=(19,64,16)
    [tile 13/18] pos=(32:51,32:65,0:64) content=(19,33,64)
    [tile 14/18] pos=(32:51,32:65,32:80) content=(19,33,48)
    [tile 15/18] pos=(32:51,32:65,64:80) content=(19,33,16)
    [tile 16/18] pos=(32:51,64:65,0:64) content=(19,1,64)
    [tile 17/18] pos=(32:51,64:65,32:80) content=(19,1,48)
    [tile 18/18] pos=(32:51,64:65,64:80) content=(19,1,16)
    [t1c] masked-MSE=2.2780 MAE=1.0652 PSNR=11.99dB ssim_whole=0.9616 ssim_support=0.7674 ssim_lesion=0.0278
    [tile 1/18] pos=(0:51,0:64,0:64) content=(51,64,64)
    [tile 2/18] pos=(0:51,0:64,32:80) content=(51,64,48)
    [tile 3/18] pos=(0:51,0:64,64:80) content=(51,64,16)
    [tile 4/18] pos=(0:51,32:65,0:64) content=(51,33,64)
    [tile 5/18] pos=(0:51,32:65,32:80) content=(51,33,48)
    [tile 6/18] pos=(0:51,32:65,64:80) content=(51,33,16)
    [tile 7/18] pos=(0:51,64:65,0:64) content=(51,1,64)
    [tile 8/18] pos=(0:51,64:65,32:80) content=(51,1,48)
    [tile 9/18] pos=(0:51,64:65,64:80) content=(51,1,16)
    [tile 10/18] pos=(32:51,0:64,0:64) content=(19,64,64)
    [tile 11/18] pos=(32:51,0:64,32:80) content=(19,64,48)
    [tile 12/18] pos=(32:51,0:64,64:80) content=(19,64,16)
    [tile 13/18] pos=(32:51,32:65,0:64) content=(19,33,64)
    [tile 14/18] pos=(32:51,32:65,32:80) content=(19,33,48)
    [tile 15/18] pos=(32:51,32:65,64:80) content=(19,33,16)
    [tile 16/18] pos=(32:51,64:65,0:64) content=(19,1,64)
    [tile 17/18] pos=(32:51,64:65,32:80) content=(19,1,48)
    [tile 18/18] pos=(32:51,64:65,64:80) content=(19,1,16)
    [t1n] masked-MSE=1.6247 MAE=0.9552 PSNR=13.46dB ssim_whole=0.9617 ssim_support=0.7681 ssim_lesion=0.0100
    [tile 1/18] pos=(0:51,0:64,0:64) content=(51,64,64)
    [tile 2/18] pos=(0:51,0:64,32:80) content=(51,64,48)
    [tile 3/18] pos=(0:51,0:64,64:80) content=(51,64,16)
    [tile 4/18] pos=(0:51,32:65,0:64) content=(51,33,64)
    [tile 5/18] pos=(0:51,32:65,32:80) content=(51,33,48)
    [tile 6/18] pos=(0:51,32:65,64:80) content=(51,33,16)
    [tile 7/18] pos=(0:51,64:65,0:64) content=(51,1,64)
    [tile 8/18] pos=(0:51,64:65,32:80) content=(51,1,48)
    [tile 9/18] pos=(0:51,64:65,64:80) content=(51,1,16)
    [tile 10/18] pos=(32:51,0:64,0:64) content=(19,64,64)
    [tile 11/18] pos=(32:51,0:64,32:80) content=(19,64,48)
    [tile 12/18] pos=(32:51,0:64,64:80) content=(19,64,16)
    [tile 13/18] pos=(32:51,32:65,0:64) content=(19,33,64)
    [tile 14/18] pos=(32:51,32:65,32:80) content=(19,33,48)
    [tile 15/18] pos=(32:51,32:65,64:80) content=(19,33,16)
    [tile 16/18] pos=(32:51,64:65,0:64) content=(19,1,64)
    [tile 17/18] pos=(32:51,64:65,32:80) content=(19,1,48)
    [tile 18/18] pos=(32:51,64:65,64:80) content=(19,1,16)
    [t2w] masked-MSE=1.0881 MAE=0.7928 PSNR=15.20dB ssim_whole=0.9620 ssim_support=0.7705 ssim_lesion=0.0261
    [tile 1/18] pos=(0:51,0:64,0:64) content=(51,64,64)
    [tile 2/18] pos=(0:51,0:64,32:80) content=(51,64,48)
    [tile 3/18] pos=(0:51,0:64,64:80) content=(51,64,16)
    [tile 4/18] pos=(0:51,32:65,0:64) content=(51,33,64)
    [tile 5/18] pos=(0:51,32:65,32:80) content=(51,33,48)
    [tile 6/18] pos=(0:51,32:65,64:80) content=(51,33,16)
    [tile 7/18] pos=(0:51,64:65,0:64) content=(51,1,64)
    [tile 8/18] pos=(0:51,64:65,32:80) content=(51,1,48)
    [tile 9/18] pos=(0:51,64:65,64:80) content=(51,1,16)
    [tile 10/18] pos=(32:51,0:64,0:64) content=(19,64,64)
    [tile 11/18] pos=(32:51,0:64,32:80) content=(19,64,48)
    [tile 12/18] pos=(32:51,0:64,64:80) content=(19,64,16)
    [tile 13/18] pos=(32:51,32:65,0:64) content=(19,33,64)
    [tile 14/18] pos=(32:51,32:65,32:80) content=(19,33,48)
    [tile 15/18] pos=(32:51,32:65,64:80) content=(19,33,16)
    [tile 16/18] pos=(32:51,64:65,0:64) content=(19,1,64)
    [tile 17/18] pos=(32:51,64:65,32:80) content=(19,1,48)
    [tile 18/18] pos=(32:51,64:65,64:80) content=(19,1,16)
    [t2f] masked-MSE=4.1657 MAE=1.4315 PSNR=9.37dB ssim_whole=0.9621 ssim_support=0.7715 ssim_lesion=0.0619

  Patient: 00532-000 (1 lesion(s) in CSV)
    1 lesion(s) after merging
    [t1c] masked-MSE=1.1390 MAE=0.7249 PSNR=15.00dB ssim_whole=0.9929 ssim_support=0.2119 ssim_lesion=0.0024
    [t1n] masked-MSE=0.8205 MAE=0.7622 PSNR=16.42dB ssim_whole=0.9932 ssim_support=0.2418 ssim_lesion=-0.0121
    [t2w] masked-MSE=1.5823 MAE=1.0005 PSNR=13.57dB ssim_whole=0.9937 ssim_support=0.2900 ssim_lesion=0.0920
    [t2f] masked-MSE=1.0326 MAE=0.8179 PSNR=15.42dB ssim_whole=0.9932 ssim_support=0.2358 ssim_lesion=0.0984

  Patient: 00552-000 (2 lesion(s) in CSV)
    2 lesion(s) after merging
    [tile 1/12] pos=(0:60,0:64,0:63) content=(60,64,63)
    [tile 2/12] pos=(0:60,0:64,32:63) content=(60,64,31)
    [tile 3/12] pos=(0:60,32:69,0:63) content=(60,37,63)
    [tile 4/12] pos=(0:60,32:69,32:63) content=(60,37,31)
    [tile 5/12] pos=(0:60,64:69,0:63) content=(60,5,63)
    [tile 6/12] pos=(0:60,64:69,32:63) content=(60,5,31)
    [tile 7/12] pos=(32:60,0:64,0:63) content=(28,64,63)
    [tile 8/12] pos=(32:60,0:64,32:63) content=(28,64,31)
    [tile 9/12] pos=(32:60,32:69,0:63) content=(28,37,63)
    [tile 10/12] pos=(32:60,32:69,32:63) content=(28,37,31)
    [tile 11/12] pos=(32:60,64:69,0:63) content=(28,5,63)
    [tile 12/12] pos=(32:60,64:69,32:63) content=(28,5,31)
    [t1c] masked-MSE=1.8565 MAE=0.8761 PSNR=12.88dB ssim_whole=0.9654 ssim_support=0.7234 ssim_lesion=0.0250
    [tile 1/12] pos=(0:60,0:64,0:63) content=(60,64,63)
    [tile 2/12] pos=(0:60,0:64,32:63) content=(60,64,31)
    [tile 3/12] pos=(0:60,32:69,0:63) content=(60,37,63)
    [tile 4/12] pos=(0:60,32:69,32:63) content=(60,37,31)
    [tile 5/12] pos=(0:60,64:69,0:63) content=(60,5,63)
    [tile 6/12] pos=(0:60,64:69,32:63) content=(60,5,31)
    [tile 7/12] pos=(32:60,0:64,0:63) content=(28,64,63)
    [tile 8/12] pos=(32:60,0:64,32:63) content=(28,64,31)
    [tile 9/12] pos=(32:60,32:69,0:63) content=(28,37,63)
    [tile 10/12] pos=(32:60,32:69,32:63) content=(28,37,31)
    [tile 11/12] pos=(32:60,64:69,0:63) content=(28,5,63)
    [tile 12/12] pos=(32:60,64:69,32:63) content=(28,5,31)
    [t1n] masked-MSE=2.4107 MAE=1.1486 PSNR=11.74dB ssim_whole=0.9648 ssim_support=0.7197 ssim_lesion=0.0150
    [tile 1/12] pos=(0:60,0:64,0:63) content=(60,64,63)
    [tile 2/12] pos=(0:60,0:64,32:63) content=(60,64,31)
    [tile 3/12] pos=(0:60,32:69,0:63) content=(60,37,63)
    [tile 4/12] pos=(0:60,32:69,32:63) content=(60,37,31)
    [tile 5/12] pos=(0:60,64:69,0:63) content=(60,5,63)
    [tile 6/12] pos=(0:60,64:69,32:63) content=(60,5,31)
    [tile 7/12] pos=(32:60,0:64,0:63) content=(28,64,63)
    [tile 8/12] pos=(32:60,0:64,32:63) content=(28,64,31)
    [tile 9/12] pos=(32:60,32:69,0:63) content=(28,37,63)
    [tile 10/12] pos=(32:60,32:69,32:63) content=(28,37,31)
    [tile 11/12] pos=(32:60,64:69,0:63) content=(28,5,63)
    [tile 12/12] pos=(32:60,64:69,32:63) content=(28,5,31)
    [t2w] masked-MSE=1.4281 MAE=0.9451 PSNR=14.02dB ssim_whole=0.9649 ssim_support=0.7199 ssim_lesion=0.0146
    [tile 1/12] pos=(0:60,0:64,0:63) content=(60,64,63)
    [tile 2/12] pos=(0:60,0:64,32:63) content=(60,64,31)
    [tile 3/12] pos=(0:60,32:69,0:63) content=(60,37,63)
    [tile 4/12] pos=(0:60,32:69,32:63) content=(60,37,31)
    [tile 5/12] pos=(0:60,64:69,0:63) content=(60,5,63)
    [tile 6/12] pos=(0:60,64:69,32:63) content=(60,5,31)
    [tile 7/12] pos=(32:60,0:64,0:63) content=(28,64,63)
    [tile 8/12] pos=(32:60,0:64,32:63) content=(28,64,31)
    [tile 9/12] pos=(32:60,32:69,0:63) content=(28,37,63)
    [tile 10/12] pos=(32:60,32:69,32:63) content=(28,37,31)
    [tile 11/12] pos=(32:60,64:69,0:63) content=(28,5,63)
    [tile 12/12] pos=(32:60,64:69,32:63) content=(28,5,31)
    [t2f] masked-MSE=4.8030 MAE=1.5553 PSNR=8.75dB ssim_whole=0.9663 ssim_support=0.7321 ssim_lesion=0.0725

  Patient: 00572-000 (1 lesion(s) in CSV)
    1 lesion(s) after merging
    [t1c] masked-MSE=0.9920 MAE=0.6832 PSNR=15.60dB ssim_whole=0.9968 ssim_support=0.2500 ssim_lesion=0.0124
    [t1n] masked-MSE=2.6005 MAE=1.3816 PSNR=11.41dB ssim_whole=0.9969 ssim_support=0.2823 ssim_lesion=-0.0204
    [t2w] masked-MSE=1.4147 MAE=0.9830 PSNR=14.06dB ssim_whole=0.9969 ssim_support=0.2658 ssim_lesion=-0.0543
    [t2f] masked-MSE=1.0384 MAE=0.7852 PSNR=15.40dB ssim_whole=0.9971 ssim_support=0.3240 ssim_lesion=0.1521

  Patient: 00577-001 (5 lesion(s) in CSV)
    5 lesion(s) after merging
    [t1c] masked-MSE=3.3402 MAE=1.3668 PSNR=10.33dB ssim_whole=0.9982 ssim_support=0.9574 ssim_lesion=0.0324
    [t1n] masked-MSE=1.3892 MAE=0.9194 PSNR=14.14dB ssim_whole=0.9983 ssim_support=0.9586 ssim_lesion=-0.0032
    [t2w] masked-MSE=1.9140 MAE=1.0889 PSNR=12.74dB ssim_whole=0.9983 ssim_support=0.9591 ssim_lesion=-0.0481
    [t2f] masked-MSE=2.3955 MAE=1.2578 PSNR=11.77dB ssim_whole=0.9982 ssim_support=0.9580 ssim_lesion=0.0637

  Patient: 00613-000 (3 lesion(s) in CSV)
    3 lesion(s) after merging
    [t1c] masked-MSE=1.9365 MAE=1.0793 PSNR=12.69dB ssim_whole=0.9973 ssim_support=0.9072 ssim_lesion=0.0767
    [t1n] masked-MSE=0.9012 MAE=0.7784 PSNR=16.02dB ssim_whole=0.9976 ssim_support=0.9179 ssim_lesion=0.1038
    [t2w] masked-MSE=0.5104 MAE=0.5294 PSNR=18.48dB ssim_whole=0.9974 ssim_support=0.9085 ssim_lesion=-0.0070
    [t2f] masked-MSE=2.3748 MAE=1.1320 PSNR=11.81dB ssim_whole=0.9973 ssim_support=0.9060 ssim_lesion=0.0602

  Patient: 00613-001 (25 lesion(s) in CSV)
    6 lesion(s) after merging
    [tile 1/150] pos=(0:64,0:64,0:64) content=(64,64,64)
    [tile 2/150] pos=(0:64,0:64,32:73) content=(64,64,41)
    [tile 3/150] pos=(0:64,0:64,64:73) content=(64,64,9)
    [tile 4/150] pos=(0:64,32:96,0:64) content=(64,64,64)
    [tile 5/150] pos=(0:64,32:96,32:73) content=(64,64,41)
    [tile 6/150] pos=(0:64,32:96,64:73) content=(64,64,9)
    [tile 7/150] pos=(0:64,64:128,0:64) content=(64,64,64)
    [tile 8/150] pos=(0:64,64:128,32:73) content=(64,64,41)
    [tile 9/150] pos=(0:64,64:128,64:73) content=(64,64,9)
    [tile 10/150] pos=(0:64,96:160,0:64) content=(64,64,64)
    [tile 11/150] pos=(0:64,96:160,32:73) content=(64,64,41)
    [tile 12/150] pos=(0:64,96:160,64:73) content=(64,64,9)
    [tile 13/150] pos=(0:64,128:192,0:64) content=(64,64,64)
    [tile 14/150] pos=(0:64,128:192,32:73) content=(64,64,41)
    [tile 15/150] pos=(0:64,128:192,64:73) content=(64,64,9)
    [tile 16/150] pos=(0:64,160:224,0:64) content=(64,64,64)
    [tile 17/150] pos=(0:64,160:224,32:73) content=(64,64,41)
    [tile 18/150] pos=(0:64,160:224,64:73) content=(64,64,9)
    [tile 19/150] pos=(0:64,192:256,0:64) content=(64,64,64)
    [tile 20/150] pos=(0:64,192:256,32:73) content=(64,64,41)
    [tile 21/150] pos=(0:64,192:256,64:73) content=(64,64,9)
    [tile 22/150] pos=(0:64,224:288,0:64) content=(64,64,64)
    [tile 23/150] pos=(0:64,224:288,32:73) content=(64,64,41)
    [tile 24/150] pos=(0:64,224:288,64:73) content=(64,64,9)
    [tile 25/150] pos=(0:64,256:313,0:64) content=(64,57,64)
    [tile 26/150] pos=(0:64,256:313,32:73) content=(64,57,41)
    [tile 27/150] pos=(0:64,256:313,64:73) content=(64,57,9)
    [tile 28/150] pos=(0:64,288:313,0:64) content=(64,25,64)
    [tile 29/150] pos=(0:64,288:313,32:73) content=(64,25,41)
    [tile 30/150] pos=(0:64,288:313,64:73) content=(64,25,9)
    [tile 31/150] pos=(32:96,0:64,0:64) content=(64,64,64)
    [tile 32/150] pos=(32:96,0:64,32:73) content=(64,64,41)
    [tile 33/150] pos=(32:96,0:64,64:73) content=(64,64,9)
    [tile 34/150] pos=(32:96,32:96,0:64) content=(64,64,64)
    [tile 35/150] pos=(32:96,32:96,32:73) content=(64,64,41)
    [tile 36/150] pos=(32:96,32:96,64:73) content=(64,64,9)
    [tile 37/150] pos=(32:96,64:128,0:64) content=(64,64,64)
    [tile 38/150] pos=(32:96,64:128,32:73) content=(64,64,41)
    [tile 39/150] pos=(32:96,64:128,64:73) content=(64,64,9)
    [tile 40/150] pos=(32:96,96:160,0:64) content=(64,64,64)
    [tile 41/150] pos=(32:96,96:160,32:73) content=(64,64,41)
    [tile 42/150] pos=(32:96,96:160,64:73) content=(64,64,9)
    [tile 43/150] pos=(32:96,128:192,0:64) content=(64,64,64)
    [tile 44/150] pos=(32:96,128:192,32:73) content=(64,64,41)
    [tile 45/150] pos=(32:96,128:192,64:73) content=(64,64,9)
    [tile 46/150] pos=(32:96,160:224,0:64) content=(64,64,64)
    [tile 47/150] pos=(32:96,160:224,32:73) content=(64,64,41)
    [tile 48/150] pos=(32:96,160:224,64:73) content=(64,64,9)
    [tile 49/150] pos=(32:96,192:256,0:64) content=(64,64,64)
    [tile 50/150] pos=(32:96,192:256,32:73) content=(64,64,41)
    [tile 51/150] pos=(32:96,192:256,64:73) content=(64,64,9)
    [tile 52/150] pos=(32:96,224:288,0:64) content=(64,64,64)
    [tile 53/150] pos=(32:96,224:288,32:73) content=(64,64,41)
    [tile 54/150] pos=(32:96,224:288,64:73) content=(64,64,9)
    [tile 55/150] pos=(32:96,256:313,0:64) content=(64,57,64)
    [tile 56/150] pos=(32:96,256:313,32:73) content=(64,57,41)
    [tile 57/150] pos=(32:96,256:313,64:73) content=(64,57,9)
    [tile 58/150] pos=(32:96,288:313,0:64) content=(64,25,64)
    [tile 59/150] pos=(32:96,288:313,32:73) content=(64,25,41)
    [tile 60/150] pos=(32:96,288:313,64:73) content=(64,25,9)
    [tile 61/150] pos=(64:128,0:64,0:64) content=(64,64,64)
    [tile 62/150] pos=(64:128,0:64,32:73) content=(64,64,41)
    [tile 63/150] pos=(64:128,0:64,64:73) content=(64,64,9)
    [tile 64/150] pos=(64:128,32:96,0:64) content=(64,64,64)
    [tile 65/150] pos=(64:128,32:96,32:73) content=(64,64,41)
    [tile 66/150] pos=(64:128,32:96,64:73) content=(64,64,9)
    [tile 67/150] pos=(64:128,64:128,0:64) content=(64,64,64)
    [tile 68/150] pos=(64:128,64:128,32:73) content=(64,64,41)
    [tile 69/150] pos=(64:128,64:128,64:73) content=(64,64,9)
    [tile 70/150] pos=(64:128,96:160,0:64) content=(64,64,64)
    [tile 71/150] pos=(64:128,96:160,32:73) content=(64,64,41)
    [tile 72/150] pos=(64:128,96:160,64:73) content=(64,64,9)
    [tile 73/150] pos=(64:128,128:192,0:64) content=(64,64,64)
    [tile 74/150] pos=(64:128,128:192,32:73) content=(64,64,41)
    [tile 75/150] pos=(64:128,128:192,64:73) content=(64,64,9)
    [tile 76/150] pos=(64:128,160:224,0:64) content=(64,64,64)
    [tile 77/150] pos=(64:128,160:224,32:73) content=(64,64,41)
    [tile 78/150] pos=(64:128,160:224,64:73) content=(64,64,9)
    [tile 79/150] pos=(64:128,192:256,0:64) content=(64,64,64)
    [tile 80/150] pos=(64:128,192:256,32:73) content=(64,64,41)
    [tile 81/150] pos=(64:128,192:256,64:73) content=(64,64,9)
    [tile 82/150] pos=(64:128,224:288,0:64) content=(64,64,64)
    [tile 83/150] pos=(64:128,224:288,32:73) content=(64,64,41)
    [tile 84/150] pos=(64:128,224:288,64:73) content=(64,64,9)
    [tile 85/150] pos=(64:128,256:313,0:64) content=(64,57,64)
    [tile 86/150] pos=(64:128,256:313,32:73) content=(64,57,41)
    [tile 87/150] pos=(64:128,256:313,64:73) content=(64,57,9)
    [tile 88/150] pos=(64:128,288:313,0:64) content=(64,25,64)
    [tile 89/150] pos=(64:128,288:313,32:73) content=(64,25,41)
    [tile 90/150] pos=(64:128,288:313,64:73) content=(64,25,9)
    [tile 91/150] pos=(96:147,0:64,0:64) content=(51,64,64)
    [tile 92/150] pos=(96:147,0:64,32:73) content=(51,64,41)
    [tile 93/150] pos=(96:147,0:64,64:73) content=(51,64,9)
    [tile 94/150] pos=(96:147,32:96,0:64) content=(51,64,64)
    [tile 95/150] pos=(96:147,32:96,32:73) content=(51,64,41)
    [tile 96/150] pos=(96:147,32:96,64:73) content=(51,64,9)
    [tile 97/150] pos=(96:147,64:128,0:64) content=(51,64,64)
    [tile 98/150] pos=(96:147,64:128,32:73) content=(51,64,41)
    [tile 99/150] pos=(96:147,64:128,64:73) content=(51,64,9)
    [tile 100/150] pos=(96:147,96:160,0:64) content=(51,64,64)
    [tile 101/150] pos=(96:147,96:160,32:73) content=(51,64,41)
    [tile 102/150] pos=(96:147,96:160,64:73) content=(51,64,9)
    [tile 103/150] pos=(96:147,128:192,0:64) content=(51,64,64)
    [tile 104/150] pos=(96:147,128:192,32:73) content=(51,64,41)
    [tile 105/150] pos=(96:147,128:192,64:73) content=(51,64,9)
    [tile 106/150] pos=(96:147,160:224,0:64) content=(51,64,64)
    [tile 107/150] pos=(96:147,160:224,32:73) content=(51,64,41)
    [tile 108/150] pos=(96:147,160:224,64:73) content=(51,64,9)
    [tile 109/150] pos=(96:147,192:256,0:64) content=(51,64,64)
    [tile 110/150] pos=(96:147,192:256,32:73) content=(51,64,41)
    [tile 111/150] pos=(96:147,192:256,64:73) content=(51,64,9)
    [tile 112/150] pos=(96:147,224:288,0:64) content=(51,64,64)
    [tile 113/150] pos=(96:147,224:288,32:73) content=(51,64,41)
    [tile 114/150] pos=(96:147,224:288,64:73) content=(51,64,9)
    [tile 115/150] pos=(96:147,256:313,0:64) content=(51,57,64)
    [tile 116/150] pos=(96:147,256:313,32:73) content=(51,57,41)
    [tile 117/150] pos=(96:147,256:313,64:73) content=(51,57,9)
    [tile 118/150] pos=(96:147,288:313,0:64) content=(51,25,64)
    [tile 119/150] pos=(96:147,288:313,32:73) content=(51,25,41)
    [tile 120/150] pos=(96:147,288:313,64:73) content=(51,25,9)
    [tile 121/150] pos=(128:147,0:64,0:64) content=(19,64,64)
    [tile 122/150] pos=(128:147,0:64,32:73) content=(19,64,41)
    [tile 123/150] pos=(128:147,0:64,64:73) content=(19,64,9)
    [tile 124/150] pos=(128:147,32:96,0:64) content=(19,64,64)
    [tile 125/150] pos=(128:147,32:96,32:73) content=(19,64,41)
    [tile 126/150] pos=(128:147,32:96,64:73) content=(19,64,9)
    [tile 127/150] pos=(128:147,64:128,0:64) content=(19,64,64)
    [tile 128/150] pos=(128:147,64:128,32:73) content=(19,64,41)
    [tile 129/150] pos=(128:147,64:128,64:73) content=(19,64,9)
    [tile 130/150] pos=(128:147,96:160,0:64) content=(19,64,64)
    [tile 131/150] pos=(128:147,96:160,32:73) content=(19,64,41)
    [tile 132/150] pos=(128:147,96:160,64:73) content=(19,64,9)
    [tile 133/150] pos=(128:147,128:192,0:64) content=(19,64,64)
    [tile 134/150] pos=(128:147,128:192,32:73) content=(19,64,41)
    [tile 135/150] pos=(128:147,128:192,64:73) content=(19,64,9)
    [tile 136/150] pos=(128:147,160:224,0:64) content=(19,64,64)
    [tile 137/150] pos=(128:147,160:224,32:73) content=(19,64,41)
    [tile 138/150] pos=(128:147,160:224,64:73) content=(19,64,9)
    [tile 139/150] pos=(128:147,192:256,0:64) content=(19,64,64)
    [tile 140/150] pos=(128:147,192:256,32:73) content=(19,64,41)
    [tile 141/150] pos=(128:147,192:256,64:73) content=(19,64,9)
    [tile 142/150] pos=(128:147,224:288,0:64) content=(19,64,64)
    [tile 143/150] pos=(128:147,224:288,32:73) content=(19,64,41)
    [tile 144/150] pos=(128:147,224:288,64:73) content=(19,64,9)
    [tile 145/150] pos=(128:147,256:313,0:64) content=(19,57,64)
    [tile 146/150] pos=(128:147,256:313,32:73) content=(19,57,41)
    [tile 147/150] pos=(128:147,256:313,64:73) content=(19,57,9)
    [tile 148/150] pos=(128:147,288:313,0:64) content=(19,25,64)
    [tile 149/150] pos=(128:147,288:313,32:73) content=(19,25,41)
    [tile 150/150] pos=(128:147,288:313,64:73) content=(19,25,9)
    [t1c] masked-MSE=1.3697 MAE=0.7686 PSNR=14.20dB ssim_whole=0.9104 ssim_support=0.5711 ssim_lesion=0.0199
    [tile 1/150] pos=(0:64,0:64,0:64) content=(64,64,64)
    [tile 2/150] pos=(0:64,0:64,32:73) content=(64,64,41)
    [tile 3/150] pos=(0:64,0:64,64:73) content=(64,64,9)
    [tile 4/150] pos=(0:64,32:96,0:64) content=(64,64,64)
    [tile 5/150] pos=(0:64,32:96,32:73) content=(64,64,41)
    [tile 6/150] pos=(0:64,32:96,64:73) content=(64,64,9)
    [tile 7/150] pos=(0:64,64:128,0:64) content=(64,64,64)
    [tile 8/150] pos=(0:64,64:128,32:73) content=(64,64,41)
    [tile 9/150] pos=(0:64,64:128,64:73) content=(64,64,9)
    [tile 10/150] pos=(0:64,96:160,0:64) content=(64,64,64)
    [tile 11/150] pos=(0:64,96:160,32:73) content=(64,64,41)
    [tile 12/150] pos=(0:64,96:160,64:73) content=(64,64,9)
    [tile 13/150] pos=(0:64,128:192,0:64) content=(64,64,64)
    [tile 14/150] pos=(0:64,128:192,32:73) content=(64,64,41)
    [tile 15/150] pos=(0:64,128:192,64:73) content=(64,64,9)
    [tile 16/150] pos=(0:64,160:224,0:64) content=(64,64,64)
    [tile 17/150] pos=(0:64,160:224,32:73) content=(64,64,41)
    [tile 18/150] pos=(0:64,160:224,64:73) content=(64,64,9)
    [tile 19/150] pos=(0:64,192:256,0:64) content=(64,64,64)
    [tile 20/150] pos=(0:64,192:256,32:73) content=(64,64,41)
    [tile 21/150] pos=(0:64,192:256,64:73) content=(64,64,9)
    [tile 22/150] pos=(0:64,224:288,0:64) content=(64,64,64)
    [tile 23/150] pos=(0:64,224:288,32:73) content=(64,64,41)
    [tile 24/150] pos=(0:64,224:288,64:73) content=(64,64,9)
    [tile 25/150] pos=(0:64,256:313,0:64) content=(64,57,64)
    [tile 26/150] pos=(0:64,256:313,32:73) content=(64,57,41)
    [tile 27/150] pos=(0:64,256:313,64:73) content=(64,57,9)
    [tile 28/150] pos=(0:64,288:313,0:64) content=(64,25,64)
    [tile 29/150] pos=(0:64,288:313,32:73) content=(64,25,41)
    [tile 30/150] pos=(0:64,288:313,64:73) content=(64,25,9)
    [tile 31/150] pos=(32:96,0:64,0:64) content=(64,64,64)
    [tile 32/150] pos=(32:96,0:64,32:73) content=(64,64,41)
    [tile 33/150] pos=(32:96,0:64,64:73) content=(64,64,9)
    [tile 34/150] pos=(32:96,32:96,0:64) content=(64,64,64)
    [tile 35/150] pos=(32:96,32:96,32:73) content=(64,64,41)
    [tile 36/150] pos=(32:96,32:96,64:73) content=(64,64,9)
    [tile 37/150] pos=(32:96,64:128,0:64) content=(64,64,64)
    [tile 38/150] pos=(32:96,64:128,32:73) content=(64,64,41)
    [tile 39/150] pos=(32:96,64:128,64:73) content=(64,64,9)
    [tile 40/150] pos=(32:96,96:160,0:64) content=(64,64,64)
    [tile 41/150] pos=(32:96,96:160,32:73) content=(64,64,41)
    [tile 42/150] pos=(32:96,96:160,64:73) content=(64,64,9)
    [tile 43/150] pos=(32:96,128:192,0:64) content=(64,64,64)
    [tile 44/150] pos=(32:96,128:192,32:73) content=(64,64,41)
    [tile 45/150] pos=(32:96,128:192,64:73) content=(64,64,9)
    [tile 46/150] pos=(32:96,160:224,0:64) content=(64,64,64)
    [tile 47/150] pos=(32:96,160:224,32:73) content=(64,64,41)
    [tile 48/150] pos=(32:96,160:224,64:73) content=(64,64,9)
    [tile 49/150] pos=(32:96,192:256,0:64) content=(64,64,64)
    [tile 50/150] pos=(32:96,192:256,32:73) content=(64,64,41)
    [tile 51/150] pos=(32:96,192:256,64:73) content=(64,64,9)
    [tile 52/150] pos=(32:96,224:288,0:64) content=(64,64,64)
    [tile 53/150] pos=(32:96,224:288,32:73) content=(64,64,41)
    [tile 54/150] pos=(32:96,224:288,64:73) content=(64,64,9)
    [tile 55/150] pos=(32:96,256:313,0:64) content=(64,57,64)
    [tile 56/150] pos=(32:96,256:313,32:73) content=(64,57,41)
    [tile 57/150] pos=(32:96,256:313,64:73) content=(64,57,9)
    [tile 58/150] pos=(32:96,288:313,0:64) content=(64,25,64)
    [tile 59/150] pos=(32:96,288:313,32:73) content=(64,25,41)
    [tile 60/150] pos=(32:96,288:313,64:73) content=(64,25,9)
    [tile 61/150] pos=(64:128,0:64,0:64) content=(64,64,64)
    [tile 62/150] pos=(64:128,0:64,32:73) content=(64,64,41)
    [tile 63/150] pos=(64:128,0:64,64:73) content=(64,64,9)
    [tile 64/150] pos=(64:128,32:96,0:64) content=(64,64,64)
    [tile 65/150] pos=(64:128,32:96,32:73) content=(64,64,41)
    [tile 66/150] pos=(64:128,32:96,64:73) content=(64,64,9)
    [tile 67/150] pos=(64:128,64:128,0:64) content=(64,64,64)
    [tile 68/150] pos=(64:128,64:128,32:73) content=(64,64,41)
    [tile 69/150] pos=(64:128,64:128,64:73) content=(64,64,9)
    [tile 70/150] pos=(64:128,96:160,0:64) content=(64,64,64)
    [tile 71/150] pos=(64:128,96:160,32:73) content=(64,64,41)
    [tile 72/150] pos=(64:128,96:160,64:73) content=(64,64,9)
    [tile 73/150] pos=(64:128,128:192,0:64) content=(64,64,64)
    [tile 74/150] pos=(64:128,128:192,32:73) content=(64,64,41)
    [tile 75/150] pos=(64:128,128:192,64:73) content=(64,64,9)
    [tile 76/150] pos=(64:128,160:224,0:64) content=(64,64,64)
    [tile 77/150] pos=(64:128,160:224,32:73) content=(64,64,41)
    [tile 78/150] pos=(64:128,160:224,64:73) content=(64,64,9)
    [tile 79/150] pos=(64:128,192:256,0:64) content=(64,64,64)
    [tile 80/150] pos=(64:128,192:256,32:73) content=(64,64,41)
    [tile 81/150] pos=(64:128,192:256,64:73) content=(64,64,9)
    [tile 82/150] pos=(64:128,224:288,0:64) content=(64,64,64)
    [tile 83/150] pos=(64:128,224:288,32:73) content=(64,64,41)
    [tile 84/150] pos=(64:128,224:288,64:73) content=(64,64,9)
    [tile 85/150] pos=(64:128,256:313,0:64) content=(64,57,64)
    [tile 86/150] pos=(64:128,256:313,32:73) content=(64,57,41)
    [tile 87/150] pos=(64:128,256:313,64:73) content=(64,57,9)
    [tile 88/150] pos=(64:128,288:313,0:64) content=(64,25,64)
    [tile 89/150] pos=(64:128,288:313,32:73) content=(64,25,41)
    [tile 90/150] pos=(64:128,288:313,64:73) content=(64,25,9)
    [tile 91/150] pos=(96:147,0:64,0:64) content=(51,64,64)
    [tile 92/150] pos=(96:147,0:64,32:73) content=(51,64,41)
    [tile 93/150] pos=(96:147,0:64,64:73) content=(51,64,9)
    [tile 94/150] pos=(96:147,32:96,0:64) content=(51,64,64)
    [tile 95/150] pos=(96:147,32:96,32:73) content=(51,64,41)
    [tile 96/150] pos=(96:147,32:96,64:73) content=(51,64,9)
    [tile 97/150] pos=(96:147,64:128,0:64) content=(51,64,64)
    [tile 98/150] pos=(96:147,64:128,32:73) content=(51,64,41)
    [tile 99/150] pos=(96:147,64:128,64:73) content=(51,64,9)
    [tile 100/150] pos=(96:147,96:160,0:64) content=(51,64,64)
    [tile 101/150] pos=(96:147,96:160,32:73) content=(51,64,41)
    [tile 102/150] pos=(96:147,96:160,64:73) content=(51,64,9)
    [tile 103/150] pos=(96:147,128:192,0:64) content=(51,64,64)
    [tile 104/150] pos=(96:147,128:192,32:73) content=(51,64,41)
    [tile 105/150] pos=(96:147,128:192,64:73) content=(51,64,9)
    [tile 106/150] pos=(96:147,160:224,0:64) content=(51,64,64)
    [tile 107/150] pos=(96:147,160:224,32:73) content=(51,64,41)
    [tile 108/150] pos=(96:147,160:224,64:73) content=(51,64,9)
    [tile 109/150] pos=(96:147,192:256,0:64) content=(51,64,64)
    [tile 110/150] pos=(96:147,192:256,32:73) content=(51,64,41)
    [tile 111/150] pos=(96:147,192:256,64:73) content=(51,64,9)
    [tile 112/150] pos=(96:147,224:288,0:64) content=(51,64,64)
    [tile 113/150] pos=(96:147,224:288,32:73) content=(51,64,41)
    [tile 114/150] pos=(96:147,224:288,64:73) content=(51,64,9)
    [tile 115/150] pos=(96:147,256:313,0:64) content=(51,57,64)
    [tile 116/150] pos=(96:147,256:313,32:73) content=(51,57,41)
    [tile 117/150] pos=(96:147,256:313,64:73) content=(51,57,9)
    [tile 118/150] pos=(96:147,288:313,0:64) content=(51,25,64)
    [tile 119/150] pos=(96:147,288:313,32:73) content=(51,25,41)
    [tile 120/150] pos=(96:147,288:313,64:73) content=(51,25,9)
    [tile 121/150] pos=(128:147,0:64,0:64) content=(19,64,64)
    [tile 122/150] pos=(128:147,0:64,32:73) content=(19,64,41)
    [tile 123/150] pos=(128:147,0:64,64:73) content=(19,64,9)
    [tile 124/150] pos=(128:147,32:96,0:64) content=(19,64,64)
    [tile 125/150] pos=(128:147,32:96,32:73) content=(19,64,41)
    [tile 126/150] pos=(128:147,32:96,64:73) content=(19,64,9)
    [tile 127/150] pos=(128:147,64:128,0:64) content=(19,64,64)
    [tile 128/150] pos=(128:147,64:128,32:73) content=(19,64,41)
    [tile 129/150] pos=(128:147,64:128,64:73) content=(19,64,9)
    [tile 130/150] pos=(128:147,96:160,0:64) content=(19,64,64)
    [tile 131/150] pos=(128:147,96:160,32:73) content=(19,64,41)
    [tile 132/150] pos=(128:147,96:160,64:73) content=(19,64,9)
    [tile 133/150] pos=(128:147,128:192,0:64) content=(19,64,64)
    [tile 134/150] pos=(128:147,128:192,32:73) content=(19,64,41)
    [tile 135/150] pos=(128:147,128:192,64:73) content=(19,64,9)
    [tile 136/150] pos=(128:147,160:224,0:64) content=(19,64,64)
    [tile 137/150] pos=(128:147,160:224,32:73) content=(19,64,41)
    [tile 138/150] pos=(128:147,160:224,64:73) content=(19,64,9)
    [tile 139/150] pos=(128:147,192:256,0:64) content=(19,64,64)
    [tile 140/150] pos=(128:147,192:256,32:73) content=(19,64,41)
    [tile 141/150] pos=(128:147,192:256,64:73) content=(19,64,9)
    [tile 142/150] pos=(128:147,224:288,0:64) content=(19,64,64)
    [tile 143/150] pos=(128:147,224:288,32:73) content=(19,64,41)
    [tile 144/150] pos=(128:147,224:288,64:73) content=(19,64,9)
    [tile 145/150] pos=(128:147,256:313,0:64) content=(19,57,64)
    [tile 146/150] pos=(128:147,256:313,32:73) content=(19,57,41)
    [tile 147/150] pos=(128:147,256:313,64:73) content=(19,57,9)
    [tile 148/150] pos=(128:147,288:313,0:64) content=(19,25,64)
    [tile 149/150] pos=(128:147,288:313,32:73) content=(19,25,41)
    [tile 150/150] pos=(128:147,288:313,64:73) content=(19,25,9)
    [t1n] masked-MSE=1.4986 MAE=0.9573 PSNR=13.81dB ssim_whole=0.9106 ssim_support=0.5728 ssim_lesion=0.0268
    [tile 1/150] pos=(0:64,0:64,0:64) content=(64,64,64)
    [tile 2/150] pos=(0:64,0:64,32:73) content=(64,64,41)
    [tile 3/150] pos=(0:64,0:64,64:73) content=(64,64,9)
    [tile 4/150] pos=(0:64,32:96,0:64) content=(64,64,64)
    [tile 5/150] pos=(0:64,32:96,32:73) content=(64,64,41)
    [tile 6/150] pos=(0:64,32:96,64:73) content=(64,64,9)
    [tile 7/150] pos=(0:64,64:128,0:64) content=(64,64,64)
    [tile 8/150] pos=(0:64,64:128,32:73) content=(64,64,41)
    [tile 9/150] pos=(0:64,64:128,64:73) content=(64,64,9)
    [tile 10/150] pos=(0:64,96:160,0:64) content=(64,64,64)
    [tile 11/150] pos=(0:64,96:160,32:73) content=(64,64,41)
    [tile 12/150] pos=(0:64,96:160,64:73) content=(64,64,9)
    [tile 13/150] pos=(0:64,128:192,0:64) content=(64,64,64)
    [tile 14/150] pos=(0:64,128:192,32:73) content=(64,64,41)
    [tile 15/150] pos=(0:64,128:192,64:73) content=(64,64,9)
    [tile 16/150] pos=(0:64,160:224,0:64) content=(64,64,64)
    [tile 17/150] pos=(0:64,160:224,32:73) content=(64,64,41)
    [tile 18/150] pos=(0:64,160:224,64:73) content=(64,64,9)
    [tile 19/150] pos=(0:64,192:256,0:64) content=(64,64,64)
    [tile 20/150] pos=(0:64,192:256,32:73) content=(64,64,41)
    [tile 21/150] pos=(0:64,192:256,64:73) content=(64,64,9)
    [tile 22/150] pos=(0:64,224:288,0:64) content=(64,64,64)
    [tile 23/150] pos=(0:64,224:288,32:73) content=(64,64,41)
    [tile 24/150] pos=(0:64,224:288,64:73) content=(64,64,9)
    [tile 25/150] pos=(0:64,256:313,0:64) content=(64,57,64)
    [tile 26/150] pos=(0:64,256:313,32:73) content=(64,57,41)
    [tile 27/150] pos=(0:64,256:313,64:73) content=(64,57,9)
    [tile 28/150] pos=(0:64,288:313,0:64) content=(64,25,64)
    [tile 29/150] pos=(0:64,288:313,32:73) content=(64,25,41)
    [tile 30/150] pos=(0:64,288:313,64:73) content=(64,25,9)
    [tile 31/150] pos=(32:96,0:64,0:64) content=(64,64,64)
    [tile 32/150] pos=(32:96,0:64,32:73) content=(64,64,41)
    [tile 33/150] pos=(32:96,0:64,64:73) content=(64,64,9)
    [tile 34/150] pos=(32:96,32:96,0:64) content=(64,64,64)
    [tile 35/150] pos=(32:96,32:96,32:73) content=(64,64,41)
    [tile 36/150] pos=(32:96,32:96,64:73) content=(64,64,9)
    [tile 37/150] pos=(32:96,64:128,0:64) content=(64,64,64)
    [tile 38/150] pos=(32:96,64:128,32:73) content=(64,64,41)
    [tile 39/150] pos=(32:96,64:128,64:73) content=(64,64,9)
    [tile 40/150] pos=(32:96,96:160,0:64) content=(64,64,64)
    [tile 41/150] pos=(32:96,96:160,32:73) content=(64,64,41)
    [tile 42/150] pos=(32:96,96:160,64:73) content=(64,64,9)
    [tile 43/150] pos=(32:96,128:192,0:64) content=(64,64,64)
    [tile 44/150] pos=(32:96,128:192,32:73) content=(64,64,41)
    [tile 45/150] pos=(32:96,128:192,64:73) content=(64,64,9)
    [tile 46/150] pos=(32:96,160:224,0:64) content=(64,64,64)
    [tile 47/150] pos=(32:96,160:224,32:73) content=(64,64,41)
    [tile 48/150] pos=(32:96,160:224,64:73) content=(64,64,9)
    [tile 49/150] pos=(32:96,192:256,0:64) content=(64,64,64)
    [tile 50/150] pos=(32:96,192:256,32:73) content=(64,64,41)
    [tile 51/150] pos=(32:96,192:256,64:73) content=(64,64,9)
    [tile 52/150] pos=(32:96,224:288,0:64) content=(64,64,64)
    [tile 53/150] pos=(32:96,224:288,32:73) content=(64,64,41)
    [tile 54/150] pos=(32:96,224:288,64:73) content=(64,64,9)
    [tile 55/150] pos=(32:96,256:313,0:64) content=(64,57,64)
    [tile 56/150] pos=(32:96,256:313,32:73) content=(64,57,41)
    [tile 57/150] pos=(32:96,256:313,64:73) content=(64,57,9)
    [tile 58/150] pos=(32:96,288:313,0:64) content=(64,25,64)
    [tile 59/150] pos=(32:96,288:313,32:73) content=(64,25,41)
    [tile 60/150] pos=(32:96,288:313,64:73) content=(64,25,9)
    [tile 61/150] pos=(64:128,0:64,0:64) content=(64,64,64)
    [tile 62/150] pos=(64:128,0:64,32:73) content=(64,64,41)
    [tile 63/150] pos=(64:128,0:64,64:73) content=(64,64,9)
    [tile 64/150] pos=(64:128,32:96,0:64) content=(64,64,64)
    [tile 65/150] pos=(64:128,32:96,32:73) content=(64,64,41)
    [tile 66/150] pos=(64:128,32:96,64:73) content=(64,64,9)
    [tile 67/150] pos=(64:128,64:128,0:64) content=(64,64,64)
    [tile 68/150] pos=(64:128,64:128,32:73) content=(64,64,41)
    [tile 69/150] pos=(64:128,64:128,64:73) content=(64,64,9)
    [tile 70/150] pos=(64:128,96:160,0:64) content=(64,64,64)
    [tile 71/150] pos=(64:128,96:160,32:73) content=(64,64,41)
    [tile 72/150] pos=(64:128,96:160,64:73) content=(64,64,9)
    [tile 73/150] pos=(64:128,128:192,0:64) content=(64,64,64)
    [tile 74/150] pos=(64:128,128:192,32:73) content=(64,64,41)
    [tile 75/150] pos=(64:128,128:192,64:73) content=(64,64,9)
    [tile 76/150] pos=(64:128,160:224,0:64) content=(64,64,64)
    [tile 77/150] pos=(64:128,160:224,32:73) content=(64,64,41)
    [tile 78/150] pos=(64:128,160:224,64:73) content=(64,64,9)
    [tile 79/150] pos=(64:128,192:256,0:64) content=(64,64,64)
    [tile 80/150] pos=(64:128,192:256,32:73) content=(64,64,41)
    [tile 81/150] pos=(64:128,192:256,64:73) content=(64,64,9)
    [tile 82/150] pos=(64:128,224:288,0:64) content=(64,64,64)
    [tile 83/150] pos=(64:128,224:288,32:73) content=(64,64,41)
    [tile 84/150] pos=(64:128,224:288,64:73) content=(64,64,9)
    [tile 85/150] pos=(64:128,256:313,0:64) content=(64,57,64)
    [tile 86/150] pos=(64:128,256:313,32:73) content=(64,57,41)
    [tile 87/150] pos=(64:128,256:313,64:73) content=(64,57,9)
    [tile 88/150] pos=(64:128,288:313,0:64) content=(64,25,64)
    [tile 89/150] pos=(64:128,288:313,32:73) content=(64,25,41)
    [tile 90/150] pos=(64:128,288:313,64:73) content=(64,25,9)
    [tile 91/150] pos=(96:147,0:64,0:64) content=(51,64,64)
    [tile 92/150] pos=(96:147,0:64,32:73) content=(51,64,41)
    [tile 93/150] pos=(96:147,0:64,64:73) content=(51,64,9)
    [tile 94/150] pos=(96:147,32:96,0:64) content=(51,64,64)
    [tile 95/150] pos=(96:147,32:96,32:73) content=(51,64,41)
    [tile 96/150] pos=(96:147,32:96,64:73) content=(51,64,9)
    [tile 97/150] pos=(96:147,64:128,0:64) content=(51,64,64)
    [tile 98/150] pos=(96:147,64:128,32:73) content=(51,64,41)
    [tile 99/150] pos=(96:147,64:128,64:73) content=(51,64,9)
    [tile 100/150] pos=(96:147,96:160,0:64) content=(51,64,64)
    [tile 101/150] pos=(96:147,96:160,32:73) content=(51,64,41)
    [tile 102/150] pos=(96:147,96:160,64:73) content=(51,64,9)
    [tile 103/150] pos=(96:147,128:192,0:64) content=(51,64,64)
    [tile 104/150] pos=(96:147,128:192,32:73) content=(51,64,41)
    [tile 105/150] pos=(96:147,128:192,64:73) content=(51,64,9)
    [tile 106/150] pos=(96:147,160:224,0:64) content=(51,64,64)
    [tile 107/150] pos=(96:147,160:224,32:73) content=(51,64,41)
    [tile 108/150] pos=(96:147,160:224,64:73) content=(51,64,9)
    [tile 109/150] pos=(96:147,192:256,0:64) content=(51,64,64)
    [tile 110/150] pos=(96:147,192:256,32:73) content=(51,64,41)
    [tile 111/150] pos=(96:147,192:256,64:73) content=(51,64,9)
    [tile 112/150] pos=(96:147,224:288,0:64) content=(51,64,64)
    [tile 113/150] pos=(96:147,224:288,32:73) content=(51,64,41)
    [tile 114/150] pos=(96:147,224:288,64:73) content=(51,64,9)
    [tile 115/150] pos=(96:147,256:313,0:64) content=(51,57,64)
    [tile 116/150] pos=(96:147,256:313,32:73) content=(51,57,41)
    [tile 117/150] pos=(96:147,256:313,64:73) content=(51,57,9)
    [tile 118/150] pos=(96:147,288:313,0:64) content=(51,25,64)
    [tile 119/150] pos=(96:147,288:313,32:73) content=(51,25,41)
    [tile 120/150] pos=(96:147,288:313,64:73) content=(51,25,9)
    [tile 121/150] pos=(128:147,0:64,0:64) content=(19,64,64)
    [tile 122/150] pos=(128:147,0:64,32:73) content=(19,64,41)
    [tile 123/150] pos=(128:147,0:64,64:73) content=(19,64,9)
    [tile 124/150] pos=(128:147,32:96,0:64) content=(19,64,64)
    [tile 125/150] pos=(128:147,32:96,32:73) content=(19,64,41)
    [tile 126/150] pos=(128:147,32:96,64:73) content=(19,64,9)
    [tile 127/150] pos=(128:147,64:128,0:64) content=(19,64,64)
    [tile 128/150] pos=(128:147,64:128,32:73) content=(19,64,41)
    [tile 129/150] pos=(128:147,64:128,64:73) content=(19,64,9)
    [tile 130/150] pos=(128:147,96:160,0:64) content=(19,64,64)
    [tile 131/150] pos=(128:147,96:160,32:73) content=(19,64,41)
    [tile 132/150] pos=(128:147,96:160,64:73) content=(19,64,9)
    [tile 133/150] pos=(128:147,128:192,0:64) content=(19,64,64)
    [tile 134/150] pos=(128:147,128:192,32:73) content=(19,64,41)
    [tile 135/150] pos=(128:147,128:192,64:73) content=(19,64,9)
    [tile 136/150] pos=(128:147,160:224,0:64) content=(19,64,64)
    [tile 137/150] pos=(128:147,160:224,32:73) content=(19,64,41)
    [tile 138/150] pos=(128:147,160:224,64:73) content=(19,64,9)
    [tile 139/150] pos=(128:147,192:256,0:64) content=(19,64,64)
    [tile 140/150] pos=(128:147,192:256,32:73) content=(19,64,41)
    [tile 141/150] pos=(128:147,192:256,64:73) content=(19,64,9)
    [tile 142/150] pos=(128:147,224:288,0:64) content=(19,64,64)
    [tile 143/150] pos=(128:147,224:288,32:73) content=(19,64,41)
    [tile 144/150] pos=(128:147,224:288,64:73) content=(19,64,9)
    [tile 145/150] pos=(128:147,256:313,0:64) content=(19,57,64)
    [tile 146/150] pos=(128:147,256:313,32:73) content=(19,57,41)
    [tile 147/150] pos=(128:147,256:313,64:73) content=(19,57,9)
    [tile 148/150] pos=(128:147,288:313,0:64) content=(19,25,64)
    [tile 149/150] pos=(128:147,288:313,32:73) content=(19,25,41)
    [tile 150/150] pos=(128:147,288:313,64:73) content=(19,25,9)
    [t2w] masked-MSE=1.1752 MAE=0.8454 PSNR=14.86dB ssim_whole=0.9116 ssim_support=0.5770 ssim_lesion=0.0321
    [tile 1/150] pos=(0:64,0:64,0:64) content=(64,64,64)
    [tile 2/150] pos=(0:64,0:64,32:73) content=(64,64,41)
    [tile 3/150] pos=(0:64,0:64,64:73) content=(64,64,9)
    [tile 4/150] pos=(0:64,32:96,0:64) content=(64,64,64)
    [tile 5/150] pos=(0:64,32:96,32:73) content=(64,64,41)
    [tile 6/150] pos=(0:64,32:96,64:73) content=(64,64,9)
    [tile 7/150] pos=(0:64,64:128,0:64) content=(64,64,64)
    [tile 8/150] pos=(0:64,64:128,32:73) content=(64,64,41)
    [tile 9/150] pos=(0:64,64:128,64:73) content=(64,64,9)
    [tile 10/150] pos=(0:64,96:160,0:64) content=(64,64,64)
    [tile 11/150] pos=(0:64,96:160,32:73) content=(64,64,41)
    [tile 12/150] pos=(0:64,96:160,64:73) content=(64,64,9)
    [tile 13/150] pos=(0:64,128:192,0:64) content=(64,64,64)
    [tile 14/150] pos=(0:64,128:192,32:73) content=(64,64,41)
    [tile 15/150] pos=(0:64,128:192,64:73) content=(64,64,9)
    [tile 16/150] pos=(0:64,160:224,0:64) content=(64,64,64)
    [tile 17/150] pos=(0:64,160:224,32:73) content=(64,64,41)
    [tile 18/150] pos=(0:64,160:224,64:73) content=(64,64,9)
    [tile 19/150] pos=(0:64,192:256,0:64) content=(64,64,64)
    [tile 20/150] pos=(0:64,192:256,32:73) content=(64,64,41)
    [tile 21/150] pos=(0:64,192:256,64:73) content=(64,64,9)
    [tile 22/150] pos=(0:64,224:288,0:64) content=(64,64,64)
    [tile 23/150] pos=(0:64,224:288,32:73) content=(64,64,41)
    [tile 24/150] pos=(0:64,224:288,64:73) content=(64,64,9)
    [tile 25/150] pos=(0:64,256:313,0:64) content=(64,57,64)
    [tile 26/150] pos=(0:64,256:313,32:73) content=(64,57,41)
    [tile 27/150] pos=(0:64,256:313,64:73) content=(64,57,9)
    [tile 28/150] pos=(0:64,288:313,0:64) content=(64,25,64)
    [tile 29/150] pos=(0:64,288:313,32:73) content=(64,25,41)
    [tile 30/150] pos=(0:64,288:313,64:73) content=(64,25,9)
    [tile 31/150] pos=(32:96,0:64,0:64) content=(64,64,64)
    [tile 32/150] pos=(32:96,0:64,32:73) content=(64,64,41)
    [tile 33/150] pos=(32:96,0:64,64:73) content=(64,64,9)
    [tile 34/150] pos=(32:96,32:96,0:64) content=(64,64,64)
    [tile 35/150] pos=(32:96,32:96,32:73) content=(64,64,41)
    [tile 36/150] pos=(32:96,32:96,64:73) content=(64,64,9)
    [tile 37/150] pos=(32:96,64:128,0:64) content=(64,64,64)
    [tile 38/150] pos=(32:96,64:128,32:73) content=(64,64,41)
    [tile 39/150] pos=(32:96,64:128,64:73) content=(64,64,9)
    [tile 40/150] pos=(32:96,96:160,0:64) content=(64,64,64)
    [tile 41/150] pos=(32:96,96:160,32:73) content=(64,64,41)
    [tile 42/150] pos=(32:96,96:160,64:73) content=(64,64,9)
    [tile 43/150] pos=(32:96,128:192,0:64) content=(64,64,64)
    [tile 44/150] pos=(32:96,128:192,32:73) content=(64,64,41)
    [tile 45/150] pos=(32:96,128:192,64:73) content=(64,64,9)
    [tile 46/150] pos=(32:96,160:224,0:64) content=(64,64,64)
    [tile 47/150] pos=(32:96,160:224,32:73) content=(64,64,41)
    [tile 48/150] pos=(32:96,160:224,64:73) content=(64,64,9)
    [tile 49/150] pos=(32:96,192:256,0:64) content=(64,64,64)
    [tile 50/150] pos=(32:96,192:256,32:73) content=(64,64,41)
    [tile 51/150] pos=(32:96,192:256,64:73) content=(64,64,9)
    [tile 52/150] pos=(32:96,224:288,0:64) content=(64,64,64)
    [tile 53/150] pos=(32:96,224:288,32:73) content=(64,64,41)
    [tile 54/150] pos=(32:96,224:288,64:73) content=(64,64,9)
    [tile 55/150] pos=(32:96,256:313,0:64) content=(64,57,64)
    [tile 56/150] pos=(32:96,256:313,32:73) content=(64,57,41)
    [tile 57/150] pos=(32:96,256:313,64:73) content=(64,57,9)
    [tile 58/150] pos=(32:96,288:313,0:64) content=(64,25,64)
    [tile 59/150] pos=(32:96,288:313,32:73) content=(64,25,41)
    [tile 60/150] pos=(32:96,288:313,64:73) content=(64,25,9)
    [tile 61/150] pos=(64:128,0:64,0:64) content=(64,64,64)
    [tile 62/150] pos=(64:128,0:64,32:73) content=(64,64,41)
    [tile 63/150] pos=(64:128,0:64,64:73) content=(64,64,9)
    [tile 64/150] pos=(64:128,32:96,0:64) content=(64,64,64)
    [tile 65/150] pos=(64:128,32:96,32:73) content=(64,64,41)
    [tile 66/150] pos=(64:128,32:96,64:73) content=(64,64,9)
    [tile 67/150] pos=(64:128,64:128,0:64) content=(64,64,64)
    [tile 68/150] pos=(64:128,64:128,32:73) content=(64,64,41)
    [tile 69/150] pos=(64:128,64:128,64:73) content=(64,64,9)
    [tile 70/150] pos=(64:128,96:160,0:64) content=(64,64,64)
    [tile 71/150] pos=(64:128,96:160,32:73) content=(64,64,41)
    [tile 72/150] pos=(64:128,96:160,64:73) content=(64,64,9)
    [tile 73/150] pos=(64:128,128:192,0:64) content=(64,64,64)
    [tile 74/150] pos=(64:128,128:192,32:73) content=(64,64,41)
    [tile 75/150] pos=(64:128,128:192,64:73) content=(64,64,9)
    [tile 76/150] pos=(64:128,160:224,0:64) content=(64,64,64)
    [tile 77/150] pos=(64:128,160:224,32:73) content=(64,64,41)
    [tile 78/150] pos=(64:128,160:224,64:73) content=(64,64,9)
    [tile 79/150] pos=(64:128,192:256,0:64) content=(64,64,64)
    [tile 80/150] pos=(64:128,192:256,32:73) content=(64,64,41)
    [tile 81/150] pos=(64:128,192:256,64:73) content=(64,64,9)
    [tile 82/150] pos=(64:128,224:288,0:64) content=(64,64,64)
    [tile 83/150] pos=(64:128,224:288,32:73) content=(64,64,41)
    [tile 84/150] pos=(64:128,224:288,64:73) content=(64,64,9)
    [tile 85/150] pos=(64:128,256:313,0:64) content=(64,57,64)
    [tile 86/150] pos=(64:128,256:313,32:73) content=(64,57,41)
    [tile 87/150] pos=(64:128,256:313,64:73) content=(64,57,9)
    [tile 88/150] pos=(64:128,288:313,0:64) content=(64,25,64)
    [tile 89/150] pos=(64:128,288:313,32:73) content=(64,25,41)
    [tile 90/150] pos=(64:128,288:313,64:73) content=(64,25,9)
    [tile 91/150] pos=(96:147,0:64,0:64) content=(51,64,64)
    [tile 92/150] pos=(96:147,0:64,32:73) content=(51,64,41)
    [tile 93/150] pos=(96:147,0:64,64:73) content=(51,64,9)
    [tile 94/150] pos=(96:147,32:96,0:64) content=(51,64,64)
    [tile 95/150] pos=(96:147,32:96,32:73) content=(51,64,41)
    [tile 96/150] pos=(96:147,32:96,64:73) content=(51,64,9)
    [tile 97/150] pos=(96:147,64:128,0:64) content=(51,64,64)
    [tile 98/150] pos=(96:147,64:128,32:73) content=(51,64,41)
    [tile 99/150] pos=(96:147,64:128,64:73) content=(51,64,9)
    [tile 100/150] pos=(96:147,96:160,0:64) content=(51,64,64)
    [tile 101/150] pos=(96:147,96:160,32:73) content=(51,64,41)
    [tile 102/150] pos=(96:147,96:160,64:73) content=(51,64,9)
    [tile 103/150] pos=(96:147,128:192,0:64) content=(51,64,64)
    [tile 104/150] pos=(96:147,128:192,32:73) content=(51,64,41)
    [tile 105/150] pos=(96:147,128:192,64:73) content=(51,64,9)
    [tile 106/150] pos=(96:147,160:224,0:64) content=(51,64,64)
    [tile 107/150] pos=(96:147,160:224,32:73) content=(51,64,41)
    [tile 108/150] pos=(96:147,160:224,64:73) content=(51,64,9)
    [tile 109/150] pos=(96:147,192:256,0:64) content=(51,64,64)
    [tile 110/150] pos=(96:147,192:256,32:73) content=(51,64,41)
    [tile 111/150] pos=(96:147,192:256,64:73) content=(51,64,9)
    [tile 112/150] pos=(96:147,224:288,0:64) content=(51,64,64)
    [tile 113/150] pos=(96:147,224:288,32:73) content=(51,64,41)
    [tile 114/150] pos=(96:147,224:288,64:73) content=(51,64,9)
    [tile 115/150] pos=(96:147,256:313,0:64) content=(51,57,64)
    [tile 116/150] pos=(96:147,256:313,32:73) content=(51,57,41)
    [tile 117/150] pos=(96:147,256:313,64:73) content=(51,57,9)
    [tile 118/150] pos=(96:147,288:313,0:64) content=(51,25,64)
    [tile 119/150] pos=(96:147,288:313,32:73) content=(51,25,41)
    [tile 120/150] pos=(96:147,288:313,64:73) content=(51,25,9)
    [tile 121/150] pos=(128:147,0:64,0:64) content=(19,64,64)
    [tile 122/150] pos=(128:147,0:64,32:73) content=(19,64,41)
    [tile 123/150] pos=(128:147,0:64,64:73) content=(19,64,9)
    [tile 124/150] pos=(128:147,32:96,0:64) content=(19,64,64)
    [tile 125/150] pos=(128:147,32:96,32:73) content=(19,64,41)
    [tile 126/150] pos=(128:147,32:96,64:73) content=(19,64,9)
    [tile 127/150] pos=(128:147,64:128,0:64) content=(19,64,64)
    [tile 128/150] pos=(128:147,64:128,32:73) content=(19,64,41)
    [tile 129/150] pos=(128:147,64:128,64:73) content=(19,64,9)
    [tile 130/150] pos=(128:147,96:160,0:64) content=(19,64,64)
    [tile 131/150] pos=(128:147,96:160,32:73) content=(19,64,41)
    [tile 132/150] pos=(128:147,96:160,64:73) content=(19,64,9)
    [tile 133/150] pos=(128:147,128:192,0:64) content=(19,64,64)
    [tile 134/150] pos=(128:147,128:192,32:73) content=(19,64,41)
    [tile 135/150] pos=(128:147,128:192,64:73) content=(19,64,9)
    [tile 136/150] pos=(128:147,160:224,0:64) content=(19,64,64)
    [tile 137/150] pos=(128:147,160:224,32:73) content=(19,64,41)
    [tile 138/150] pos=(128:147,160:224,64:73) content=(19,64,9)
    [tile 139/150] pos=(128:147,192:256,0:64) content=(19,64,64)
    [tile 140/150] pos=(128:147,192:256,32:73) content=(19,64,41)
    [tile 141/150] pos=(128:147,192:256,64:73) content=(19,64,9)
    [tile 142/150] pos=(128:147,224:288,0:64) content=(19,64,64)
    [tile 143/150] pos=(128:147,224:288,32:73) content=(19,64,41)
    [tile 144/150] pos=(128:147,224:288,64:73) content=(19,64,9)
    [tile 145/150] pos=(128:147,256:313,0:64) content=(19,57,64)
    [tile 146/150] pos=(128:147,256:313,32:73) content=(19,57,41)
    [tile 147/150] pos=(128:147,256:313,64:73) content=(19,57,9)
    [tile 148/150] pos=(128:147,288:313,0:64) content=(19,25,64)
    [tile 149/150] pos=(128:147,288:313,32:73) content=(19,25,41)
    [tile 150/150] pos=(128:147,288:313,64:73) content=(19,25,9)
    [t2f] masked-MSE=3.4045 MAE=1.4992 PSNR=10.24dB ssim_whole=0.9146 ssim_support=0.5921 ssim_lesion=0.0921

  Patient: 00625-000 (3 lesion(s) in CSV)
    3 lesion(s) after merging
    [t1c] masked-MSE=3.0750 MAE=1.2361 PSNR=10.68dB ssim_whole=0.9996 ssim_support=0.8074 ssim_lesion=0.0132
    [t1n] masked-MSE=0.8447 MAE=0.7271 PSNR=16.30dB ssim_whole=0.9996 ssim_support=0.8138 ssim_lesion=-0.0255
    [t2w] masked-MSE=0.8544 MAE=0.7514 PSNR=16.25dB ssim_whole=0.9996 ssim_support=0.8036 ssim_lesion=-0.0013
    [t2f] masked-MSE=2.3801 MAE=1.2852 PSNR=11.80dB ssim_whole=0.9996 ssim_support=0.8054 ssim_lesion=0.0121

  Patient: 00663-000 (14 lesion(s) in CSV)
    14 lesion(s) after merging
    [t1c] masked-MSE=1.2343 MAE=0.7777 PSNR=14.65dB ssim_whole=0.9763 ssim_support=0.8160 ssim_lesion=0.0344
    [t1n] masked-MSE=1.5135 MAE=0.9744 PSNR=13.76dB ssim_whole=0.9763 ssim_support=0.8168 ssim_lesion=0.0285
    [t2w] masked-MSE=1.2220 MAE=0.8578 PSNR=14.69dB ssim_whole=0.9763 ssim_support=0.8163 ssim_lesion=0.0030
    [t2f] masked-MSE=1.6903 MAE=0.9517 PSNR=13.28dB ssim_whole=0.9768 ssim_support=0.8205 ssim_lesion=0.0982

  Patient: 00682-000 (9 lesion(s) in CSV)
    9 lesion(s) after merging
    [t1c] masked-MSE=1.3344 MAE=0.8004 PSNR=14.31dB ssim_whole=0.9758 ssim_support=0.8177 ssim_lesion=0.0409
    [t1n] masked-MSE=2.0023 MAE=1.0448 PSNR=12.55dB ssim_whole=0.9764 ssim_support=0.8228 ssim_lesion=0.0329
    [t2w] masked-MSE=0.8351 MAE=0.7134 PSNR=16.35dB ssim_whole=0.9753 ssim_support=0.8147 ssim_lesion=0.0093
    [t2f] masked-MSE=1.6058 MAE=0.9318 PSNR=13.51dB ssim_whole=0.9760 ssim_support=0.8198 ssim_lesion=0.0619

  Patient: 00699-000 (1 lesion(s) in CSV)
    1 lesion(s) after merging
    [t1c] masked-MSE=1.5223 MAE=0.9210 PSNR=13.74dB ssim_whole=0.9951 ssim_support=0.2450 ssim_lesion=0.0255
    [t1n] masked-MSE=1.5122 MAE=1.0076 PSNR=13.77dB ssim_whole=0.9949 ssim_support=0.2329 ssim_lesion=-0.0023
    [t2w] masked-MSE=1.3712 MAE=0.9444 PSNR=14.19dB ssim_whole=0.9949 ssim_support=0.2280 ssim_lesion=-0.0574
    [t2f] masked-MSE=1.0704 MAE=0.8432 PSNR=15.27dB ssim_whole=0.9950 ssim_support=0.2541 ssim_lesion=0.1784

  Patient: 00787-000 (5 lesion(s) in CSV)
    5 lesion(s) after merging
    [t1c] masked-MSE=2.0768 MAE=1.1579 PSNR=12.39dB ssim_whole=0.9977 ssim_support=0.9670 ssim_lesion=0.0416
    [t1n] masked-MSE=2.0361 MAE=1.2377 PSNR=12.48dB ssim_whole=0.9978 ssim_support=0.9685 ssim_lesion=-0.0394
    [t2w] masked-MSE=1.2331 MAE=0.8097 PSNR=14.65dB ssim_whole=0.9979 ssim_support=0.9695 ssim_lesion=0.0644
    [t2f] masked-MSE=1.7208 MAE=1.0810 PSNR=13.21dB ssim_whole=0.9977 ssim_support=0.9675 ssim_lesion=0.0115

  Patient: 00791-000 (1 lesion(s) in CSV)
    1 lesion(s) after merging
    [t1c] masked-MSE=2.2582 MAE=1.0865 PSNR=12.03dB ssim_whole=0.9921 ssim_support=0.2317 ssim_lesion=0.0309
    [t1n] masked-MSE=1.5589 MAE=1.0091 PSNR=13.63dB ssim_whole=0.9920 ssim_support=0.2387 ssim_lesion=0.0142
    [t2w] masked-MSE=2.9064 MAE=1.2630 PSNR=10.93dB ssim_whole=0.9923 ssim_support=0.2548 ssim_lesion=0.0131
    [t2f] masked-MSE=1.1673 MAE=0.8216 PSNR=14.89dB ssim_whole=0.9921 ssim_support=0.2377 ssim_lesion=0.1167

  Patient: 00796-000 (3 lesion(s) in CSV)
    3 lesion(s) after merging
    [t1c] masked-MSE=2.1921 MAE=1.1122 PSNR=12.15dB ssim_whole=0.9968 ssim_support=0.9640 ssim_lesion=0.0179
    [t1n] masked-MSE=2.1419 MAE=1.1606 PSNR=12.26dB ssim_whole=0.9967 ssim_support=0.9635 ssim_lesion=0.0623
    [t2w] masked-MSE=0.6465 MAE=0.6292 PSNR=17.46dB ssim_whole=0.9969 ssim_support=0.9650 ssim_lesion=0.0608
    [t2f] masked-MSE=0.8885 MAE=0.7248 PSNR=16.08dB ssim_whole=0.9967 ssim_support=0.9630 ssim_lesion=0.1585

  Patient: 00799-000 (6 lesion(s) in CSV)
    6 lesion(s) after merging
    [tile 1/12] pos=(0:51,0:64,0:54) content=(51,64,54)
    [tile 2/12] pos=(0:51,0:64,32:54) content=(51,64,22)
    [tile 3/12] pos=(0:51,32:68,0:54) content=(51,36,54)
    [tile 4/12] pos=(0:51,32:68,32:54) content=(51,36,22)
    [tile 5/12] pos=(0:51,64:68,0:54) content=(51,4,54)
    [tile 6/12] pos=(0:51,64:68,32:54) content=(51,4,22)
    [tile 7/12] pos=(32:51,0:64,0:54) content=(19,64,54)
    [tile 8/12] pos=(32:51,0:64,32:54) content=(19,64,22)
    [tile 9/12] pos=(32:51,32:68,0:54) content=(19,36,54)
    [tile 10/12] pos=(32:51,32:68,32:54) content=(19,36,22)
    [tile 11/12] pos=(32:51,64:68,0:54) content=(19,4,54)
    [tile 12/12] pos=(32:51,64:68,32:54) content=(19,4,22)
    [t1c] masked-MSE=1.0141 MAE=0.7476 PSNR=15.50dB ssim_whole=0.9735 ssim_support=0.8430 ssim_lesion=0.0433
    [tile 1/12] pos=(0:51,0:64,0:54) content=(51,64,54)
    [tile 2/12] pos=(0:51,0:64,32:54) content=(51,64,22)
    [tile 3/12] pos=(0:51,32:68,0:54) content=(51,36,54)
    [tile 4/12] pos=(0:51,32:68,32:54) content=(51,36,22)
    [tile 5/12] pos=(0:51,64:68,0:54) content=(51,4,54)
    [tile 6/12] pos=(0:51,64:68,32:54) content=(51,4,22)
    [tile 7/12] pos=(32:51,0:64,0:54) content=(19,64,54)
    [tile 8/12] pos=(32:51,0:64,32:54) content=(19,64,22)
    [tile 9/12] pos=(32:51,32:68,0:54) content=(19,36,54)
    [tile 10/12] pos=(32:51,32:68,32:54) content=(19,36,22)
    [tile 11/12] pos=(32:51,64:68,0:54) content=(19,4,54)
    [tile 12/12] pos=(32:51,64:68,32:54) content=(19,4,22)
    [t1n] masked-MSE=1.9871 MAE=1.0866 PSNR=12.58dB ssim_whole=0.9730 ssim_support=0.8399 ssim_lesion=0.0273
    [tile 1/12] pos=(0:51,0:64,0:54) content=(51,64,54)
    [tile 2/12] pos=(0:51,0:64,32:54) content=(51,64,22)
    [tile 3/12] pos=(0:51,32:68,0:54) content=(51,36,54)
    [tile 4/12] pos=(0:51,32:68,32:54) content=(51,36,22)
    [tile 5/12] pos=(0:51,64:68,0:54) content=(51,4,54)
    [tile 6/12] pos=(0:51,64:68,32:54) content=(51,4,22)
    [tile 7/12] pos=(32:51,0:64,0:54) content=(19,64,54)
    [tile 8/12] pos=(32:51,0:64,32:54) content=(19,64,22)
    [tile 9/12] pos=(32:51,32:68,0:54) content=(19,36,54)
    [tile 10/12] pos=(32:51,32:68,32:54) content=(19,36,22)
    [tile 11/12] pos=(32:51,64:68,0:54) content=(19,4,54)
    [tile 12/12] pos=(32:51,64:68,32:54) content=(19,4,22)
    [t2w] masked-MSE=1.4938 MAE=0.9584 PSNR=13.82dB ssim_whole=0.9732 ssim_support=0.8410 ssim_lesion=0.0253
    [tile 1/12] pos=(0:51,0:64,0:54) content=(51,64,54)
    [tile 2/12] pos=(0:51,0:64,32:54) content=(51,64,22)
    [tile 3/12] pos=(0:51,32:68,0:54) content=(51,36,54)
    [tile 4/12] pos=(0:51,32:68,32:54) content=(51,36,22)
    [tile 5/12] pos=(0:51,64:68,0:54) content=(51,4,54)
    [tile 6/12] pos=(0:51,64:68,32:54) content=(51,4,22)
    [tile 7/12] pos=(32:51,0:64,0:54) content=(19,64,54)
    [tile 8/12] pos=(32:51,0:64,32:54) content=(19,64,22)
    [tile 9/12] pos=(32:51,32:68,0:54) content=(19,36,54)
    [tile 10/12] pos=(32:51,32:68,32:54) content=(19,36,22)
    [tile 11/12] pos=(32:51,64:68,0:54) content=(19,4,54)
    [tile 12/12] pos=(32:51,64:68,32:54) content=(19,4,22)
    [t2f] masked-MSE=4.2930 MAE=1.5007 PSNR=9.24dB ssim_whole=0.9743 ssim_support=0.8477 ssim_lesion=0.0900

  Patient: 00807-000 (19 lesion(s) in CSV)
    19 lesion(s) after merging
    [t1c] masked-MSE=1.3397 MAE=0.9110 PSNR=14.29dB ssim_whole=0.9765 ssim_support=0.9241 ssim_lesion=0.0075
    [t1n] masked-MSE=1.2118 MAE=0.9040 PSNR=14.73dB ssim_whole=0.9770 ssim_support=0.9256 ssim_lesion=-0.0221
    [t2w] masked-MSE=1.1137 MAE=0.8162 PSNR=15.10dB ssim_whole=0.9774 ssim_support=0.9268 ssim_lesion=0.0344
    [t2f] masked-MSE=1.0354 MAE=0.8009 PSNR=15.41dB ssim_whole=0.9773 ssim_support=0.9267 ssim_lesion=0.1195

  Patient: 01058-001 (2 lesion(s) in CSV)
    1 lesion(s) after merging
    [tile 1/12] pos=(0:35,0:55,0:64) content=(35,55,64)
    [tile 2/12] pos=(0:35,0:55,32:77) content=(35,55,45)
    [tile 3/12] pos=(0:35,0:55,64:77) content=(35,55,13)
    [tile 4/12] pos=(0:35,32:55,0:64) content=(35,23,64)
    [tile 5/12] pos=(0:35,32:55,32:77) content=(35,23,45)
    [tile 6/12] pos=(0:35,32:55,64:77) content=(35,23,13)
    [tile 7/12] pos=(32:35,0:55,0:64) content=(3,55,64)
    [tile 8/12] pos=(32:35,0:55,32:77) content=(3,55,45)
    [tile 9/12] pos=(32:35,0:55,64:77) content=(3,55,13)
    [tile 10/12] pos=(32:35,32:55,0:64) content=(3,23,64)
    [tile 11/12] pos=(32:35,32:55,32:77) content=(3,23,45)
    [tile 12/12] pos=(32:35,32:55,64:77) content=(3,23,13)
    [t1c] masked-MSE=2.7832 MAE=1.1721 PSNR=11.12dB ssim_whole=0.9974 ssim_support=0.2256 ssim_lesion=0.0278
    [tile 1/12] pos=(0:35,0:55,0:64) content=(35,55,64)
    [tile 2/12] pos=(0:35,0:55,32:77) content=(35,55,45)
    [tile 3/12] pos=(0:35,0:55,64:77) content=(35,55,13)
    [tile 4/12] pos=(0:35,32:55,0:64) content=(35,23,64)
    [tile 5/12] pos=(0:35,32:55,32:77) content=(35,23,45)
    [tile 6/12] pos=(0:35,32:55,64:77) content=(35,23,13)
    [tile 7/12] pos=(32:35,0:55,0:64) content=(3,55,64)
    [tile 8/12] pos=(32:35,0:55,32:77) content=(3,55,45)
    [tile 9/12] pos=(32:35,0:55,64:77) content=(3,55,13)
    [tile 10/12] pos=(32:35,32:55,0:64) content=(3,23,64)
    [tile 11/12] pos=(32:35,32:55,32:77) content=(3,23,45)
    [tile 12/12] pos=(32:35,32:55,64:77) content=(3,23,13)
    [t1n] masked-MSE=2.9754 MAE=1.3439 PSNR=10.83dB ssim_whole=0.9974 ssim_support=0.2381 ssim_lesion=0.0323
    [tile 1/12] pos=(0:35,0:55,0:64) content=(35,55,64)
    [tile 2/12] pos=(0:35,0:55,32:77) content=(35,55,45)
    [tile 3/12] pos=(0:35,0:55,64:77) content=(35,55,13)
    [tile 4/12] pos=(0:35,32:55,0:64) content=(35,23,64)
    [tile 5/12] pos=(0:35,32:55,32:77) content=(35,23,45)
    [tile 6/12] pos=(0:35,32:55,64:77) content=(35,23,13)
    [tile 7/12] pos=(32:35,0:55,0:64) content=(3,55,64)
    [tile 8/12] pos=(32:35,0:55,32:77) content=(3,55,45)
    [tile 9/12] pos=(32:35,0:55,64:77) content=(3,55,13)
    [tile 10/12] pos=(32:35,32:55,0:64) content=(3,23,64)
    [tile 11/12] pos=(32:35,32:55,32:77) content=(3,23,45)
    [tile 12/12] pos=(32:35,32:55,64:77) content=(3,23,13)
    [t2w] masked-MSE=1.7198 MAE=0.9608 PSNR=13.21dB ssim_whole=0.9975 ssim_support=0.2631 ssim_lesion=0.0825
    [tile 1/12] pos=(0:35,0:55,0:64) content=(35,55,64)
    [tile 2/12] pos=(0:35,0:55,32:77) content=(35,55,45)
    [tile 3/12] pos=(0:35,0:55,64:77) content=(35,55,13)
    [tile 4/12] pos=(0:35,32:55,0:64) content=(35,23,64)
    [tile 5/12] pos=(0:35,32:55,32:77) content=(35,23,45)
    [tile 6/12] pos=(0:35,32:55,64:77) content=(35,23,13)
    [tile 7/12] pos=(32:35,0:55,0:64) content=(3,55,64)
    [tile 8/12] pos=(32:35,0:55,32:77) content=(3,55,45)
    [tile 9/12] pos=(32:35,0:55,64:77) content=(3,55,13)
    [tile 10/12] pos=(32:35,32:55,0:64) content=(3,23,64)
    [tile 11/12] pos=(32:35,32:55,32:77) content=(3,23,45)
    [tile 12/12] pos=(32:35,32:55,64:77) content=(3,23,13)
    [t2f] masked-MSE=1.8164 MAE=1.0732 PSNR=12.97dB ssim_whole=0.9975 ssim_support=0.2629 ssim_lesion=0.1091

  Patient: 01060-001 (3 lesion(s) in CSV)
    3 lesion(s) after merging
    [t1c] masked-MSE=1.8092 MAE=0.9597 PSNR=12.99dB ssim_whole=0.9922 ssim_support=0.8005 ssim_lesion=0.0287
    [t1n] masked-MSE=0.8286 MAE=0.6945 PSNR=16.38dB ssim_whole=0.9928 ssim_support=0.8178 ssim_lesion=0.0809
    [t2w] masked-MSE=1.2730 MAE=0.8726 PSNR=14.51dB ssim_whole=0.9921 ssim_support=0.7995 ssim_lesion=0.0594
    [t2f] masked-MSE=0.9380 MAE=0.7788 PSNR=15.84dB ssim_whole=0.9923 ssim_support=0.8039 ssim_lesion=0.1033

  Patient: 01096-000 (1 lesion(s) in CSV)
    1 lesion(s) after merging
    [t1c] masked-MSE=1.5374 MAE=0.9270 PSNR=13.70dB ssim_whole=0.9982 ssim_support=0.3661 ssim_lesion=0.0401
    [t1n] masked-MSE=0.7247 MAE=0.6657 PSNR=16.96dB ssim_whole=0.9982 ssim_support=0.3815 ssim_lesion=0.0358
    [t2w] masked-MSE=0.8495 MAE=0.6555 PSNR=16.27dB ssim_whole=0.9982 ssim_support=0.3754 ssim_lesion=0.0725
    [t2f] masked-MSE=1.0992 MAE=0.8533 PSNR=15.15dB ssim_whole=0.9983 ssim_support=0.3844 ssim_lesion=0.0665

  Patient: 01096-001 (1 lesion(s) in CSV)
    1 lesion(s) after merging
    [t1c] masked-MSE=1.1525 MAE=0.8717 PSNR=14.95dB ssim_whole=0.9978 ssim_support=0.3513 ssim_lesion=0.0267
    [t1n] masked-MSE=0.7273 MAE=0.6324 PSNR=16.95dB ssim_whole=0.9981 ssim_support=0.4224 ssim_lesion=0.1284
    [t2w] masked-MSE=0.5773 MAE=0.6329 PSNR=17.95dB ssim_whole=0.9977 ssim_support=0.3135 ssim_lesion=-0.0714
    [t2f] masked-MSE=0.6315 MAE=0.6084 PSNR=17.56dB ssim_whole=0.9977 ssim_support=0.3293 ssim_lesion=0.1765

  Patient: 01096-002 (1 lesion(s) in CSV)
    1 lesion(s) after merging
    [t1c] masked-MSE=0.9122 MAE=0.7244 PSNR=15.96dB ssim_whole=0.9963 ssim_support=0.3031 ssim_lesion=0.0493
    [t1n] masked-MSE=0.8805 MAE=0.7391 PSNR=16.12dB ssim_whole=0.9965 ssim_support=0.3359 ssim_lesion=0.0550
    [t2w] masked-MSE=0.4780 MAE=0.4965 PSNR=18.77dB ssim_whole=0.9964 ssim_support=0.3148 ssim_lesion=0.0534
    [t2f] masked-MSE=0.4208 MAE=0.5163 PSNR=19.32dB ssim_whole=0.9965 ssim_support=0.3316 ssim_lesion=0.1926

  Patient: 01105-001 (2 lesion(s) in CSV)
    2 lesion(s) after merging
    [tile 1/12] pos=(0:61,0:64,0:43) content=(61,64,43)
    [tile 2/12] pos=(0:61,0:64,32:43) content=(61,64,11)
    [tile 3/12] pos=(0:61,32:75,0:43) content=(61,43,43)
    [tile 4/12] pos=(0:61,32:75,32:43) content=(61,43,11)
    [tile 5/12] pos=(0:61,64:75,0:43) content=(61,11,43)
    [tile 6/12] pos=(0:61,64:75,32:43) content=(61,11,11)
    [tile 7/12] pos=(32:61,0:64,0:43) content=(29,64,43)
    [tile 8/12] pos=(32:61,0:64,32:43) content=(29,64,11)
    [tile 9/12] pos=(32:61,32:75,0:43) content=(29,43,43)
    [tile 10/12] pos=(32:61,32:75,32:43) content=(29,43,11)
    [tile 11/12] pos=(32:61,64:75,0:43) content=(29,11,43)
    [tile 12/12] pos=(32:61,64:75,32:43) content=(29,11,11)
    [t1c] masked-MSE=1.9606 MAE=1.1257 PSNR=12.64dB ssim_whole=0.9974 ssim_support=0.8397 ssim_lesion=0.0343
    [tile 1/12] pos=(0:61,0:64,0:43) content=(61,64,43)
    [tile 2/12] pos=(0:61,0:64,32:43) content=(61,64,11)
    [tile 3/12] pos=(0:61,32:75,0:43) content=(61,43,43)
    [tile 4/12] pos=(0:61,32:75,32:43) content=(61,43,11)
    [tile 5/12] pos=(0:61,64:75,0:43) content=(61,11,43)
    [tile 6/12] pos=(0:61,64:75,32:43) content=(61,11,11)
    [tile 7/12] pos=(32:61,0:64,0:43) content=(29,64,43)
    [tile 8/12] pos=(32:61,0:64,32:43) content=(29,64,11)
    [tile 9/12] pos=(32:61,32:75,0:43) content=(29,43,43)
    [tile 10/12] pos=(32:61,32:75,32:43) content=(29,43,11)
    [tile 11/12] pos=(32:61,64:75,0:43) content=(29,11,43)
    [tile 12/12] pos=(32:61,64:75,32:43) content=(29,11,11)
    [t1n] masked-MSE=2.3875 MAE=1.3052 PSNR=11.78dB ssim_whole=0.9974 ssim_support=0.8400 ssim_lesion=0.0023
    [tile 1/12] pos=(0:61,0:64,0:43) content=(61,64,43)
    [tile 2/12] pos=(0:61,0:64,32:43) content=(61,64,11)
    [tile 3/12] pos=(0:61,32:75,0:43) content=(61,43,43)
    [tile 4/12] pos=(0:61,32:75,32:43) content=(61,43,11)
    [tile 5/12] pos=(0:61,64:75,0:43) content=(61,11,43)
    [tile 6/12] pos=(0:61,64:75,32:43) content=(61,11,11)
    [tile 7/12] pos=(32:61,0:64,0:43) content=(29,64,43)
    [tile 8/12] pos=(32:61,0:64,32:43) content=(29,64,11)
    [tile 9/12] pos=(32:61,32:75,0:43) content=(29,43,43)
    [tile 10/12] pos=(32:61,32:75,32:43) content=(29,43,11)
    [tile 11/12] pos=(32:61,64:75,0:43) content=(29,11,43)
    [tile 12/12] pos=(32:61,64:75,32:43) content=(29,11,11)
    [t2w] masked-MSE=3.2631 MAE=1.3987 PSNR=10.43dB ssim_whole=0.9974 ssim_support=0.8438 ssim_lesion=0.0743
    [tile 1/12] pos=(0:61,0:64,0:43) content=(61,64,43)
    [tile 2/12] pos=(0:61,0:64,32:43) content=(61,64,11)
    [tile 3/12] pos=(0:61,32:75,0:43) content=(61,43,43)
    [tile 4/12] pos=(0:61,32:75,32:43) content=(61,43,11)
    [tile 5/12] pos=(0:61,64:75,0:43) content=(61,11,43)
    [tile 6/12] pos=(0:61,64:75,32:43) content=(61,11,11)
    [tile 7/12] pos=(32:61,0:64,0:43) content=(29,64,43)
    [tile 8/12] pos=(32:61,0:64,32:43) content=(29,64,11)
    [tile 9/12] pos=(32:61,32:75,0:43) content=(29,43,43)
    [tile 10/12] pos=(32:61,32:75,32:43) content=(29,43,11)
    [tile 11/12] pos=(32:61,64:75,0:43) content=(29,11,43)
    [tile 12/12] pos=(32:61,64:75,32:43) content=(29,11,11)
    [t2f] masked-MSE=1.6281 MAE=1.0008 PSNR=13.45dB ssim_whole=0.9974 ssim_support=0.8422 ssim_lesion=0.0450

  Patient: 01105-002 (2 lesion(s) in CSV)
    2 lesion(s) after merging
    [t1c] masked-MSE=1.9844 MAE=1.0459 PSNR=12.59dB ssim_whole=0.9982 ssim_support=0.8673 ssim_lesion=0.0369
    [t1n] masked-MSE=1.1109 MAE=0.8507 PSNR=15.11dB ssim_whole=0.9982 ssim_support=0.8739 ssim_lesion=0.0379
    [t2w] masked-MSE=3.6318 MAE=1.4508 PSNR=9.96dB ssim_whole=0.9983 ssim_support=0.8759 ssim_lesion=0.0892
    [t2f] masked-MSE=1.9574 MAE=1.0439 PSNR=12.65dB ssim_whole=0.9982 ssim_support=0.8691 ssim_lesion=0.0497

  Patient: 01109-001 (5 lesion(s) in CSV)
    5 lesion(s) after merging
    [t1c] masked-MSE=3.7359 MAE=1.3839 PSNR=9.84dB ssim_whole=0.9991 ssim_support=0.9880 ssim_lesion=0.0664
    [t1n] masked-MSE=1.4919 MAE=1.0016 PSNR=13.83dB ssim_whole=0.9992 ssim_support=0.9889 ssim_lesion=0.0096
    [t2w] masked-MSE=2.2720 MAE=1.2316 PSNR=12.00dB ssim_whole=0.9991 ssim_support=0.9877 ssim_lesion=-0.0430
    [t2f] masked-MSE=0.7086 MAE=0.6578 PSNR=17.06dB ssim_whole=0.9991 ssim_support=0.9877 ssim_lesion=0.0589

  Patient: 01109-002 (4 lesion(s) in CSV)
    4 lesion(s) after merging
    [t1c] masked-MSE=2.6758 MAE=1.3175 PSNR=11.29dB ssim_whole=0.9995 ssim_support=0.9926 ssim_lesion=0.0066
    [t1n] masked-MSE=2.1715 MAE=1.1580 PSNR=12.20dB ssim_whole=0.9996 ssim_support=0.9930 ssim_lesion=-0.0231
    [t2w] masked-MSE=1.3346 MAE=0.9485 PSNR=14.31dB ssim_whole=0.9996 ssim_support=0.9936 ssim_lesion=-0.0052
    [t2f] masked-MSE=0.6559 MAE=0.6290 PSNR=17.39dB ssim_whole=0.9995 ssim_support=0.9929 ssim_lesion=0.0567

  Patient: 01109-003 (1 lesion(s) in CSV)
    1 lesion(s) after merging
    [t1c] masked-MSE=6.9503 MAE=2.1285 PSNR=7.14dB ssim_whole=0.9998 ssim_support=0.4631 ssim_lesion=0.0098
    [t1n] masked-MSE=0.0708 MAE=0.2130 PSNR=27.06dB ssim_whole=0.9998 ssim_support=0.5318 ssim_lesion=0.0659
    [t2w] masked-MSE=3.6380 MAE=1.4981 PSNR=9.95dB ssim_whole=0.9998 ssim_support=0.5084 ssim_lesion=-0.2201
    [t2f] masked-MSE=2.5481 MAE=1.4135 PSNR=11.50dB ssim_whole=0.9998 ssim_support=0.4263 ssim_lesion=0.1257

  Patient: 01117-001 (1 lesion(s) in CSV)
    1 lesion(s) after merging
    [t1c] masked-MSE=0.9809 MAE=0.7057 PSNR=15.65dB ssim_whole=0.9992 ssim_support=0.2589 ssim_lesion=0.0209
    [t1n] masked-MSE=0.8245 MAE=0.7109 PSNR=16.40dB ssim_whole=0.9992 ssim_support=0.2751 ssim_lesion=0.0666
    [t2w] masked-MSE=0.8691 MAE=0.6989 PSNR=16.17dB ssim_whole=0.9992 ssim_support=0.3025 ssim_lesion=0.0334
    [t2f] masked-MSE=0.7270 MAE=0.6850 PSNR=16.95dB ssim_whole=0.9992 ssim_support=0.3058 ssim_lesion=0.2137

  Patient: 01117-002 (1 lesion(s) in CSV)
    1 lesion(s) after merging
    [t1c] masked-MSE=2.7428 MAE=1.3366 PSNR=11.18dB ssim_whole=0.9998 ssim_support=0.3811 ssim_lesion=0.0355
    [t1n] masked-MSE=0.6361 MAE=0.5885 PSNR=17.53dB ssim_whole=0.9998 ssim_support=0.4124 ssim_lesion=-0.0348
    [t2w] masked-MSE=0.6171 MAE=0.6116 PSNR=17.66dB ssim_whole=0.9998 ssim_support=0.3874 ssim_lesion=0.0109
    [t2f] masked-MSE=1.0304 MAE=0.8821 PSNR=15.43dB ssim_whole=0.9998 ssim_support=0.3934 ssim_lesion=0.0621

  Patient: 01119-000 (8 lesion(s) in CSV)
    8 lesion(s) after merging
    [t1c] masked-MSE=2.2288 MAE=1.0714 PSNR=12.08dB ssim_whole=0.9979 ssim_support=0.9657 ssim_lesion=0.0439
    [t1n] masked-MSE=1.7926 MAE=1.0453 PSNR=13.03dB ssim_whole=0.9980 ssim_support=0.9673 ssim_lesion=0.0324
    [t2w] masked-MSE=1.5114 MAE=0.9555 PSNR=13.77dB ssim_whole=0.9980 ssim_support=0.9677 ssim_lesion=0.0204
    [t2f] masked-MSE=1.5007 MAE=0.9609 PSNR=13.80dB ssim_whole=0.9979 ssim_support=0.9671 ssim_lesion=0.1514

  Patient: 01119-001 (10 lesion(s) in CSV)
    10 lesion(s) after merging
    [t1c] masked-MSE=2.3473 MAE=1.0928 PSNR=11.86dB ssim_whole=0.9960 ssim_support=0.9502 ssim_lesion=0.0216
    [t1n] masked-MSE=1.3547 MAE=0.8923 PSNR=14.24dB ssim_whole=0.9962 ssim_support=0.9518 ssim_lesion=0.0377
    [t2w] masked-MSE=1.3733 MAE=0.9319 PSNR=14.19dB ssim_whole=0.9962 ssim_support=0.9525 ssim_lesion=0.0183
    [t2f] masked-MSE=0.7964 MAE=0.6991 PSNR=16.55dB ssim_whole=0.9962 ssim_support=0.9528 ssim_lesion=0.1448

  Patient: 01119-003 (13 lesion(s) in CSV)
    12 lesion(s) after merging
    [tile 1/12] pos=(0:60,0:62,0:64) content=(60,62,64)
    [tile 2/12] pos=(0:60,0:62,32:80) content=(60,62,48)
    [tile 3/12] pos=(0:60,0:62,64:80) content=(60,62,16)
    [tile 4/12] pos=(0:60,32:62,0:64) content=(60,30,64)
    [tile 5/12] pos=(0:60,32:62,32:80) content=(60,30,48)
    [tile 6/12] pos=(0:60,32:62,64:80) content=(60,30,16)
    [tile 7/12] pos=(32:60,0:62,0:64) content=(28,62,64)
    [tile 8/12] pos=(32:60,0:62,32:80) content=(28,62,48)
    [tile 9/12] pos=(32:60,0:62,64:80) content=(28,62,16)
    [tile 10/12] pos=(32:60,32:62,0:64) content=(28,30,64)
    [tile 11/12] pos=(32:60,32:62,32:80) content=(28,30,48)
    [tile 12/12] pos=(32:60,32:62,64:80) content=(28,30,16)
    [t1c] masked-MSE=3.7733 MAE=1.2098 PSNR=9.80dB ssim_whole=0.9920 ssim_support=0.9210 ssim_lesion=0.0290
    [tile 1/12] pos=(0:60,0:62,0:64) content=(60,62,64)
    [tile 2/12] pos=(0:60,0:62,32:80) content=(60,62,48)
    [tile 3/12] pos=(0:60,0:62,64:80) content=(60,62,16)
    [tile 4/12] pos=(0:60,32:62,0:64) content=(60,30,64)
    [tile 5/12] pos=(0:60,32:62,32:80) content=(60,30,48)
    [tile 6/12] pos=(0:60,32:62,64:80) content=(60,30,16)
    [tile 7/12] pos=(32:60,0:62,0:64) content=(28,62,64)
    [tile 8/12] pos=(32:60,0:62,32:80) content=(28,62,48)
    [tile 9/12] pos=(32:60,0:62,64:80) content=(28,62,16)
    [tile 10/12] pos=(32:60,32:62,0:64) content=(28,30,64)
    [tile 11/12] pos=(32:60,32:62,32:80) content=(28,30,48)
    [tile 12/12] pos=(32:60,32:62,64:80) content=(28,30,16)
    [t1n] masked-MSE=1.5580 MAE=0.9563 PSNR=13.64dB ssim_whole=0.9921 ssim_support=0.9222 ssim_lesion=0.0188
    [tile 1/12] pos=(0:60,0:62,0:64) content=(60,62,64)
    [tile 2/12] pos=(0:60,0:62,32:80) content=(60,62,48)
    [tile 3/12] pos=(0:60,0:62,64:80) content=(60,62,16)
    [tile 4/12] pos=(0:60,32:62,0:64) content=(60,30,64)
    [tile 5/12] pos=(0:60,32:62,32:80) content=(60,30,48)
    [tile 6/12] pos=(0:60,32:62,64:80) content=(60,30,16)
    [tile 7/12] pos=(32:60,0:62,0:64) content=(28,62,64)
    [tile 8/12] pos=(32:60,0:62,32:80) content=(28,62,48)
    [tile 9/12] pos=(32:60,0:62,64:80) content=(28,62,16)
    [tile 10/12] pos=(32:60,32:62,0:64) content=(28,30,64)
    [tile 11/12] pos=(32:60,32:62,32:80) content=(28,30,48)
    [tile 12/12] pos=(32:60,32:62,64:80) content=(28,30,16)
    [t2w] masked-MSE=1.3667 MAE=0.8606 PSNR=14.21dB ssim_whole=0.9923 ssim_support=0.9240 ssim_lesion=0.0381
    [tile 1/12] pos=(0:60,0:62,0:64) content=(60,62,64)
    [tile 2/12] pos=(0:60,0:62,32:80) content=(60,62,48)
    [tile 3/12] pos=(0:60,0:62,64:80) content=(60,62,16)
    [tile 4/12] pos=(0:60,32:62,0:64) content=(60,30,64)
    [tile 5/12] pos=(0:60,32:62,32:80) content=(60,30,48)
    [tile 6/12] pos=(0:60,32:62,64:80) content=(60,30,16)
    [tile 7/12] pos=(32:60,0:62,0:64) content=(28,62,64)
    [tile 8/12] pos=(32:60,0:62,32:80) content=(28,62,48)
    [tile 9/12] pos=(32:60,0:62,64:80) content=(28,62,16)
    [tile 10/12] pos=(32:60,32:62,0:64) content=(28,30,64)
    [tile 11/12] pos=(32:60,32:62,32:80) content=(28,30,48)
    [tile 12/12] pos=(32:60,32:62,64:80) content=(28,30,16)
    [t2f] masked-MSE=2.0055 MAE=0.9733 PSNR=12.54dB ssim_whole=0.9923 ssim_support=0.9249 ssim_lesion=0.1391

  Patient: 01134-000 (1 lesion(s) in CSV)
    1 lesion(s) after merging
    [t1c] masked-MSE=5.5039 MAE=1.9773 PSNR=8.16dB ssim_whole=0.9988 ssim_support=0.3372 ssim_lesion=0.0292
    [t1n] masked-MSE=0.1962 MAE=0.3720 PSNR=22.64dB ssim_whole=0.9991 ssim_support=0.5029 ssim_lesion=0.3273
    [t2w] masked-MSE=1.7453 MAE=1.0360 PSNR=13.14dB ssim_whole=0.9988 ssim_support=0.3591 ssim_lesion=0.0819
    [t2f] masked-MSE=0.7190 MAE=0.6855 PSNR=17.00dB ssim_whole=0.9990 ssim_support=0.4483 ssim_lesion=0.0562

  Patient: 01134-003 (1 lesion(s) in CSV)
    1 lesion(s) after merging
    [t1c] masked-MSE=0.4727 MAE=0.5593 PSNR=18.82dB ssim_whole=0.9996 ssim_support=0.4371 ssim_lesion=0.0048
    [t1n] masked-MSE=1.0468 MAE=0.8561 PSNR=15.36dB ssim_whole=0.9995 ssim_support=0.4496 ssim_lesion=-0.0243
    [t2w] masked-MSE=3.9425 MAE=1.8729 PSNR=9.61dB ssim_whole=0.9996 ssim_support=0.4854 ssim_lesion=-0.0147
    [t2f] masked-MSE=0.2187 MAE=0.3899 PSNR=22.16dB ssim_whole=0.9996 ssim_support=0.4987 ssim_lesion=-0.1177

  Patient: 01149-000 (23 lesion(s) in CSV)
    1 lesion(s) after merging
    [tile 1/210] pos=(0:64,0:64,0:64) content=(64,64,64)
    [tile 2/210] pos=(0:64,0:64,32:96) content=(64,64,64)
    [tile 3/210] pos=(0:64,0:64,64:128) content=(64,64,64)
    [tile 4/210] pos=(0:64,0:64,96:160) content=(64,64,64)
    [tile 5/210] pos=(0:64,0:64,128:181) content=(64,64,53)
    [tile 6/210] pos=(0:64,0:64,160:181) content=(64,64,21)
    [tile 7/210] pos=(0:64,32:96,0:64) content=(64,64,64)
    [tile 8/210] pos=(0:64,32:96,32:96) content=(64,64,64)
    [tile 9/210] pos=(0:64,32:96,64:128) content=(64,64,64)
    [tile 10/210] pos=(0:64,32:96,96:160) content=(64,64,64)
    [tile 11/210] pos=(0:64,32:96,128:181) content=(64,64,53)
    [tile 12/210] pos=(0:64,32:96,160:181) content=(64,64,21)
    [tile 13/210] pos=(0:64,64:128,0:64) content=(64,64,64)
    [tile 14/210] pos=(0:64,64:128,32:96) content=(64,64,64)
    [tile 15/210] pos=(0:64,64:128,64:128) content=(64,64,64)
    [tile 16/210] pos=(0:64,64:128,96:160) content=(64,64,64)
    [tile 17/210] pos=(0:64,64:128,128:181) content=(64,64,53)
    [tile 18/210] pos=(0:64,64:128,160:181) content=(64,64,21)
    [tile 19/210] pos=(0:64,96:160,0:64) content=(64,64,64)
    [tile 20/210] pos=(0:64,96:160,32:96) content=(64,64,64)
    [tile 21/210] pos=(0:64,96:160,64:128) content=(64,64,64)
    [tile 22/210] pos=(0:64,96:160,96:160) content=(64,64,64)
    [tile 23/210] pos=(0:64,96:160,128:181) content=(64,64,53)
    [tile 24/210] pos=(0:64,96:160,160:181) content=(64,64,21)
    [tile 25/210] pos=(0:64,128:192,0:64) content=(64,64,64)
    [tile 26/210] pos=(0:64,128:192,32:96) content=(64,64,64)
    [tile 27/210] pos=(0:64,128:192,64:128) content=(64,64,64)
    [tile 28/210] pos=(0:64,128:192,96:160) content=(64,64,64)
    [tile 29/210] pos=(0:64,128:192,128:181) content=(64,64,53)
    [tile 30/210] pos=(0:64,128:192,160:181) content=(64,64,21)
    [tile 31/210] pos=(0:64,160:209,0:64) content=(64,49,64)
    [tile 32/210] pos=(0:64,160:209,32:96) content=(64,49,64)
    [tile 33/210] pos=(0:64,160:209,64:128) content=(64,49,64)
    [tile 34/210] pos=(0:64,160:209,96:160) content=(64,49,64)
    [tile 35/210] pos=(0:64,160:209,128:181) content=(64,49,53)
    [tile 36/210] pos=(0:64,160:209,160:181) content=(64,49,21)
    [tile 37/210] pos=(0:64,192:209,0:64) content=(64,17,64)
    [tile 38/210] pos=(0:64,192:209,32:96) content=(64,17,64)
    [tile 39/210] pos=(0:64,192:209,64:128) content=(64,17,64)
    [tile 40/210] pos=(0:64,192:209,96:160) content=(64,17,64)
    [tile 41/210] pos=(0:64,192:209,128:181) content=(64,17,53)
    [tile 42/210] pos=(0:64,192:209,160:181) content=(64,17,21)
    [tile 43/210] pos=(32:96,0:64,0:64) content=(64,64,64)
    [tile 44/210] pos=(32:96,0:64,32:96) content=(64,64,64)
    [tile 45/210] pos=(32:96,0:64,64:128) content=(64,64,64)
    [tile 46/210] pos=(32:96,0:64,96:160) content=(64,64,64)
    [tile 47/210] pos=(32:96,0:64,128:181) content=(64,64,53)
    [tile 48/210] pos=(32:96,0:64,160:181) content=(64,64,21)
    [tile 49/210] pos=(32:96,32:96,0:64) content=(64,64,64)
    [tile 50/210] pos=(32:96,32:96,32:96) content=(64,64,64)
    [tile 51/210] pos=(32:96,32:96,64:128) content=(64,64,64)
    [tile 52/210] pos=(32:96,32:96,96:160) content=(64,64,64)
    [tile 53/210] pos=(32:96,32:96,128:181) content=(64,64,53)
    [tile 54/210] pos=(32:96,32:96,160:181) content=(64,64,21)
    [tile 55/210] pos=(32:96,64:128,0:64) content=(64,64,64)
    [tile 56/210] pos=(32:96,64:128,32:96) content=(64,64,64)
    [tile 57/210] pos=(32:96,64:128,64:128) content=(64,64,64)
    [tile 58/210] pos=(32:96,64:128,96:160) content=(64,64,64)
    [tile 59/210] pos=(32:96,64:128,128:181) content=(64,64,53)
    [tile 60/210] pos=(32:96,64:128,160:181) content=(64,64,21)
    [tile 61/210] pos=(32:96,96:160,0:64) content=(64,64,64)
    [tile 62/210] pos=(32:96,96:160,32:96) content=(64,64,64)
    [tile 63/210] pos=(32:96,96:160,64:128) content=(64,64,64)
    [tile 64/210] pos=(32:96,96:160,96:160) content=(64,64,64)
    [tile 65/210] pos=(32:96,96:160,128:181) content=(64,64,53)
    [tile 66/210] pos=(32:96,96:160,160:181) content=(64,64,21)
    [tile 67/210] pos=(32:96,128:192,0:64) content=(64,64,64)
    [tile 68/210] pos=(32:96,128:192,32:96) content=(64,64,64)
    [tile 69/210] pos=(32:96,128:192,64:128) content=(64,64,64)
    [tile 70/210] pos=(32:96,128:192,96:160) content=(64,64,64)
    [tile 71/210] pos=(32:96,128:192,128:181) content=(64,64,53)
    [tile 72/210] pos=(32:96,128:192,160:181) content=(64,64,21)
    [tile 73/210] pos=(32:96,160:209,0:64) content=(64,49,64)
    [tile 74/210] pos=(32:96,160:209,32:96) content=(64,49,64)
    [tile 75/210] pos=(32:96,160:209,64:128) content=(64,49,64)
    [tile 76/210] pos=(32:96,160:209,96:160) content=(64,49,64)
    [tile 77/210] pos=(32:96,160:209,128:181) content=(64,49,53)
    [tile 78/210] pos=(32:96,160:209,160:181) content=(64,49,21)
    [tile 79/210] pos=(32:96,192:209,0:64) content=(64,17,64)
    [tile 80/210] pos=(32:96,192:209,32:96) content=(64,17,64)
    [tile 81/210] pos=(32:96,192:209,64:128) content=(64,17,64)
    [tile 82/210] pos=(32:96,192:209,96:160) content=(64,17,64)
    [tile 83/210] pos=(32:96,192:209,128:181) content=(64,17,53)
    [tile 84/210] pos=(32:96,192:209,160:181) content=(64,17,21)
    [tile 85/210] pos=(64:128,0:64,0:64) content=(64,64,64)
    [tile 86/210] pos=(64:128,0:64,32:96) content=(64,64,64)
    [tile 87/210] pos=(64:128,0:64,64:128) content=(64,64,64)
    [tile 88/210] pos=(64:128,0:64,96:160) content=(64,64,64)
    [tile 89/210] pos=(64:128,0:64,128:181) content=(64,64,53)
    [tile 90/210] pos=(64:128,0:64,160:181) content=(64,64,21)
    [tile 91/210] pos=(64:128,32:96,0:64) content=(64,64,64)
    [tile 92/210] pos=(64:128,32:96,32:96) content=(64,64,64)
    [tile 93/210] pos=(64:128,32:96,64:128) content=(64,64,64)
    [tile 94/210] pos=(64:128,32:96,96:160) content=(64,64,64)
    [tile 95/210] pos=(64:128,32:96,128:181) content=(64,64,53)
    [tile 96/210] pos=(64:128,32:96,160:181) content=(64,64,21)
    [tile 97/210] pos=(64:128,64:128,0:64) content=(64,64,64)
    [tile 98/210] pos=(64:128,64:128,32:96) content=(64,64,64)
    [tile 99/210] pos=(64:128,64:128,64:128) content=(64,64,64)
    [tile 100/210] pos=(64:128,64:128,96:160) content=(64,64,64)
    [tile 101/210] pos=(64:128,64:128,128:181) content=(64,64,53)
    [tile 102/210] pos=(64:128,64:128,160:181) content=(64,64,21)
    [tile 103/210] pos=(64:128,96:160,0:64) content=(64,64,64)
    [tile 104/210] pos=(64:128,96:160,32:96) content=(64,64,64)
    [tile 105/210] pos=(64:128,96:160,64:128) content=(64,64,64)
    [tile 106/210] pos=(64:128,96:160,96:160) content=(64,64,64)
    [tile 107/210] pos=(64:128,96:160,128:181) content=(64,64,53)
    [tile 108/210] pos=(64:128,96:160,160:181) content=(64,64,21)
    [tile 109/210] pos=(64:128,128:192,0:64) content=(64,64,64)
    [tile 110/210] pos=(64:128,128:192,32:96) content=(64,64,64)
    [tile 111/210] pos=(64:128,128:192,64:128) content=(64,64,64)
    [tile 112/210] pos=(64:128,128:192,96:160) content=(64,64,64)
    [tile 113/210] pos=(64:128,128:192,128:181) content=(64,64,53)
    [tile 114/210] pos=(64:128,128:192,160:181) content=(64,64,21)
    [tile 115/210] pos=(64:128,160:209,0:64) content=(64,49,64)
    [tile 116/210] pos=(64:128,160:209,32:96) content=(64,49,64)
    [tile 117/210] pos=(64:128,160:209,64:128) content=(64,49,64)
    [tile 118/210] pos=(64:128,160:209,96:160) content=(64,49,64)
    [tile 119/210] pos=(64:128,160:209,128:181) content=(64,49,53)
    [tile 120/210] pos=(64:128,160:209,160:181) content=(64,49,21)
    [tile 121/210] pos=(64:128,192:209,0:64) content=(64,17,64)
    [tile 122/210] pos=(64:128,192:209,32:96) content=(64,17,64)
    [tile 123/210] pos=(64:128,192:209,64:128) content=(64,17,64)
    [tile 124/210] pos=(64:128,192:209,96:160) content=(64,17,64)
    [tile 125/210] pos=(64:128,192:209,128:181) content=(64,17,53)
    [tile 126/210] pos=(64:128,192:209,160:181) content=(64,17,21)
    [tile 127/210] pos=(96:138,0:64,0:64) content=(42,64,64)
    [tile 128/210] pos=(96:138,0:64,32:96) content=(42,64,64)
    [tile 129/210] pos=(96:138,0:64,64:128) content=(42,64,64)
    [tile 130/210] pos=(96:138,0:64,96:160) content=(42,64,64)
    [tile 131/210] pos=(96:138,0:64,128:181) content=(42,64,53)
    [tile 132/210] pos=(96:138,0:64,160:181) content=(42,64,21)
    [tile 133/210] pos=(96:138,32:96,0:64) content=(42,64,64)
    [tile 134/210] pos=(96:138,32:96,32:96) content=(42,64,64)
    [tile 135/210] pos=(96:138,32:96,64:128) content=(42,64,64)
    [tile 136/210] pos=(96:138,32:96,96:160) content=(42,64,64)
    [tile 137/210] pos=(96:138,32:96,128:181) content=(42,64,53)
    [tile 138/210] pos=(96:138,32:96,160:181) content=(42,64,21)
    [tile 139/210] pos=(96:138,64:128,0:64) content=(42,64,64)
    [tile 140/210] pos=(96:138,64:128,32:96) content=(42,64,64)
    [tile 141/210] pos=(96:138,64:128,64:128) content=(42,64,64)
    [tile 142/210] pos=(96:138,64:128,96:160) content=(42,64,64)
    [tile 143/210] pos=(96:138,64:128,128:181) content=(42,64,53)
    [tile 144/210] pos=(96:138,64:128,160:181) content=(42,64,21)
    [tile 145/210] pos=(96:138,96:160,0:64) content=(42,64,64)
    [tile 146/210] pos=(96:138,96:160,32:96) content=(42,64,64)
    [tile 147/210] pos=(96:138,96:160,64:128) content=(42,64,64)
    [tile 148/210] pos=(96:138,96:160,96:160) content=(42,64,64)
    [tile 149/210] pos=(96:138,96:160,128:181) content=(42,64,53)
    [tile 150/210] pos=(96:138,96:160,160:181) content=(42,64,21)
    [tile 151/210] pos=(96:138,128:192,0:64) content=(42,64,64)
    [tile 152/210] pos=(96:138,128:192,32:96) content=(42,64,64)
    [tile 153/210] pos=(96:138,128:192,64:128) content=(42,64,64)
    [tile 154/210] pos=(96:138,128:192,96:160) content=(42,64,64)
    [tile 155/210] pos=(96:138,128:192,128:181) content=(42,64,53)
    [tile 156/210] pos=(96:138,128:192,160:181) content=(42,64,21)
    [tile 157/210] pos=(96:138,160:209,0:64) content=(42,49,64)
    [tile 158/210] pos=(96:138,160:209,32:96) content=(42,49,64)
    [tile 159/210] pos=(96:138,160:209,64:128) content=(42,49,64)
    [tile 160/210] pos=(96:138,160:209,96:160) content=(42,49,64)
    [tile 161/210] pos=(96:138,160:209,128:181) content=(42,49,53)
    [tile 162/210] pos=(96:138,160:209,160:181) content=(42,49,21)
    [tile 163/210] pos=(96:138,192:209,0:64) content=(42,17,64)
    [tile 164/210] pos=(96:138,192:209,32:96) content=(42,17,64)
    [tile 165/210] pos=(96:138,192:209,64:128) content=(42,17,64)
    [tile 166/210] pos=(96:138,192:209,96:160) content=(42,17,64)
    [tile 167/210] pos=(96:138,192:209,128:181) content=(42,17,53)
    [tile 168/210] pos=(96:138,192:209,160:181) content=(42,17,21)
    [tile 169/210] pos=(128:138,0:64,0:64) content=(10,64,64)
    [tile 170/210] pos=(128:138,0:64,32:96) content=(10,64,64)
    [tile 171/210] pos=(128:138,0:64,64:128) content=(10,64,64)
    [tile 172/210] pos=(128:138,0:64,96:160) content=(10,64,64)
    [tile 173/210] pos=(128:138,0:64,128:181) content=(10,64,53)
    [tile 174/210] pos=(128:138,0:64,160:181) content=(10,64,21)
    [tile 175/210] pos=(128:138,32:96,0:64) content=(10,64,64)
    [tile 176/210] pos=(128:138,32:96,32:96) content=(10,64,64)
    [tile 177/210] pos=(128:138,32:96,64:128) content=(10,64,64)
    [tile 178/210] pos=(128:138,32:96,96:160) content=(10,64,64)
    [tile 179/210] pos=(128:138,32:96,128:181) content=(10,64,53)
    [tile 180/210] pos=(128:138,32:96,160:181) content=(10,64,21)
    [tile 181/210] pos=(128:138,64:128,0:64) content=(10,64,64)
    [tile 182/210] pos=(128:138,64:128,32:96) content=(10,64,64)
    [tile 183/210] pos=(128:138,64:128,64:128) content=(10,64,64)
    [tile 184/210] pos=(128:138,64:128,96:160) content=(10,64,64)
    [tile 185/210] pos=(128:138,64:128,128:181) content=(10,64,53)
    [tile 186/210] pos=(128:138,64:128,160:181) content=(10,64,21)
    [tile 187/210] pos=(128:138,96:160,0:64) content=(10,64,64)
    [tile 188/210] pos=(128:138,96:160,32:96) content=(10,64,64)
    [tile 189/210] pos=(128:138,96:160,64:128) content=(10,64,64)
    [tile 190/210] pos=(128:138,96:160,96:160) content=(10,64,64)
    [tile 191/210] pos=(128:138,96:160,128:181) content=(10,64,53)
    [tile 192/210] pos=(128:138,96:160,160:181) content=(10,64,21)
    [tile 193/210] pos=(128:138,128:192,0:64) content=(10,64,64)
    [tile 194/210] pos=(128:138,128:192,32:96) content=(10,64,64)
    [tile 195/210] pos=(128:138,128:192,64:128) content=(10,64,64)
    [tile 196/210] pos=(128:138,128:192,96:160) content=(10,64,64)
    [tile 197/210] pos=(128:138,128:192,128:181) content=(10,64,53)
    [tile 198/210] pos=(128:138,128:192,160:181) content=(10,64,21)
    [tile 199/210] pos=(128:138,160:209,0:64) content=(10,49,64)
    [tile 200/210] pos=(128:138,160:209,32:96) content=(10,49,64)
    [tile 201/210] pos=(128:138,160:209,64:128) content=(10,49,64)
    [tile 202/210] pos=(128:138,160:209,96:160) content=(10,49,64)
    [tile 203/210] pos=(128:138,160:209,128:181) content=(10,49,53)
    [tile 204/210] pos=(128:138,160:209,160:181) content=(10,49,21)
    [tile 205/210] pos=(128:138,192:209,0:64) content=(10,17,64)
    [tile 206/210] pos=(128:138,192:209,32:96) content=(10,17,64)
    [tile 207/210] pos=(128:138,192:209,64:128) content=(10,17,64)
    [tile 208/210] pos=(128:138,192:209,96:160) content=(10,17,64)
    [tile 209/210] pos=(128:138,192:209,128:181) content=(10,17,53)
    [tile 210/210] pos=(128:138,192:209,160:181) content=(10,17,21)
    [t1c] masked-MSE=1.3812 MAE=0.8977 PSNR=14.16dB ssim_whole=0.9438 ssim_support=0.1027 ssim_lesion=0.0159
    [tile 1/210] pos=(0:64,0:64,0:64) content=(64,64,64)
    [tile 2/210] pos=(0:64,0:64,32:96) content=(64,64,64)
    [tile 3/210] pos=(0:64,0:64,64:128) content=(64,64,64)
    [tile 4/210] pos=(0:64,0:64,96:160) content=(64,64,64)
    [tile 5/210] pos=(0:64,0:64,128:181) content=(64,64,53)
    [tile 6/210] pos=(0:64,0:64,160:181) content=(64,64,21)
    [tile 7/210] pos=(0:64,32:96,0:64) content=(64,64,64)
    [tile 8/210] pos=(0:64,32:96,32:96) content=(64,64,64)
    [tile 9/210] pos=(0:64,32:96,64:128) content=(64,64,64)
    [tile 10/210] pos=(0:64,32:96,96:160) content=(64,64,64)
    [tile 11/210] pos=(0:64,32:96,128:181) content=(64,64,53)
    [tile 12/210] pos=(0:64,32:96,160:181) content=(64,64,21)
    [tile 13/210] pos=(0:64,64:128,0:64) content=(64,64,64)
    [tile 14/210] pos=(0:64,64:128,32:96) content=(64,64,64)
    [tile 15/210] pos=(0:64,64:128,64:128) content=(64,64,64)
    [tile 16/210] pos=(0:64,64:128,96:160) content=(64,64,64)
    [tile 17/210] pos=(0:64,64:128,128:181) content=(64,64,53)
    [tile 18/210] pos=(0:64,64:128,160:181) content=(64,64,21)
    [tile 19/210] pos=(0:64,96:160,0:64) content=(64,64,64)
    [tile 20/210] pos=(0:64,96:160,32:96) content=(64,64,64)
    [tile 21/210] pos=(0:64,96:160,64:128) content=(64,64,64)
    [tile 22/210] pos=(0:64,96:160,96:160) content=(64,64,64)
    [tile 23/210] pos=(0:64,96:160,128:181) content=(64,64,53)
    [tile 24/210] pos=(0:64,96:160,160:181) content=(64,64,21)
    [tile 25/210] pos=(0:64,128:192,0:64) content=(64,64,64)
    [tile 26/210] pos=(0:64,128:192,32:96) content=(64,64,64)
    [tile 27/210] pos=(0:64,128:192,64:128) content=(64,64,64)
    [tile 28/210] pos=(0:64,128:192,96:160) content=(64,64,64)
    [tile 29/210] pos=(0:64,128:192,128:181) content=(64,64,53)
    [tile 30/210] pos=(0:64,128:192,160:181) content=(64,64,21)
    [tile 31/210] pos=(0:64,160:209,0:64) content=(64,49,64)
    [tile 32/210] pos=(0:64,160:209,32:96) content=(64,49,64)
    [tile 33/210] pos=(0:64,160:209,64:128) content=(64,49,64)
    [tile 34/210] pos=(0:64,160:209,96:160) content=(64,49,64)
    [tile 35/210] pos=(0:64,160:209,128:181) content=(64,49,53)
    [tile 36/210] pos=(0:64,160:209,160:181) content=(64,49,21)
    [tile 37/210] pos=(0:64,192:209,0:64) content=(64,17,64)
    [tile 38/210] pos=(0:64,192:209,32:96) content=(64,17,64)
    [tile 39/210] pos=(0:64,192:209,64:128) content=(64,17,64)
    [tile 40/210] pos=(0:64,192:209,96:160) content=(64,17,64)
    [tile 41/210] pos=(0:64,192:209,128:181) content=(64,17,53)
    [tile 42/210] pos=(0:64,192:209,160:181) content=(64,17,21)
    [tile 43/210] pos=(32:96,0:64,0:64) content=(64,64,64)
    [tile 44/210] pos=(32:96,0:64,32:96) content=(64,64,64)
    [tile 45/210] pos=(32:96,0:64,64:128) content=(64,64,64)
    [tile 46/210] pos=(32:96,0:64,96:160) content=(64,64,64)
    [tile 47/210] pos=(32:96,0:64,128:181) content=(64,64,53)
    [tile 48/210] pos=(32:96,0:64,160:181) content=(64,64,21)
    [tile 49/210] pos=(32:96,32:96,0:64) content=(64,64,64)
    [tile 50/210] pos=(32:96,32:96,32:96) content=(64,64,64)
    [tile 51/210] pos=(32:96,32:96,64:128) content=(64,64,64)
    [tile 52/210] pos=(32:96,32:96,96:160) content=(64,64,64)
    [tile 53/210] pos=(32:96,32:96,128:181) content=(64,64,53)
    [tile 54/210] pos=(32:96,32:96,160:181) content=(64,64,21)
    [tile 55/210] pos=(32:96,64:128,0:64) content=(64,64,64)
    [tile 56/210] pos=(32:96,64:128,32:96) content=(64,64,64)
    [tile 57/210] pos=(32:96,64:128,64:128) content=(64,64,64)
    [tile 58/210] pos=(32:96,64:128,96:160) content=(64,64,64)
    [tile 59/210] pos=(32:96,64:128,128:181) content=(64,64,53)
    [tile 60/210] pos=(32:96,64:128,160:181) content=(64,64,21)
    [tile 61/210] pos=(32:96,96:160,0:64) content=(64,64,64)
    [tile 62/210] pos=(32:96,96:160,32:96) content=(64,64,64)
    [tile 63/210] pos=(32:96,96:160,64:128) content=(64,64,64)
    [tile 64/210] pos=(32:96,96:160,96:160) content=(64,64,64)
    [tile 65/210] pos=(32:96,96:160,128:181) content=(64,64,53)
    [tile 66/210] pos=(32:96,96:160,160:181) content=(64,64,21)
    [tile 67/210] pos=(32:96,128:192,0:64) content=(64,64,64)
    [tile 68/210] pos=(32:96,128:192,32:96) content=(64,64,64)
    [tile 69/210] pos=(32:96,128:192,64:128) content=(64,64,64)
    [tile 70/210] pos=(32:96,128:192,96:160) content=(64,64,64)
    [tile 71/210] pos=(32:96,128:192,128:181) content=(64,64,53)
    [tile 72/210] pos=(32:96,128:192,160:181) content=(64,64,21)
    [tile 73/210] pos=(32:96,160:209,0:64) content=(64,49,64)
    [tile 74/210] pos=(32:96,160:209,32:96) content=(64,49,64)
    [tile 75/210] pos=(32:96,160:209,64:128) content=(64,49,64)
    [tile 76/210] pos=(32:96,160:209,96:160) content=(64,49,64)
    [tile 77/210] pos=(32:96,160:209,128:181) content=(64,49,53)
    [tile 78/210] pos=(32:96,160:209,160:181) content=(64,49,21)
    [tile 79/210] pos=(32:96,192:209,0:64) content=(64,17,64)
    [tile 80/210] pos=(32:96,192:209,32:96) content=(64,17,64)
    [tile 81/210] pos=(32:96,192:209,64:128) content=(64,17,64)
    [tile 82/210] pos=(32:96,192:209,96:160) content=(64,17,64)
    [tile 83/210] pos=(32:96,192:209,128:181) content=(64,17,53)
    [tile 84/210] pos=(32:96,192:209,160:181) content=(64,17,21)
    [tile 85/210] pos=(64:128,0:64,0:64) content=(64,64,64)
    [tile 86/210] pos=(64:128,0:64,32:96) content=(64,64,64)
    [tile 87/210] pos=(64:128,0:64,64:128) content=(64,64,64)
    [tile 88/210] pos=(64:128,0:64,96:160) content=(64,64,64)
    [tile 89/210] pos=(64:128,0:64,128:181) content=(64,64,53)
    [tile 90/210] pos=(64:128,0:64,160:181) content=(64,64,21)
    [tile 91/210] pos=(64:128,32:96,0:64) content=(64,64,64)
    [tile 92/210] pos=(64:128,32:96,32:96) content=(64,64,64)
    [tile 93/210] pos=(64:128,32:96,64:128) content=(64,64,64)
    [tile 94/210] pos=(64:128,32:96,96:160) content=(64,64,64)
    [tile 95/210] pos=(64:128,32:96,128:181) content=(64,64,53)
    [tile 96/210] pos=(64:128,32:96,160:181) content=(64,64,21)
    [tile 97/210] pos=(64:128,64:128,0:64) content=(64,64,64)
    [tile 98/210] pos=(64:128,64:128,32:96) content=(64,64,64)
    [tile 99/210] pos=(64:128,64:128,64:128) content=(64,64,64)
    [tile 100/210] pos=(64:128,64:128,96:160) content=(64,64,64)
    [tile 101/210] pos=(64:128,64:128,128:181) content=(64,64,53)
    [tile 102/210] pos=(64:128,64:128,160:181) content=(64,64,21)
    [tile 103/210] pos=(64:128,96:160,0:64) content=(64,64,64)
    [tile 104/210] pos=(64:128,96:160,32:96) content=(64,64,64)
    [tile 105/210] pos=(64:128,96:160,64:128) content=(64,64,64)
    [tile 106/210] pos=(64:128,96:160,96:160) content=(64,64,64)
    [tile 107/210] pos=(64:128,96:160,128:181) content=(64,64,53)
    [tile 108/210] pos=(64:128,96:160,160:181) content=(64,64,21)
    [tile 109/210] pos=(64:128,128:192,0:64) content=(64,64,64)
    [tile 110/210] pos=(64:128,128:192,32:96) content=(64,64,64)
    [tile 111/210] pos=(64:128,128:192,64:128) content=(64,64,64)
    [tile 112/210] pos=(64:128,128:192,96:160) content=(64,64,64)
    [tile 113/210] pos=(64:128,128:192,128:181) content=(64,64,53)
    [tile 114/210] pos=(64:128,128:192,160:181) content=(64,64,21)
    [tile 115/210] pos=(64:128,160:209,0:64) content=(64,49,64)
    [tile 116/210] pos=(64:128,160:209,32:96) content=(64,49,64)
    [tile 117/210] pos=(64:128,160:209,64:128) content=(64,49,64)
    [tile 118/210] pos=(64:128,160:209,96:160) content=(64,49,64)
    [tile 119/210] pos=(64:128,160:209,128:181) content=(64,49,53)
    [tile 120/210] pos=(64:128,160:209,160:181) content=(64,49,21)
    [tile 121/210] pos=(64:128,192:209,0:64) content=(64,17,64)
    [tile 122/210] pos=(64:128,192:209,32:96) content=(64,17,64)
    [tile 123/210] pos=(64:128,192:209,64:128) content=(64,17,64)
    [tile 124/210] pos=(64:128,192:209,96:160) content=(64,17,64)
    [tile 125/210] pos=(64:128,192:209,128:181) content=(64,17,53)
    [tile 126/210] pos=(64:128,192:209,160:181) content=(64,17,21)
    [tile 127/210] pos=(96:138,0:64,0:64) content=(42,64,64)
    [tile 128/210] pos=(96:138,0:64,32:96) content=(42,64,64)
    [tile 129/210] pos=(96:138,0:64,64:128) content=(42,64,64)
    [tile 130/210] pos=(96:138,0:64,96:160) content=(42,64,64)
    [tile 131/210] pos=(96:138,0:64,128:181) content=(42,64,53)
    [tile 132/210] pos=(96:138,0:64,160:181) content=(42,64,21)
    [tile 133/210] pos=(96:138,32:96,0:64) content=(42,64,64)
    [tile 134/210] pos=(96:138,32:96,32:96) content=(42,64,64)
    [tile 135/210] pos=(96:138,32:96,64:128) content=(42,64,64)
    [tile 136/210] pos=(96:138,32:96,96:160) content=(42,64,64)
    [tile 137/210] pos=(96:138,32:96,128:181) content=(42,64,53)
    [tile 138/210] pos=(96:138,32:96,160:181) content=(42,64,21)
    [tile 139/210] pos=(96:138,64:128,0:64) content=(42,64,64)
    [tile 140/210] pos=(96:138,64:128,32:96) content=(42,64,64)
    [tile 141/210] pos=(96:138,64:128,64:128) content=(42,64,64)
    [tile 142/210] pos=(96:138,64:128,96:160) content=(42,64,64)
    [tile 143/210] pos=(96:138,64:128,128:181) content=(42,64,53)
    [tile 144/210] pos=(96:138,64:128,160:181) content=(42,64,21)
    [tile 145/210] pos=(96:138,96:160,0:64) content=(42,64,64)
    [tile 146/210] pos=(96:138,96:160,32:96) content=(42,64,64)
    [tile 147/210] pos=(96:138,96:160,64:128) content=(42,64,64)
    [tile 148/210] pos=(96:138,96:160,96:160) content=(42,64,64)
    [tile 149/210] pos=(96:138,96:160,128:181) content=(42,64,53)
    [tile 150/210] pos=(96:138,96:160,160:181) content=(42,64,21)
    [tile 151/210] pos=(96:138,128:192,0:64) content=(42,64,64)
    [tile 152/210] pos=(96:138,128:192,32:96) content=(42,64,64)
    [tile 153/210] pos=(96:138,128:192,64:128) content=(42,64,64)
    [tile 154/210] pos=(96:138,128:192,96:160) content=(42,64,64)
    [tile 155/210] pos=(96:138,128:192,128:181) content=(42,64,53)
    [tile 156/210] pos=(96:138,128:192,160:181) content=(42,64,21)
    [tile 157/210] pos=(96:138,160:209,0:64) content=(42,49,64)
    [tile 158/210] pos=(96:138,160:209,32:96) content=(42,49,64)
    [tile 159/210] pos=(96:138,160:209,64:128) content=(42,49,64)
    [tile 160/210] pos=(96:138,160:209,96:160) content=(42,49,64)
    [tile 161/210] pos=(96:138,160:209,128:181) content=(42,49,53)
    [tile 162/210] pos=(96:138,160:209,160:181) content=(42,49,21)
    [tile 163/210] pos=(96:138,192:209,0:64) content=(42,17,64)
    [tile 164/210] pos=(96:138,192:209,32:96) content=(42,17,64)
    [tile 165/210] pos=(96:138,192:209,64:128) content=(42,17,64)
    [tile 166/210] pos=(96:138,192:209,96:160) content=(42,17,64)
    [tile 167/210] pos=(96:138,192:209,128:181) content=(42,17,53)
    [tile 168/210] pos=(96:138,192:209,160:181) content=(42,17,21)
    [tile 169/210] pos=(128:138,0:64,0:64) content=(10,64,64)
    [tile 170/210] pos=(128:138,0:64,32:96) content=(10,64,64)
    [tile 171/210] pos=(128:138,0:64,64:128) content=(10,64,64)
    [tile 172/210] pos=(128:138,0:64,96:160) content=(10,64,64)
    [tile 173/210] pos=(128:138,0:64,128:181) content=(10,64,53)
    [tile 174/210] pos=(128:138,0:64,160:181) content=(10,64,21)
    [tile 175/210] pos=(128:138,32:96,0:64) content=(10,64,64)
    [tile 176/210] pos=(128:138,32:96,32:96) content=(10,64,64)
    [tile 177/210] pos=(128:138,32:96,64:128) content=(10,64,64)
    [tile 178/210] pos=(128:138,32:96,96:160) content=(10,64,64)
    [tile 179/210] pos=(128:138,32:96,128:181) content=(10,64,53)
    [tile 180/210] pos=(128:138,32:96,160:181) content=(10,64,21)
    [tile 181/210] pos=(128:138,64:128,0:64) content=(10,64,64)
    [tile 182/210] pos=(128:138,64:128,32:96) content=(10,64,64)
    [tile 183/210] pos=(128:138,64:128,64:128) content=(10,64,64)
    [tile 184/210] pos=(128:138,64:128,96:160) content=(10,64,64)
    [tile 185/210] pos=(128:138,64:128,128:181) content=(10,64,53)
    [tile 186/210] pos=(128:138,64:128,160:181) content=(10,64,21)
    [tile 187/210] pos=(128:138,96:160,0:64) content=(10,64,64)
    [tile 188/210] pos=(128:138,96:160,32:96) content=(10,64,64)
    [tile 189/210] pos=(128:138,96:160,64:128) content=(10,64,64)
    [tile 190/210] pos=(128:138,96:160,96:160) content=(10,64,64)
    [tile 191/210] pos=(128:138,96:160,128:181) content=(10,64,53)
    [tile 192/210] pos=(128:138,96:160,160:181) content=(10,64,21)
    [tile 193/210] pos=(128:138,128:192,0:64) content=(10,64,64)
    [tile 194/210] pos=(128:138,128:192,32:96) content=(10,64,64)
    [tile 195/210] pos=(128:138,128:192,64:128) content=(10,64,64)
    [tile 196/210] pos=(128:138,128:192,96:160) content=(10,64,64)
    [tile 197/210] pos=(128:138,128:192,128:181) content=(10,64,53)
    [tile 198/210] pos=(128:138,128:192,160:181) content=(10,64,21)
    [tile 199/210] pos=(128:138,160:209,0:64) content=(10,49,64)
    [tile 200/210] pos=(128:138,160:209,32:96) content=(10,49,64)
    [tile 201/210] pos=(128:138,160:209,64:128) content=(10,49,64)
    [tile 202/210] pos=(128:138,160:209,96:160) content=(10,49,64)
    [tile 203/210] pos=(128:138,160:209,128:181) content=(10,49,53)
    [tile 204/210] pos=(128:138,160:209,160:181) content=(10,49,21)
    [tile 205/210] pos=(128:138,192:209,0:64) content=(10,17,64)
    [tile 206/210] pos=(128:138,192:209,32:96) content=(10,17,64)
    [tile 207/210] pos=(128:138,192:209,64:128) content=(10,17,64)
    [tile 208/210] pos=(128:138,192:209,96:160) content=(10,17,64)
    [tile 209/210] pos=(128:138,192:209,128:181) content=(10,17,53)
    [tile 210/210] pos=(128:138,192:209,160:181) content=(10,17,21)
    [t1n] masked-MSE=2.1992 MAE=1.2078 PSNR=12.14dB ssim_whole=0.9430 ssim_support=0.0920 ssim_lesion=0.0099
    [tile 1/210] pos=(0:64,0:64,0:64) content=(64,64,64)
    [tile 2/210] pos=(0:64,0:64,32:96) content=(64,64,64)
    [tile 3/210] pos=(0:64,0:64,64:128) content=(64,64,64)
    [tile 4/210] pos=(0:64,0:64,96:160) content=(64,64,64)
    [tile 5/210] pos=(0:64,0:64,128:181) content=(64,64,53)
    [tile 6/210] pos=(0:64,0:64,160:181) content=(64,64,21)
    [tile 7/210] pos=(0:64,32:96,0:64) content=(64,64,64)
    [tile 8/210] pos=(0:64,32:96,32:96) content=(64,64,64)
    [tile 9/210] pos=(0:64,32:96,64:128) content=(64,64,64)
    [tile 10/210] pos=(0:64,32:96,96:160) content=(64,64,64)
    [tile 11/210] pos=(0:64,32:96,128:181) content=(64,64,53)
    [tile 12/210] pos=(0:64,32:96,160:181) content=(64,64,21)
    [tile 13/210] pos=(0:64,64:128,0:64) content=(64,64,64)
    [tile 14/210] pos=(0:64,64:128,32:96) content=(64,64,64)
    [tile 15/210] pos=(0:64,64:128,64:128) content=(64,64,64)
    [tile 16/210] pos=(0:64,64:128,96:160) content=(64,64,64)
    [tile 17/210] pos=(0:64,64:128,128:181) content=(64,64,53)
    [tile 18/210] pos=(0:64,64:128,160:181) content=(64,64,21)
    [tile 19/210] pos=(0:64,96:160,0:64) content=(64,64,64)
    [tile 20/210] pos=(0:64,96:160,32:96) content=(64,64,64)
    [tile 21/210] pos=(0:64,96:160,64:128) content=(64,64,64)
    [tile 22/210] pos=(0:64,96:160,96:160) content=(64,64,64)
    [tile 23/210] pos=(0:64,96:160,128:181) content=(64,64,53)
    [tile 24/210] pos=(0:64,96:160,160:181) content=(64,64,21)
    [tile 25/210] pos=(0:64,128:192,0:64) content=(64,64,64)
    [tile 26/210] pos=(0:64,128:192,32:96) content=(64,64,64)
    [tile 27/210] pos=(0:64,128:192,64:128) content=(64,64,64)
    [tile 28/210] pos=(0:64,128:192,96:160) content=(64,64,64)
    [tile 29/210] pos=(0:64,128:192,128:181) content=(64,64,53)
    [tile 30/210] pos=(0:64,128:192,160:181) content=(64,64,21)
    [tile 31/210] pos=(0:64,160:209,0:64) content=(64,49,64)
    [tile 32/210] pos=(0:64,160:209,32:96) content=(64,49,64)
    [tile 33/210] pos=(0:64,160:209,64:128) content=(64,49,64)
    [tile 34/210] pos=(0:64,160:209,96:160) content=(64,49,64)
    [tile 35/210] pos=(0:64,160:209,128:181) content=(64,49,53)
    [tile 36/210] pos=(0:64,160:209,160:181) content=(64,49,21)
    [tile 37/210] pos=(0:64,192:209,0:64) content=(64,17,64)
    [tile 38/210] pos=(0:64,192:209,32:96) content=(64,17,64)
    [tile 39/210] pos=(0:64,192:209,64:128) content=(64,17,64)
    [tile 40/210] pos=(0:64,192:209,96:160) content=(64,17,64)
    [tile 41/210] pos=(0:64,192:209,128:181) content=(64,17,53)
    [tile 42/210] pos=(0:64,192:209,160:181) content=(64,17,21)
    [tile 43/210] pos=(32:96,0:64,0:64) content=(64,64,64)
    [tile 44/210] pos=(32:96,0:64,32:96) content=(64,64,64)
    [tile 45/210] pos=(32:96,0:64,64:128) content=(64,64,64)
    [tile 46/210] pos=(32:96,0:64,96:160) content=(64,64,64)
    [tile 47/210] pos=(32:96,0:64,128:181) content=(64,64,53)
    [tile 48/210] pos=(32:96,0:64,160:181) content=(64,64,21)
    [tile 49/210] pos=(32:96,32:96,0:64) content=(64,64,64)
    [tile 50/210] pos=(32:96,32:96,32:96) content=(64,64,64)
    [tile 51/210] pos=(32:96,32:96,64:128) content=(64,64,64)
    [tile 52/210] pos=(32:96,32:96,96:160) content=(64,64,64)
    [tile 53/210] pos=(32:96,32:96,128:181) content=(64,64,53)
    [tile 54/210] pos=(32:96,32:96,160:181) content=(64,64,21)
    [tile 55/210] pos=(32:96,64:128,0:64) content=(64,64,64)
    [tile 56/210] pos=(32:96,64:128,32:96) content=(64,64,64)
    [tile 57/210] pos=(32:96,64:128,64:128) content=(64,64,64)
    [tile 58/210] pos=(32:96,64:128,96:160) content=(64,64,64)
    [tile 59/210] pos=(32:96,64:128,128:181) content=(64,64,53)
    [tile 60/210] pos=(32:96,64:128,160:181) content=(64,64,21)
    [tile 61/210] pos=(32:96,96:160,0:64) content=(64,64,64)
    [tile 62/210] pos=(32:96,96:160,32:96) content=(64,64,64)
    [tile 63/210] pos=(32:96,96:160,64:128) content=(64,64,64)
    [tile 64/210] pos=(32:96,96:160,96:160) content=(64,64,64)
    [tile 65/210] pos=(32:96,96:160,128:181) content=(64,64,53)
    [tile 66/210] pos=(32:96,96:160,160:181) content=(64,64,21)
    [tile 67/210] pos=(32:96,128:192,0:64) content=(64,64,64)
    [tile 68/210] pos=(32:96,128:192,32:96) content=(64,64,64)
    [tile 69/210] pos=(32:96,128:192,64:128) content=(64,64,64)
    [tile 70/210] pos=(32:96,128:192,96:160) content=(64,64,64)
    [tile 71/210] pos=(32:96,128:192,128:181) content=(64,64,53)
    [tile 72/210] pos=(32:96,128:192,160:181) content=(64,64,21)
    [tile 73/210] pos=(32:96,160:209,0:64) content=(64,49,64)
    [tile 74/210] pos=(32:96,160:209,32:96) content=(64,49,64)
    [tile 75/210] pos=(32:96,160:209,64:128) content=(64,49,64)
    [tile 76/210] pos=(32:96,160:209,96:160) content=(64,49,64)
    [tile 77/210] pos=(32:96,160:209,128:181) content=(64,49,53)
    [tile 78/210] pos=(32:96,160:209,160:181) content=(64,49,21)
    [tile 79/210] pos=(32:96,192:209,0:64) content=(64,17,64)
    [tile 80/210] pos=(32:96,192:209,32:96) content=(64,17,64)
    [tile 81/210] pos=(32:96,192:209,64:128) content=(64,17,64)
    [tile 82/210] pos=(32:96,192:209,96:160) content=(64,17,64)
    [tile 83/210] pos=(32:96,192:209,128:181) content=(64,17,53)
    [tile 84/210] pos=(32:96,192:209,160:181) content=(64,17,21)
    [tile 85/210] pos=(64:128,0:64,0:64) content=(64,64,64)
    [tile 86/210] pos=(64:128,0:64,32:96) content=(64,64,64)
    [tile 87/210] pos=(64:128,0:64,64:128) content=(64,64,64)
    [tile 88/210] pos=(64:128,0:64,96:160) content=(64,64,64)
    [tile 89/210] pos=(64:128,0:64,128:181) content=(64,64,53)
    [tile 90/210] pos=(64:128,0:64,160:181) content=(64,64,21)
    [tile 91/210] pos=(64:128,32:96,0:64) content=(64,64,64)
    [tile 92/210] pos=(64:128,32:96,32:96) content=(64,64,64)
    [tile 93/210] pos=(64:128,32:96,64:128) content=(64,64,64)
    [tile 94/210] pos=(64:128,32:96,96:160) content=(64,64,64)
    [tile 95/210] pos=(64:128,32:96,128:181) content=(64,64,53)
    [tile 96/210] pos=(64:128,32:96,160:181) content=(64,64,21)
    [tile 97/210] pos=(64:128,64:128,0:64) content=(64,64,64)
    [tile 98/210] pos=(64:128,64:128,32:96) content=(64,64,64)
    [tile 99/210] pos=(64:128,64:128,64:128) content=(64,64,64)
    [tile 100/210] pos=(64:128,64:128,96:160) content=(64,64,64)
    [tile 101/210] pos=(64:128,64:128,128:181) content=(64,64,53)
    [tile 102/210] pos=(64:128,64:128,160:181) content=(64,64,21)
    [tile 103/210] pos=(64:128,96:160,0:64) content=(64,64,64)
    [tile 104/210] pos=(64:128,96:160,32:96) content=(64,64,64)
    [tile 105/210] pos=(64:128,96:160,64:128) content=(64,64,64)
    [tile 106/210] pos=(64:128,96:160,96:160) content=(64,64,64)
    [tile 107/210] pos=(64:128,96:160,128:181) content=(64,64,53)
    [tile 108/210] pos=(64:128,96:160,160:181) content=(64,64,21)
    [tile 109/210] pos=(64:128,128:192,0:64) content=(64,64,64)
    [tile 110/210] pos=(64:128,128:192,32:96) content=(64,64,64)
    [tile 111/210] pos=(64:128,128:192,64:128) content=(64,64,64)
    [tile 112/210] pos=(64:128,128:192,96:160) content=(64,64,64)
    [tile 113/210] pos=(64:128,128:192,128:181) content=(64,64,53)
    [tile 114/210] pos=(64:128,128:192,160:181) content=(64,64,21)
    [tile 115/210] pos=(64:128,160:209,0:64) content=(64,49,64)
    [tile 116/210] pos=(64:128,160:209,32:96) content=(64,49,64)
    [tile 117/210] pos=(64:128,160:209,64:128) content=(64,49,64)
    [tile 118/210] pos=(64:128,160:209,96:160) content=(64,49,64)
    [tile 119/210] pos=(64:128,160:209,128:181) content=(64,49,53)
    [tile 120/210] pos=(64:128,160:209,160:181) content=(64,49,21)
    [tile 121/210] pos=(64:128,192:209,0:64) content=(64,17,64)
    [tile 122/210] pos=(64:128,192:209,32:96) content=(64,17,64)
    [tile 123/210] pos=(64:128,192:209,64:128) content=(64,17,64)
    [tile 124/210] pos=(64:128,192:209,96:160) content=(64,17,64)
    [tile 125/210] pos=(64:128,192:209,128:181) content=(64,17,53)
    [tile 126/210] pos=(64:128,192:209,160:181) content=(64,17,21)
    [tile 127/210] pos=(96:138,0:64,0:64) content=(42,64,64)
    [tile 128/210] pos=(96:138,0:64,32:96) content=(42,64,64)
    [tile 129/210] pos=(96:138,0:64,64:128) content=(42,64,64)
    [tile 130/210] pos=(96:138,0:64,96:160) content=(42,64,64)
    [tile 131/210] pos=(96:138,0:64,128:181) content=(42,64,53)
    [tile 132/210] pos=(96:138,0:64,160:181) content=(42,64,21)
    [tile 133/210] pos=(96:138,32:96,0:64) content=(42,64,64)
    [tile 134/210] pos=(96:138,32:96,32:96) content=(42,64,64)
    [tile 135/210] pos=(96:138,32:96,64:128) content=(42,64,64)
    [tile 136/210] pos=(96:138,32:96,96:160) content=(42,64,64)
    [tile 137/210] pos=(96:138,32:96,128:181) content=(42,64,53)
    [tile 138/210] pos=(96:138,32:96,160:181) content=(42,64,21)
    [tile 139/210] pos=(96:138,64:128,0:64) content=(42,64,64)
    [tile 140/210] pos=(96:138,64:128,32:96) content=(42,64,64)
    [tile 141/210] pos=(96:138,64:128,64:128) content=(42,64,64)
    [tile 142/210] pos=(96:138,64:128,96:160) content=(42,64,64)
    [tile 143/210] pos=(96:138,64:128,128:181) content=(42,64,53)
    [tile 144/210] pos=(96:138,64:128,160:181) content=(42,64,21)
    [tile 145/210] pos=(96:138,96:160,0:64) content=(42,64,64)
    [tile 146/210] pos=(96:138,96:160,32:96) content=(42,64,64)
    [tile 147/210] pos=(96:138,96:160,64:128) content=(42,64,64)
    [tile 148/210] pos=(96:138,96:160,96:160) content=(42,64,64)
    [tile 149/210] pos=(96:138,96:160,128:181) content=(42,64,53)
    [tile 150/210] pos=(96:138,96:160,160:181) content=(42,64,21)
    [tile 151/210] pos=(96:138,128:192,0:64) content=(42,64,64)
    [tile 152/210] pos=(96:138,128:192,32:96) content=(42,64,64)
    [tile 153/210] pos=(96:138,128:192,64:128) content=(42,64,64)
    [tile 154/210] pos=(96:138,128:192,96:160) content=(42,64,64)
    [tile 155/210] pos=(96:138,128:192,128:181) content=(42,64,53)
    [tile 156/210] pos=(96:138,128:192,160:181) content=(42,64,21)
    [tile 157/210] pos=(96:138,160:209,0:64) content=(42,49,64)
    [tile 158/210] pos=(96:138,160:209,32:96) content=(42,49,64)
    [tile 159/210] pos=(96:138,160:209,64:128) content=(42,49,64)
    [tile 160/210] pos=(96:138,160:209,96:160) content=(42,49,64)
    [tile 161/210] pos=(96:138,160:209,128:181) content=(42,49,53)
    [tile 162/210] pos=(96:138,160:209,160:181) content=(42,49,21)
    [tile 163/210] pos=(96:138,192:209,0:64) content=(42,17,64)
    [tile 164/210] pos=(96:138,192:209,32:96) content=(42,17,64)
    [tile 165/210] pos=(96:138,192:209,64:128) content=(42,17,64)
    [tile 166/210] pos=(96:138,192:209,96:160) content=(42,17,64)
    [tile 167/210] pos=(96:138,192:209,128:181) content=(42,17,53)
    [tile 168/210] pos=(96:138,192:209,160:181) content=(42,17,21)
    [tile 169/210] pos=(128:138,0:64,0:64) content=(10,64,64)
    [tile 170/210] pos=(128:138,0:64,32:96) content=(10,64,64)
    [tile 171/210] pos=(128:138,0:64,64:128) content=(10,64,64)
    [tile 172/210] pos=(128:138,0:64,96:160) content=(10,64,64)
    [tile 173/210] pos=(128:138,0:64,128:181) content=(10,64,53)
    [tile 174/210] pos=(128:138,0:64,160:181) content=(10,64,21)
    [tile 175/210] pos=(128:138,32:96,0:64) content=(10,64,64)
    [tile 176/210] pos=(128:138,32:96,32:96) content=(10,64,64)
    [tile 177/210] pos=(128:138,32:96,64:128) content=(10,64,64)
    [tile 178/210] pos=(128:138,32:96,96:160) content=(10,64,64)
    [tile 179/210] pos=(128:138,32:96,128:181) content=(10,64,53)
    [tile 180/210] pos=(128:138,32:96,160:181) content=(10,64,21)
    [tile 181/210] pos=(128:138,64:128,0:64) content=(10,64,64)
    [tile 182/210] pos=(128:138,64:128,32:96) content=(10,64,64)
    [tile 183/210] pos=(128:138,64:128,64:128) content=(10,64,64)
    [tile 184/210] pos=(128:138,64:128,96:160) content=(10,64,64)
    [tile 185/210] pos=(128:138,64:128,128:181) content=(10,64,53)
    [tile 186/210] pos=(128:138,64:128,160:181) content=(10,64,21)
    [tile 187/210] pos=(128:138,96:160,0:64) content=(10,64,64)
    [tile 188/210] pos=(128:138,96:160,32:96) content=(10,64,64)
    [tile 189/210] pos=(128:138,96:160,64:128) content=(10,64,64)
    [tile 190/210] pos=(128:138,96:160,96:160) content=(10,64,64)
    [tile 191/210] pos=(128:138,96:160,128:181) content=(10,64,53)
    [tile 192/210] pos=(128:138,96:160,160:181) content=(10,64,21)
    [tile 193/210] pos=(128:138,128:192,0:64) content=(10,64,64)
    [tile 194/210] pos=(128:138,128:192,32:96) content=(10,64,64)
    [tile 195/210] pos=(128:138,128:192,64:128) content=(10,64,64)
    [tile 196/210] pos=(128:138,128:192,96:160) content=(10,64,64)
    [tile 197/210] pos=(128:138,128:192,128:181) content=(10,64,53)
    [tile 198/210] pos=(128:138,128:192,160:181) content=(10,64,21)
    [tile 199/210] pos=(128:138,160:209,0:64) content=(10,49,64)
    [tile 200/210] pos=(128:138,160:209,32:96) content=(10,49,64)
    [tile 201/210] pos=(128:138,160:209,64:128) content=(10,49,64)
    [tile 202/210] pos=(128:138,160:209,96:160) content=(10,49,64)
    [tile 203/210] pos=(128:138,160:209,128:181) content=(10,49,53)
    [tile 204/210] pos=(128:138,160:209,160:181) content=(10,49,21)
    [tile 205/210] pos=(128:138,192:209,0:64) content=(10,17,64)
    [tile 206/210] pos=(128:138,192:209,32:96) content=(10,17,64)
    [tile 207/210] pos=(128:138,192:209,64:128) content=(10,17,64)
    [tile 208/210] pos=(128:138,192:209,96:160) content=(10,17,64)
    [tile 209/210] pos=(128:138,192:209,128:181) content=(10,17,53)
    [tile 210/210] pos=(128:138,192:209,160:181) content=(10,17,21)
    [t2w] masked-MSE=1.5043 MAE=0.9801 PSNR=13.79dB ssim_whole=0.9439 ssim_support=0.1055 ssim_lesion=0.0333
    [tile 1/210] pos=(0:64,0:64,0:64) content=(64,64,64)
    [tile 2/210] pos=(0:64,0:64,32:96) content=(64,64,64)
    [tile 3/210] pos=(0:64,0:64,64:128) content=(64,64,64)
    [tile 4/210] pos=(0:64,0:64,96:160) content=(64,64,64)
    [tile 5/210] pos=(0:64,0:64,128:181) content=(64,64,53)
    [tile 6/210] pos=(0:64,0:64,160:181) content=(64,64,21)
    [tile 7/210] pos=(0:64,32:96,0:64) content=(64,64,64)
    [tile 8/210] pos=(0:64,32:96,32:96) content=(64,64,64)
    [tile 9/210] pos=(0:64,32:96,64:128) content=(64,64,64)
    [tile 10/210] pos=(0:64,32:96,96:160) content=(64,64,64)
    [tile 11/210] pos=(0:64,32:96,128:181) content=(64,64,53)
    [tile 12/210] pos=(0:64,32:96,160:181) content=(64,64,21)
    [tile 13/210] pos=(0:64,64:128,0:64) content=(64,64,64)
    [tile 14/210] pos=(0:64,64:128,32:96) content=(64,64,64)
    [tile 15/210] pos=(0:64,64:128,64:128) content=(64,64,64)
    [tile 16/210] pos=(0:64,64:128,96:160) content=(64,64,64)
    [tile 17/210] pos=(0:64,64:128,128:181) content=(64,64,53)
    [tile 18/210] pos=(0:64,64:128,160:181) content=(64,64,21)
    [tile 19/210] pos=(0:64,96:160,0:64) content=(64,64,64)
    [tile 20/210] pos=(0:64,96:160,32:96) content=(64,64,64)
    [tile 21/210] pos=(0:64,96:160,64:128) content=(64,64,64)
    [tile 22/210] pos=(0:64,96:160,96:160) content=(64,64,64)
    [tile 23/210] pos=(0:64,96:160,128:181) content=(64,64,53)
    [tile 24/210] pos=(0:64,96:160,160:181) content=(64,64,21)
    [tile 25/210] pos=(0:64,128:192,0:64) content=(64,64,64)
    [tile 26/210] pos=(0:64,128:192,32:96) content=(64,64,64)
    [tile 27/210] pos=(0:64,128:192,64:128) content=(64,64,64)
    [tile 28/210] pos=(0:64,128:192,96:160) content=(64,64,64)
    [tile 29/210] pos=(0:64,128:192,128:181) content=(64,64,53)
    [tile 30/210] pos=(0:64,128:192,160:181) content=(64,64,21)
    [tile 31/210] pos=(0:64,160:209,0:64) content=(64,49,64)
    [tile 32/210] pos=(0:64,160:209,32:96) content=(64,49,64)
    [tile 33/210] pos=(0:64,160:209,64:128) content=(64,49,64)
    [tile 34/210] pos=(0:64,160:209,96:160) content=(64,49,64)
    [tile 35/210] pos=(0:64,160:209,128:181) content=(64,49,53)
    [tile 36/210] pos=(0:64,160:209,160:181) content=(64,49,21)
    [tile 37/210] pos=(0:64,192:209,0:64) content=(64,17,64)
    [tile 38/210] pos=(0:64,192:209,32:96) content=(64,17,64)
    [tile 39/210] pos=(0:64,192:209,64:128) content=(64,17,64)
    [tile 40/210] pos=(0:64,192:209,96:160) content=(64,17,64)
    [tile 41/210] pos=(0:64,192:209,128:181) content=(64,17,53)
    [tile 42/210] pos=(0:64,192:209,160:181) content=(64,17,21)
    [tile 43/210] pos=(32:96,0:64,0:64) content=(64,64,64)
    [tile 44/210] pos=(32:96,0:64,32:96) content=(64,64,64)
    [tile 45/210] pos=(32:96,0:64,64:128) content=(64,64,64)
    [tile 46/210] pos=(32:96,0:64,96:160) content=(64,64,64)
    [tile 47/210] pos=(32:96,0:64,128:181) content=(64,64,53)
    [tile 48/210] pos=(32:96,0:64,160:181) content=(64,64,21)
    [tile 49/210] pos=(32:96,32:96,0:64) content=(64,64,64)
    [tile 50/210] pos=(32:96,32:96,32:96) content=(64,64,64)
    [tile 51/210] pos=(32:96,32:96,64:128) content=(64,64,64)
    [tile 52/210] pos=(32:96,32:96,96:160) content=(64,64,64)
    [tile 53/210] pos=(32:96,32:96,128:181) content=(64,64,53)
    [tile 54/210] pos=(32:96,32:96,160:181) content=(64,64,21)
    [tile 55/210] pos=(32:96,64:128,0:64) content=(64,64,64)
    [tile 56/210] pos=(32:96,64:128,32:96) content=(64,64,64)
    [tile 57/210] pos=(32:96,64:128,64:128) content=(64,64,64)
    [tile 58/210] pos=(32:96,64:128,96:160) content=(64,64,64)
    [tile 59/210] pos=(32:96,64:128,128:181) content=(64,64,53)
    [tile 60/210] pos=(32:96,64:128,160:181) content=(64,64,21)
    [tile 61/210] pos=(32:96,96:160,0:64) content=(64,64,64)
    [tile 62/210] pos=(32:96,96:160,32:96) content=(64,64,64)
    [tile 63/210] pos=(32:96,96:160,64:128) content=(64,64,64)
    [tile 64/210] pos=(32:96,96:160,96:160) content=(64,64,64)
    [tile 65/210] pos=(32:96,96:160,128:181) content=(64,64,53)
    [tile 66/210] pos=(32:96,96:160,160:181) content=(64,64,21)
    [tile 67/210] pos=(32:96,128:192,0:64) content=(64,64,64)
    [tile 68/210] pos=(32:96,128:192,32:96) content=(64,64,64)
    [tile 69/210] pos=(32:96,128:192,64:128) content=(64,64,64)
    [tile 70/210] pos=(32:96,128:192,96:160) content=(64,64,64)
    [tile 71/210] pos=(32:96,128:192,128:181) content=(64,64,53)
    [tile 72/210] pos=(32:96,128:192,160:181) content=(64,64,21)
    [tile 73/210] pos=(32:96,160:209,0:64) content=(64,49,64)
    [tile 74/210] pos=(32:96,160:209,32:96) content=(64,49,64)
    [tile 75/210] pos=(32:96,160:209,64:128) content=(64,49,64)
    [tile 76/210] pos=(32:96,160:209,96:160) content=(64,49,64)
    [tile 77/210] pos=(32:96,160:209,128:181) content=(64,49,53)
    [tile 78/210] pos=(32:96,160:209,160:181) content=(64,49,21)
    [tile 79/210] pos=(32:96,192:209,0:64) content=(64,17,64)
    [tile 80/210] pos=(32:96,192:209,32:96) content=(64,17,64)
    [tile 81/210] pos=(32:96,192:209,64:128) content=(64,17,64)
    [tile 82/210] pos=(32:96,192:209,96:160) content=(64,17,64)
    [tile 83/210] pos=(32:96,192:209,128:181) content=(64,17,53)
    [tile 84/210] pos=(32:96,192:209,160:181) content=(64,17,21)
    [tile 85/210] pos=(64:128,0:64,0:64) content=(64,64,64)
    [tile 86/210] pos=(64:128,0:64,32:96) content=(64,64,64)
    [tile 87/210] pos=(64:128,0:64,64:128) content=(64,64,64)
    [tile 88/210] pos=(64:128,0:64,96:160) content=(64,64,64)
    [tile 89/210] pos=(64:128,0:64,128:181) content=(64,64,53)
    [tile 90/210] pos=(64:128,0:64,160:181) content=(64,64,21)
    [tile 91/210] pos=(64:128,32:96,0:64) content=(64,64,64)
    [tile 92/210] pos=(64:128,32:96,32:96) content=(64,64,64)
    [tile 93/210] pos=(64:128,32:96,64:128) content=(64,64,64)
    [tile 94/210] pos=(64:128,32:96,96:160) content=(64,64,64)
    [tile 95/210] pos=(64:128,32:96,128:181) content=(64,64,53)
    [tile 96/210] pos=(64:128,32:96,160:181) content=(64,64,21)
    [tile 97/210] pos=(64:128,64:128,0:64) content=(64,64,64)
    [tile 98/210] pos=(64:128,64:128,32:96) content=(64,64,64)
    [tile 99/210] pos=(64:128,64:128,64:128) content=(64,64,64)
    [tile 100/210] pos=(64:128,64:128,96:160) content=(64,64,64)
    [tile 101/210] pos=(64:128,64:128,128:181) content=(64,64,53)
    [tile 102/210] pos=(64:128,64:128,160:181) content=(64,64,21)
    [tile 103/210] pos=(64:128,96:160,0:64) content=(64,64,64)
    [tile 104/210] pos=(64:128,96:160,32:96) content=(64,64,64)
    [tile 105/210] pos=(64:128,96:160,64:128) content=(64,64,64)
    [tile 106/210] pos=(64:128,96:160,96:160) content=(64,64,64)
    [tile 107/210] pos=(64:128,96:160,128:181) content=(64,64,53)
    [tile 108/210] pos=(64:128,96:160,160:181) content=(64,64,21)
    [tile 109/210] pos=(64:128,128:192,0:64) content=(64,64,64)
    [tile 110/210] pos=(64:128,128:192,32:96) content=(64,64,64)
    [tile 111/210] pos=(64:128,128:192,64:128) content=(64,64,64)
    [tile 112/210] pos=(64:128,128:192,96:160) content=(64,64,64)
    [tile 113/210] pos=(64:128,128:192,128:181) content=(64,64,53)
    [tile 114/210] pos=(64:128,128:192,160:181) content=(64,64,21)
    [tile 115/210] pos=(64:128,160:209,0:64) content=(64,49,64)
    [tile 116/210] pos=(64:128,160:209,32:96) content=(64,49,64)
    [tile 117/210] pos=(64:128,160:209,64:128) content=(64,49,64)
    [tile 118/210] pos=(64:128,160:209,96:160) content=(64,49,64)
    [tile 119/210] pos=(64:128,160:209,128:181) content=(64,49,53)
    [tile 120/210] pos=(64:128,160:209,160:181) content=(64,49,21)
    [tile 121/210] pos=(64:128,192:209,0:64) content=(64,17,64)
    [tile 122/210] pos=(64:128,192:209,32:96) content=(64,17,64)
    [tile 123/210] pos=(64:128,192:209,64:128) content=(64,17,64)
    [tile 124/210] pos=(64:128,192:209,96:160) content=(64,17,64)
    [tile 125/210] pos=(64:128,192:209,128:181) content=(64,17,53)
    [tile 126/210] pos=(64:128,192:209,160:181) content=(64,17,21)
    [tile 127/210] pos=(96:138,0:64,0:64) content=(42,64,64)
    [tile 128/210] pos=(96:138,0:64,32:96) content=(42,64,64)
    [tile 129/210] pos=(96:138,0:64,64:128) content=(42,64,64)
    [tile 130/210] pos=(96:138,0:64,96:160) content=(42,64,64)
    [tile 131/210] pos=(96:138,0:64,128:181) content=(42,64,53)
    [tile 132/210] pos=(96:138,0:64,160:181) content=(42,64,21)
    [tile 133/210] pos=(96:138,32:96,0:64) content=(42,64,64)
    [tile 134/210] pos=(96:138,32:96,32:96) content=(42,64,64)
    [tile 135/210] pos=(96:138,32:96,64:128) content=(42,64,64)
    [tile 136/210] pos=(96:138,32:96,96:160) content=(42,64,64)
    [tile 137/210] pos=(96:138,32:96,128:181) content=(42,64,53)
    [tile 138/210] pos=(96:138,32:96,160:181) content=(42,64,21)
    [tile 139/210] pos=(96:138,64:128,0:64) content=(42,64,64)
    [tile 140/210] pos=(96:138,64:128,32:96) content=(42,64,64)
    [tile 141/210] pos=(96:138,64:128,64:128) content=(42,64,64)
    [tile 142/210] pos=(96:138,64:128,96:160) content=(42,64,64)
    [tile 143/210] pos=(96:138,64:128,128:181) content=(42,64,53)
    [tile 144/210] pos=(96:138,64:128,160:181) content=(42,64,21)
    [tile 145/210] pos=(96:138,96:160,0:64) content=(42,64,64)
    [tile 146/210] pos=(96:138,96:160,32:96) content=(42,64,64)
    [tile 147/210] pos=(96:138,96:160,64:128) content=(42,64,64)
    [tile 148/210] pos=(96:138,96:160,96:160) content=(42,64,64)
    [tile 149/210] pos=(96:138,96:160,128:181) content=(42,64,53)
    [tile 150/210] pos=(96:138,96:160,160:181) content=(42,64,21)
    [tile 151/210] pos=(96:138,128:192,0:64) content=(42,64,64)
    [tile 152/210] pos=(96:138,128:192,32:96) content=(42,64,64)
    [tile 153/210] pos=(96:138,128:192,64:128) content=(42,64,64)
    [tile 154/210] pos=(96:138,128:192,96:160) content=(42,64,64)
    [tile 155/210] pos=(96:138,128:192,128:181) content=(42,64,53)
    [tile 156/210] pos=(96:138,128:192,160:181) content=(42,64,21)
    [tile 157/210] pos=(96:138,160:209,0:64) content=(42,49,64)
    [tile 158/210] pos=(96:138,160:209,32:96) content=(42,49,64)
    [tile 159/210] pos=(96:138,160:209,64:128) content=(42,49,64)
    [tile 160/210] pos=(96:138,160:209,96:160) content=(42,49,64)
    [tile 161/210] pos=(96:138,160:209,128:181) content=(42,49,53)
    [tile 162/210] pos=(96:138,160:209,160:181) content=(42,49,21)
    [tile 163/210] pos=(96:138,192:209,0:64) content=(42,17,64)
    [tile 164/210] pos=(96:138,192:209,32:96) content=(42,17,64)
    [tile 165/210] pos=(96:138,192:209,64:128) content=(42,17,64)
    [tile 166/210] pos=(96:138,192:209,96:160) content=(42,17,64)
    [tile 167/210] pos=(96:138,192:209,128:181) content=(42,17,53)
    [tile 168/210] pos=(96:138,192:209,160:181) content=(42,17,21)
    [tile 169/210] pos=(128:138,0:64,0:64) content=(10,64,64)
    [tile 170/210] pos=(128:138,0:64,32:96) content=(10,64,64)
    [tile 171/210] pos=(128:138,0:64,64:128) content=(10,64,64)
    [tile 172/210] pos=(128:138,0:64,96:160) content=(10,64,64)
    [tile 173/210] pos=(128:138,0:64,128:181) content=(10,64,53)
    [tile 174/210] pos=(128:138,0:64,160:181) content=(10,64,21)
    [tile 175/210] pos=(128:138,32:96,0:64) content=(10,64,64)
    [tile 176/210] pos=(128:138,32:96,32:96) content=(10,64,64)
    [tile 177/210] pos=(128:138,32:96,64:128) content=(10,64,64)
    [tile 178/210] pos=(128:138,32:96,96:160) content=(10,64,64)
    [tile 179/210] pos=(128:138,32:96,128:181) content=(10,64,53)
    [tile 180/210] pos=(128:138,32:96,160:181) content=(10,64,21)
    [tile 181/210] pos=(128:138,64:128,0:64) content=(10,64,64)
    [tile 182/210] pos=(128:138,64:128,32:96) content=(10,64,64)
    [tile 183/210] pos=(128:138,64:128,64:128) content=(10,64,64)
    [tile 184/210] pos=(128:138,64:128,96:160) content=(10,64,64)
    [tile 185/210] pos=(128:138,64:128,128:181) content=(10,64,53)
    [tile 186/210] pos=(128:138,64:128,160:181) content=(10,64,21)
    [tile 187/210] pos=(128:138,96:160,0:64) content=(10,64,64)
    [tile 188/210] pos=(128:138,96:160,32:96) content=(10,64,64)
    [tile 189/210] pos=(128:138,96:160,64:128) content=(10,64,64)
    [tile 190/210] pos=(128:138,96:160,96:160) content=(10,64,64)
    [tile 191/210] pos=(128:138,96:160,128:181) content=(10,64,53)
    [tile 192/210] pos=(128:138,96:160,160:181) content=(10,64,21)
    [tile 193/210] pos=(128:138,128:192,0:64) content=(10,64,64)
    [tile 194/210] pos=(128:138,128:192,32:96) content=(10,64,64)
    [tile 195/210] pos=(128:138,128:192,64:128) content=(10,64,64)
    [tile 196/210] pos=(128:138,128:192,96:160) content=(10,64,64)
    [tile 197/210] pos=(128:138,128:192,128:181) content=(10,64,53)
    [tile 198/210] pos=(128:138,128:192,160:181) content=(10,64,21)
    [tile 199/210] pos=(128:138,160:209,0:64) content=(10,49,64)
    [tile 200/210] pos=(128:138,160:209,32:96) content=(10,49,64)
    [tile 201/210] pos=(128:138,160:209,64:128) content=(10,49,64)
    [tile 202/210] pos=(128:138,160:209,96:160) content=(10,49,64)
    [tile 203/210] pos=(128:138,160:209,128:181) content=(10,49,53)
    [tile 204/210] pos=(128:138,160:209,160:181) content=(10,49,21)
    [tile 205/210] pos=(128:138,192:209,0:64) content=(10,17,64)
    [tile 206/210] pos=(128:138,192:209,32:96) content=(10,17,64)
    [tile 207/210] pos=(128:138,192:209,64:128) content=(10,17,64)
    [tile 208/210] pos=(128:138,192:209,96:160) content=(10,17,64)
    [tile 209/210] pos=(128:138,192:209,128:181) content=(10,17,53)
    [tile 210/210] pos=(128:138,192:209,160:181) content=(10,17,21)
    [t2f] masked-MSE=2.4625 MAE=1.2995 PSNR=11.65dB ssim_whole=0.9459 ssim_support=0.1370 ssim_lesion=0.0914

  Patient: 01149-001 (1 lesion(s) in CSV)
    1 lesion(s) after merging
    [t1c] masked-MSE=1.9377 MAE=0.9772 PSNR=12.69dB ssim_whole=0.9983 ssim_support=0.1741 ssim_lesion=0.0188
    [t1n] masked-MSE=0.8834 MAE=0.7311 PSNR=16.10dB ssim_whole=0.9984 ssim_support=0.2525 ssim_lesion=0.0798
    [t2w] masked-MSE=1.4689 MAE=0.9822 PSNR=13.89dB ssim_whole=0.9983 ssim_support=0.2078 ssim_lesion=0.0034
    [t2f] masked-MSE=0.5906 MAE=0.6051 PSNR=17.85dB ssim_whole=0.9984 ssim_support=0.2374 ssim_lesion=0.1201

  Patient: 01172-001 (2 lesion(s) in CSV)
    2 lesion(s) after merging
    [tile 1/12] pos=(0:64,0:60,0:62) content=(64,60,62)
    [tile 2/12] pos=(0:64,0:60,32:62) content=(64,60,30)
    [tile 3/12] pos=(0:64,32:60,0:62) content=(64,28,62)
    [tile 4/12] pos=(0:64,32:60,32:62) content=(64,28,30)
    [tile 5/12] pos=(32:67,0:60,0:62) content=(35,60,62)
    [tile 6/12] pos=(32:67,0:60,32:62) content=(35,60,30)
    [tile 7/12] pos=(32:67,32:60,0:62) content=(35,28,62)
    [tile 8/12] pos=(32:67,32:60,32:62) content=(35,28,30)
    [tile 9/12] pos=(64:67,0:60,0:62) content=(3,60,62)
    [tile 10/12] pos=(64:67,0:60,32:62) content=(3,60,30)
    [tile 11/12] pos=(64:67,32:60,0:62) content=(3,28,62)
    [tile 12/12] pos=(64:67,32:60,32:62) content=(3,28,30)
    [t1c] masked-MSE=1.8651 MAE=0.9834 PSNR=12.86dB ssim_whole=0.9801 ssim_support=0.3459 ssim_lesion=0.0067
    [tile 1/12] pos=(0:64,0:60,0:62) content=(64,60,62)
    [tile 2/12] pos=(0:64,0:60,32:62) content=(64,60,30)
    [tile 3/12] pos=(0:64,32:60,0:62) content=(64,28,62)
    [tile 4/12] pos=(0:64,32:60,32:62) content=(64,28,30)
    [tile 5/12] pos=(32:67,0:60,0:62) content=(35,60,62)
    [tile 6/12] pos=(32:67,0:60,32:62) content=(35,60,30)
    [tile 7/12] pos=(32:67,32:60,0:62) content=(35,28,62)
    [tile 8/12] pos=(32:67,32:60,32:62) content=(35,28,30)
    [tile 9/12] pos=(64:67,0:60,0:62) content=(3,60,62)
    [tile 10/12] pos=(64:67,0:60,32:62) content=(3,60,30)
    [tile 11/12] pos=(64:67,32:60,0:62) content=(3,28,62)
    [tile 12/12] pos=(64:67,32:60,32:62) content=(3,28,30)
    [t1n] masked-MSE=1.6774 MAE=1.0008 PSNR=13.32dB ssim_whole=0.9799 ssim_support=0.3456 ssim_lesion=-0.0000
    [tile 1/12] pos=(0:64,0:60,0:62) content=(64,60,62)
    [tile 2/12] pos=(0:64,0:60,32:62) content=(64,60,30)
    [tile 3/12] pos=(0:64,32:60,0:62) content=(64,28,62)
    [tile 4/12] pos=(0:64,32:60,32:62) content=(64,28,30)
    [tile 5/12] pos=(32:67,0:60,0:62) content=(35,60,62)
    [tile 6/12] pos=(32:67,0:60,32:62) content=(35,60,30)
    [tile 7/12] pos=(32:67,32:60,0:62) content=(35,28,62)
    [tile 8/12] pos=(32:67,32:60,32:62) content=(35,28,30)
    [tile 9/12] pos=(64:67,0:60,0:62) content=(3,60,62)
    [tile 10/12] pos=(64:67,0:60,32:62) content=(3,60,30)
    [tile 11/12] pos=(64:67,32:60,0:62) content=(3,28,62)
    [tile 12/12] pos=(64:67,32:60,32:62) content=(3,28,30)
    [t2w] masked-MSE=1.3921 MAE=0.9144 PSNR=14.13dB ssim_whole=0.9806 ssim_support=0.3660 ssim_lesion=0.0369
    [tile 1/12] pos=(0:64,0:60,0:62) content=(64,60,62)
    [tile 2/12] pos=(0:64,0:60,32:62) content=(64,60,30)
    [tile 3/12] pos=(0:64,32:60,0:62) content=(64,28,62)
    [tile 4/12] pos=(0:64,32:60,32:62) content=(64,28,30)
    [tile 5/12] pos=(32:67,0:60,0:62) content=(35,60,62)
    [tile 6/12] pos=(32:67,0:60,32:62) content=(35,60,30)
    [tile 7/12] pos=(32:67,32:60,0:62) content=(35,28,62)
    [tile 8/12] pos=(32:67,32:60,32:62) content=(35,28,30)
    [tile 9/12] pos=(64:67,0:60,0:62) content=(3,60,62)
    [tile 10/12] pos=(64:67,0:60,32:62) content=(3,60,30)
    [tile 11/12] pos=(64:67,32:60,0:62) content=(3,28,62)
    [tile 12/12] pos=(64:67,32:60,32:62) content=(3,28,30)
    [t2f] masked-MSE=4.9402 MAE=1.5099 PSNR=8.63dB ssim_whole=0.9805 ssim_support=0.3614 ssim_lesion=0.0610

  Patient: 01172-002 (2 lesion(s) in CSV)
    2 lesion(s) after merging
    [t1c] masked-MSE=1.6865 MAE=1.0419 PSNR=13.29dB ssim_whole=0.9966 ssim_support=0.6857 ssim_lesion=0.0425
    [t1n] masked-MSE=1.2479 MAE=0.9454 PSNR=14.60dB ssim_whole=0.9967 ssim_support=0.6973 ssim_lesion=-0.0077
    [t2w] masked-MSE=3.8459 MAE=1.6241 PSNR=9.71dB ssim_whole=0.9967 ssim_support=0.6965 ssim_lesion=0.0119
    [t2f] masked-MSE=1.2771 MAE=0.8692 PSNR=14.50dB ssim_whole=0.9966 ssim_support=0.6843 ssim_lesion=0.0391

  Patient: 01172-004 (5 lesion(s) in CSV)
    5 lesion(s) after merging
    [t1c] masked-MSE=1.3049 MAE=0.8407 PSNR=14.41dB ssim_whole=0.9955 ssim_support=0.8885 ssim_lesion=0.0033
    [t1n] masked-MSE=0.7442 MAE=0.6533 PSNR=16.85dB ssim_whole=0.9955 ssim_support=0.8900 ssim_lesion=0.0082
    [t2w] masked-MSE=0.7657 MAE=0.6844 PSNR=16.72dB ssim_whole=0.9956 ssim_support=0.8916 ssim_lesion=0.0851
    [t2f] masked-MSE=2.5737 MAE=1.2174 PSNR=11.46dB ssim_whole=0.9955 ssim_support=0.8899 ssim_lesion=0.0080

  Patient: 01180-000 (1 lesion(s) in CSV)
    1 lesion(s) after merging
    [t1c] masked-MSE=1.9318 MAE=1.0359 PSNR=12.70dB ssim_whole=0.9964 ssim_support=0.2704 ssim_lesion=0.0129
    [t1n] masked-MSE=2.2550 MAE=1.1009 PSNR=12.03dB ssim_whole=0.9966 ssim_support=0.2970 ssim_lesion=0.0278
    [t2w] masked-MSE=2.7177 MAE=1.2516 PSNR=11.22dB ssim_whole=0.9968 ssim_support=0.3340 ssim_lesion=0.1158
    [t2f] masked-MSE=2.7552 MAE=1.3393 PSNR=11.16dB ssim_whole=0.9964 ssim_support=0.2667 ssim_lesion=0.0267

  Patient: 01180-003 (2 lesion(s) in CSV)
    2 lesion(s) after merging
    [t1c] masked-MSE=1.6572 MAE=0.9276 PSNR=13.37dB ssim_whole=0.9964 ssim_support=0.8732 ssim_lesion=0.0205
    [t1n] masked-MSE=0.8097 MAE=0.6949 PSNR=16.48dB ssim_whole=0.9966 ssim_support=0.8790 ssim_lesion=0.0757
    [t2w] masked-MSE=1.0216 MAE=0.7469 PSNR=15.47dB ssim_whole=0.9965 ssim_support=0.8783 ssim_lesion=0.0620
    [t2f] masked-MSE=1.9934 MAE=1.0796 PSNR=12.57dB ssim_whole=0.9964 ssim_support=0.8705 ssim_lesion=0.0081

  Patient: 01181-001 (5 lesion(s) in CSV)
    4 lesion(s) after merging
    [tile 1/24] pos=(0:63,0:64,0:64) content=(63,64,64)
    [tile 2/24] pos=(0:63,0:64,32:96) content=(63,64,64)
    [tile 3/24] pos=(0:63,0:64,64:104) content=(63,64,40)
    [tile 4/24] pos=(0:63,0:64,96:104) content=(63,64,8)
    [tile 5/24] pos=(0:63,32:66,0:64) content=(63,34,64)
    [tile 6/24] pos=(0:63,32:66,32:96) content=(63,34,64)
    [tile 7/24] pos=(0:63,32:66,64:104) content=(63,34,40)
    [tile 8/24] pos=(0:63,32:66,96:104) content=(63,34,8)
    [tile 9/24] pos=(0:63,64:66,0:64) content=(63,2,64)
    [tile 10/24] pos=(0:63,64:66,32:96) content=(63,2,64)
    [tile 11/24] pos=(0:63,64:66,64:104) content=(63,2,40)
    [tile 12/24] pos=(0:63,64:66,96:104) content=(63,2,8)
    [tile 13/24] pos=(32:63,0:64,0:64) content=(31,64,64)
    [tile 14/24] pos=(32:63,0:64,32:96) content=(31,64,64)
    [tile 15/24] pos=(32:63,0:64,64:104) content=(31,64,40)
    [tile 16/24] pos=(32:63,0:64,96:104) content=(31,64,8)
    [tile 17/24] pos=(32:63,32:66,0:64) content=(31,34,64)
    [tile 18/24] pos=(32:63,32:66,32:96) content=(31,34,64)
    [tile 19/24] pos=(32:63,32:66,64:104) content=(31,34,40)
    [tile 20/24] pos=(32:63,32:66,96:104) content=(31,34,8)
    [tile 21/24] pos=(32:63,64:66,0:64) content=(31,2,64)
    [tile 22/24] pos=(32:63,64:66,32:96) content=(31,2,64)
    [tile 23/24] pos=(32:63,64:66,64:104) content=(31,2,40)
    [tile 24/24] pos=(32:63,64:66,96:104) content=(31,2,8)
    [t1c] masked-MSE=2.6098 MAE=1.1113 PSNR=11.40dB ssim_whole=0.9737 ssim_support=0.7090 ssim_lesion=0.0144
    [tile 1/24] pos=(0:63,0:64,0:64) content=(63,64,64)
    [tile 2/24] pos=(0:63,0:64,32:96) content=(63,64,64)
    [tile 3/24] pos=(0:63,0:64,64:104) content=(63,64,40)
    [tile 4/24] pos=(0:63,0:64,96:104) content=(63,64,8)
    [tile 5/24] pos=(0:63,32:66,0:64) content=(63,34,64)
    [tile 6/24] pos=(0:63,32:66,32:96) content=(63,34,64)
    [tile 7/24] pos=(0:63,32:66,64:104) content=(63,34,40)
    [tile 8/24] pos=(0:63,32:66,96:104) content=(63,34,8)
    [tile 9/24] pos=(0:63,64:66,0:64) content=(63,2,64)
    [tile 10/24] pos=(0:63,64:66,32:96) content=(63,2,64)
    [tile 11/24] pos=(0:63,64:66,64:104) content=(63,2,40)
    [tile 12/24] pos=(0:63,64:66,96:104) content=(63,2,8)
    [tile 13/24] pos=(32:63,0:64,0:64) content=(31,64,64)
    [tile 14/24] pos=(32:63,0:64,32:96) content=(31,64,64)
    [tile 15/24] pos=(32:63,0:64,64:104) content=(31,64,40)
    [tile 16/24] pos=(32:63,0:64,96:104) content=(31,64,8)
    [tile 17/24] pos=(32:63,32:66,0:64) content=(31,34,64)
    [tile 18/24] pos=(32:63,32:66,32:96) content=(31,34,64)
    [tile 19/24] pos=(32:63,32:66,64:104) content=(31,34,40)
    [tile 20/24] pos=(32:63,32:66,96:104) content=(31,34,8)
    [tile 21/24] pos=(32:63,64:66,0:64) content=(31,2,64)
    [tile 22/24] pos=(32:63,64:66,32:96) content=(31,2,64)
    [tile 23/24] pos=(32:63,64:66,64:104) content=(31,2,40)
    [tile 24/24] pos=(32:63,64:66,96:104) content=(31,2,8)
    [t1n] masked-MSE=2.0393 MAE=1.1142 PSNR=12.47dB ssim_whole=0.9742 ssim_support=0.7143 ssim_lesion=0.0241
    [tile 1/24] pos=(0:63,0:64,0:64) content=(63,64,64)
    [tile 2/24] pos=(0:63,0:64,32:96) content=(63,64,64)
    [tile 3/24] pos=(0:63,0:64,64:104) content=(63,64,40)
    [tile 4/24] pos=(0:63,0:64,96:104) content=(63,64,8)
    [tile 5/24] pos=(0:63,32:66,0:64) content=(63,34,64)
    [tile 6/24] pos=(0:63,32:66,32:96) content=(63,34,64)
    [tile 7/24] pos=(0:63,32:66,64:104) content=(63,34,40)
    [tile 8/24] pos=(0:63,32:66,96:104) content=(63,34,8)
    [tile 9/24] pos=(0:63,64:66,0:64) content=(63,2,64)
    [tile 10/24] pos=(0:63,64:66,32:96) content=(63,2,64)
    [tile 11/24] pos=(0:63,64:66,64:104) content=(63,2,40)
    [tile 12/24] pos=(0:63,64:66,96:104) content=(63,2,8)
    [tile 13/24] pos=(32:63,0:64,0:64) content=(31,64,64)
    [tile 14/24] pos=(32:63,0:64,32:96) content=(31,64,64)
    [tile 15/24] pos=(32:63,0:64,64:104) content=(31,64,40)
    [tile 16/24] pos=(32:63,0:64,96:104) content=(31,64,8)
    [tile 17/24] pos=(32:63,32:66,0:64) content=(31,34,64)
    [tile 18/24] pos=(32:63,32:66,32:96) content=(31,34,64)
    [tile 19/24] pos=(32:63,32:66,64:104) content=(31,34,40)
    [tile 20/24] pos=(32:63,32:66,96:104) content=(31,34,8)
    [tile 21/24] pos=(32:63,64:66,0:64) content=(31,2,64)
    [tile 22/24] pos=(32:63,64:66,32:96) content=(31,2,64)
    [tile 23/24] pos=(32:63,64:66,64:104) content=(31,2,40)
    [tile 24/24] pos=(32:63,64:66,96:104) content=(31,2,8)
    [t2w] masked-MSE=1.6586 MAE=1.0158 PSNR=13.37dB ssim_whole=0.9748 ssim_support=0.7204 ssim_lesion=0.0430
    [tile 1/24] pos=(0:63,0:64,0:64) content=(63,64,64)
    [tile 2/24] pos=(0:63,0:64,32:96) content=(63,64,64)
    [tile 3/24] pos=(0:63,0:64,64:104) content=(63,64,40)
    [tile 4/24] pos=(0:63,0:64,96:104) content=(63,64,8)
    [tile 5/24] pos=(0:63,32:66,0:64) content=(63,34,64)
    [tile 6/24] pos=(0:63,32:66,32:96) content=(63,34,64)
    [tile 7/24] pos=(0:63,32:66,64:104) content=(63,34,40)
    [tile 8/24] pos=(0:63,32:66,96:104) content=(63,34,8)
    [tile 9/24] pos=(0:63,64:66,0:64) content=(63,2,64)
    [tile 10/24] pos=(0:63,64:66,32:96) content=(63,2,64)
    [tile 11/24] pos=(0:63,64:66,64:104) content=(63,2,40)
    [tile 12/24] pos=(0:63,64:66,96:104) content=(63,2,8)
    [tile 13/24] pos=(32:63,0:64,0:64) content=(31,64,64)
    [tile 14/24] pos=(32:63,0:64,32:96) content=(31,64,64)
    [tile 15/24] pos=(32:63,0:64,64:104) content=(31,64,40)
    [tile 16/24] pos=(32:63,0:64,96:104) content=(31,64,8)
    [tile 17/24] pos=(32:63,32:66,0:64) content=(31,34,64)
    [tile 18/24] pos=(32:63,32:66,32:96) content=(31,34,64)
    [tile 19/24] pos=(32:63,32:66,64:104) content=(31,34,40)
    [tile 20/24] pos=(32:63,32:66,96:104) content=(31,34,8)
    [tile 21/24] pos=(32:63,64:66,0:64) content=(31,2,64)
    [tile 22/24] pos=(32:63,64:66,32:96) content=(31,2,64)
    [tile 23/24] pos=(32:63,64:66,64:104) content=(31,2,40)
    [tile 24/24] pos=(32:63,64:66,96:104) content=(31,2,8)
    [t2f] masked-MSE=5.1392 MAE=1.5958 PSNR=8.45dB ssim_whole=0.9752 ssim_support=0.7264 ssim_lesion=0.1055

  Patient: 01181-002 (6 lesion(s) in CSV)
    5 lesion(s) after merging
    [tile 1/12] pos=(0:49,0:52,0:64) content=(49,52,64)
    [tile 2/12] pos=(0:49,0:52,32:87) content=(49,52,55)
    [tile 3/12] pos=(0:49,0:52,64:87) content=(49,52,23)
    [tile 4/12] pos=(0:49,32:52,0:64) content=(49,20,64)
    [tile 5/12] pos=(0:49,32:52,32:87) content=(49,20,55)
    [tile 6/12] pos=(0:49,32:52,64:87) content=(49,20,23)
    [tile 7/12] pos=(32:49,0:52,0:64) content=(17,52,64)
    [tile 8/12] pos=(32:49,0:52,32:87) content=(17,52,55)
    [tile 9/12] pos=(32:49,0:52,64:87) content=(17,52,23)
    [tile 10/12] pos=(32:49,32:52,0:64) content=(17,20,64)
    [tile 11/12] pos=(32:49,32:52,32:87) content=(17,20,55)
    [tile 12/12] pos=(32:49,32:52,64:87) content=(17,20,23)
    [t1c] masked-MSE=1.9090 MAE=0.9679 PSNR=12.75dB ssim_whole=0.9842 ssim_support=0.8116 ssim_lesion=0.0356
    [tile 1/12] pos=(0:49,0:52,0:64) content=(49,52,64)
    [tile 2/12] pos=(0:49,0:52,32:87) content=(49,52,55)
    [tile 3/12] pos=(0:49,0:52,64:87) content=(49,52,23)
    [tile 4/12] pos=(0:49,32:52,0:64) content=(49,20,64)
    [tile 5/12] pos=(0:49,32:52,32:87) content=(49,20,55)
    [tile 6/12] pos=(0:49,32:52,64:87) content=(49,20,23)
    [tile 7/12] pos=(32:49,0:52,0:64) content=(17,52,64)
    [tile 8/12] pos=(32:49,0:52,32:87) content=(17,52,55)
    [tile 9/12] pos=(32:49,0:52,64:87) content=(17,52,23)
    [tile 10/12] pos=(32:49,32:52,0:64) content=(17,20,64)
    [tile 11/12] pos=(32:49,32:52,32:87) content=(17,20,55)
    [tile 12/12] pos=(32:49,32:52,64:87) content=(17,20,23)
    [t1n] masked-MSE=2.5140 MAE=1.2307 PSNR=11.56dB ssim_whole=0.9841 ssim_support=0.8106 ssim_lesion=0.0124
    [tile 1/12] pos=(0:49,0:52,0:64) content=(49,52,64)
    [tile 2/12] pos=(0:49,0:52,32:87) content=(49,52,55)
    [tile 3/12] pos=(0:49,0:52,64:87) content=(49,52,23)
    [tile 4/12] pos=(0:49,32:52,0:64) content=(49,20,64)
    [tile 5/12] pos=(0:49,32:52,32:87) content=(49,20,55)
    [tile 6/12] pos=(0:49,32:52,64:87) content=(49,20,23)
    [tile 7/12] pos=(32:49,0:52,0:64) content=(17,52,64)
    [tile 8/12] pos=(32:49,0:52,32:87) content=(17,52,55)
    [tile 9/12] pos=(32:49,0:52,64:87) content=(17,52,23)
    [tile 10/12] pos=(32:49,32:52,0:64) content=(17,20,64)
    [tile 11/12] pos=(32:49,32:52,32:87) content=(17,20,55)
    [tile 12/12] pos=(32:49,32:52,64:87) content=(17,20,23)
    [t2w] masked-MSE=1.9880 MAE=1.0855 PSNR=12.58dB ssim_whole=0.9844 ssim_support=0.8138 ssim_lesion=0.0196
    [tile 1/12] pos=(0:49,0:52,0:64) content=(49,52,64)
    [tile 2/12] pos=(0:49,0:52,32:87) content=(49,52,55)
    [tile 3/12] pos=(0:49,0:52,64:87) content=(49,52,23)
    [tile 4/12] pos=(0:49,32:52,0:64) content=(49,20,64)
    [tile 5/12] pos=(0:49,32:52,32:87) content=(49,20,55)
    [tile 6/12] pos=(0:49,32:52,64:87) content=(49,20,23)
    [tile 7/12] pos=(32:49,0:52,0:64) content=(17,52,64)
    [tile 8/12] pos=(32:49,0:52,32:87) content=(17,52,55)
    [tile 9/12] pos=(32:49,0:52,64:87) content=(17,52,23)
    [tile 10/12] pos=(32:49,32:52,0:64) content=(17,20,64)
    [tile 11/12] pos=(32:49,32:52,32:87) content=(17,20,55)
    [tile 12/12] pos=(32:49,32:52,64:87) content=(17,20,23)
    [t2f] masked-MSE=2.6763 MAE=1.2261 PSNR=11.29dB ssim_whole=0.9843 ssim_support=0.8131 ssim_lesion=0.0584

  Patient: 01187-000 (9 lesion(s) in CSV)
    9 lesion(s) after merging
    [t1c] masked-MSE=4.0151 MAE=1.5502 PSNR=9.53dB ssim_whole=0.9979 ssim_support=0.9759 ssim_lesion=0.0316
    [t1n] masked-MSE=1.5453 MAE=0.9598 PSNR=13.67dB ssim_whole=0.9979 ssim_support=0.9758 ssim_lesion=0.0109
    [t2w] masked-MSE=1.1347 MAE=0.8477 PSNR=15.01dB ssim_whole=0.9978 ssim_support=0.9747 ssim_lesion=0.0054
    [t2f] masked-MSE=1.3406 MAE=0.8943 PSNR=14.29dB ssim_whole=0.9978 ssim_support=0.9751 ssim_lesion=0.0644

  Patient: 01191-001 (1 lesion(s) in CSV)
    1 lesion(s) after merging
    [tile 1/12] pos=(0:64,0:56,0:39) content=(64,56,39)
    [tile 2/12] pos=(0:64,0:56,32:39) content=(64,56,7)
    [tile 3/12] pos=(0:64,32:56,0:39) content=(64,24,39)
    [tile 4/12] pos=(0:64,32:56,32:39) content=(64,24,7)
    [tile 5/12] pos=(32:74,0:56,0:39) content=(42,56,39)
    [tile 6/12] pos=(32:74,0:56,32:39) content=(42,56,7)
    [tile 7/12] pos=(32:74,32:56,0:39) content=(42,24,39)
    [tile 8/12] pos=(32:74,32:56,32:39) content=(42,24,7)
    [tile 9/12] pos=(64:74,0:56,0:39) content=(10,56,39)
    [tile 10/12] pos=(64:74,0:56,32:39) content=(10,56,7)
    [tile 11/12] pos=(64:74,32:56,0:39) content=(10,24,39)
    [tile 12/12] pos=(64:74,32:56,32:39) content=(10,24,7)
    [t1c] masked-MSE=3.3536 MAE=1.1527 PSNR=10.31dB ssim_whole=0.9958 ssim_support=0.1584 ssim_lesion=0.0537
    [tile 1/12] pos=(0:64,0:56,0:39) content=(64,56,39)
    [tile 2/12] pos=(0:64,0:56,32:39) content=(64,56,7)
    [tile 3/12] pos=(0:64,32:56,0:39) content=(64,24,39)
    [tile 4/12] pos=(0:64,32:56,32:39) content=(64,24,7)
    [tile 5/12] pos=(32:74,0:56,0:39) content=(42,56,39)
    [tile 6/12] pos=(32:74,0:56,32:39) content=(42,56,7)
    [tile 7/12] pos=(32:74,32:56,0:39) content=(42,24,39)
    [tile 8/12] pos=(32:74,32:56,32:39) content=(42,24,7)
    [tile 9/12] pos=(64:74,0:56,0:39) content=(10,56,39)
    [tile 10/12] pos=(64:74,0:56,32:39) content=(10,56,7)
    [tile 11/12] pos=(64:74,32:56,0:39) content=(10,24,39)
    [tile 12/12] pos=(64:74,32:56,32:39) content=(10,24,7)
    [t1n] masked-MSE=1.0955 MAE=0.8204 PSNR=15.17dB ssim_whole=0.9960 ssim_support=0.1922 ssim_lesion=0.0595
    [tile 1/12] pos=(0:64,0:56,0:39) content=(64,56,39)
    [tile 2/12] pos=(0:64,0:56,32:39) content=(64,56,7)
    [tile 3/12] pos=(0:64,32:56,0:39) content=(64,24,39)
    [tile 4/12] pos=(0:64,32:56,32:39) content=(64,24,7)
    [tile 5/12] pos=(32:74,0:56,0:39) content=(42,56,39)
    [tile 6/12] pos=(32:74,0:56,32:39) content=(42,56,7)
    [tile 7/12] pos=(32:74,32:56,0:39) content=(42,24,39)
    [tile 8/12] pos=(32:74,32:56,32:39) content=(42,24,7)
    [tile 9/12] pos=(64:74,0:56,0:39) content=(10,56,39)
    [tile 10/12] pos=(64:74,0:56,32:39) content=(10,56,7)
    [tile 11/12] pos=(64:74,32:56,0:39) content=(10,24,39)
    [tile 12/12] pos=(64:74,32:56,32:39) content=(10,24,7)
    [t2w] masked-MSE=1.0485 MAE=0.8104 PSNR=15.36dB ssim_whole=0.9958 ssim_support=0.1675 ssim_lesion=0.0437
    [tile 1/12] pos=(0:64,0:56,0:39) content=(64,56,39)
    [tile 2/12] pos=(0:64,0:56,32:39) content=(64,56,7)
    [tile 3/12] pos=(0:64,32:56,0:39) content=(64,24,39)
    [tile 4/12] pos=(0:64,32:56,32:39) content=(64,24,7)
    [tile 5/12] pos=(32:74,0:56,0:39) content=(42,56,39)
    [tile 6/12] pos=(32:74,0:56,32:39) content=(42,56,7)
    [tile 7/12] pos=(32:74,32:56,0:39) content=(42,24,39)
    [tile 8/12] pos=(32:74,32:56,32:39) content=(42,24,7)
    [tile 9/12] pos=(64:74,0:56,0:39) content=(10,56,39)
    [tile 10/12] pos=(64:74,0:56,32:39) content=(10,56,7)
    [tile 11/12] pos=(64:74,32:56,0:39) content=(10,24,39)
    [tile 12/12] pos=(64:74,32:56,32:39) content=(10,24,7)
    [t2f] masked-MSE=1.6655 MAE=0.9659 PSNR=13.35dB ssim_whole=0.9961 ssim_support=0.2227 ssim_lesion=0.1481

  Patient: 01191-002 (1 lesion(s) in CSV)
    1 lesion(s) after merging
    [tile 1/18] pos=(0:64,0:64,0:42) content=(64,64,42)
    [tile 2/18] pos=(0:64,0:64,32:42) content=(64,64,10)
    [tile 3/18] pos=(0:64,32:75,0:42) content=(64,43,42)
    [tile 4/18] pos=(0:64,32:75,32:42) content=(64,43,10)
    [tile 5/18] pos=(0:64,64:75,0:42) content=(64,11,42)
    [tile 6/18] pos=(0:64,64:75,32:42) content=(64,11,10)
    [tile 7/18] pos=(32:75,0:64,0:42) content=(43,64,42)
    [tile 8/18] pos=(32:75,0:64,32:42) content=(43,64,10)
    [tile 9/18] pos=(32:75,32:75,0:42) content=(43,43,42)
    [tile 10/18] pos=(32:75,32:75,32:42) content=(43,43,10)
    [tile 11/18] pos=(32:75,64:75,0:42) content=(43,11,42)
    [tile 12/18] pos=(32:75,64:75,32:42) content=(43,11,10)
    [tile 13/18] pos=(64:75,0:64,0:42) content=(11,64,42)
    [tile 14/18] pos=(64:75,0:64,32:42) content=(11,64,10)
    [tile 15/18] pos=(64:75,32:75,0:42) content=(11,43,42)
    [tile 16/18] pos=(64:75,32:75,32:42) content=(11,43,10)
    [tile 17/18] pos=(64:75,64:75,0:42) content=(11,11,42)
    [tile 18/18] pos=(64:75,64:75,32:42) content=(11,11,10)
    [t1c] masked-MSE=2.4242 MAE=0.9852 PSNR=11.72dB ssim_whole=0.9939 ssim_support=0.1314 ssim_lesion=0.0256
    [tile 1/18] pos=(0:64,0:64,0:42) content=(64,64,42)
    [tile 2/18] pos=(0:64,0:64,32:42) content=(64,64,10)
    [tile 3/18] pos=(0:64,32:75,0:42) content=(64,43,42)
    [tile 4/18] pos=(0:64,32:75,32:42) content=(64,43,10)
    [tile 5/18] pos=(0:64,64:75,0:42) content=(64,11,42)
    [tile 6/18] pos=(0:64,64:75,32:42) content=(64,11,10)
    [tile 7/18] pos=(32:75,0:64,0:42) content=(43,64,42)
    [tile 8/18] pos=(32:75,0:64,32:42) content=(43,64,10)
    [tile 9/18] pos=(32:75,32:75,0:42) content=(43,43,42)
    [tile 10/18] pos=(32:75,32:75,32:42) content=(43,43,10)
    [tile 11/18] pos=(32:75,64:75,0:42) content=(43,11,42)
    [tile 12/18] pos=(32:75,64:75,32:42) content=(43,11,10)
    [tile 13/18] pos=(64:75,0:64,0:42) content=(11,64,42)
    [tile 14/18] pos=(64:75,0:64,32:42) content=(11,64,10)
    [tile 15/18] pos=(64:75,32:75,0:42) content=(11,43,42)
    [tile 16/18] pos=(64:75,32:75,32:42) content=(11,43,10)
    [tile 17/18] pos=(64:75,64:75,0:42) content=(11,11,42)
    [tile 18/18] pos=(64:75,64:75,32:42) content=(11,11,10)
    [t1n] masked-MSE=1.3270 MAE=0.9042 PSNR=14.33dB ssim_whole=0.9940 ssim_support=0.1577 ssim_lesion=0.0424
    [tile 1/18] pos=(0:64,0:64,0:42) content=(64,64,42)
    [tile 2/18] pos=(0:64,0:64,32:42) content=(64,64,10)
    [tile 3/18] pos=(0:64,32:75,0:42) content=(64,43,42)
    [tile 4/18] pos=(0:64,32:75,32:42) content=(64,43,10)
    [tile 5/18] pos=(0:64,64:75,0:42) content=(64,11,42)
    [tile 6/18] pos=(0:64,64:75,32:42) content=(64,11,10)
    [tile 7/18] pos=(32:75,0:64,0:42) content=(43,64,42)
    [tile 8/18] pos=(32:75,0:64,32:42) content=(43,64,10)
    [tile 9/18] pos=(32:75,32:75,0:42) content=(43,43,42)
    [tile 10/18] pos=(32:75,32:75,32:42) content=(43,43,10)
    [tile 11/18] pos=(32:75,64:75,0:42) content=(43,11,42)
    [tile 12/18] pos=(32:75,64:75,32:42) content=(43,11,10)
    [tile 13/18] pos=(64:75,0:64,0:42) content=(11,64,42)
    [tile 14/18] pos=(64:75,0:64,32:42) content=(11,64,10)
    [tile 15/18] pos=(64:75,32:75,0:42) content=(11,43,42)
    [tile 16/18] pos=(64:75,32:75,32:42) content=(11,43,10)
    [tile 17/18] pos=(64:75,64:75,0:42) content=(11,11,42)
    [tile 18/18] pos=(64:75,64:75,32:42) content=(11,11,10)
    [t2w] masked-MSE=1.2342 MAE=0.8832 PSNR=14.65dB ssim_whole=0.9941 ssim_support=0.1587 ssim_lesion=0.0144
    [tile 1/18] pos=(0:64,0:64,0:42) content=(64,64,42)
    [tile 2/18] pos=(0:64,0:64,32:42) content=(64,64,10)
    [tile 3/18] pos=(0:64,32:75,0:42) content=(64,43,42)
    [tile 4/18] pos=(0:64,32:75,32:42) content=(64,43,10)
    [tile 5/18] pos=(0:64,64:75,0:42) content=(64,11,42)
    [tile 6/18] pos=(0:64,64:75,32:42) content=(64,11,10)
    [tile 7/18] pos=(32:75,0:64,0:42) content=(43,64,42)
    [tile 8/18] pos=(32:75,0:64,32:42) content=(43,64,10)
    [tile 9/18] pos=(32:75,32:75,0:42) content=(43,43,42)
    [tile 10/18] pos=(32:75,32:75,32:42) content=(43,43,10)
    [tile 11/18] pos=(32:75,64:75,0:42) content=(43,11,42)
    [tile 12/18] pos=(32:75,64:75,32:42) content=(43,11,10)
    [tile 13/18] pos=(64:75,0:64,0:42) content=(11,64,42)
    [tile 14/18] pos=(64:75,0:64,32:42) content=(11,64,10)
    [tile 15/18] pos=(64:75,32:75,0:42) content=(11,43,42)
    [tile 16/18] pos=(64:75,32:75,32:42) content=(11,43,10)
    [tile 17/18] pos=(64:75,64:75,0:42) content=(11,11,42)
    [tile 18/18] pos=(64:75,64:75,32:42) content=(11,11,10)
    [t2f] masked-MSE=1.3146 MAE=0.8716 PSNR=14.38dB ssim_whole=0.9942 ssim_support=0.1872 ssim_lesion=0.1190

  Patient: 01191-003 (4 lesion(s) in CSV)
    1 lesion(s) after merging
    [tile 1/18] pos=(0:64,0:64,0:39) content=(64,64,39)
    [tile 2/18] pos=(0:64,0:64,32:39) content=(64,64,7)
    [tile 3/18] pos=(0:64,32:78,0:39) content=(64,46,39)
    [tile 4/18] pos=(0:64,32:78,32:39) content=(64,46,7)
    [tile 5/18] pos=(0:64,64:78,0:39) content=(64,14,39)
    [tile 6/18] pos=(0:64,64:78,32:39) content=(64,14,7)
    [tile 7/18] pos=(32:78,0:64,0:39) content=(46,64,39)
    [tile 8/18] pos=(32:78,0:64,32:39) content=(46,64,7)
    [tile 9/18] pos=(32:78,32:78,0:39) content=(46,46,39)
    [tile 10/18] pos=(32:78,32:78,32:39) content=(46,46,7)
    [tile 11/18] pos=(32:78,64:78,0:39) content=(46,14,39)
    [tile 12/18] pos=(32:78,64:78,32:39) content=(46,14,7)
    [tile 13/18] pos=(64:78,0:64,0:39) content=(14,64,39)
    [tile 14/18] pos=(64:78,0:64,32:39) content=(14,64,7)
    [tile 15/18] pos=(64:78,32:78,0:39) content=(14,46,39)
    [tile 16/18] pos=(64:78,32:78,32:39) content=(14,46,7)
    [tile 17/18] pos=(64:78,64:78,0:39) content=(14,14,39)
    [tile 18/18] pos=(64:78,64:78,32:39) content=(14,14,7)
    [t1c] masked-MSE=2.8655 MAE=1.1306 PSNR=10.99dB ssim_whole=0.9939 ssim_support=0.1367 ssim_lesion=0.0348
    [tile 1/18] pos=(0:64,0:64,0:39) content=(64,64,39)
    [tile 2/18] pos=(0:64,0:64,32:39) content=(64,64,7)
    [tile 3/18] pos=(0:64,32:78,0:39) content=(64,46,39)
    [tile 4/18] pos=(0:64,32:78,32:39) content=(64,46,7)
    [tile 5/18] pos=(0:64,64:78,0:39) content=(64,14,39)
    [tile 6/18] pos=(0:64,64:78,32:39) content=(64,14,7)
    [tile 7/18] pos=(32:78,0:64,0:39) content=(46,64,39)
    [tile 8/18] pos=(32:78,0:64,32:39) content=(46,64,7)
    [tile 9/18] pos=(32:78,32:78,0:39) content=(46,46,39)
    [tile 10/18] pos=(32:78,32:78,32:39) content=(46,46,7)
    [tile 11/18] pos=(32:78,64:78,0:39) content=(46,14,39)
    [tile 12/18] pos=(32:78,64:78,32:39) content=(46,14,7)
    [tile 13/18] pos=(64:78,0:64,0:39) content=(14,64,39)
    [tile 14/18] pos=(64:78,0:64,32:39) content=(14,64,7)
    [tile 15/18] pos=(64:78,32:78,0:39) content=(14,46,39)
    [tile 16/18] pos=(64:78,32:78,32:39) content=(14,46,7)
    [tile 17/18] pos=(64:78,64:78,0:39) content=(14,14,39)
    [tile 18/18] pos=(64:78,64:78,32:39) content=(14,14,7)
    [t1n] masked-MSE=1.1647 MAE=0.8316 PSNR=14.90dB ssim_whole=0.9941 ssim_support=0.1647 ssim_lesion=0.0209
    [tile 1/18] pos=(0:64,0:64,0:39) content=(64,64,39)
    [tile 2/18] pos=(0:64,0:64,32:39) content=(64,64,7)
    [tile 3/18] pos=(0:64,32:78,0:39) content=(64,46,39)
    [tile 4/18] pos=(0:64,32:78,32:39) content=(64,46,7)
    [tile 5/18] pos=(0:64,64:78,0:39) content=(64,14,39)
    [tile 6/18] pos=(0:64,64:78,32:39) content=(64,14,7)
    [tile 7/18] pos=(32:78,0:64,0:39) content=(46,64,39)
    [tile 8/18] pos=(32:78,0:64,32:39) content=(46,64,7)
    [tile 9/18] pos=(32:78,32:78,0:39) content=(46,46,39)
    [tile 10/18] pos=(32:78,32:78,32:39) content=(46,46,7)
    [tile 11/18] pos=(32:78,64:78,0:39) content=(46,14,39)
    [tile 12/18] pos=(32:78,64:78,32:39) content=(46,14,7)
    [tile 13/18] pos=(64:78,0:64,0:39) content=(14,64,39)
    [tile 14/18] pos=(64:78,0:64,32:39) content=(14,64,7)
    [tile 15/18] pos=(64:78,32:78,0:39) content=(14,46,39)
    [tile 16/18] pos=(64:78,32:78,32:39) content=(14,46,7)
    [tile 17/18] pos=(64:78,64:78,0:39) content=(14,14,39)
    [tile 18/18] pos=(64:78,64:78,32:39) content=(14,14,7)
    [t2w] masked-MSE=1.8257 MAE=1.0127 PSNR=12.95dB ssim_whole=0.9941 ssim_support=0.1708 ssim_lesion=0.0471
    [tile 1/18] pos=(0:64,0:64,0:39) content=(64,64,39)
    [tile 2/18] pos=(0:64,0:64,32:39) content=(64,64,7)
    [tile 3/18] pos=(0:64,32:78,0:39) content=(64,46,39)
    [tile 4/18] pos=(0:64,32:78,32:39) content=(64,46,7)
    [tile 5/18] pos=(0:64,64:78,0:39) content=(64,14,39)
    [tile 6/18] pos=(0:64,64:78,32:39) content=(64,14,7)
    [tile 7/18] pos=(32:78,0:64,0:39) content=(46,64,39)
    [tile 8/18] pos=(32:78,0:64,32:39) content=(46,64,7)
    [tile 9/18] pos=(32:78,32:78,0:39) content=(46,46,39)
    [tile 10/18] pos=(32:78,32:78,32:39) content=(46,46,7)
    [tile 11/18] pos=(32:78,64:78,0:39) content=(46,14,39)
    [tile 12/18] pos=(32:78,64:78,32:39) content=(46,14,7)
    [tile 13/18] pos=(64:78,0:64,0:39) content=(14,64,39)
    [tile 14/18] pos=(64:78,0:64,32:39) content=(14,64,7)
    [tile 15/18] pos=(64:78,32:78,0:39) content=(14,46,39)
    [tile 16/18] pos=(64:78,32:78,32:39) content=(14,46,7)
    [tile 17/18] pos=(64:78,64:78,0:39) content=(14,14,39)
    [tile 18/18] pos=(64:78,64:78,32:39) content=(14,14,7)
    [t2f] masked-MSE=1.5925 MAE=0.9545 PSNR=13.54dB ssim_whole=0.9942 ssim_support=0.1898 ssim_lesion=0.1158

  Patient: 01191-004 (4 lesion(s) in CSV)
    1 lesion(s) after merging
    [tile 1/32] pos=(0:64,0:64,0:52) content=(64,64,52)
    [tile 2/32] pos=(0:64,0:64,32:52) content=(64,64,20)
    [tile 3/32] pos=(0:64,32:96,0:52) content=(64,64,52)
    [tile 4/32] pos=(0:64,32:96,32:52) content=(64,64,20)
    [tile 5/32] pos=(0:64,64:128,0:52) content=(64,64,52)
    [tile 6/32] pos=(0:64,64:128,32:52) content=(64,64,20)
    [tile 7/32] pos=(0:64,96:128,0:52) content=(64,32,52)
    [tile 8/32] pos=(0:64,96:128,32:52) content=(64,32,20)
    [tile 9/32] pos=(32:96,0:64,0:52) content=(64,64,52)
    [tile 10/32] pos=(32:96,0:64,32:52) content=(64,64,20)
    [tile 11/32] pos=(32:96,32:96,0:52) content=(64,64,52)
    [tile 12/32] pos=(32:96,32:96,32:52) content=(64,64,20)
    [tile 13/32] pos=(32:96,64:128,0:52) content=(64,64,52)
    [tile 14/32] pos=(32:96,64:128,32:52) content=(64,64,20)
    [tile 15/32] pos=(32:96,96:128,0:52) content=(64,32,52)
    [tile 16/32] pos=(32:96,96:128,32:52) content=(64,32,20)
    [tile 17/32] pos=(64:109,0:64,0:52) content=(45,64,52)
    [tile 18/32] pos=(64:109,0:64,32:52) content=(45,64,20)
    [tile 19/32] pos=(64:109,32:96,0:52) content=(45,64,52)
    [tile 20/32] pos=(64:109,32:96,32:52) content=(45,64,20)
    [tile 21/32] pos=(64:109,64:128,0:52) content=(45,64,52)
    [tile 22/32] pos=(64:109,64:128,32:52) content=(45,64,20)
    [tile 23/32] pos=(64:109,96:128,0:52) content=(45,32,52)
    [tile 24/32] pos=(64:109,96:128,32:52) content=(45,32,20)
    [tile 25/32] pos=(96:109,0:64,0:52) content=(13,64,52)
    [tile 26/32] pos=(96:109,0:64,32:52) content=(13,64,20)
    [tile 27/32] pos=(96:109,32:96,0:52) content=(13,64,52)
    [tile 28/32] pos=(96:109,32:96,32:52) content=(13,64,20)
    [tile 29/32] pos=(96:109,64:128,0:52) content=(13,64,52)
    [tile 30/32] pos=(96:109,64:128,32:52) content=(13,64,20)
    [tile 31/32] pos=(96:109,96:128,0:52) content=(13,32,52)
    [tile 32/32] pos=(96:109,96:128,32:52) content=(13,32,20)
    [t1c] masked-MSE=3.1441 MAE=1.0941 PSNR=10.59dB ssim_whole=0.9820 ssim_support=0.0937 ssim_lesion=0.0094
    [tile 1/32] pos=(0:64,0:64,0:52) content=(64,64,52)
    [tile 2/32] pos=(0:64,0:64,32:52) content=(64,64,20)
    [tile 3/32] pos=(0:64,32:96,0:52) content=(64,64,52)
    [tile 4/32] pos=(0:64,32:96,32:52) content=(64,64,20)
    [tile 5/32] pos=(0:64,64:128,0:52) content=(64,64,52)
    [tile 6/32] pos=(0:64,64:128,32:52) content=(64,64,20)
    [tile 7/32] pos=(0:64,96:128,0:52) content=(64,32,52)
    [tile 8/32] pos=(0:64,96:128,32:52) content=(64,32,20)
    [tile 9/32] pos=(32:96,0:64,0:52) content=(64,64,52)
    [tile 10/32] pos=(32:96,0:64,32:52) content=(64,64,20)
    [tile 11/32] pos=(32:96,32:96,0:52) content=(64,64,52)
    [tile 12/32] pos=(32:96,32:96,32:52) content=(64,64,20)
    [tile 13/32] pos=(32:96,64:128,0:52) content=(64,64,52)
    [tile 14/32] pos=(32:96,64:128,32:52) content=(64,64,20)
    [tile 15/32] pos=(32:96,96:128,0:52) content=(64,32,52)
    [tile 16/32] pos=(32:96,96:128,32:52) content=(64,32,20)
    [tile 17/32] pos=(64:109,0:64,0:52) content=(45,64,52)
    [tile 18/32] pos=(64:109,0:64,32:52) content=(45,64,20)
    [tile 19/32] pos=(64:109,32:96,0:52) content=(45,64,52)
    [tile 20/32] pos=(64:109,32:96,32:52) content=(45,64,20)
    [tile 21/32] pos=(64:109,64:128,0:52) content=(45,64,52)
    [tile 22/32] pos=(64:109,64:128,32:52) content=(45,64,20)
    [tile 23/32] pos=(64:109,96:128,0:52) content=(45,32,52)
    [tile 24/32] pos=(64:109,96:128,32:52) content=(45,32,20)
    [tile 25/32] pos=(96:109,0:64,0:52) content=(13,64,52)
    [tile 26/32] pos=(96:109,0:64,32:52) content=(13,64,20)
    [tile 27/32] pos=(96:109,32:96,0:52) content=(13,64,52)
    [tile 28/32] pos=(96:109,32:96,32:52) content=(13,64,20)
    [tile 29/32] pos=(96:109,64:128,0:52) content=(13,64,52)
    [tile 30/32] pos=(96:109,64:128,32:52) content=(13,64,20)
    [tile 31/32] pos=(96:109,96:128,0:52) content=(13,32,52)
    [tile 32/32] pos=(96:109,96:128,32:52) content=(13,32,20)
    [t1n] masked-MSE=1.6061 MAE=0.9673 PSNR=13.51dB ssim_whole=0.9824 ssim_support=0.1177 ssim_lesion=0.0198
    [tile 1/32] pos=(0:64,0:64,0:52) content=(64,64,52)
    [tile 2/32] pos=(0:64,0:64,32:52) content=(64,64,20)
    [tile 3/32] pos=(0:64,32:96,0:52) content=(64,64,52)
    [tile 4/32] pos=(0:64,32:96,32:52) content=(64,64,20)
    [tile 5/32] pos=(0:64,64:128,0:52) content=(64,64,52)
    [tile 6/32] pos=(0:64,64:128,32:52) content=(64,64,20)
    [tile 7/32] pos=(0:64,96:128,0:52) content=(64,32,52)
    [tile 8/32] pos=(0:64,96:128,32:52) content=(64,32,20)
    [tile 9/32] pos=(32:96,0:64,0:52) content=(64,64,52)
    [tile 10/32] pos=(32:96,0:64,32:52) content=(64,64,20)
    [tile 11/32] pos=(32:96,32:96,0:52) content=(64,64,52)
    [tile 12/32] pos=(32:96,32:96,32:52) content=(64,64,20)
    [tile 13/32] pos=(32:96,64:128,0:52) content=(64,64,52)
    [tile 14/32] pos=(32:96,64:128,32:52) content=(64,64,20)
    [tile 15/32] pos=(32:96,96:128,0:52) content=(64,32,52)
    [tile 16/32] pos=(32:96,96:128,32:52) content=(64,32,20)
    [tile 17/32] pos=(64:109,0:64,0:52) content=(45,64,52)
    [tile 18/32] pos=(64:109,0:64,32:52) content=(45,64,20)
    [tile 19/32] pos=(64:109,32:96,0:52) content=(45,64,52)
    [tile 20/32] pos=(64:109,32:96,32:52) content=(45,64,20)
    [tile 21/32] pos=(64:109,64:128,0:52) content=(45,64,52)
    [tile 22/32] pos=(64:109,64:128,32:52) content=(45,64,20)
    [tile 23/32] pos=(64:109,96:128,0:52) content=(45,32,52)
    [tile 24/32] pos=(64:109,96:128,32:52) content=(45,32,20)
    [tile 25/32] pos=(96:109,0:64,0:52) content=(13,64,52)
    [tile 26/32] pos=(96:109,0:64,32:52) content=(13,64,20)
    [tile 27/32] pos=(96:109,32:96,0:52) content=(13,64,52)
    [tile 28/32] pos=(96:109,32:96,32:52) content=(13,64,20)
    [tile 29/32] pos=(96:109,64:128,0:52) content=(13,64,52)
    [tile 30/32] pos=(96:109,64:128,32:52) content=(13,64,20)
    [tile 31/32] pos=(96:109,96:128,0:52) content=(13,32,52)
    [tile 32/32] pos=(96:109,96:128,32:52) content=(13,32,20)
    [t2w] masked-MSE=1.1906 MAE=0.8400 PSNR=14.81dB ssim_whole=0.9822 ssim_support=0.1093 ssim_lesion=0.0197
    [tile 1/32] pos=(0:64,0:64,0:52) content=(64,64,52)
    [tile 2/32] pos=(0:64,0:64,32:52) content=(64,64,20)
    [tile 3/32] pos=(0:64,32:96,0:52) content=(64,64,52)
    [tile 4/32] pos=(0:64,32:96,32:52) content=(64,64,20)
    [tile 5/32] pos=(0:64,64:128,0:52) content=(64,64,52)
    [tile 6/32] pos=(0:64,64:128,32:52) content=(64,64,20)
    [tile 7/32] pos=(0:64,96:128,0:52) content=(64,32,52)
    [tile 8/32] pos=(0:64,96:128,32:52) content=(64,32,20)
    [tile 9/32] pos=(32:96,0:64,0:52) content=(64,64,52)
    [tile 10/32] pos=(32:96,0:64,32:52) content=(64,64,20)
    [tile 11/32] pos=(32:96,32:96,0:52) content=(64,64,52)
    [tile 12/32] pos=(32:96,32:96,32:52) content=(64,64,20)
    [tile 13/32] pos=(32:96,64:128,0:52) content=(64,64,52)
    [tile 14/32] pos=(32:96,64:128,32:52) content=(64,64,20)
    [tile 15/32] pos=(32:96,96:128,0:52) content=(64,32,52)
    [tile 16/32] pos=(32:96,96:128,32:52) content=(64,32,20)
    [tile 17/32] pos=(64:109,0:64,0:52) content=(45,64,52)
    [tile 18/32] pos=(64:109,0:64,32:52) content=(45,64,20)
    [tile 19/32] pos=(64:109,32:96,0:52) content=(45,64,52)
    [tile 20/32] pos=(64:109,32:96,32:52) content=(45,64,20)
    [tile 21/32] pos=(64:109,64:128,0:52) content=(45,64,52)
    [tile 22/32] pos=(64:109,64:128,32:52) content=(45,64,20)
    [tile 23/32] pos=(64:109,96:128,0:52) content=(45,32,52)
    [tile 24/32] pos=(64:109,96:128,32:52) content=(45,32,20)
    [tile 25/32] pos=(96:109,0:64,0:52) content=(13,64,52)
    [tile 26/32] pos=(96:109,0:64,32:52) content=(13,64,20)
    [tile 27/32] pos=(96:109,32:96,0:52) content=(13,64,52)
    [tile 28/32] pos=(96:109,32:96,32:52) content=(13,64,20)
    [tile 29/32] pos=(96:109,64:128,0:52) content=(13,64,52)
    [tile 30/32] pos=(96:109,64:128,32:52) content=(13,64,20)
    [tile 31/32] pos=(96:109,96:128,0:52) content=(13,32,52)
    [tile 32/32] pos=(96:109,96:128,32:52) content=(13,32,20)
    [t2f] masked-MSE=2.7513 MAE=1.3521 PSNR=11.17dB ssim_whole=0.9827 ssim_support=0.1389 ssim_lesion=0.0961

  Patient: 01217-000 (9 lesion(s) in CSV)
    9 lesion(s) after merging
    [t1c] masked-MSE=3.5578 MAE=1.4110 PSNR=10.05dB ssim_whole=0.9989 ssim_support=0.9899 ssim_lesion=0.0039
    [t1n] masked-MSE=1.3513 MAE=0.9567 PSNR=14.26dB ssim_whole=0.9990 ssim_support=0.9906 ssim_lesion=0.0047
    [t2w] masked-MSE=2.1675 MAE=1.0951 PSNR=12.20dB ssim_whole=0.9989 ssim_support=0.9904 ssim_lesion=-0.0109
    [t2f] masked-MSE=2.2385 MAE=1.2748 PSNR=12.06dB ssim_whole=0.9989 ssim_support=0.9903 ssim_lesion=-0.0326

  Patient: 01250-001 (1 lesion(s) in CSV)
    1 lesion(s) after merging
    [t1c] masked-MSE=1.2454 MAE=0.8747 PSNR=14.61dB ssim_whole=0.9998 ssim_support=0.4941 ssim_lesion=-0.0881
    [t1n] masked-MSE=0.1806 MAE=0.3488 PSNR=23.00dB ssim_whole=0.9998 ssim_support=0.5032 ssim_lesion=0.1358
    [t2w] masked-MSE=2.4693 MAE=1.5153 PSNR=11.64dB ssim_whole=0.9998 ssim_support=0.5534 ssim_lesion=-0.0896
    [t2f] masked-MSE=0.7940 MAE=0.7639 PSNR=16.56dB ssim_whole=0.9998 ssim_support=0.5461 ssim_lesion=-0.0606

  Patient: 01268-002 (3 lesion(s) in CSV)
    1 lesion(s) after merging
    [tile 1/18] pos=(0:64,0:64,0:50) content=(64,64,50)
    [tile 2/18] pos=(0:64,0:64,32:50) content=(64,64,18)
    [tile 3/18] pos=(0:64,32:91,0:50) content=(64,59,50)
    [tile 4/18] pos=(0:64,32:91,32:50) content=(64,59,18)
    [tile 5/18] pos=(0:64,64:91,0:50) content=(64,27,50)
    [tile 6/18] pos=(0:64,64:91,32:50) content=(64,27,18)
    [tile 7/18] pos=(32:77,0:64,0:50) content=(45,64,50)
    [tile 8/18] pos=(32:77,0:64,32:50) content=(45,64,18)
    [tile 9/18] pos=(32:77,32:91,0:50) content=(45,59,50)
    [tile 10/18] pos=(32:77,32:91,32:50) content=(45,59,18)
    [tile 11/18] pos=(32:77,64:91,0:50) content=(45,27,50)
    [tile 12/18] pos=(32:77,64:91,32:50) content=(45,27,18)
    [tile 13/18] pos=(64:77,0:64,0:50) content=(13,64,50)
    [tile 14/18] pos=(64:77,0:64,32:50) content=(13,64,18)
    [tile 15/18] pos=(64:77,32:91,0:50) content=(13,59,50)
    [tile 16/18] pos=(64:77,32:91,32:50) content=(13,59,18)
    [tile 17/18] pos=(64:77,64:91,0:50) content=(13,27,50)
    [tile 18/18] pos=(64:77,64:91,32:50) content=(13,27,18)
    [t1c] masked-MSE=3.2407 MAE=1.3293 PSNR=10.46dB ssim_whole=0.9953 ssim_support=0.1223 ssim_lesion=0.0051
    [tile 1/18] pos=(0:64,0:64,0:50) content=(64,64,50)
    [tile 2/18] pos=(0:64,0:64,32:50) content=(64,64,18)
    [tile 3/18] pos=(0:64,32:91,0:50) content=(64,59,50)
    [tile 4/18] pos=(0:64,32:91,32:50) content=(64,59,18)
    [tile 5/18] pos=(0:64,64:91,0:50) content=(64,27,50)
    [tile 6/18] pos=(0:64,64:91,32:50) content=(64,27,18)
    [tile 7/18] pos=(32:77,0:64,0:50) content=(45,64,50)
    [tile 8/18] pos=(32:77,0:64,32:50) content=(45,64,18)
    [tile 9/18] pos=(32:77,32:91,0:50) content=(45,59,50)
    [tile 10/18] pos=(32:77,32:91,32:50) content=(45,59,18)
    [tile 11/18] pos=(32:77,64:91,0:50) content=(45,27,50)
    [tile 12/18] pos=(32:77,64:91,32:50) content=(45,27,18)
    [tile 13/18] pos=(64:77,0:64,0:50) content=(13,64,50)
    [tile 14/18] pos=(64:77,0:64,32:50) content=(13,64,18)
    [tile 15/18] pos=(64:77,32:91,0:50) content=(13,59,50)
    [tile 16/18] pos=(64:77,32:91,32:50) content=(13,59,18)
    [tile 17/18] pos=(64:77,64:91,0:50) content=(13,27,50)
    [tile 18/18] pos=(64:77,64:91,32:50) content=(13,27,18)
    [t1n] masked-MSE=1.9107 MAE=1.0696 PSNR=12.75dB ssim_whole=0.9954 ssim_support=0.1457 ssim_lesion=0.0166
    [tile 1/18] pos=(0:64,0:64,0:50) content=(64,64,50)
    [tile 2/18] pos=(0:64,0:64,32:50) content=(64,64,18)
    [tile 3/18] pos=(0:64,32:91,0:50) content=(64,59,50)
    [tile 4/18] pos=(0:64,32:91,32:50) content=(64,59,18)
    [tile 5/18] pos=(0:64,64:91,0:50) content=(64,27,50)
    [tile 6/18] pos=(0:64,64:91,32:50) content=(64,27,18)
    [tile 7/18] pos=(32:77,0:64,0:50) content=(45,64,50)
    [tile 8/18] pos=(32:77,0:64,32:50) content=(45,64,18)
    [tile 9/18] pos=(32:77,32:91,0:50) content=(45,59,50)
    [tile 10/18] pos=(32:77,32:91,32:50) content=(45,59,18)
    [tile 11/18] pos=(32:77,64:91,0:50) content=(45,27,50)
    [tile 12/18] pos=(32:77,64:91,32:50) content=(45,27,18)
    [tile 13/18] pos=(64:77,0:64,0:50) content=(13,64,50)
    [tile 14/18] pos=(64:77,0:64,32:50) content=(13,64,18)
    [tile 15/18] pos=(64:77,32:91,0:50) content=(13,59,50)
    [tile 16/18] pos=(64:77,32:91,32:50) content=(13,59,18)
    [tile 17/18] pos=(64:77,64:91,0:50) content=(13,27,50)
    [tile 18/18] pos=(64:77,64:91,32:50) content=(13,27,18)
    [t2w] masked-MSE=1.6604 MAE=1.0035 PSNR=13.36dB ssim_whole=0.9954 ssim_support=0.1360 ssim_lesion=-0.0011
    [tile 1/18] pos=(0:64,0:64,0:50) content=(64,64,50)
    [tile 2/18] pos=(0:64,0:64,32:50) content=(64,64,18)
    [tile 3/18] pos=(0:64,32:91,0:50) content=(64,59,50)
    [tile 4/18] pos=(0:64,32:91,32:50) content=(64,59,18)
    [tile 5/18] pos=(0:64,64:91,0:50) content=(64,27,50)
    [tile 6/18] pos=(0:64,64:91,32:50) content=(64,27,18)
    [tile 7/18] pos=(32:77,0:64,0:50) content=(45,64,50)
    [tile 8/18] pos=(32:77,0:64,32:50) content=(45,64,18)
    [tile 9/18] pos=(32:77,32:91,0:50) content=(45,59,50)
    [tile 10/18] pos=(32:77,32:91,32:50) content=(45,59,18)
    [tile 11/18] pos=(32:77,64:91,0:50) content=(45,27,50)
    [tile 12/18] pos=(32:77,64:91,32:50) content=(45,27,18)
    [tile 13/18] pos=(64:77,0:64,0:50) content=(13,64,50)
    [tile 14/18] pos=(64:77,0:64,32:50) content=(13,64,18)
    [tile 15/18] pos=(64:77,32:91,0:50) content=(13,59,50)
    [tile 16/18] pos=(64:77,32:91,32:50) content=(13,59,18)
    [tile 17/18] pos=(64:77,64:91,0:50) content=(13,27,50)
    [tile 18/18] pos=(64:77,64:91,32:50) content=(13,27,18)
    [t2f] masked-MSE=2.6270 MAE=1.2458 PSNR=11.37dB ssim_whole=0.9956 ssim_support=0.1682 ssim_lesion=0.0884

  Patient: 01270-001 (15 lesion(s) in CSV)
    10 lesion(s) after merging
    [tile 1/24] pos=(0:64,0:64,0:51) content=(64,64,51)
    [tile 2/24] pos=(0:64,0:64,32:51) content=(64,64,19)
    [tile 3/24] pos=(0:64,32:96,0:51) content=(64,64,51)
    [tile 4/24] pos=(0:64,32:96,32:51) content=(64,64,19)
    [tile 5/24] pos=(0:64,64:102,0:51) content=(64,38,51)
    [tile 6/24] pos=(0:64,64:102,32:51) content=(64,38,19)
    [tile 7/24] pos=(0:64,96:102,0:51) content=(64,6,51)
    [tile 8/24] pos=(0:64,96:102,32:51) content=(64,6,19)
    [tile 9/24] pos=(32:77,0:64,0:51) content=(45,64,51)
    [tile 10/24] pos=(32:77,0:64,32:51) content=(45,64,19)
    [tile 11/24] pos=(32:77,32:96,0:51) content=(45,64,51)
    [tile 12/24] pos=(32:77,32:96,32:51) content=(45,64,19)
    [tile 13/24] pos=(32:77,64:102,0:51) content=(45,38,51)
    [tile 14/24] pos=(32:77,64:102,32:51) content=(45,38,19)
    [tile 15/24] pos=(32:77,96:102,0:51) content=(45,6,51)
    [tile 16/24] pos=(32:77,96:102,32:51) content=(45,6,19)
    [tile 17/24] pos=(64:77,0:64,0:51) content=(13,64,51)
    [tile 18/24] pos=(64:77,0:64,32:51) content=(13,64,19)
    [tile 19/24] pos=(64:77,32:96,0:51) content=(13,64,51)
    [tile 20/24] pos=(64:77,32:96,32:51) content=(13,64,19)
    [tile 21/24] pos=(64:77,64:102,0:51) content=(13,38,51)
    [tile 22/24] pos=(64:77,64:102,32:51) content=(13,38,19)
    [tile 23/24] pos=(64:77,96:102,0:51) content=(13,6,51)
    [tile 24/24] pos=(64:77,96:102,32:51) content=(13,6,19)
    [tile 1/24] pos=(0:64,0:64,0:43) content=(64,64,43)
    [tile 2/24] pos=(0:64,0:64,32:43) content=(64,64,11)
    [tile 3/24] pos=(0:64,32:96,0:43) content=(64,64,43)
    [tile 4/24] pos=(0:64,32:96,32:43) content=(64,64,11)
    [tile 5/24] pos=(0:64,64:120,0:43) content=(64,56,43)
    [tile 6/24] pos=(0:64,64:120,32:43) content=(64,56,11)
    [tile 7/24] pos=(0:64,96:120,0:43) content=(64,24,43)
    [tile 8/24] pos=(0:64,96:120,32:43) content=(64,24,11)
    [tile 9/24] pos=(32:68,0:64,0:43) content=(36,64,43)
    [tile 10/24] pos=(32:68,0:64,32:43) content=(36,64,11)
    [tile 11/24] pos=(32:68,32:96,0:43) content=(36,64,43)
    [tile 12/24] pos=(32:68,32:96,32:43) content=(36,64,11)
    [tile 13/24] pos=(32:68,64:120,0:43) content=(36,56,43)
    [tile 14/24] pos=(32:68,64:120,32:43) content=(36,56,11)
    [tile 15/24] pos=(32:68,96:120,0:43) content=(36,24,43)
    [tile 16/24] pos=(32:68,96:120,32:43) content=(36,24,11)
    [tile 17/24] pos=(64:68,0:64,0:43) content=(4,64,43)
    [tile 18/24] pos=(64:68,0:64,32:43) content=(4,64,11)
    [tile 19/24] pos=(64:68,32:96,0:43) content=(4,64,43)
    [tile 20/24] pos=(64:68,32:96,32:43) content=(4,64,11)
    [tile 21/24] pos=(64:68,64:120,0:43) content=(4,56,43)
    [tile 22/24] pos=(64:68,64:120,32:43) content=(4,56,11)
    [tile 23/24] pos=(64:68,96:120,0:43) content=(4,24,43)
    [tile 24/24] pos=(64:68,96:120,32:43) content=(4,24,11)
    [t1c] masked-MSE=2.1207 MAE=1.0388 PSNR=12.30dB ssim_whole=0.9796 ssim_support=0.8382 ssim_lesion=0.0240
    [tile 1/24] pos=(0:64,0:64,0:51) content=(64,64,51)
    [tile 2/24] pos=(0:64,0:64,32:51) content=(64,64,19)
    [tile 3/24] pos=(0:64,32:96,0:51) content=(64,64,51)
    [tile 4/24] pos=(0:64,32:96,32:51) content=(64,64,19)
    [tile 5/24] pos=(0:64,64:102,0:51) content=(64,38,51)
    [tile 6/24] pos=(0:64,64:102,32:51) content=(64,38,19)
    [tile 7/24] pos=(0:64,96:102,0:51) content=(64,6,51)
    [tile 8/24] pos=(0:64,96:102,32:51) content=(64,6,19)
    [tile 9/24] pos=(32:77,0:64,0:51) content=(45,64,51)
    [tile 10/24] pos=(32:77,0:64,32:51) content=(45,64,19)
    [tile 11/24] pos=(32:77,32:96,0:51) content=(45,64,51)
    [tile 12/24] pos=(32:77,32:96,32:51) content=(45,64,19)
    [tile 13/24] pos=(32:77,64:102,0:51) content=(45,38,51)
    [tile 14/24] pos=(32:77,64:102,32:51) content=(45,38,19)
    [tile 15/24] pos=(32:77,96:102,0:51) content=(45,6,51)
    [tile 16/24] pos=(32:77,96:102,32:51) content=(45,6,19)
    [tile 17/24] pos=(64:77,0:64,0:51) content=(13,64,51)
    [tile 18/24] pos=(64:77,0:64,32:51) content=(13,64,19)
    [tile 19/24] pos=(64:77,32:96,0:51) content=(13,64,51)
    [tile 20/24] pos=(64:77,32:96,32:51) content=(13,64,19)
    [tile 21/24] pos=(64:77,64:102,0:51) content=(13,38,51)
    [tile 22/24] pos=(64:77,64:102,32:51) content=(13,38,19)
    [tile 23/24] pos=(64:77,96:102,0:51) content=(13,6,51)
    [tile 24/24] pos=(64:77,96:102,32:51) content=(13,6,19)
    [tile 1/24] pos=(0:64,0:64,0:43) content=(64,64,43)
    [tile 2/24] pos=(0:64,0:64,32:43) content=(64,64,11)
    [tile 3/24] pos=(0:64,32:96,0:43) content=(64,64,43)
    [tile 4/24] pos=(0:64,32:96,32:43) content=(64,64,11)
    [tile 5/24] pos=(0:64,64:120,0:43) content=(64,56,43)
    [tile 6/24] pos=(0:64,64:120,32:43) content=(64,56,11)
    [tile 7/24] pos=(0:64,96:120,0:43) content=(64,24,43)
    [tile 8/24] pos=(0:64,96:120,32:43) content=(64,24,11)
    [tile 9/24] pos=(32:68,0:64,0:43) content=(36,64,43)
    [tile 10/24] pos=(32:68,0:64,32:43) content=(36,64,11)
    [tile 11/24] pos=(32:68,32:96,0:43) content=(36,64,43)
    [tile 12/24] pos=(32:68,32:96,32:43) content=(36,64,11)
    [tile 13/24] pos=(32:68,64:120,0:43) content=(36,56,43)
    [tile 14/24] pos=(32:68,64:120,32:43) content=(36,56,11)
    [tile 15/24] pos=(32:68,96:120,0:43) content=(36,24,43)
    [tile 16/24] pos=(32:68,96:120,32:43) content=(36,24,11)
    [tile 17/24] pos=(64:68,0:64,0:43) content=(4,64,43)
    [tile 18/24] pos=(64:68,0:64,32:43) content=(4,64,11)
    [tile 19/24] pos=(64:68,32:96,0:43) content=(4,64,43)
    [tile 20/24] pos=(64:68,32:96,32:43) content=(4,64,11)
    [tile 21/24] pos=(64:68,64:120,0:43) content=(4,56,43)
    [tile 22/24] pos=(64:68,64:120,32:43) content=(4,56,11)
    [tile 23/24] pos=(64:68,96:120,0:43) content=(4,24,43)
    [tile 24/24] pos=(64:68,96:120,32:43) content=(4,24,11)
    [t1n] masked-MSE=2.2731 MAE=1.1672 PSNR=12.00dB ssim_whole=0.9797 ssim_support=0.8389 ssim_lesion=0.0262
    [tile 1/24] pos=(0:64,0:64,0:51) content=(64,64,51)
    [tile 2/24] pos=(0:64,0:64,32:51) content=(64,64,19)
    [tile 3/24] pos=(0:64,32:96,0:51) content=(64,64,51)
    [tile 4/24] pos=(0:64,32:96,32:51) content=(64,64,19)
    [tile 5/24] pos=(0:64,64:102,0:51) content=(64,38,51)
    [tile 6/24] pos=(0:64,64:102,32:51) content=(64,38,19)
    [tile 7/24] pos=(0:64,96:102,0:51) content=(64,6,51)
    [tile 8/24] pos=(0:64,96:102,32:51) content=(64,6,19)
    [tile 9/24] pos=(32:77,0:64,0:51) content=(45,64,51)
    [tile 10/24] pos=(32:77,0:64,32:51) content=(45,64,19)
    [tile 11/24] pos=(32:77,32:96,0:51) content=(45,64,51)
    [tile 12/24] pos=(32:77,32:96,32:51) content=(45,64,19)
    [tile 13/24] pos=(32:77,64:102,0:51) content=(45,38,51)
    [tile 14/24] pos=(32:77,64:102,32:51) content=(45,38,19)
    [tile 15/24] pos=(32:77,96:102,0:51) content=(45,6,51)
    [tile 16/24] pos=(32:77,96:102,32:51) content=(45,6,19)
    [tile 17/24] pos=(64:77,0:64,0:51) content=(13,64,51)
    [tile 18/24] pos=(64:77,0:64,32:51) content=(13,64,19)
    [tile 19/24] pos=(64:77,32:96,0:51) content=(13,64,51)
    [tile 20/24] pos=(64:77,32:96,32:51) content=(13,64,19)
    [tile 21/24] pos=(64:77,64:102,0:51) content=(13,38,51)
    [tile 22/24] pos=(64:77,64:102,32:51) content=(13,38,19)
    [tile 23/24] pos=(64:77,96:102,0:51) content=(13,6,51)
    [tile 24/24] pos=(64:77,96:102,32:51) content=(13,6,19)
    [tile 1/24] pos=(0:64,0:64,0:43) content=(64,64,43)
    [tile 2/24] pos=(0:64,0:64,32:43) content=(64,64,11)
    [tile 3/24] pos=(0:64,32:96,0:43) content=(64,64,43)
    [tile 4/24] pos=(0:64,32:96,32:43) content=(64,64,11)
    [tile 5/24] pos=(0:64,64:120,0:43) content=(64,56,43)
    [tile 6/24] pos=(0:64,64:120,32:43) content=(64,56,11)
    [tile 7/24] pos=(0:64,96:120,0:43) content=(64,24,43)
    [tile 8/24] pos=(0:64,96:120,32:43) content=(64,24,11)
    [tile 9/24] pos=(32:68,0:64,0:43) content=(36,64,43)
    [tile 10/24] pos=(32:68,0:64,32:43) content=(36,64,11)
    [tile 11/24] pos=(32:68,32:96,0:43) content=(36,64,43)
    [tile 12/24] pos=(32:68,32:96,32:43) content=(36,64,11)
    [tile 13/24] pos=(32:68,64:120,0:43) content=(36,56,43)
    [tile 14/24] pos=(32:68,64:120,32:43) content=(36,56,11)
    [tile 15/24] pos=(32:68,96:120,0:43) content=(36,24,43)
    [tile 16/24] pos=(32:68,96:120,32:43) content=(36,24,11)
    [tile 17/24] pos=(64:68,0:64,0:43) content=(4,64,43)
    [tile 18/24] pos=(64:68,0:64,32:43) content=(4,64,11)
    [tile 19/24] pos=(64:68,32:96,0:43) content=(4,64,43)
    [tile 20/24] pos=(64:68,32:96,32:43) content=(4,64,11)
    [tile 21/24] pos=(64:68,64:120,0:43) content=(4,56,43)
    [tile 22/24] pos=(64:68,64:120,32:43) content=(4,56,11)
    [tile 23/24] pos=(64:68,96:120,0:43) content=(4,24,43)
    [tile 24/24] pos=(64:68,96:120,32:43) content=(4,24,11)
    [t2w] masked-MSE=1.4302 MAE=0.9389 PSNR=14.01dB ssim_whole=0.9803 ssim_support=0.8442 ssim_lesion=0.0663
    [tile 1/24] pos=(0:64,0:64,0:51) content=(64,64,51)
    [tile 2/24] pos=(0:64,0:64,32:51) content=(64,64,19)
    [tile 3/24] pos=(0:64,32:96,0:51) content=(64,64,51)
    [tile 4/24] pos=(0:64,32:96,32:51) content=(64,64,19)
    [tile 5/24] pos=(0:64,64:102,0:51) content=(64,38,51)
    [tile 6/24] pos=(0:64,64:102,32:51) content=(64,38,19)
    [tile 7/24] pos=(0:64,96:102,0:51) content=(64,6,51)
    [tile 8/24] pos=(0:64,96:102,32:51) content=(64,6,19)
    [tile 9/24] pos=(32:77,0:64,0:51) content=(45,64,51)
    [tile 10/24] pos=(32:77,0:64,32:51) content=(45,64,19)
    [tile 11/24] pos=(32:77,32:96,0:51) content=(45,64,51)
    [tile 12/24] pos=(32:77,32:96,32:51) content=(45,64,19)
    [tile 13/24] pos=(32:77,64:102,0:51) content=(45,38,51)
    [tile 14/24] pos=(32:77,64:102,32:51) content=(45,38,19)
    [tile 15/24] pos=(32:77,96:102,0:51) content=(45,6,51)
    [tile 16/24] pos=(32:77,96:102,32:51) content=(45,6,19)
    [tile 17/24] pos=(64:77,0:64,0:51) content=(13,64,51)
    [tile 18/24] pos=(64:77,0:64,32:51) content=(13,64,19)
    [tile 19/24] pos=(64:77,32:96,0:51) content=(13,64,51)
    [tile 20/24] pos=(64:77,32:96,32:51) content=(13,64,19)
    [tile 21/24] pos=(64:77,64:102,0:51) content=(13,38,51)
    [tile 22/24] pos=(64:77,64:102,32:51) content=(13,38,19)
    [tile 23/24] pos=(64:77,96:102,0:51) content=(13,6,51)
    [tile 24/24] pos=(64:77,96:102,32:51) content=(13,6,19)
    [tile 1/24] pos=(0:64,0:64,0:43) content=(64,64,43)
    [tile 2/24] pos=(0:64,0:64,32:43) content=(64,64,11)
    [tile 3/24] pos=(0:64,32:96,0:43) content=(64,64,43)
    [tile 4/24] pos=(0:64,32:96,32:43) content=(64,64,11)
    [tile 5/24] pos=(0:64,64:120,0:43) content=(64,56,43)
    [tile 6/24] pos=(0:64,64:120,32:43) content=(64,56,11)
    [tile 7/24] pos=(0:64,96:120,0:43) content=(64,24,43)
    [tile 8/24] pos=(0:64,96:120,32:43) content=(64,24,11)
    [tile 9/24] pos=(32:68,0:64,0:43) content=(36,64,43)
    [tile 10/24] pos=(32:68,0:64,32:43) content=(36,64,11)
    [tile 11/24] pos=(32:68,32:96,0:43) content=(36,64,43)
    [tile 12/24] pos=(32:68,32:96,32:43) content=(36,64,11)
    [tile 13/24] pos=(32:68,64:120,0:43) content=(36,56,43)
    [tile 14/24] pos=(32:68,64:120,32:43) content=(36,56,11)
    [tile 15/24] pos=(32:68,96:120,0:43) content=(36,24,43)
    [tile 16/24] pos=(32:68,96:120,32:43) content=(36,24,11)
    [tile 17/24] pos=(64:68,0:64,0:43) content=(4,64,43)
    [tile 18/24] pos=(64:68,0:64,32:43) content=(4,64,11)
    [tile 19/24] pos=(64:68,32:96,0:43) content=(4,64,43)
    [tile 20/24] pos=(64:68,32:96,32:43) content=(4,64,11)
    [tile 21/24] pos=(64:68,64:120,0:43) content=(4,56,43)
    [tile 22/24] pos=(64:68,64:120,32:43) content=(4,56,11)
    [tile 23/24] pos=(64:68,96:120,0:43) content=(4,24,43)
    [tile 24/24] pos=(64:68,96:120,32:43) content=(4,24,11)
    [t2f] masked-MSE=1.7512 MAE=0.9818 PSNR=13.13dB ssim_whole=0.9805 ssim_support=0.8456 ssim_lesion=0.0941

  Patient: 01270-002 (9 lesion(s) in CSV)
    9 lesion(s) after merging
    [t1c] masked-MSE=1.7315 MAE=0.9554 PSNR=13.18dB ssim_whole=0.9956 ssim_support=0.9617 ssim_lesion=0.0324
    [t1n] masked-MSE=1.5060 MAE=0.9271 PSNR=13.78dB ssim_whole=0.9958 ssim_support=0.9631 ssim_lesion=0.0621
    [t2w] masked-MSE=1.7624 MAE=0.9972 PSNR=13.10dB ssim_whole=0.9957 ssim_support=0.9630 ssim_lesion=0.0035
    [t2f] masked-MSE=1.8566 MAE=1.0495 PSNR=12.88dB ssim_whole=0.9956 ssim_support=0.9619 ssim_lesion=0.0570

  Patient: 01270-003 (11 lesion(s) in CSV)
    11 lesion(s) after merging
    [t1c] masked-MSE=2.4804 MAE=1.1518 PSNR=11.62dB ssim_whole=0.9978 ssim_support=0.9819 ssim_lesion=0.0254
    [t1n] masked-MSE=1.2058 MAE=0.8240 PSNR=14.75dB ssim_whole=0.9980 ssim_support=0.9833 ssim_lesion=0.0929
    [t2w] masked-MSE=1.5596 MAE=0.9988 PSNR=13.63dB ssim_whole=0.9979 ssim_support=0.9824 ssim_lesion=-0.0322
    [t2f] masked-MSE=0.4926 MAE=0.5474 PSNR=18.64dB ssim_whole=0.9980 ssim_support=0.9829 ssim_lesion=0.1994

  Patient: 01276-001 (1 lesion(s) in CSV)
    1 lesion(s) after merging
    [t1c] masked-MSE=8.7571 MAE=2.5193 PSNR=6.14dB ssim_whole=0.9985 ssim_support=0.2937 ssim_lesion=0.0287
    [t1n] masked-MSE=0.8733 MAE=0.6476 PSNR=16.15dB ssim_whole=0.9985 ssim_support=0.3105 ssim_lesion=0.0063
    [t2w] masked-MSE=1.4352 MAE=0.9902 PSNR=13.99dB ssim_whole=0.9984 ssim_support=0.2951 ssim_lesion=0.0168
    [t2f] masked-MSE=1.8101 MAE=1.1106 PSNR=12.99dB ssim_whole=0.9984 ssim_support=0.3023 ssim_lesion=0.0301

  Patient: 01284-000 (60 lesion(s) in CSV)
    31 lesion(s) after merging
    [tile 1/75] pos=(0:64,0:64,0:64) content=(64,64,64)
    [tile 2/75] pos=(0:64,0:64,32:96) content=(64,64,64)
    [tile 3/75] pos=(0:64,0:64,64:128) content=(64,64,64)
    [tile 4/75] pos=(0:64,0:64,96:134) content=(64,64,38)
    [tile 5/75] pos=(0:64,0:64,128:134) content=(64,64,6)
    [tile 6/75] pos=(0:64,32:96,0:64) content=(64,64,64)
    [tile 7/75] pos=(0:64,32:96,32:96) content=(64,64,64)
    [tile 8/75] pos=(0:64,32:96,64:128) content=(64,64,64)
    [tile 9/75] pos=(0:64,32:96,96:134) content=(64,64,38)
    [tile 10/75] pos=(0:64,32:96,128:134) content=(64,64,6)
    [tile 11/75] pos=(0:64,64:128,0:64) content=(64,64,64)
    [tile 12/75] pos=(0:64,64:128,32:96) content=(64,64,64)
    [tile 13/75] pos=(0:64,64:128,64:128) content=(64,64,64)
    [tile 14/75] pos=(0:64,64:128,96:134) content=(64,64,38)
    [tile 15/75] pos=(0:64,64:128,128:134) content=(64,64,6)
    [tile 16/75] pos=(0:64,96:140,0:64) content=(64,44,64)
    [tile 17/75] pos=(0:64,96:140,32:96) content=(64,44,64)
    [tile 18/75] pos=(0:64,96:140,64:128) content=(64,44,64)
    [tile 19/75] pos=(0:64,96:140,96:134) content=(64,44,38)
    [tile 20/75] pos=(0:64,96:140,128:134) content=(64,44,6)
    [tile 21/75] pos=(0:64,128:140,0:64) content=(64,12,64)
    [tile 22/75] pos=(0:64,128:140,32:96) content=(64,12,64)
    [tile 23/75] pos=(0:64,128:140,64:128) content=(64,12,64)
    [tile 24/75] pos=(0:64,128:140,96:134) content=(64,12,38)
    [tile 25/75] pos=(0:64,128:140,128:134) content=(64,12,6)
    [tile 26/75] pos=(32:75,0:64,0:64) content=(43,64,64)
    [tile 27/75] pos=(32:75,0:64,32:96) content=(43,64,64)
    [tile 28/75] pos=(32:75,0:64,64:128) content=(43,64,64)
    [tile 29/75] pos=(32:75,0:64,96:134) content=(43,64,38)
    [tile 30/75] pos=(32:75,0:64,128:134) content=(43,64,6)
    [tile 31/75] pos=(32:75,32:96,0:64) content=(43,64,64)
    [tile 32/75] pos=(32:75,32:96,32:96) content=(43,64,64)
    [tile 33/75] pos=(32:75,32:96,64:128) content=(43,64,64)
    [tile 34/75] pos=(32:75,32:96,96:134) content=(43,64,38)
    [tile 35/75] pos=(32:75,32:96,128:134) content=(43,64,6)
    [tile 36/75] pos=(32:75,64:128,0:64) content=(43,64,64)
    [tile 37/75] pos=(32:75,64:128,32:96) content=(43,64,64)
    [tile 38/75] pos=(32:75,64:128,64:128) content=(43,64,64)
    [tile 39/75] pos=(32:75,64:128,96:134) content=(43,64,38)
    [tile 40/75] pos=(32:75,64:128,128:134) content=(43,64,6)
    [tile 41/75] pos=(32:75,96:140,0:64) content=(43,44,64)
    [tile 42/75] pos=(32:75,96:140,32:96) content=(43,44,64)
    [tile 43/75] pos=(32:75,96:140,64:128) content=(43,44,64)
    [tile 44/75] pos=(32:75,96:140,96:134) content=(43,44,38)
    [tile 45/75] pos=(32:75,96:140,128:134) content=(43,44,6)
    [tile 46/75] pos=(32:75,128:140,0:64) content=(43,12,64)
    [tile 47/75] pos=(32:75,128:140,32:96) content=(43,12,64)
    [tile 48/75] pos=(32:75,128:140,64:128) content=(43,12,64)
    [tile 49/75] pos=(32:75,128:140,96:134) content=(43,12,38)
    [tile 50/75] pos=(32:75,128:140,128:134) content=(43,12,6)
    [tile 51/75] pos=(64:75,0:64,0:64) content=(11,64,64)
    [tile 52/75] pos=(64:75,0:64,32:96) content=(11,64,64)
    [tile 53/75] pos=(64:75,0:64,64:128) content=(11,64,64)
    [tile 54/75] pos=(64:75,0:64,96:134) content=(11,64,38)
    [tile 55/75] pos=(64:75,0:64,128:134) content=(11,64,6)
    [tile 56/75] pos=(64:75,32:96,0:64) content=(11,64,64)
    [tile 57/75] pos=(64:75,32:96,32:96) content=(11,64,64)
    [tile 58/75] pos=(64:75,32:96,64:128) content=(11,64,64)
    [tile 59/75] pos=(64:75,32:96,96:134) content=(11,64,38)
    [tile 60/75] pos=(64:75,32:96,128:134) content=(11,64,6)
    [tile 61/75] pos=(64:75,64:128,0:64) content=(11,64,64)
    [tile 62/75] pos=(64:75,64:128,32:96) content=(11,64,64)
    [tile 63/75] pos=(64:75,64:128,64:128) content=(11,64,64)
    [tile 64/75] pos=(64:75,64:128,96:134) content=(11,64,38)
    [tile 65/75] pos=(64:75,64:128,128:134) content=(11,64,6)
    [tile 66/75] pos=(64:75,96:140,0:64) content=(11,44,64)
    [tile 67/75] pos=(64:75,96:140,32:96) content=(11,44,64)
    [tile 68/75] pos=(64:75,96:140,64:128) content=(11,44,64)
    [tile 69/75] pos=(64:75,96:140,96:134) content=(11,44,38)
    [tile 70/75] pos=(64:75,96:140,128:134) content=(11,44,6)
    [tile 71/75] pos=(64:75,128:140,0:64) content=(11,12,64)
    [tile 72/75] pos=(64:75,128:140,32:96) content=(11,12,64)
    [tile 73/75] pos=(64:75,128:140,64:128) content=(11,12,64)
    [tile 74/75] pos=(64:75,128:140,96:134) content=(11,12,38)
    [tile 75/75] pos=(64:75,128:140,128:134) content=(11,12,6)
    [tile 1/42] pos=(0:39,0:64,0:64) content=(39,64,64)
    [tile 2/42] pos=(0:39,0:64,32:75) content=(39,64,43)
    [tile 3/42] pos=(0:39,0:64,64:75) content=(39,64,11)
    [tile 4/42] pos=(0:39,32:96,0:64) content=(39,64,64)
    [tile 5/42] pos=(0:39,32:96,32:75) content=(39,64,43)
    [tile 6/42] pos=(0:39,32:96,64:75) content=(39,64,11)
    [tile 7/42] pos=(0:39,64:128,0:64) content=(39,64,64)
    [tile 8/42] pos=(0:39,64:128,32:75) content=(39,64,43)
    [tile 9/42] pos=(0:39,64:128,64:75) content=(39,64,11)
    [tile 10/42] pos=(0:39,96:160,0:64) content=(39,64,64)
    [tile 11/42] pos=(0:39,96:160,32:75) content=(39,64,43)
    [tile 12/42] pos=(0:39,96:160,64:75) content=(39,64,11)
    [tile 13/42] pos=(0:39,128:192,0:64) content=(39,64,64)
    [tile 14/42] pos=(0:39,128:192,32:75) content=(39,64,43)
    [tile 15/42] pos=(0:39,128:192,64:75) content=(39,64,11)
    [tile 16/42] pos=(0:39,160:210,0:64) content=(39,50,64)
    [tile 17/42] pos=(0:39,160:210,32:75) content=(39,50,43)
    [tile 18/42] pos=(0:39,160:210,64:75) content=(39,50,11)
    [tile 19/42] pos=(0:39,192:210,0:64) content=(39,18,64)
    [tile 20/42] pos=(0:39,192:210,32:75) content=(39,18,43)
    [tile 21/42] pos=(0:39,192:210,64:75) content=(39,18,11)
    [tile 22/42] pos=(32:39,0:64,0:64) content=(7,64,64)
    [tile 23/42] pos=(32:39,0:64,32:75) content=(7,64,43)
    [tile 24/42] pos=(32:39,0:64,64:75) content=(7,64,11)
    [tile 25/42] pos=(32:39,32:96,0:64) content=(7,64,64)
    [tile 26/42] pos=(32:39,32:96,32:75) content=(7,64,43)
    [tile 27/42] pos=(32:39,32:96,64:75) content=(7,64,11)
    [tile 28/42] pos=(32:39,64:128,0:64) content=(7,64,64)
    [tile 29/42] pos=(32:39,64:128,32:75) content=(7,64,43)
    [tile 30/42] pos=(32:39,64:128,64:75) content=(7,64,11)
    [tile 31/42] pos=(32:39,96:160,0:64) content=(7,64,64)
    [tile 32/42] pos=(32:39,96:160,32:75) content=(7,64,43)
    [tile 33/42] pos=(32:39,96:160,64:75) content=(7,64,11)
    [tile 34/42] pos=(32:39,128:192,0:64) content=(7,64,64)
    [tile 35/42] pos=(32:39,128:192,32:75) content=(7,64,43)
    [tile 36/42] pos=(32:39,128:192,64:75) content=(7,64,11)
    [tile 37/42] pos=(32:39,160:210,0:64) content=(7,50,64)
    [tile 38/42] pos=(32:39,160:210,32:75) content=(7,50,43)
    [tile 39/42] pos=(32:39,160:210,64:75) content=(7,50,11)
    [tile 40/42] pos=(32:39,192:210,0:64) content=(7,18,64)
    [tile 41/42] pos=(32:39,192:210,32:75) content=(7,18,43)
    [tile 42/42] pos=(32:39,192:210,64:75) content=(7,18,11)
    [tile 1/9] pos=(0:32,0:64,0:64) content=(32,64,64)
    [tile 2/9] pos=(0:32,0:64,32:87) content=(32,64,55)
    [tile 3/9] pos=(0:32,0:64,64:87) content=(32,64,23)
    [tile 4/9] pos=(0:32,32:74,0:64) content=(32,42,64)
    [tile 5/9] pos=(0:32,32:74,32:87) content=(32,42,55)
    [tile 6/9] pos=(0:32,32:74,64:87) content=(32,42,23)
    [tile 7/9] pos=(0:32,64:74,0:64) content=(32,10,64)
    [tile 8/9] pos=(0:32,64:74,32:87) content=(32,10,55)
    [tile 9/9] pos=(0:32,64:74,64:87) content=(32,10,23)
    [tile 1/18] pos=(0:42,0:64,0:64) content=(42,64,64)
    [tile 2/18] pos=(0:42,0:64,32:81) content=(42,64,49)
    [tile 3/18] pos=(0:42,0:64,64:81) content=(42,64,17)
    [tile 4/18] pos=(0:42,32:86,0:64) content=(42,54,64)
    [tile 5/18] pos=(0:42,32:86,32:81) content=(42,54,49)
    [tile 6/18] pos=(0:42,32:86,64:81) content=(42,54,17)
    [tile 7/18] pos=(0:42,64:86,0:64) content=(42,22,64)
    [tile 8/18] pos=(0:42,64:86,32:81) content=(42,22,49)
    [tile 9/18] pos=(0:42,64:86,64:81) content=(42,22,17)
    [tile 10/18] pos=(32:42,0:64,0:64) content=(10,64,64)
    [tile 11/18] pos=(32:42,0:64,32:81) content=(10,64,49)
    [tile 12/18] pos=(32:42,0:64,64:81) content=(10,64,17)
    [tile 13/18] pos=(32:42,32:86,0:64) content=(10,54,64)
    [tile 14/18] pos=(32:42,32:86,32:81) content=(10,54,49)
    [tile 15/18] pos=(32:42,32:86,64:81) content=(10,54,17)
    [tile 16/18] pos=(32:42,64:86,0:64) content=(10,22,64)
    [tile 17/18] pos=(32:42,64:86,32:81) content=(10,22,49)
    [tile 18/18] pos=(32:42,64:86,64:81) content=(10,22,17)
    [tile 1/18] pos=(0:40,0:64,0:64) content=(40,64,64)
    [tile 2/18] pos=(0:40,0:64,32:73) content=(40,64,41)
    [tile 3/18] pos=(0:40,0:64,64:73) content=(40,64,9)
    [tile 4/18] pos=(0:40,32:90,0:64) content=(40,58,64)
    [tile 5/18] pos=(0:40,32:90,32:73) content=(40,58,41)
    [tile 6/18] pos=(0:40,32:90,64:73) content=(40,58,9)
    [tile 7/18] pos=(0:40,64:90,0:64) content=(40,26,64)
    [tile 8/18] pos=(0:40,64:90,32:73) content=(40,26,41)
    [tile 9/18] pos=(0:40,64:90,64:73) content=(40,26,9)
    [tile 10/18] pos=(32:40,0:64,0:64) content=(8,64,64)
    [tile 11/18] pos=(32:40,0:64,32:73) content=(8,64,41)
    [tile 12/18] pos=(32:40,0:64,64:73) content=(8,64,9)
    [tile 13/18] pos=(32:40,32:90,0:64) content=(8,58,64)
    [tile 14/18] pos=(32:40,32:90,32:73) content=(8,58,41)
    [tile 15/18] pos=(32:40,32:90,64:73) content=(8,58,9)
    [tile 16/18] pos=(32:40,64:90,0:64) content=(8,26,64)
    [tile 17/18] pos=(32:40,64:90,32:73) content=(8,26,41)
    [tile 18/18] pos=(32:40,64:90,64:73) content=(8,26,9)
    [tile 1/12] pos=(0:34,0:61,0:64) content=(34,61,64)
    [tile 2/12] pos=(0:34,0:61,32:66) content=(34,61,34)
    [tile 3/12] pos=(0:34,0:61,64:66) content=(34,61,2)
    [tile 4/12] pos=(0:34,32:61,0:64) content=(34,29,64)
    [tile 5/12] pos=(0:34,32:61,32:66) content=(34,29,34)
    [tile 6/12] pos=(0:34,32:61,64:66) content=(34,29,2)
    [tile 7/12] pos=(32:34,0:61,0:64) content=(2,61,64)
    [tile 8/12] pos=(32:34,0:61,32:66) content=(2,61,34)
    [tile 9/12] pos=(32:34,0:61,64:66) content=(2,61,2)
    [tile 10/12] pos=(32:34,32:61,0:64) content=(2,29,64)
    [tile 11/12] pos=(32:34,32:61,32:66) content=(2,29,34)
    [tile 12/12] pos=(32:34,32:61,64:66) content=(2,29,2)
    [tile 1/40] pos=(0:55,0:64,0:64) content=(55,64,64)
    [tile 2/40] pos=(0:55,0:64,32:96) content=(55,64,64)
    [tile 3/40] pos=(0:55,0:64,64:128) content=(55,64,64)
    [tile 4/40] pos=(0:55,0:64,96:145) content=(55,64,49)
    [tile 5/40] pos=(0:55,0:64,128:145) content=(55,64,17)
    [tile 6/40] pos=(0:55,32:96,0:64) content=(55,64,64)
    [tile 7/40] pos=(0:55,32:96,32:96) content=(55,64,64)
    [tile 8/40] pos=(0:55,32:96,64:128) content=(55,64,64)
    [tile 9/40] pos=(0:55,32:96,96:145) content=(55,64,49)
    [tile 10/40] pos=(0:55,32:96,128:145) content=(55,64,17)
    [tile 11/40] pos=(0:55,64:125,0:64) content=(55,61,64)
    [tile 12/40] pos=(0:55,64:125,32:96) content=(55,61,64)
    [tile 13/40] pos=(0:55,64:125,64:128) content=(55,61,64)
    [tile 14/40] pos=(0:55,64:125,96:145) content=(55,61,49)
    [tile 15/40] pos=(0:55,64:125,128:145) content=(55,61,17)
    [tile 16/40] pos=(0:55,96:125,0:64) content=(55,29,64)
    [tile 17/40] pos=(0:55,96:125,32:96) content=(55,29,64)
    [tile 18/40] pos=(0:55,96:125,64:128) content=(55,29,64)
    [tile 19/40] pos=(0:55,96:125,96:145) content=(55,29,49)
    [tile 20/40] pos=(0:55,96:125,128:145) content=(55,29,17)
    [tile 21/40] pos=(32:55,0:64,0:64) content=(23,64,64)
    [tile 22/40] pos=(32:55,0:64,32:96) content=(23,64,64)
    [tile 23/40] pos=(32:55,0:64,64:128) content=(23,64,64)
    [tile 24/40] pos=(32:55,0:64,96:145) content=(23,64,49)
    [tile 25/40] pos=(32:55,0:64,128:145) content=(23,64,17)
    [tile 26/40] pos=(32:55,32:96,0:64) content=(23,64,64)
    [tile 27/40] pos=(32:55,32:96,32:96) content=(23,64,64)
    [tile 28/40] pos=(32:55,32:96,64:128) content=(23,64,64)
    [tile 29/40] pos=(32:55,32:96,96:145) content=(23,64,49)
    [tile 30/40] pos=(32:55,32:96,128:145) content=(23,64,17)
    [tile 31/40] pos=(32:55,64:125,0:64) content=(23,61,64)
    [tile 32/40] pos=(32:55,64:125,32:96) content=(23,61,64)
    [tile 33/40] pos=(32:55,64:125,64:128) content=(23,61,64)
    [tile 34/40] pos=(32:55,64:125,96:145) content=(23,61,49)
    [tile 35/40] pos=(32:55,64:125,128:145) content=(23,61,17)
    [tile 36/40] pos=(32:55,96:125,0:64) content=(23,29,64)
    [tile 37/40] pos=(32:55,96:125,32:96) content=(23,29,64)
    [tile 38/40] pos=(32:55,96:125,64:128) content=(23,29,64)
    [tile 39/40] pos=(32:55,96:125,96:145) content=(23,29,49)
    [tile 40/40] pos=(32:55,96:125,128:145) content=(23,29,17)
    [t1c] masked-MSE=1.8272 MAE=0.9343 PSNR=12.95dB ssim_whole=0.9083 ssim_support=0.6262 ssim_lesion=0.0180
    [tile 1/75] pos=(0:64,0:64,0:64) content=(64,64,64)
    [tile 2/75] pos=(0:64,0:64,32:96) content=(64,64,64)
    [tile 3/75] pos=(0:64,0:64,64:128) content=(64,64,64)
    [tile 4/75] pos=(0:64,0:64,96:134) content=(64,64,38)
    [tile 5/75] pos=(0:64,0:64,128:134) content=(64,64,6)
    [tile 6/75] pos=(0:64,32:96,0:64) content=(64,64,64)
    [tile 7/75] pos=(0:64,32:96,32:96) content=(64,64,64)
    [tile 8/75] pos=(0:64,32:96,64:128) content=(64,64,64)
    [tile 9/75] pos=(0:64,32:96,96:134) content=(64,64,38)
    [tile 10/75] pos=(0:64,32:96,128:134) content=(64,64,6)
    [tile 11/75] pos=(0:64,64:128,0:64) content=(64,64,64)
    [tile 12/75] pos=(0:64,64:128,32:96) content=(64,64,64)
    [tile 13/75] pos=(0:64,64:128,64:128) content=(64,64,64)
    [tile 14/75] pos=(0:64,64:128,96:134) content=(64,64,38)
    [tile 15/75] pos=(0:64,64:128,128:134) content=(64,64,6)
    [tile 16/75] pos=(0:64,96:140,0:64) content=(64,44,64)
    [tile 17/75] pos=(0:64,96:140,32:96) content=(64,44,64)
    [tile 18/75] pos=(0:64,96:140,64:128) content=(64,44,64)
    [tile 19/75] pos=(0:64,96:140,96:134) content=(64,44,38)
    [tile 20/75] pos=(0:64,96:140,128:134) content=(64,44,6)
    [tile 21/75] pos=(0:64,128:140,0:64) content=(64,12,64)
    [tile 22/75] pos=(0:64,128:140,32:96) content=(64,12,64)
    [tile 23/75] pos=(0:64,128:140,64:128) content=(64,12,64)
    [tile 24/75] pos=(0:64,128:140,96:134) content=(64,12,38)
    [tile 25/75] pos=(0:64,128:140,128:134) content=(64,12,6)
    [tile 26/75] pos=(32:75,0:64,0:64) content=(43,64,64)
    [tile 27/75] pos=(32:75,0:64,32:96) content=(43,64,64)
    [tile 28/75] pos=(32:75,0:64,64:128) content=(43,64,64)
    [tile 29/75] pos=(32:75,0:64,96:134) content=(43,64,38)
    [tile 30/75] pos=(32:75,0:64,128:134) content=(43,64,6)
    [tile 31/75] pos=(32:75,32:96,0:64) content=(43,64,64)
    [tile 32/75] pos=(32:75,32:96,32:96) content=(43,64,64)
    [tile 33/75] pos=(32:75,32:96,64:128) content=(43,64,64)
    [tile 34/75] pos=(32:75,32:96,96:134) content=(43,64,38)
    [tile 35/75] pos=(32:75,32:96,128:134) content=(43,64,6)
    [tile 36/75] pos=(32:75,64:128,0:64) content=(43,64,64)
    [tile 37/75] pos=(32:75,64:128,32:96) content=(43,64,64)
    [tile 38/75] pos=(32:75,64:128,64:128) content=(43,64,64)
    [tile 39/75] pos=(32:75,64:128,96:134) content=(43,64,38)
    [tile 40/75] pos=(32:75,64:128,128:134) content=(43,64,6)
    [tile 41/75] pos=(32:75,96:140,0:64) content=(43,44,64)
    [tile 42/75] pos=(32:75,96:140,32:96) content=(43,44,64)
    [tile 43/75] pos=(32:75,96:140,64:128) content=(43,44,64)
    [tile 44/75] pos=(32:75,96:140,96:134) content=(43,44,38)
    [tile 45/75] pos=(32:75,96:140,128:134) content=(43,44,6)
    [tile 46/75] pos=(32:75,128:140,0:64) content=(43,12,64)
    [tile 47/75] pos=(32:75,128:140,32:96) content=(43,12,64)
    [tile 48/75] pos=(32:75,128:140,64:128) content=(43,12,64)
    [tile 49/75] pos=(32:75,128:140,96:134) content=(43,12,38)
    [tile 50/75] pos=(32:75,128:140,128:134) content=(43,12,6)
    [tile 51/75] pos=(64:75,0:64,0:64) content=(11,64,64)
    [tile 52/75] pos=(64:75,0:64,32:96) content=(11,64,64)
    [tile 53/75] pos=(64:75,0:64,64:128) content=(11,64,64)
    [tile 54/75] pos=(64:75,0:64,96:134) content=(11,64,38)
    [tile 55/75] pos=(64:75,0:64,128:134) content=(11,64,6)
    [tile 56/75] pos=(64:75,32:96,0:64) content=(11,64,64)
    [tile 57/75] pos=(64:75,32:96,32:96) content=(11,64,64)
    [tile 58/75] pos=(64:75,32:96,64:128) content=(11,64,64)
    [tile 59/75] pos=(64:75,32:96,96:134) content=(11,64,38)
    [tile 60/75] pos=(64:75,32:96,128:134) content=(11,64,6)
    [tile 61/75] pos=(64:75,64:128,0:64) content=(11,64,64)
    [tile 62/75] pos=(64:75,64:128,32:96) content=(11,64,64)
    [tile 63/75] pos=(64:75,64:128,64:128) content=(11,64,64)
    [tile 64/75] pos=(64:75,64:128,96:134) content=(11,64,38)
    [tile 65/75] pos=(64:75,64:128,128:134) content=(11,64,6)
    [tile 66/75] pos=(64:75,96:140,0:64) content=(11,44,64)
    [tile 67/75] pos=(64:75,96:140,32:96) content=(11,44,64)
    [tile 68/75] pos=(64:75,96:140,64:128) content=(11,44,64)
    [tile 69/75] pos=(64:75,96:140,96:134) content=(11,44,38)
    [tile 70/75] pos=(64:75,96:140,128:134) content=(11,44,6)
    [tile 71/75] pos=(64:75,128:140,0:64) content=(11,12,64)
    [tile 72/75] pos=(64:75,128:140,32:96) content=(11,12,64)
    [tile 73/75] pos=(64:75,128:140,64:128) content=(11,12,64)
    [tile 74/75] pos=(64:75,128:140,96:134) content=(11,12,38)
    [tile 75/75] pos=(64:75,128:140,128:134) content=(11,12,6)
    [tile 1/42] pos=(0:39,0:64,0:64) content=(39,64,64)
    [tile 2/42] pos=(0:39,0:64,32:75) content=(39,64,43)
    [tile 3/42] pos=(0:39,0:64,64:75) content=(39,64,11)
    [tile 4/42] pos=(0:39,32:96,0:64) content=(39,64,64)
    [tile 5/42] pos=(0:39,32:96,32:75) content=(39,64,43)
    [tile 6/42] pos=(0:39,32:96,64:75) content=(39,64,11)
    [tile 7/42] pos=(0:39,64:128,0:64) content=(39,64,64)
    [tile 8/42] pos=(0:39,64:128,32:75) content=(39,64,43)
    [tile 9/42] pos=(0:39,64:128,64:75) content=(39,64,11)
    [tile 10/42] pos=(0:39,96:160,0:64) content=(39,64,64)
    [tile 11/42] pos=(0:39,96:160,32:75) content=(39,64,43)
    [tile 12/42] pos=(0:39,96:160,64:75) content=(39,64,11)
    [tile 13/42] pos=(0:39,128:192,0:64) content=(39,64,64)
    [tile 14/42] pos=(0:39,128:192,32:75) content=(39,64,43)
    [tile 15/42] pos=(0:39,128:192,64:75) content=(39,64,11)
    [tile 16/42] pos=(0:39,160:210,0:64) content=(39,50,64)
    [tile 17/42] pos=(0:39,160:210,32:75) content=(39,50,43)
    [tile 18/42] pos=(0:39,160:210,64:75) content=(39,50,11)
    [tile 19/42] pos=(0:39,192:210,0:64) content=(39,18,64)
    [tile 20/42] pos=(0:39,192:210,32:75) content=(39,18,43)
    [tile 21/42] pos=(0:39,192:210,64:75) content=(39,18,11)
    [tile 22/42] pos=(32:39,0:64,0:64) content=(7,64,64)
    [tile 23/42] pos=(32:39,0:64,32:75) content=(7,64,43)
    [tile 24/42] pos=(32:39,0:64,64:75) content=(7,64,11)
    [tile 25/42] pos=(32:39,32:96,0:64) content=(7,64,64)
    [tile 26/42] pos=(32:39,32:96,32:75) content=(7,64,43)
    [tile 27/42] pos=(32:39,32:96,64:75) content=(7,64,11)
    [tile 28/42] pos=(32:39,64:128,0:64) content=(7,64,64)
    [tile 29/42] pos=(32:39,64:128,32:75) content=(7,64,43)
    [tile 30/42] pos=(32:39,64:128,64:75) content=(7,64,11)
    [tile 31/42] pos=(32:39,96:160,0:64) content=(7,64,64)
    [tile 32/42] pos=(32:39,96:160,32:75) content=(7,64,43)
    [tile 33/42] pos=(32:39,96:160,64:75) content=(7,64,11)
    [tile 34/42] pos=(32:39,128:192,0:64) content=(7,64,64)
    [tile 35/42] pos=(32:39,128:192,32:75) content=(7,64,43)
    [tile 36/42] pos=(32:39,128:192,64:75) content=(7,64,11)
    [tile 37/42] pos=(32:39,160:210,0:64) content=(7,50,64)
    [tile 38/42] pos=(32:39,160:210,32:75) content=(7,50,43)
    [tile 39/42] pos=(32:39,160:210,64:75) content=(7,50,11)
    [tile 40/42] pos=(32:39,192:210,0:64) content=(7,18,64)
    [tile 41/42] pos=(32:39,192:210,32:75) content=(7,18,43)
    [tile 42/42] pos=(32:39,192:210,64:75) content=(7,18,11)
    [tile 1/9] pos=(0:32,0:64,0:64) content=(32,64,64)
    [tile 2/9] pos=(0:32,0:64,32:87) content=(32,64,55)
    [tile 3/9] pos=(0:32,0:64,64:87) content=(32,64,23)
    [tile 4/9] pos=(0:32,32:74,0:64) content=(32,42,64)
    [tile 5/9] pos=(0:32,32:74,32:87) content=(32,42,55)
    [tile 6/9] pos=(0:32,32:74,64:87) content=(32,42,23)
    [tile 7/9] pos=(0:32,64:74,0:64) content=(32,10,64)
    [tile 8/9] pos=(0:32,64:74,32:87) content=(32,10,55)
    [tile 9/9] pos=(0:32,64:74,64:87) content=(32,10,23)
    [tile 1/18] pos=(0:42,0:64,0:64) content=(42,64,64)
    [tile 2/18] pos=(0:42,0:64,32:81) content=(42,64,49)
    [tile 3/18] pos=(0:42,0:64,64:81) content=(42,64,17)
    [tile 4/18] pos=(0:42,32:86,0:64) content=(42,54,64)
    [tile 5/18] pos=(0:42,32:86,32:81) content=(42,54,49)
    [tile 6/18] pos=(0:42,32:86,64:81) content=(42,54,17)
    [tile 7/18] pos=(0:42,64:86,0:64) content=(42,22,64)
    [tile 8/18] pos=(0:42,64:86,32:81) content=(42,22,49)
    [tile 9/18] pos=(0:42,64:86,64:81) content=(42,22,17)
    [tile 10/18] pos=(32:42,0:64,0:64) content=(10,64,64)
    [tile 11/18] pos=(32:42,0:64,32:81) content=(10,64,49)
    [tile 12/18] pos=(32:42,0:64,64:81) content=(10,64,17)
    [tile 13/18] pos=(32:42,32:86,0:64) content=(10,54,64)
    [tile 14/18] pos=(32:42,32:86,32:81) content=(10,54,49)
    [tile 15/18] pos=(32:42,32:86,64:81) content=(10,54,17)
    [tile 16/18] pos=(32:42,64:86,0:64) content=(10,22,64)
    [tile 17/18] pos=(32:42,64:86,32:81) content=(10,22,49)
    [tile 18/18] pos=(32:42,64:86,64:81) content=(10,22,17)
    [tile 1/18] pos=(0:40,0:64,0:64) content=(40,64,64)
    [tile 2/18] pos=(0:40,0:64,32:73) content=(40,64,41)
    [tile 3/18] pos=(0:40,0:64,64:73) content=(40,64,9)
    [tile 4/18] pos=(0:40,32:90,0:64) content=(40,58,64)
    [tile 5/18] pos=(0:40,32:90,32:73) content=(40,58,41)
    [tile 6/18] pos=(0:40,32:90,64:73) content=(40,58,9)
    [tile 7/18] pos=(0:40,64:90,0:64) content=(40,26,64)
    [tile 8/18] pos=(0:40,64:90,32:73) content=(40,26,41)
    [tile 9/18] pos=(0:40,64:90,64:73) content=(40,26,9)
    [tile 10/18] pos=(32:40,0:64,0:64) content=(8,64,64)
    [tile 11/18] pos=(32:40,0:64,32:73) content=(8,64,41)
    [tile 12/18] pos=(32:40,0:64,64:73) content=(8,64,9)
    [tile 13/18] pos=(32:40,32:90,0:64) content=(8,58,64)
    [tile 14/18] pos=(32:40,32:90,32:73) content=(8,58,41)
    [tile 15/18] pos=(32:40,32:90,64:73) content=(8,58,9)
    [tile 16/18] pos=(32:40,64:90,0:64) content=(8,26,64)
    [tile 17/18] pos=(32:40,64:90,32:73) content=(8,26,41)
    [tile 18/18] pos=(32:40,64:90,64:73) content=(8,26,9)
    [tile 1/12] pos=(0:34,0:61,0:64) content=(34,61,64)
    [tile 2/12] pos=(0:34,0:61,32:66) content=(34,61,34)
    [tile 3/12] pos=(0:34,0:61,64:66) content=(34,61,2)
    [tile 4/12] pos=(0:34,32:61,0:64) content=(34,29,64)
    [tile 5/12] pos=(0:34,32:61,32:66) content=(34,29,34)
    [tile 6/12] pos=(0:34,32:61,64:66) content=(34,29,2)
    [tile 7/12] pos=(32:34,0:61,0:64) content=(2,61,64)
    [tile 8/12] pos=(32:34,0:61,32:66) content=(2,61,34)
    [tile 9/12] pos=(32:34,0:61,64:66) content=(2,61,2)
    [tile 10/12] pos=(32:34,32:61,0:64) content=(2,29,64)
    [tile 11/12] pos=(32:34,32:61,32:66) content=(2,29,34)
    [tile 12/12] pos=(32:34,32:61,64:66) content=(2,29,2)
    [tile 1/40] pos=(0:55,0:64,0:64) content=(55,64,64)
    [tile 2/40] pos=(0:55,0:64,32:96) content=(55,64,64)
    [tile 3/40] pos=(0:55,0:64,64:128) content=(55,64,64)
    [tile 4/40] pos=(0:55,0:64,96:145) content=(55,64,49)
    [tile 5/40] pos=(0:55,0:64,128:145) content=(55,64,17)
    [tile 6/40] pos=(0:55,32:96,0:64) content=(55,64,64)
    [tile 7/40] pos=(0:55,32:96,32:96) content=(55,64,64)
    [tile 8/40] pos=(0:55,32:96,64:128) content=(55,64,64)
    [tile 9/40] pos=(0:55,32:96,96:145) content=(55,64,49)
    [tile 10/40] pos=(0:55,32:96,128:145) content=(55,64,17)
    [tile 11/40] pos=(0:55,64:125,0:64) content=(55,61,64)
    [tile 12/40] pos=(0:55,64:125,32:96) content=(55,61,64)
    [tile 13/40] pos=(0:55,64:125,64:128) content=(55,61,64)
    [tile 14/40] pos=(0:55,64:125,96:145) content=(55,61,49)
    [tile 15/40] pos=(0:55,64:125,128:145) content=(55,61,17)
    [tile 16/40] pos=(0:55,96:125,0:64) content=(55,29,64)
    [tile 17/40] pos=(0:55,96:125,32:96) content=(55,29,64)
    [tile 18/40] pos=(0:55,96:125,64:128) content=(55,29,64)
    [tile 19/40] pos=(0:55,96:125,96:145) content=(55,29,49)
    [tile 20/40] pos=(0:55,96:125,128:145) content=(55,29,17)
    [tile 21/40] pos=(32:55,0:64,0:64) content=(23,64,64)
    [tile 22/40] pos=(32:55,0:64,32:96) content=(23,64,64)
    [tile 23/40] pos=(32:55,0:64,64:128) content=(23,64,64)
    [tile 24/40] pos=(32:55,0:64,96:145) content=(23,64,49)
    [tile 25/40] pos=(32:55,0:64,128:145) content=(23,64,17)
    [tile 26/40] pos=(32:55,32:96,0:64) content=(23,64,64)
    [tile 27/40] pos=(32:55,32:96,32:96) content=(23,64,64)
    [tile 28/40] pos=(32:55,32:96,64:128) content=(23,64,64)
    [tile 29/40] pos=(32:55,32:96,96:145) content=(23,64,49)
    [tile 30/40] pos=(32:55,32:96,128:145) content=(23,64,17)
    [tile 31/40] pos=(32:55,64:125,0:64) content=(23,61,64)
    [tile 32/40] pos=(32:55,64:125,32:96) content=(23,61,64)
    [tile 33/40] pos=(32:55,64:125,64:128) content=(23,61,64)
    [tile 34/40] pos=(32:55,64:125,96:145) content=(23,61,49)
    [tile 35/40] pos=(32:55,64:125,128:145) content=(23,61,17)
    [tile 36/40] pos=(32:55,96:125,0:64) content=(23,29,64)
    [tile 37/40] pos=(32:55,96:125,32:96) content=(23,29,64)
    [tile 38/40] pos=(32:55,96:125,64:128) content=(23,29,64)
    [tile 39/40] pos=(32:55,96:125,96:145) content=(23,29,49)
    [tile 40/40] pos=(32:55,96:125,128:145) content=(23,29,17)
    [t1n] masked-MSE=1.4855 MAE=0.9764 PSNR=13.84dB ssim_whole=0.9082 ssim_support=0.6262 ssim_lesion=0.0132
    [tile 1/75] pos=(0:64,0:64,0:64) content=(64,64,64)
    [tile 2/75] pos=(0:64,0:64,32:96) content=(64,64,64)
    [tile 3/75] pos=(0:64,0:64,64:128) content=(64,64,64)
    [tile 4/75] pos=(0:64,0:64,96:134) content=(64,64,38)
    [tile 5/75] pos=(0:64,0:64,128:134) content=(64,64,6)
    [tile 6/75] pos=(0:64,32:96,0:64) content=(64,64,64)
    [tile 7/75] pos=(0:64,32:96,32:96) content=(64,64,64)
    [tile 8/75] pos=(0:64,32:96,64:128) content=(64,64,64)
    [tile 9/75] pos=(0:64,32:96,96:134) content=(64,64,38)
    [tile 10/75] pos=(0:64,32:96,128:134) content=(64,64,6)
    [tile 11/75] pos=(0:64,64:128,0:64) content=(64,64,64)
    [tile 12/75] pos=(0:64,64:128,32:96) content=(64,64,64)
    [tile 13/75] pos=(0:64,64:128,64:128) content=(64,64,64)
    [tile 14/75] pos=(0:64,64:128,96:134) content=(64,64,38)
    [tile 15/75] pos=(0:64,64:128,128:134) content=(64,64,6)
    [tile 16/75] pos=(0:64,96:140,0:64) content=(64,44,64)
    [tile 17/75] pos=(0:64,96:140,32:96) content=(64,44,64)
    [tile 18/75] pos=(0:64,96:140,64:128) content=(64,44,64)
    [tile 19/75] pos=(0:64,96:140,96:134) content=(64,44,38)
    [tile 20/75] pos=(0:64,96:140,128:134) content=(64,44,6)
    [tile 21/75] pos=(0:64,128:140,0:64) content=(64,12,64)
    [tile 22/75] pos=(0:64,128:140,32:96) content=(64,12,64)
    [tile 23/75] pos=(0:64,128:140,64:128) content=(64,12,64)
    [tile 24/75] pos=(0:64,128:140,96:134) content=(64,12,38)
    [tile 25/75] pos=(0:64,128:140,128:134) content=(64,12,6)
    [tile 26/75] pos=(32:75,0:64,0:64) content=(43,64,64)
    [tile 27/75] pos=(32:75,0:64,32:96) content=(43,64,64)
    [tile 28/75] pos=(32:75,0:64,64:128) content=(43,64,64)
    [tile 29/75] pos=(32:75,0:64,96:134) content=(43,64,38)
    [tile 30/75] pos=(32:75,0:64,128:134) content=(43,64,6)
    [tile 31/75] pos=(32:75,32:96,0:64) content=(43,64,64)
    [tile 32/75] pos=(32:75,32:96,32:96) content=(43,64,64)
    [tile 33/75] pos=(32:75,32:96,64:128) content=(43,64,64)
    [tile 34/75] pos=(32:75,32:96,96:134) content=(43,64,38)
    [tile 35/75] pos=(32:75,32:96,128:134) content=(43,64,6)
    [tile 36/75] pos=(32:75,64:128,0:64) content=(43,64,64)
    [tile 37/75] pos=(32:75,64:128,32:96) content=(43,64,64)
    [tile 38/75] pos=(32:75,64:128,64:128) content=(43,64,64)
    [tile 39/75] pos=(32:75,64:128,96:134) content=(43,64,38)
    [tile 40/75] pos=(32:75,64:128,128:134) content=(43,64,6)
    [tile 41/75] pos=(32:75,96:140,0:64) content=(43,44,64)
    [tile 42/75] pos=(32:75,96:140,32:96) content=(43,44,64)
    [tile 43/75] pos=(32:75,96:140,64:128) content=(43,44,64)
    [tile 44/75] pos=(32:75,96:140,96:134) content=(43,44,38)
    [tile 45/75] pos=(32:75,96:140,128:134) content=(43,44,6)
    [tile 46/75] pos=(32:75,128:140,0:64) content=(43,12,64)
    [tile 47/75] pos=(32:75,128:140,32:96) content=(43,12,64)
    [tile 48/75] pos=(32:75,128:140,64:128) content=(43,12,64)
    [tile 49/75] pos=(32:75,128:140,96:134) content=(43,12,38)
    [tile 50/75] pos=(32:75,128:140,128:134) content=(43,12,6)
    [tile 51/75] pos=(64:75,0:64,0:64) content=(11,64,64)
    [tile 52/75] pos=(64:75,0:64,32:96) content=(11,64,64)
    [tile 53/75] pos=(64:75,0:64,64:128) content=(11,64,64)
    [tile 54/75] pos=(64:75,0:64,96:134) content=(11,64,38)
    [tile 55/75] pos=(64:75,0:64,128:134) content=(11,64,6)
    [tile 56/75] pos=(64:75,32:96,0:64) content=(11,64,64)
    [tile 57/75] pos=(64:75,32:96,32:96) content=(11,64,64)
    [tile 58/75] pos=(64:75,32:96,64:128) content=(11,64,64)
    [tile 59/75] pos=(64:75,32:96,96:134) content=(11,64,38)
    [tile 60/75] pos=(64:75,32:96,128:134) content=(11,64,6)
    [tile 61/75] pos=(64:75,64:128,0:64) content=(11,64,64)
    [tile 62/75] pos=(64:75,64:128,32:96) content=(11,64,64)
    [tile 63/75] pos=(64:75,64:128,64:128) content=(11,64,64)
    [tile 64/75] pos=(64:75,64:128,96:134) content=(11,64,38)
    [tile 65/75] pos=(64:75,64:128,128:134) content=(11,64,6)
    [tile 66/75] pos=(64:75,96:140,0:64) content=(11,44,64)
    [tile 67/75] pos=(64:75,96:140,32:96) content=(11,44,64)
    [tile 68/75] pos=(64:75,96:140,64:128) content=(11,44,64)
    [tile 69/75] pos=(64:75,96:140,96:134) content=(11,44,38)
    [tile 70/75] pos=(64:75,96:140,128:134) content=(11,44,6)
    [tile 71/75] pos=(64:75,128:140,0:64) content=(11,12,64)
    [tile 72/75] pos=(64:75,128:140,32:96) content=(11,12,64)
    [tile 73/75] pos=(64:75,128:140,64:128) content=(11,12,64)
    [tile 74/75] pos=(64:75,128:140,96:134) content=(11,12,38)
    [tile 75/75] pos=(64:75,128:140,128:134) content=(11,12,6)
    [tile 1/42] pos=(0:39,0:64,0:64) content=(39,64,64)
    [tile 2/42] pos=(0:39,0:64,32:75) content=(39,64,43)
    [tile 3/42] pos=(0:39,0:64,64:75) content=(39,64,11)
    [tile 4/42] pos=(0:39,32:96,0:64) content=(39,64,64)
    [tile 5/42] pos=(0:39,32:96,32:75) content=(39,64,43)
    [tile 6/42] pos=(0:39,32:96,64:75) content=(39,64,11)
    [tile 7/42] pos=(0:39,64:128,0:64) content=(39,64,64)
    [tile 8/42] pos=(0:39,64:128,32:75) content=(39,64,43)
    [tile 9/42] pos=(0:39,64:128,64:75) content=(39,64,11)
    [tile 10/42] pos=(0:39,96:160,0:64) content=(39,64,64)
    [tile 11/42] pos=(0:39,96:160,32:75) content=(39,64,43)
    [tile 12/42] pos=(0:39,96:160,64:75) content=(39,64,11)
    [tile 13/42] pos=(0:39,128:192,0:64) content=(39,64,64)
    [tile 14/42] pos=(0:39,128:192,32:75) content=(39,64,43)
    [tile 15/42] pos=(0:39,128:192,64:75) content=(39,64,11)
    [tile 16/42] pos=(0:39,160:210,0:64) content=(39,50,64)
    [tile 17/42] pos=(0:39,160:210,32:75) content=(39,50,43)
    [tile 18/42] pos=(0:39,160:210,64:75) content=(39,50,11)
    [tile 19/42] pos=(0:39,192:210,0:64) content=(39,18,64)
    [tile 20/42] pos=(0:39,192:210,32:75) content=(39,18,43)
    [tile 21/42] pos=(0:39,192:210,64:75) content=(39,18,11)
    [tile 22/42] pos=(32:39,0:64,0:64) content=(7,64,64)
    [tile 23/42] pos=(32:39,0:64,32:75) content=(7,64,43)
    [tile 24/42] pos=(32:39,0:64,64:75) content=(7,64,11)
    [tile 25/42] pos=(32:39,32:96,0:64) content=(7,64,64)
    [tile 26/42] pos=(32:39,32:96,32:75) content=(7,64,43)
    [tile 27/42] pos=(32:39,32:96,64:75) content=(7,64,11)
    [tile 28/42] pos=(32:39,64:128,0:64) content=(7,64,64)
    [tile 29/42] pos=(32:39,64:128,32:75) content=(7,64,43)
    [tile 30/42] pos=(32:39,64:128,64:75) content=(7,64,11)
    [tile 31/42] pos=(32:39,96:160,0:64) content=(7,64,64)
    [tile 32/42] pos=(32:39,96:160,32:75) content=(7,64,43)
    [tile 33/42] pos=(32:39,96:160,64:75) content=(7,64,11)
    [tile 34/42] pos=(32:39,128:192,0:64) content=(7,64,64)
    [tile 35/42] pos=(32:39,128:192,32:75) content=(7,64,43)
    [tile 36/42] pos=(32:39,128:192,64:75) content=(7,64,11)
    [tile 37/42] pos=(32:39,160:210,0:64) content=(7,50,64)
    [tile 38/42] pos=(32:39,160:210,32:75) content=(7,50,43)
    [tile 39/42] pos=(32:39,160:210,64:75) content=(7,50,11)
    [tile 40/42] pos=(32:39,192:210,0:64) content=(7,18,64)
    [tile 41/42] pos=(32:39,192:210,32:75) content=(7,18,43)
    [tile 42/42] pos=(32:39,192:210,64:75) content=(7,18,11)
    [tile 1/9] pos=(0:32,0:64,0:64) content=(32,64,64)
    [tile 2/9] pos=(0:32,0:64,32:87) content=(32,64,55)
    [tile 3/9] pos=(0:32,0:64,64:87) content=(32,64,23)
    [tile 4/9] pos=(0:32,32:74,0:64) content=(32,42,64)
    [tile 5/9] pos=(0:32,32:74,32:87) content=(32,42,55)
    [tile 6/9] pos=(0:32,32:74,64:87) content=(32,42,23)
    [tile 7/9] pos=(0:32,64:74,0:64) content=(32,10,64)
    [tile 8/9] pos=(0:32,64:74,32:87) content=(32,10,55)
    [tile 9/9] pos=(0:32,64:74,64:87) content=(32,10,23)
    [tile 1/18] pos=(0:42,0:64,0:64) content=(42,64,64)
    [tile 2/18] pos=(0:42,0:64,32:81) content=(42,64,49)
    [tile 3/18] pos=(0:42,0:64,64:81) content=(42,64,17)
    [tile 4/18] pos=(0:42,32:86,0:64) content=(42,54,64)
    [tile 5/18] pos=(0:42,32:86,32:81) content=(42,54,49)
    [tile 6/18] pos=(0:42,32:86,64:81) content=(42,54,17)
    [tile 7/18] pos=(0:42,64:86,0:64) content=(42,22,64)
    [tile 8/18] pos=(0:42,64:86,32:81) content=(42,22,49)
    [tile 9/18] pos=(0:42,64:86,64:81) content=(42,22,17)
    [tile 10/18] pos=(32:42,0:64,0:64) content=(10,64,64)
    [tile 11/18] pos=(32:42,0:64,32:81) content=(10,64,49)
    [tile 12/18] pos=(32:42,0:64,64:81) content=(10,64,17)
    [tile 13/18] pos=(32:42,32:86,0:64) content=(10,54,64)
    [tile 14/18] pos=(32:42,32:86,32:81) content=(10,54,49)
    [tile 15/18] pos=(32:42,32:86,64:81) content=(10,54,17)
    [tile 16/18] pos=(32:42,64:86,0:64) content=(10,22,64)
    [tile 17/18] pos=(32:42,64:86,32:81) content=(10,22,49)
    [tile 18/18] pos=(32:42,64:86,64:81) content=(10,22,17)
    [tile 1/18] pos=(0:40,0:64,0:64) content=(40,64,64)
    [tile 2/18] pos=(0:40,0:64,32:73) content=(40,64,41)
    [tile 3/18] pos=(0:40,0:64,64:73) content=(40,64,9)
    [tile 4/18] pos=(0:40,32:90,0:64) content=(40,58,64)
    [tile 5/18] pos=(0:40,32:90,32:73) content=(40,58,41)
    [tile 6/18] pos=(0:40,32:90,64:73) content=(40,58,9)
    [tile 7/18] pos=(0:40,64:90,0:64) content=(40,26,64)
    [tile 8/18] pos=(0:40,64:90,32:73) content=(40,26,41)
    [tile 9/18] pos=(0:40,64:90,64:73) content=(40,26,9)
    [tile 10/18] pos=(32:40,0:64,0:64) content=(8,64,64)
    [tile 11/18] pos=(32:40,0:64,32:73) content=(8,64,41)
    [tile 12/18] pos=(32:40,0:64,64:73) content=(8,64,9)
    [tile 13/18] pos=(32:40,32:90,0:64) content=(8,58,64)
    [tile 14/18] pos=(32:40,32:90,32:73) content=(8,58,41)
    [tile 15/18] pos=(32:40,32:90,64:73) content=(8,58,9)
    [tile 16/18] pos=(32:40,64:90,0:64) content=(8,26,64)
    [tile 17/18] pos=(32:40,64:90,32:73) content=(8,26,41)
    [tile 18/18] pos=(32:40,64:90,64:73) content=(8,26,9)
    [tile 1/12] pos=(0:34,0:61,0:64) content=(34,61,64)
    [tile 2/12] pos=(0:34,0:61,32:66) content=(34,61,34)
    [tile 3/12] pos=(0:34,0:61,64:66) content=(34,61,2)
    [tile 4/12] pos=(0:34,32:61,0:64) content=(34,29,64)
    [tile 5/12] pos=(0:34,32:61,32:66) content=(34,29,34)
    [tile 6/12] pos=(0:34,32:61,64:66) content=(34,29,2)
    [tile 7/12] pos=(32:34,0:61,0:64) content=(2,61,64)
    [tile 8/12] pos=(32:34,0:61,32:66) content=(2,61,34)
    [tile 9/12] pos=(32:34,0:61,64:66) content=(2,61,2)
    [tile 10/12] pos=(32:34,32:61,0:64) content=(2,29,64)
    [tile 11/12] pos=(32:34,32:61,32:66) content=(2,29,34)
    [tile 12/12] pos=(32:34,32:61,64:66) content=(2,29,2)
    [tile 1/40] pos=(0:55,0:64,0:64) content=(55,64,64)
    [tile 2/40] pos=(0:55,0:64,32:96) content=(55,64,64)
    [tile 3/40] pos=(0:55,0:64,64:128) content=(55,64,64)
    [tile 4/40] pos=(0:55,0:64,96:145) content=(55,64,49)
    [tile 5/40] pos=(0:55,0:64,128:145) content=(55,64,17)
    [tile 6/40] pos=(0:55,32:96,0:64) content=(55,64,64)
    [tile 7/40] pos=(0:55,32:96,32:96) content=(55,64,64)
    [tile 8/40] pos=(0:55,32:96,64:128) content=(55,64,64)
    [tile 9/40] pos=(0:55,32:96,96:145) content=(55,64,49)
    [tile 10/40] pos=(0:55,32:96,128:145) content=(55,64,17)
    [tile 11/40] pos=(0:55,64:125,0:64) content=(55,61,64)
    [tile 12/40] pos=(0:55,64:125,32:96) content=(55,61,64)
    [tile 13/40] pos=(0:55,64:125,64:128) content=(55,61,64)
    [tile 14/40] pos=(0:55,64:125,96:145) content=(55,61,49)
    [tile 15/40] pos=(0:55,64:125,128:145) content=(55,61,17)
    [tile 16/40] pos=(0:55,96:125,0:64) content=(55,29,64)
    [tile 17/40] pos=(0:55,96:125,32:96) content=(55,29,64)
    [tile 18/40] pos=(0:55,96:125,64:128) content=(55,29,64)
    [tile 19/40] pos=(0:55,96:125,96:145) content=(55,29,49)
    [tile 20/40] pos=(0:55,96:125,128:145) content=(55,29,17)
    [tile 21/40] pos=(32:55,0:64,0:64) content=(23,64,64)
    [tile 22/40] pos=(32:55,0:64,32:96) content=(23,64,64)
    [tile 23/40] pos=(32:55,0:64,64:128) content=(23,64,64)
    [tile 24/40] pos=(32:55,0:64,96:145) content=(23,64,49)
    [tile 25/40] pos=(32:55,0:64,128:145) content=(23,64,17)
    [tile 26/40] pos=(32:55,32:96,0:64) content=(23,64,64)
    [tile 27/40] pos=(32:55,32:96,32:96) content=(23,64,64)
    [tile 28/40] pos=(32:55,32:96,64:128) content=(23,64,64)
    [tile 29/40] pos=(32:55,32:96,96:145) content=(23,64,49)
    [tile 30/40] pos=(32:55,32:96,128:145) content=(23,64,17)
    [tile 31/40] pos=(32:55,64:125,0:64) content=(23,61,64)
    [tile 32/40] pos=(32:55,64:125,32:96) content=(23,61,64)
    [tile 33/40] pos=(32:55,64:125,64:128) content=(23,61,64)
    [tile 34/40] pos=(32:55,64:125,96:145) content=(23,61,49)
    [tile 35/40] pos=(32:55,64:125,128:145) content=(23,61,17)
    [tile 36/40] pos=(32:55,96:125,0:64) content=(23,29,64)
    [tile 37/40] pos=(32:55,96:125,32:96) content=(23,29,64)
    [tile 38/40] pos=(32:55,96:125,64:128) content=(23,29,64)
    [tile 39/40] pos=(32:55,96:125,96:145) content=(23,29,49)
    [tile 40/40] pos=(32:55,96:125,128:145) content=(23,29,17)
    [t2w] masked-MSE=1.6427 MAE=1.0091 PSNR=13.41dB ssim_whole=0.9106 ssim_support=0.6357 ssim_lesion=0.0364
    [tile 1/75] pos=(0:64,0:64,0:64) content=(64,64,64)
    [tile 2/75] pos=(0:64,0:64,32:96) content=(64,64,64)
    [tile 3/75] pos=(0:64,0:64,64:128) content=(64,64,64)
    [tile 4/75] pos=(0:64,0:64,96:134) content=(64,64,38)
    [tile 5/75] pos=(0:64,0:64,128:134) content=(64,64,6)
    [tile 6/75] pos=(0:64,32:96,0:64) content=(64,64,64)
    [tile 7/75] pos=(0:64,32:96,32:96) content=(64,64,64)
    [tile 8/75] pos=(0:64,32:96,64:128) content=(64,64,64)
    [tile 9/75] pos=(0:64,32:96,96:134) content=(64,64,38)
    [tile 10/75] pos=(0:64,32:96,128:134) content=(64,64,6)
    [tile 11/75] pos=(0:64,64:128,0:64) content=(64,64,64)
    [tile 12/75] pos=(0:64,64:128,32:96) content=(64,64,64)
    [tile 13/75] pos=(0:64,64:128,64:128) content=(64,64,64)
    [tile 14/75] pos=(0:64,64:128,96:134) content=(64,64,38)
    [tile 15/75] pos=(0:64,64:128,128:134) content=(64,64,6)
    [tile 16/75] pos=(0:64,96:140,0:64) content=(64,44,64)
    [tile 17/75] pos=(0:64,96:140,32:96) content=(64,44,64)
    [tile 18/75] pos=(0:64,96:140,64:128) content=(64,44,64)
    [tile 19/75] pos=(0:64,96:140,96:134) content=(64,44,38)
    [tile 20/75] pos=(0:64,96:140,128:134) content=(64,44,6)
    [tile 21/75] pos=(0:64,128:140,0:64) content=(64,12,64)
    [tile 22/75] pos=(0:64,128:140,32:96) content=(64,12,64)
    [tile 23/75] pos=(0:64,128:140,64:128) content=(64,12,64)
    [tile 24/75] pos=(0:64,128:140,96:134) content=(64,12,38)
    [tile 25/75] pos=(0:64,128:140,128:134) content=(64,12,6)
    [tile 26/75] pos=(32:75,0:64,0:64) content=(43,64,64)
    [tile 27/75] pos=(32:75,0:64,32:96) content=(43,64,64)
    [tile 28/75] pos=(32:75,0:64,64:128) content=(43,64,64)
    [tile 29/75] pos=(32:75,0:64,96:134) content=(43,64,38)
    [tile 30/75] pos=(32:75,0:64,128:134) content=(43,64,6)
    [tile 31/75] pos=(32:75,32:96,0:64) content=(43,64,64)
    [tile 32/75] pos=(32:75,32:96,32:96) content=(43,64,64)
    [tile 33/75] pos=(32:75,32:96,64:128) content=(43,64,64)
    [tile 34/75] pos=(32:75,32:96,96:134) content=(43,64,38)
    [tile 35/75] pos=(32:75,32:96,128:134) content=(43,64,6)
    [tile 36/75] pos=(32:75,64:128,0:64) content=(43,64,64)
    [tile 37/75] pos=(32:75,64:128,32:96) content=(43,64,64)
    [tile 38/75] pos=(32:75,64:128,64:128) content=(43,64,64)
    [tile 39/75] pos=(32:75,64:128,96:134) content=(43,64,38)
    [tile 40/75] pos=(32:75,64:128,128:134) content=(43,64,6)
    [tile 41/75] pos=(32:75,96:140,0:64) content=(43,44,64)
    [tile 42/75] pos=(32:75,96:140,32:96) content=(43,44,64)
    [tile 43/75] pos=(32:75,96:140,64:128) content=(43,44,64)
    [tile 44/75] pos=(32:75,96:140,96:134) content=(43,44,38)
    [tile 45/75] pos=(32:75,96:140,128:134) content=(43,44,6)
    [tile 46/75] pos=(32:75,128:140,0:64) content=(43,12,64)
    [tile 47/75] pos=(32:75,128:140,32:96) content=(43,12,64)
    [tile 48/75] pos=(32:75,128:140,64:128) content=(43,12,64)
    [tile 49/75] pos=(32:75,128:140,96:134) content=(43,12,38)
    [tile 50/75] pos=(32:75,128:140,128:134) content=(43,12,6)
    [tile 51/75] pos=(64:75,0:64,0:64) content=(11,64,64)
    [tile 52/75] pos=(64:75,0:64,32:96) content=(11,64,64)
    [tile 53/75] pos=(64:75,0:64,64:128) content=(11,64,64)
    [tile 54/75] pos=(64:75,0:64,96:134) content=(11,64,38)
    [tile 55/75] pos=(64:75,0:64,128:134) content=(11,64,6)
    [tile 56/75] pos=(64:75,32:96,0:64) content=(11,64,64)
    [tile 57/75] pos=(64:75,32:96,32:96) content=(11,64,64)
    [tile 58/75] pos=(64:75,32:96,64:128) content=(11,64,64)
    [tile 59/75] pos=(64:75,32:96,96:134) content=(11,64,38)
    [tile 60/75] pos=(64:75,32:96,128:134) content=(11,64,6)
    [tile 61/75] pos=(64:75,64:128,0:64) content=(11,64,64)
    [tile 62/75] pos=(64:75,64:128,32:96) content=(11,64,64)
    [tile 63/75] pos=(64:75,64:128,64:128) content=(11,64,64)
    [tile 64/75] pos=(64:75,64:128,96:134) content=(11,64,38)
    [tile 65/75] pos=(64:75,64:128,128:134) content=(11,64,6)
    [tile 66/75] pos=(64:75,96:140,0:64) content=(11,44,64)
    [tile 67/75] pos=(64:75,96:140,32:96) content=(11,44,64)
    [tile 68/75] pos=(64:75,96:140,64:128) content=(11,44,64)
    [tile 69/75] pos=(64:75,96:140,96:134) content=(11,44,38)
    [tile 70/75] pos=(64:75,96:140,128:134) content=(11,44,6)
    [tile 71/75] pos=(64:75,128:140,0:64) content=(11,12,64)
    [tile 72/75] pos=(64:75,128:140,32:96) content=(11,12,64)
    [tile 73/75] pos=(64:75,128:140,64:128) content=(11,12,64)
    [tile 74/75] pos=(64:75,128:140,96:134) content=(11,12,38)
    [tile 75/75] pos=(64:75,128:140,128:134) content=(11,12,6)
    [tile 1/42] pos=(0:39,0:64,0:64) content=(39,64,64)
    [tile 2/42] pos=(0:39,0:64,32:75) content=(39,64,43)
    [tile 3/42] pos=(0:39,0:64,64:75) content=(39,64,11)
    [tile 4/42] pos=(0:39,32:96,0:64) content=(39,64,64)
    [tile 5/42] pos=(0:39,32:96,32:75) content=(39,64,43)
    [tile 6/42] pos=(0:39,32:96,64:75) content=(39,64,11)
    [tile 7/42] pos=(0:39,64:128,0:64) content=(39,64,64)
    [tile 8/42] pos=(0:39,64:128,32:75) content=(39,64,43)
    [tile 9/42] pos=(0:39,64:128,64:75) content=(39,64,11)
    [tile 10/42] pos=(0:39,96:160,0:64) content=(39,64,64)
    [tile 11/42] pos=(0:39,96:160,32:75) content=(39,64,43)
    [tile 12/42] pos=(0:39,96:160,64:75) content=(39,64,11)
    [tile 13/42] pos=(0:39,128:192,0:64) content=(39,64,64)
    [tile 14/42] pos=(0:39,128:192,32:75) content=(39,64,43)
    [tile 15/42] pos=(0:39,128:192,64:75) content=(39,64,11)
    [tile 16/42] pos=(0:39,160:210,0:64) content=(39,50,64)
    [tile 17/42] pos=(0:39,160:210,32:75) content=(39,50,43)
    [tile 18/42] pos=(0:39,160:210,64:75) content=(39,50,11)
    [tile 19/42] pos=(0:39,192:210,0:64) content=(39,18,64)
    [tile 20/42] pos=(0:39,192:210,32:75) content=(39,18,43)
    [tile 21/42] pos=(0:39,192:210,64:75) content=(39,18,11)
    [tile 22/42] pos=(32:39,0:64,0:64) content=(7,64,64)
    [tile 23/42] pos=(32:39,0:64,32:75) content=(7,64,43)
    [tile 24/42] pos=(32:39,0:64,64:75) content=(7,64,11)
    [tile 25/42] pos=(32:39,32:96,0:64) content=(7,64,64)
    [tile 26/42] pos=(32:39,32:96,32:75) content=(7,64,43)
    [tile 27/42] pos=(32:39,32:96,64:75) content=(7,64,11)
    [tile 28/42] pos=(32:39,64:128,0:64) content=(7,64,64)
    [tile 29/42] pos=(32:39,64:128,32:75) content=(7,64,43)
    [tile 30/42] pos=(32:39,64:128,64:75) content=(7,64,11)
    [tile 31/42] pos=(32:39,96:160,0:64) content=(7,64,64)
    [tile 32/42] pos=(32:39,96:160,32:75) content=(7,64,43)
    [tile 33/42] pos=(32:39,96:160,64:75) content=(7,64,11)
    [tile 34/42] pos=(32:39,128:192,0:64) content=(7,64,64)
    [tile 35/42] pos=(32:39,128:192,32:75) content=(7,64,43)
    [tile 36/42] pos=(32:39,128:192,64:75) content=(7,64,11)
    [tile 37/42] pos=(32:39,160:210,0:64) content=(7,50,64)
    [tile 38/42] pos=(32:39,160:210,32:75) content=(7,50,43)
    [tile 39/42] pos=(32:39,160:210,64:75) content=(7,50,11)
    [tile 40/42] pos=(32:39,192:210,0:64) content=(7,18,64)
    [tile 41/42] pos=(32:39,192:210,32:75) content=(7,18,43)
    [tile 42/42] pos=(32:39,192:210,64:75) content=(7,18,11)
    [tile 1/9] pos=(0:32,0:64,0:64) content=(32,64,64)
    [tile 2/9] pos=(0:32,0:64,32:87) content=(32,64,55)
    [tile 3/9] pos=(0:32,0:64,64:87) content=(32,64,23)
    [tile 4/9] pos=(0:32,32:74,0:64) content=(32,42,64)
    [tile 5/9] pos=(0:32,32:74,32:87) content=(32,42,55)
    [tile 6/9] pos=(0:32,32:74,64:87) content=(32,42,23)
    [tile 7/9] pos=(0:32,64:74,0:64) content=(32,10,64)
    [tile 8/9] pos=(0:32,64:74,32:87) content=(32,10,55)
    [tile 9/9] pos=(0:32,64:74,64:87) content=(32,10,23)
    [tile 1/18] pos=(0:42,0:64,0:64) content=(42,64,64)
    [tile 2/18] pos=(0:42,0:64,32:81) content=(42,64,49)
    [tile 3/18] pos=(0:42,0:64,64:81) content=(42,64,17)
    [tile 4/18] pos=(0:42,32:86,0:64) content=(42,54,64)
    [tile 5/18] pos=(0:42,32:86,32:81) content=(42,54,49)
    [tile 6/18] pos=(0:42,32:86,64:81) content=(42,54,17)
    [tile 7/18] pos=(0:42,64:86,0:64) content=(42,22,64)
    [tile 8/18] pos=(0:42,64:86,32:81) content=(42,22,49)
    [tile 9/18] pos=(0:42,64:86,64:81) content=(42,22,17)
    [tile 10/18] pos=(32:42,0:64,0:64) content=(10,64,64)
    [tile 11/18] pos=(32:42,0:64,32:81) content=(10,64,49)
    [tile 12/18] pos=(32:42,0:64,64:81) content=(10,64,17)
    [tile 13/18] pos=(32:42,32:86,0:64) content=(10,54,64)
    [tile 14/18] pos=(32:42,32:86,32:81) content=(10,54,49)
    [tile 15/18] pos=(32:42,32:86,64:81) content=(10,54,17)
    [tile 16/18] pos=(32:42,64:86,0:64) content=(10,22,64)
    [tile 17/18] pos=(32:42,64:86,32:81) content=(10,22,49)
    [tile 18/18] pos=(32:42,64:86,64:81) content=(10,22,17)
    [tile 1/18] pos=(0:40,0:64,0:64) content=(40,64,64)
    [tile 2/18] pos=(0:40,0:64,32:73) content=(40,64,41)
    [tile 3/18] pos=(0:40,0:64,64:73) content=(40,64,9)
    [tile 4/18] pos=(0:40,32:90,0:64) content=(40,58,64)
    [tile 5/18] pos=(0:40,32:90,32:73) content=(40,58,41)
    [tile 6/18] pos=(0:40,32:90,64:73) content=(40,58,9)
    [tile 7/18] pos=(0:40,64:90,0:64) content=(40,26,64)
    [tile 8/18] pos=(0:40,64:90,32:73) content=(40,26,41)
    [tile 9/18] pos=(0:40,64:90,64:73) content=(40,26,9)
    [tile 10/18] pos=(32:40,0:64,0:64) content=(8,64,64)
    [tile 11/18] pos=(32:40,0:64,32:73) content=(8,64,41)
    [tile 12/18] pos=(32:40,0:64,64:73) content=(8,64,9)
    [tile 13/18] pos=(32:40,32:90,0:64) content=(8,58,64)
    [tile 14/18] pos=(32:40,32:90,32:73) content=(8,58,41)
    [tile 15/18] pos=(32:40,32:90,64:73) content=(8,58,9)
    [tile 16/18] pos=(32:40,64:90,0:64) content=(8,26,64)
    [tile 17/18] pos=(32:40,64:90,32:73) content=(8,26,41)
    [tile 18/18] pos=(32:40,64:90,64:73) content=(8,26,9)
    [tile 1/12] pos=(0:34,0:61,0:64) content=(34,61,64)
    [tile 2/12] pos=(0:34,0:61,32:66) content=(34,61,34)
    [tile 3/12] pos=(0:34,0:61,64:66) content=(34,61,2)
    [tile 4/12] pos=(0:34,32:61,0:64) content=(34,29,64)
    [tile 5/12] pos=(0:34,32:61,32:66) content=(34,29,34)
    [tile 6/12] pos=(0:34,32:61,64:66) content=(34,29,2)
    [tile 7/12] pos=(32:34,0:61,0:64) content=(2,61,64)
    [tile 8/12] pos=(32:34,0:61,32:66) content=(2,61,34)
    [tile 9/12] pos=(32:34,0:61,64:66) content=(2,61,2)
    [tile 10/12] pos=(32:34,32:61,0:64) content=(2,29,64)
    [tile 11/12] pos=(32:34,32:61,32:66) content=(2,29,34)
    [tile 12/12] pos=(32:34,32:61,64:66) content=(2,29,2)
    [tile 1/40] pos=(0:55,0:64,0:64) content=(55,64,64)
    [tile 2/40] pos=(0:55,0:64,32:96) content=(55,64,64)
    [tile 3/40] pos=(0:55,0:64,64:128) content=(55,64,64)
    [tile 4/40] pos=(0:55,0:64,96:145) content=(55,64,49)
    [tile 5/40] pos=(0:55,0:64,128:145) content=(55,64,17)
    [tile 6/40] pos=(0:55,32:96,0:64) content=(55,64,64)
    [tile 7/40] pos=(0:55,32:96,32:96) content=(55,64,64)
    [tile 8/40] pos=(0:55,32:96,64:128) content=(55,64,64)
    [tile 9/40] pos=(0:55,32:96,96:145) content=(55,64,49)
    [tile 10/40] pos=(0:55,32:96,128:145) content=(55,64,17)
    [tile 11/40] pos=(0:55,64:125,0:64) content=(55,61,64)
    [tile 12/40] pos=(0:55,64:125,32:96) content=(55,61,64)
    [tile 13/40] pos=(0:55,64:125,64:128) content=(55,61,64)
    [tile 14/40] pos=(0:55,64:125,96:145) content=(55,61,49)
    [tile 15/40] pos=(0:55,64:125,128:145) content=(55,61,17)
    [tile 16/40] pos=(0:55,96:125,0:64) content=(55,29,64)
    [tile 17/40] pos=(0:55,96:125,32:96) content=(55,29,64)
    [tile 18/40] pos=(0:55,96:125,64:128) content=(55,29,64)
    [tile 19/40] pos=(0:55,96:125,96:145) content=(55,29,49)
    [tile 20/40] pos=(0:55,96:125,128:145) content=(55,29,17)
    [tile 21/40] pos=(32:55,0:64,0:64) content=(23,64,64)
    [tile 22/40] pos=(32:55,0:64,32:96) content=(23,64,64)
    [tile 23/40] pos=(32:55,0:64,64:128) content=(23,64,64)
    [tile 24/40] pos=(32:55,0:64,96:145) content=(23,64,49)
    [tile 25/40] pos=(32:55,0:64,128:145) content=(23,64,17)
    [tile 26/40] pos=(32:55,32:96,0:64) content=(23,64,64)
    [tile 27/40] pos=(32:55,32:96,32:96) content=(23,64,64)
    [tile 28/40] pos=(32:55,32:96,64:128) content=(23,64,64)
    [tile 29/40] pos=(32:55,32:96,96:145) content=(23,64,49)
    [tile 30/40] pos=(32:55,32:96,128:145) content=(23,64,17)
    [tile 31/40] pos=(32:55,64:125,0:64) content=(23,61,64)
    [tile 32/40] pos=(32:55,64:125,32:96) content=(23,61,64)
    [tile 33/40] pos=(32:55,64:125,64:128) content=(23,61,64)
    [tile 34/40] pos=(32:55,64:125,96:145) content=(23,61,49)
    [tile 35/40] pos=(32:55,64:125,128:145) content=(23,61,17)
    [tile 36/40] pos=(32:55,96:125,0:64) content=(23,29,64)
    [tile 37/40] pos=(32:55,96:125,32:96) content=(23,29,64)
    [tile 38/40] pos=(32:55,96:125,64:128) content=(23,29,64)
    [tile 39/40] pos=(32:55,96:125,96:145) content=(23,29,49)
    [tile 40/40] pos=(32:55,96:125,128:145) content=(23,29,17)
    [t2f] masked-MSE=3.5978 MAE=1.4882 PSNR=10.00dB ssim_whole=0.9115 ssim_support=0.6395 ssim_lesion=0.0812

  Patient: 01284-002 (16 lesion(s) in CSV)
    16 lesion(s) after merging
    [t1c] masked-MSE=2.3378 MAE=1.1309 PSNR=11.87dB ssim_whole=0.9951 ssim_support=0.9610 ssim_lesion=0.0138
    [t1n] masked-MSE=1.2188 MAE=0.8677 PSNR=14.70dB ssim_whole=0.9953 ssim_support=0.9625 ssim_lesion=0.0344
    [t2w] masked-MSE=1.2133 MAE=0.8406 PSNR=14.72dB ssim_whole=0.9952 ssim_support=0.9622 ssim_lesion=0.0343
    [t2f] masked-MSE=1.0153 MAE=0.7769 PSNR=15.50dB ssim_whole=0.9952 ssim_support=0.9623 ssim_lesion=0.0692

  Patient: 01287-001 (3 lesion(s) in CSV)
    1 lesion(s) after merging
    [tile 1/18] pos=(0:57,0:64,0:64) content=(57,64,64)
    [tile 2/18] pos=(0:57,0:64,32:91) content=(57,64,59)
    [tile 3/18] pos=(0:57,0:64,64:91) content=(57,64,27)
    [tile 4/18] pos=(0:57,32:73,0:64) content=(57,41,64)
    [tile 5/18] pos=(0:57,32:73,32:91) content=(57,41,59)
    [tile 6/18] pos=(0:57,32:73,64:91) content=(57,41,27)
    [tile 7/18] pos=(0:57,64:73,0:64) content=(57,9,64)
    [tile 8/18] pos=(0:57,64:73,32:91) content=(57,9,59)
    [tile 9/18] pos=(0:57,64:73,64:91) content=(57,9,27)
    [tile 10/18] pos=(32:57,0:64,0:64) content=(25,64,64)
    [tile 11/18] pos=(32:57,0:64,32:91) content=(25,64,59)
    [tile 12/18] pos=(32:57,0:64,64:91) content=(25,64,27)
    [tile 13/18] pos=(32:57,32:73,0:64) content=(25,41,64)
    [tile 14/18] pos=(32:57,32:73,32:91) content=(25,41,59)
    [tile 15/18] pos=(32:57,32:73,64:91) content=(25,41,27)
    [tile 16/18] pos=(32:57,64:73,0:64) content=(25,9,64)
    [tile 17/18] pos=(32:57,64:73,32:91) content=(25,9,59)
    [tile 18/18] pos=(32:57,64:73,64:91) content=(25,9,27)
    [t1c] masked-MSE=1.0676 MAE=0.8015 PSNR=15.28dB ssim_whole=0.9792 ssim_support=0.1710 ssim_lesion=0.0236
    [tile 1/18] pos=(0:57,0:64,0:64) content=(57,64,64)
    [tile 2/18] pos=(0:57,0:64,32:91) content=(57,64,59)
    [tile 3/18] pos=(0:57,0:64,64:91) content=(57,64,27)
    [tile 4/18] pos=(0:57,32:73,0:64) content=(57,41,64)
    [tile 5/18] pos=(0:57,32:73,32:91) content=(57,41,59)
    [tile 6/18] pos=(0:57,32:73,64:91) content=(57,41,27)
    [tile 7/18] pos=(0:57,64:73,0:64) content=(57,9,64)
    [tile 8/18] pos=(0:57,64:73,32:91) content=(57,9,59)
    [tile 9/18] pos=(0:57,64:73,64:91) content=(57,9,27)
    [tile 10/18] pos=(32:57,0:64,0:64) content=(25,64,64)
    [tile 11/18] pos=(32:57,0:64,32:91) content=(25,64,59)
    [tile 12/18] pos=(32:57,0:64,64:91) content=(25,64,27)
    [tile 13/18] pos=(32:57,32:73,0:64) content=(25,41,64)
    [tile 14/18] pos=(32:57,32:73,32:91) content=(25,41,59)
    [tile 15/18] pos=(32:57,32:73,64:91) content=(25,41,27)
    [tile 16/18] pos=(32:57,64:73,0:64) content=(25,9,64)
    [tile 17/18] pos=(32:57,64:73,32:91) content=(25,9,59)
    [tile 18/18] pos=(32:57,64:73,64:91) content=(25,9,27)
    [t1n] masked-MSE=1.9299 MAE=1.0325 PSNR=12.71dB ssim_whole=0.9796 ssim_support=0.1850 ssim_lesion=0.0286
    [tile 1/18] pos=(0:57,0:64,0:64) content=(57,64,64)
    [tile 2/18] pos=(0:57,0:64,32:91) content=(57,64,59)
    [tile 3/18] pos=(0:57,0:64,64:91) content=(57,64,27)
    [tile 4/18] pos=(0:57,32:73,0:64) content=(57,41,64)
    [tile 5/18] pos=(0:57,32:73,32:91) content=(57,41,59)
    [tile 6/18] pos=(0:57,32:73,64:91) content=(57,41,27)
    [tile 7/18] pos=(0:57,64:73,0:64) content=(57,9,64)
    [tile 8/18] pos=(0:57,64:73,32:91) content=(57,9,59)
    [tile 9/18] pos=(0:57,64:73,64:91) content=(57,9,27)
    [tile 10/18] pos=(32:57,0:64,0:64) content=(25,64,64)
    [tile 11/18] pos=(32:57,0:64,32:91) content=(25,64,59)
    [tile 12/18] pos=(32:57,0:64,64:91) content=(25,64,27)
    [tile 13/18] pos=(32:57,32:73,0:64) content=(25,41,64)
    [tile 14/18] pos=(32:57,32:73,32:91) content=(25,41,59)
    [tile 15/18] pos=(32:57,32:73,64:91) content=(25,41,27)
    [tile 16/18] pos=(32:57,64:73,0:64) content=(25,9,64)
    [tile 17/18] pos=(32:57,64:73,32:91) content=(25,9,59)
    [tile 18/18] pos=(32:57,64:73,64:91) content=(25,9,27)
    [t2w] masked-MSE=2.2524 MAE=1.1036 PSNR=12.04dB ssim_whole=0.9798 ssim_support=0.1943 ssim_lesion=0.0287
    [tile 1/18] pos=(0:57,0:64,0:64) content=(57,64,64)
    [tile 2/18] pos=(0:57,0:64,32:91) content=(57,64,59)
    [tile 3/18] pos=(0:57,0:64,64:91) content=(57,64,27)
    [tile 4/18] pos=(0:57,32:73,0:64) content=(57,41,64)
    [tile 5/18] pos=(0:57,32:73,32:91) content=(57,41,59)
    [tile 6/18] pos=(0:57,32:73,64:91) content=(57,41,27)
    [tile 7/18] pos=(0:57,64:73,0:64) content=(57,9,64)
    [tile 8/18] pos=(0:57,64:73,32:91) content=(57,9,59)
    [tile 9/18] pos=(0:57,64:73,64:91) content=(57,9,27)
    [tile 10/18] pos=(32:57,0:64,0:64) content=(25,64,64)
    [tile 11/18] pos=(32:57,0:64,32:91) content=(25,64,59)
    [tile 12/18] pos=(32:57,0:64,64:91) content=(25,64,27)
    [tile 13/18] pos=(32:57,32:73,0:64) content=(25,41,64)
    [tile 14/18] pos=(32:57,32:73,32:91) content=(25,41,59)
    [tile 15/18] pos=(32:57,32:73,64:91) content=(25,41,27)
    [tile 16/18] pos=(32:57,64:73,0:64) content=(25,9,64)
    [tile 17/18] pos=(32:57,64:73,32:91) content=(25,9,59)
    [tile 18/18] pos=(32:57,64:73,64:91) content=(25,9,27)
    [t2f] masked-MSE=6.2965 MAE=1.8205 PSNR=7.57dB ssim_whole=0.9797 ssim_support=0.1906 ssim_lesion=0.0748

  Patient: 01287-002 (3 lesion(s) in CSV)
    3 lesion(s) after merging
    [t1c] masked-MSE=1.3098 MAE=0.8853 PSNR=14.39dB ssim_whole=0.9946 ssim_support=0.5483 ssim_lesion=0.0261
    [t1n] masked-MSE=3.1115 MAE=1.5132 PSNR=10.63dB ssim_whole=0.9945 ssim_support=0.5362 ssim_lesion=-0.0217
    [t2w] masked-MSE=2.1709 MAE=1.1524 PSNR=12.20dB ssim_whole=0.9948 ssim_support=0.5664 ssim_lesion=0.0390
    [t2f] masked-MSE=2.3789 MAE=1.2009 PSNR=11.80dB ssim_whole=0.9946 ssim_support=0.5457 ssim_lesion=0.0213

  Patient: 01301-000 (3 lesion(s) in CSV)
    3 lesion(s) after merging
    [t1c] masked-MSE=1.2043 MAE=0.7006 PSNR=14.76dB ssim_whole=0.9821 ssim_support=0.5054 ssim_lesion=0.0422
    [t1n] masked-MSE=1.0426 MAE=0.8468 PSNR=15.38dB ssim_whole=0.9831 ssim_support=0.5323 ssim_lesion=0.0645
    [t2w] masked-MSE=0.9947 MAE=0.8265 PSNR=15.59dB ssim_whole=0.9824 ssim_support=0.5126 ssim_lesion=0.0348
    [t2f] masked-MSE=0.6752 MAE=0.6677 PSNR=17.27dB ssim_whole=0.9830 ssim_support=0.5293 ssim_lesion=0.1223

  Patient: 01301-001 (1 lesion(s) in CSV)
    1 lesion(s) after merging
    [t1c] masked-MSE=4.3414 MAE=1.7912 PSNR=9.19dB ssim_whole=0.9995 ssim_support=0.4720 ssim_lesion=-0.2813
    [t1n] masked-MSE=1.2939 MAE=0.8258 PSNR=14.44dB ssim_whole=0.9995 ssim_support=0.4516 ssim_lesion=0.0531
    [t2w] masked-MSE=0.3115 MAE=0.4607 PSNR=20.63dB ssim_whole=0.9995 ssim_support=0.4482 ssim_lesion=-0.0187
    [t2f] masked-MSE=7.7160 MAE=2.6121 PSNR=6.69dB ssim_whole=0.9995 ssim_support=0.4900 ssim_lesion=-0.0177

  Patient: 01310-001 (1 lesion(s) in CSV)
    1 lesion(s) after merging
    [t1c] masked-MSE=0.1470 MAE=0.3394 PSNR=23.89dB ssim_whole=0.9999 ssim_support=0.4980 ssim_lesion=0.4941
    [t1n] masked-MSE=0.6697 MAE=0.6689 PSNR=17.30dB ssim_whole=0.9999 ssim_support=0.4671 ssim_lesion=-0.0475
    [t2w] masked-MSE=1.3810 MAE=1.1163 PSNR=14.16dB ssim_whole=0.9999 ssim_support=0.5720 ssim_lesion=0.2685
    [t2f] masked-MSE=2.9100 MAE=1.2392 PSNR=10.92dB ssim_whole=0.9999 ssim_support=0.4881 ssim_lesion=-0.1009

  Patient: 01310-002 (1 lesion(s) in CSV)
    1 lesion(s) after merging
    [t1c] masked-MSE=2.6958 MAE=1.5073 PSNR=11.26dB ssim_whole=0.9999 ssim_support=0.4731 ssim_lesion=-0.1404
    [t1n] masked-MSE=0.5936 MAE=0.5955 PSNR=17.83dB ssim_whole=0.9999 ssim_support=0.5602 ssim_lesion=0.0339
    [t2w] masked-MSE=0.1690 MAE=0.3286 PSNR=23.28dB ssim_whole=0.9999 ssim_support=0.6053 ssim_lesion=0.1768
    [t2f] masked-MSE=0.3217 MAE=0.4642 PSNR=20.49dB ssim_whole=0.9999 ssim_support=0.6169 ssim_lesion=0.1076

  Patient: 01331-002 (3 lesion(s) in CSV)
    3 lesion(s) after merging
    [t1c] masked-MSE=3.9429 MAE=1.2830 PSNR=9.60dB ssim_whole=0.9992 ssim_support=0.9451 ssim_lesion=0.0256
    [t1n] masked-MSE=3.4022 MAE=1.4661 PSNR=10.25dB ssim_whole=0.9992 ssim_support=0.9489 ssim_lesion=0.0208
    [t2w] masked-MSE=2.1067 MAE=1.1126 PSNR=12.33dB ssim_whole=0.9992 ssim_support=0.9463 ssim_lesion=0.0082
    [t2f] masked-MSE=2.8238 MAE=1.3332 PSNR=11.05dB ssim_whole=0.9992 ssim_support=0.9468 ssim_lesion=-0.0094

  Patient: 01351-000 (3 lesion(s) in CSV)
    3 lesion(s) after merging
    [t1c] masked-MSE=3.0330 MAE=1.3015 PSNR=10.74dB ssim_whole=0.9995 ssim_support=0.9892 ssim_lesion=0.1056
    [t1n] masked-MSE=1.1742 MAE=0.8647 PSNR=14.87dB ssim_whole=0.9995 ssim_support=0.9895 ssim_lesion=0.0616
    [t2w] masked-MSE=1.3349 MAE=0.8414 PSNR=14.31dB ssim_whole=0.9995 ssim_support=0.9895 ssim_lesion=0.1014
    [t2f] masked-MSE=1.0223 MAE=0.7788 PSNR=15.47dB ssim_whole=0.9995 ssim_support=0.9896 ssim_lesion=0.1505

  Patient: 01351-002 (96 lesion(s) in CSV)
    96 lesion(s) after merging
    [t1c] masked-MSE=2.9231 MAE=1.2078 PSNR=10.90dB ssim_whole=0.9929 ssim_support=0.9552 ssim_lesion=0.0172
    [t1n] masked-MSE=1.1448 MAE=0.8178 PSNR=14.98dB ssim_whole=0.9933 ssim_support=0.9577 ssim_lesion=0.0336
    [t2w] masked-MSE=1.2159 MAE=0.8541 PSNR=14.71dB ssim_whole=0.9931 ssim_support=0.9563 ssim_lesion=0.0016
    [t2f] masked-MSE=0.9725 MAE=0.7542 PSNR=15.68dB ssim_whole=0.9931 ssim_support=0.9567 ssim_lesion=0.0989

  Patient: 01351-003 (12 lesion(s) in CSV)
    12 lesion(s) after merging
    [t1c] masked-MSE=4.0391 MAE=1.6947 PSNR=9.50dB ssim_whole=0.9994 ssim_support=0.9941 ssim_lesion=0.0200
    [t1n] masked-MSE=1.2775 MAE=0.8508 PSNR=14.50dB ssim_whole=0.9994 ssim_support=0.9946 ssim_lesion=0.0474
    [t2w] masked-MSE=1.8985 MAE=1.1221 PSNR=12.78dB ssim_whole=0.9994 ssim_support=0.9943 ssim_lesion=0.0115
    [t2f] masked-MSE=2.0641 MAE=1.1653 PSNR=12.42dB ssim_whole=0.9994 ssim_support=0.9944 ssim_lesion=-0.0069

============================================================
SUMMARY
============================================================
  t1c: MSE=2.3421±1.3885  MAE=1.0746±0.3330  PSNR=12.54±2.53dB  ssim_whole=0.9724±0.0402 (full-brain)  ssim_support=0.5676±0.3057 (generated-support bbox)  ssim_lesion=0.0265±0.0637 (per-lesion weighted)
  t1n: MSE=1.4836±0.6348  MAE=0.9315±0.2234  PSNR=14.38±2.49dB  ssim_whole=0.9724±0.0404 (full-brain)  ssim_support=0.5778±0.2993 (generated-support bbox)  ssim_lesion=0.0311±0.0450 (per-lesion weighted)
  t2w: MSE=1.5504±0.7030  MAE=0.9539±0.2352  PSNR=14.12±2.12dB  ssim_whole=0.9727±0.0398 (full-brain)  ssim_support=0.5795±0.2980 (generated-support bbox)  ssim_lesion=0.0304±0.0529 (per-lesion weighted)
  t2f: MSE=2.4405±1.8265  MAE=1.1306±0.4219  PSNR=12.88±3.33dB  ssim_whole=0.9734±0.0387 (full-brain)  ssim_support=0.5868±0.2897 (generated-support bbox)  ssim_lesion=0.0828±0.0595 (per-lesion weighted)

Metrics saved to: /root/brats2026/recovery/g1_diffusion_v3_final_a800_recovery_20260720/eval/150000_full94_a800_20260721/metrics.json
